frame_index,timestamp_s,LElbowRoll,LHipPitch,LShoulderPitch,RElbowRoll,RHipPitch,RShoulderPitch,TorsoPitch
13,1787226101.2526145,1.9501990182833178,-0.886346661923517,1.4881101639158896,-2.356194490192345,-1.1535009555946967,1.215348172813947,-0.5235987755982988
24,1787226102.138133,1.993135244718826,-0.6209664945231016,1.0894223288442912,-2.123641745357058,-1.0154902979478553,1.1696170602229077,-0.5235987755982988
26,1787226102.2956803,2.0299148445093245,-0.4307442518449147,0.9485526009067382,-2.2050352060494083,-0.930874883373425,0.9449623588274061,-0.5235987755982988
27,1787226102.3741133,2.0167339987870427,-0.21605336070013187,0.8720003261993122,-2.257940955499436,-0.8234251301297258,0.9402528260469327,-0.5235987755982988
28,1787226102.4319105,1.945688387726432,-0.21843380600239032,0.8790804641937136,-1.9640609195624479,-0.7779104174005871,1.1109642841886969,-0.5235987755982988
30,1787226102.5451372,2.0631376883744914,-0.25651037403946797,0.8076510915998591,-2.070025261095863,-0.9365651377158841,0.5134248116829463,-0.5235987755982988
34,1787226102.8270068,1.6551751482016785,-0.6049119802284109,0.9764834819040874,-1.594313866783244,-1.022513985011678,0.5006064710255005,-0.5235987755982988
35,1787226102.9085977,1.4152254615897573,-0.7846226500938547,0.961637984160977,-1.2581181419020595,-1.2002792749233913,0.6112826967926013,-0.5235987755982988
36,1787226102.9548738,1.2865229098581836,-0.9004754859834603,0.973184811583129,-1.567889235215202,-1.2797126807357986,0.7862657144344771,-0.5235987755982988
37,1787226102.9990563,1.3373789654850636,-0.8524314053161663,1.0778470818612313,-1.7718961759450438,-1.30722252275676,0.9342398351965538,-0.5235987755982988
38,1787226103.0399022,1.0652834711715937,-0.8491763553543679,1.241007763163163,-1.9295818820574389,-1.3527997513066135,1.0934436789757727,-0.5235987755982988
39,1787226103.0801873,0.9509489043764532,-0.8619737307843605,1.3321781971490685,-2.02035096692599,-1.3188059492674569,1.1813721457994344,-0.5235987755982988
40,1787226103.125253,0.8290251195265119,-0.9179496621152021,1.3961735272155678,-1.8450389891628847,-1.2572459973883037,1.2680632025517666,-0.5235987755982988
43,1787226103.3242652,1.3635343992595534,-0.9002965725117906,0.49637466777021994,-2.023943414523196,-1.0816782703232315,0.2859965026875909,-0.5235987755982988
46,1787226103.5357087,1.527782971089512,-0.7199173507350057,0.25268850204562315,-2.1402312910073977,-0.5381572613966364,-0.2757792649157947,-0.5235987755982988
47,1787226103.6067843,1.8177270027755035,-0.7105471448228454,-0.3531319879564326,-2.2158184107221293,-0.2913075217051314,-0.6335726247753695,-0.5235987755982988
49,1787226103.7173586,2.006190623371398,-0.8705827250602978,0.13160478101334305,-2.2649500385367047,-0.24966195173172348,-0.9341171658301428,-0.5235987755982988
57,1787226104.3264453,2.0841931366690094,-0.7517807476664607,-0.16377529373410532,-2.2968855966161787,0.0026533456878438666,-1.083510537109504,-0.5235987755982988
58,1787226104.4150438,2.031637034456525,-0.5935172666408407,-0.5648226403232025,-2.317643709367837,0.16665828901056262,-1.1772586902574111,-0.5235987755982988
60,1787226104.5189078,2.145232143964062,-0.9233476329307999,0.10499140509158866,-2.313922474185208,-0.29873024050393165,-0.43966324226523323,-0.5235987755982988
62,1787226104.6285508,2.2190689651439612,-1.0410642885484203,0.5737408219707351,-1.8113000752226585,-0.6686645224355733,0.24356581103676656,-0.5235987755982988
63,1787226104.7128408,1.5428355714709578,-1.0718231113264274,0.8009881745068448,-1.7360846254877815,-0.9529521340918254,0.5223266115918233,-0.5235987755982988
64,1787226104.7682831,1.8275111930234433,-1.0786658888732927,1.002846717109236,-1.386555283829747,-1.095846972635714,0.6520813020711674,-0.5235987755982988
65,1787226104.8136947,1.4672858399335371,-1.0698377179364098,1.1051859950979654,-1.3756780290202797,-1.15873826216193,0.7505287636574296,-0.5235987755982988
66,1787226104.862772,1.1386259824707463,-1.0785461077793026,1.1356202888123001,-1.439744435640756,-1.1729831376639068,0.7959822933681103,-0.5235987755982988
67,1787226104.91193,1.0681736524882262,-1.1143736456109796,1.1254989953444718,-1.760501954733812,-1.2252100148708993,0.8804094244370798,-0.5235987755982988
68,1787226104.9531717,0.9463224067325575,-1.1448955771543392,1.1021612353764942,-1.8224777504966303,-1.2768179897449166,1.0277281824578066,-0.5235987755982988
69,1787226105.0088866,0.9626294041463406,-1.1480531236235771,1.0072065957776224,-1.8964169779740057,-1.2972037029566272,1.0228818916243,-0.5235987755982988
70,1787226105.0502627,1.1094849918613665,-1.0676633120666374,1.058557190529708,-2.0549504367910068,-1.2367358844201253,1.1592503294148349,-0.5235987755982988
71,1787226105.0935946,1.4185422789450064,-1.0239923312863954,0.9717875966557974,-2.160385855481475,-1.179632898966719,1.2912595428033011,-0.5235987755982988
72,1787226105.140579,1.4179898142413263,-0.9822447239357974,0.9240782441270079,-2.2289188776302797,-1.1671042805755696,1.2963678249186823,-0.5235987755982988
73,1787226105.1834028,1.4150623453181455,-0.9439929983091101,0.8440397653520602,-2.04042127182365,-1.1741552892961442,1.3462409049414577,-0.5235987755982988
75,1787226105.271914,1.5750520464912139,-0.9444329569178485,0.6154972076792704,-1.9031595974752813,-1.1899880589729286,0.7439624631434825,-0.5235987755982988
80,1787226105.5958333,1.8484519017866097,-1.0250340130956954,0.2192050615208677,-1.8849761455268168,-1.2294641823741066,0.8590731221268411,-0.5235987755982988
81,1787226105.6638448,1.8811761204867303,-1.0111641904948412,0.3213313297745601,-1.8958570280693294,-1.2419161404465164,0.8083280668200363,-0.5235987755982988
82,1787226105.7264242,1.7582774291469083,-0.9986457846138421,0.4461164831706911,-1.9559267731185295,-1.2638933865293018,0.7947042944069582,-0.5235987755982988
83,1787226105.771575,1.49188915513371,-0.8114794807417217,0.6401756054232035,-1.8638819997284597,-1.3590276520952036,0.8879680154932912,-0.5235987755982988
84,1787226105.814557,1.4227519718227501,-0.7378288856768218,0.6742717532763747,-1.6987487902752936,-1.3538237851238457,0.851178213763854,-0.5235987755982988
92,1787226106.4329944,1.7494568532521084,-0.8808775771054544,0.8828364192277051,-1.9288547852462616,-1.2606783479513566,1.0849924095006487,-0.5235987755982988
96,1787226106.7132683,1.9618150261811913,-0.922725072540091,0.2402959067676374,-2.078423681977391,-1.3570023357826353,0.16812363888970616,-0.5235987755982988
97,1787226106.8156497,2.0128662347367197,-0.43483768283759505,0.09915331682871448,-1.974633683541742,-0.7171179039452489,0.2086286877455026,-0.5235987755982988
99,1787226106.906861,2.0587616956191663,-0.688089797512786,0.5657044006663077,-2.108179965869453,-0.9457186350564315,0.5440620698753099,-0.5235987755982988
101,1787226107.0251064,1.7378710808347475,-0.9328692149686345,0.8071076591397459,-2.194985049382465,-1.140266660462137,0.8060509721265818,-0.5235987755982988
102,1787226107.0890102,1.358923335941633,-1.0915314592628025,1.0008170246460335,-2.251408353665923,-1.2754063251916175,0.749091618899947,-0.5235987755982988
103,1787226107.1411247,1.5754646695789405,-1.1756200046092942,1.1515192340950384,-2.0125346467732386,-1.3491834782497967,0.6876606970552319,-0.5235987755982988
106,1787226107.3458126,1.7671666843808387,-1.1422532782375172,0.9612037985613221,-1.7998078161669115,-1.4007013057157018,0.5441784107462734,-0.5235987755982988
108,1787226107.4899592,1.637809495400265,-1.2204651206229382,1.116805601631107,-1.8411286479822682,-1.4111152756184344,0.798492890259338,-0.5235987755982988
109,1787226107.591246,1.2502782977352846,-1.225024948293889,1.2279089606689342,-1.4929602813731075,-1.3994871649605818,0.6527471472357214,-0.5235987755982988
110,1787226107.6572394,0.8746670395812314,-1.2525148148956793,1.3404934182894592,-1.519840278774337,-1.403065253223323,0.6272541036189389,-0.5235987755982988
113,1787226107.8665102,1.2926199786379216,-1.2574869338873582,1.3948736185957804,-1.8125642527706398,-1.3969121808099023,0.8203548869852949,-0.5235987755982988
114,1787226107.9629304,1.6648710576819696,-1.228499931667131,1.436931438263957,-2.002834835868237,-1.3733149148888766,0.9348206498877571,-0.5235987755982988
116,1787226108.0855598,1.541880228364369,-1.3315170147490747,1.3822679948244787,-1.8992061971941063,-1.4096956902885702,1.0003659246731118,-0.5235987755982988
117,1787226108.1790788,1.360449500784667,-1.3155798332572575,1.4253815636324265,-1.6981710930755747,-1.422360884202202,1.1553767578678449,-0.5235987755982988
122,1787226108.5569222,1.4629318834320468,-1.2723144585015653,1.0506359012448439,-1.5473006282877904,-1.4351193701006926,1.044999025035593,-0.5235987755982988
125,1787226108.802807,1.775573795798151,-1.0366661135362238,0.17680976766638734,-1.8304134799543845,-1.3352909176622032,0.1690822779279494,-0.5235987755982988
126,1787226108.903165,1.978791038836119,-0.8333781665552591,0.33527718864057815,-1.9818293669113118,-1.2350996401071943,0.5409002859224458,-0.5235987755982988
130,1787226109.2282245,1.9648963054851498,-0.5248110615569718,0.16820807562554063,-1.9372669816249735,-1.0041714919255658,0.03236103475948082,-0.5235987755982988
132,1787226109.380634,1.9969037954647337,-0.5640906295652455,0.23024483907539617,-1.9479863824902655,-1.0325191734616734,-0.5032546488153972,-0.5235987755982988
133,1787226109.4835124,1.6723884369910524,-0.4765103898145653,0.29422653960643186,-1.35546380935897,-1.0769762287327715,0.05663688686423235,-0.5235987755982988
135,1787226109.5728204,1.911720555611505,-0.14479813906600333,-0.2946468611834484,-1.6728457231642724,-0.5351009343628375,-0.5098834198383839,-0.5235987755982988
136,1787226109.6404142,2.067286432714799,-0.31975391063637026,-0.41796297213207084,-1.908390910922441,-0.6910989001956724,-0.14657345467160734,-0.5235987755982988
137,1787226109.6838765,2.08578587746697,-0.439931501325243,-0.14170638043019645,-1.8681463626894153,-0.8417515102999558,0.2697463982935392,-0.5235987755982988
139,1787226109.775619,2.1804288919208514,-0.12102186154794384,-0.45530479658920714,-2.0389632073154407,-0.843310036191868,-0.3719070470642,-0.5235987755982988
144,1787226110.183898,2.2419468513158742,-0.30715631258403464,-0.745683912515837,-2.1499941563223572,-1.021291890705558,-0.6357762899450352,-0.5235987755982988
145,1787226110.28873,2.273042562813458,-0.4974011144224393,-1.0137557503633143,-2.2035970109465195,-1.1128404689963998,-0.9380637856140661,-0.5235987755982988
146,1787226110.3470554,2.302145737396068,-0.6122173729074334,-1.1379051451160276,-2.2570061286825585,-1.1319203745654556,-1.0983269324842022,-0.5235987755982988
147,1787226110.3938267,2.3132972939581897,-0.7600712807166008,-0.941081300057621,-2.182938256519826,-1.208626410347501,-0.706655233655227,-0.5235987755982988
151,1787226110.6942854,2.2780837602377595,-0.8221503380397368,-0.6804447236671795,-2.1948711293298464,-1.2748554498863487,-0.9146678148634756,-0.5235987755982988
153,1787226110.8156564,1.9350151123906816,-0.8946982420121945,-0.08005131608530663,-2.050249279804386,-1.3248933922089505,-0.3817443380777253,-0.5235987755982988
161,1787226111.3503704,2.002791195250743,-1.0841421071024795,0.41825911478583017,-1.7134778977273415,-1.3790508261331862,0.2838313373196893,-0.5235987755982988
162,1787226111.4306915,1.870641998011862,-1.0971714846603233,0.7645474017095419,-1.8981286734964842,-1.396210800702058,0.6313897113487776,-0.5235987755982988
163,1787226111.4944198,1.9537686295765346,-1.138744891840433,1.0020233030721823,-1.7902399327855396,-1.4191541034188435,0.801791362533829,-0.5235987755982988
164,1787226111.552257,2.0886839732979947,-1.1716856919491856,1.149639628292276,-1.7486646253315712,-1.4127005258055023,0.878620994617143,-0.5235987755982988
362,1787226129.6175025,2.135930758488524,-0.7880310135954163,1.1652941042828528,-1.961300078032842,-0.7533217274601124,0.9870875301909103,-0.5235987755982988
363,1787226129.7238605,2.2130230645848616,-0.9143052653335844,0.6484860666374135,-2.099513122288668,-0.9476995623653329,0.5640090638617237,-0.5235987755982988
364,1787226129.7810786,2.163422916629374,-1.0260545195378739,0.6885339633701693,-2.189351601054955,-1.1535661251517197,0.5862355545261398,-0.5235987755982988
365,1787226129.8275115,2.071268283579921,-1.1123139993872397,0.6984527560864255,-2.2477466122530414,-1.2873793909628715,0.6447072214950795,-0.5235987755982988
366,1787226129.883174,2.127759455291346,-1.1743711083408528,0.8912890771171977,-2.285703369531798,-1.3569772914756406,0.7508315413137585,-0.5235987755982988
367,1787226129.9276454,2.2077117175066956,-1.202089407531934,1.1001440029240035,-2.270048159608848,-1.3737153382193947,0.9469737080027616,-0.5235987755982988
368,1787226129.9879632,2.226581399474028,-1.2645497368734253,1.2070036213018869,-2.264019026452724,-1.4271505317682784,1.1306252806845072,-0.5235987755982988
374,1787226130.402038,2.2719459812254392,-1.1695949097865768,0.3970558368500125,-2.296280438761591,-1.4002499635058823,0.26184631750172177,-0.5235987755982988
376,1787226130.509364,2.301432959363856,-1.0317746735685043,0.3591713605321391,-2.317250356762355,-1.2883725292769914,-0.08988042393673501,-0.5235987755982988
378,1787226130.6186101,2.320599495153827,-0.864274275561759,0.45692771331307136,-2.3308808034628514,-1.3541537365447947,-0.5093743281846608,-0.5235987755982988
380,1787226130.7524097,1.8259185032047123,-0.8617150322273635,0.6990086759687537,-2.0217444628895764,-1.4036175788209468,-0.005512918278573142,-0.5235987755982988
382,1787226130.8845541,1.856157740785912,-0.9991657735454527,1.00325353476037,-1.9626770745736595,-1.405613837979665,0.35287726226570076,-0.5235987755982988
390,1787226131.4716449,2.0311706030781638,-1.1074240779280993,1.1838959303421284,-2.1004081700401995,-1.412470869449262,0.6995496395261762,-0.5235987755982988
456,1787226137.0831854,2.059191799808316,-1.060885729156565,1.192974701027533,-2.064935301740716,-1.2658910342025316,0.9640918289718559,-0.5235987755982988
468,1787226137.8518724,1.8910089703111106,-1.0693014073027696,1.2153728490458533,-1.5870764689872694,-1.2568019147713434,0.9786709683864039,-0.5235987755982988
469,1787226137.947606,1.6898976862022916,-0.9915169329955568,1.2022337005145547,-1.266818928700158,-1.0812154605279294,1.0869214089636132,-0.5235987755982988
470,1787226138.0054338,1.8524922928234582,-0.8002377330929764,1.1699230716073765,-1.522635675578217,-0.8098563488044807,1.0929497509564765,-0.5235987755982988
471,1787226138.056763,1.345561164974237,-0.7006446007035487,1.2410103103561099,-1.5658547541398593,-0.7084590273525073,1.157518228938454,-0.5235987755982988
472,1787226138.1113577,1.6181896146005341,-0.4516365130253461,1.1945421890665333,-1.8424736617582294,-0.4224669384477955,1.2139897158534267,-0.5235987755982988
474,1787226138.1985962,1.5898619696831315,-0.5770537057675631,0.2753656896817467,-2.02227595171017,-0.5858810345122158,0.5868292528182378,-0.5235987755982988
475,1787226138.287682,1.8374413751197145,-0.7365425021589638,-0.3659409363649371,-1.73960517589423,-0.6642259183314927,0.24067968826429775,-0.5235987755982988
476,1787226138.3435428,2.019004965395135,-0.8800499712600417,-0.29880866761261504,-1.6174364795047567,-0.7634549071772996,0.20536212876018164,-0.5235987755982988
477,1787226138.3853545,1.7876023835142378,-1.0030181398982305,-0.014891033830860101,-1.2496412314292638,-0.8775428968945411,0.3778200249189083,-0.5235987755982988
478,1787226138.4294815,1.5736097385030012,-1.08831620327311,0.003104732105139528,-1.4010955442508166,-0.9622380845910617,0.5703576686059658,-0.5235987755982988
479,1787226138.4969375,1.8475144015942715,-1.0732383516825372,0.4128307761022075,-1.7353801753303515,-0.8199727752166917,0.8094826060839593,-0.5235987755982988
480,1787226138.5421984,1.7341693981371948,-1.019701330323444,0.6479419325070795,-1.8746368070010297,-0.6719633507761241,0.9757437270497952,-0.5235987755982988
481,1787226138.587302,1.9518781803564973,-0.9770621006730418,0.8554243098352782,-2.0351229133615014,-0.6350003802340063,1.083449545182078,-0.5235987755982988
482,1787226138.633093,1.5713940879576531,-0.9229555754198682,1.0329967227593482,-1.889490739002961,-0.49659451633236307,1.0651085122785173,-0.5235987755982988
483,1787226138.6766348,1.8460742287397953,-0.9348976207506856,1.1195365561331942,-2.052837051919245,-0.7435873081532753,1.0368725082266943,-0.5235987755982988
488,1787226139.0118003,1.468850668247107,-1.145244863102199,1.269235716477843,-2.024618454529126,-0.9485978759907803,1.2058157703312204,-0.5235987755982988
489,1787226139.115222,1.3377620183998886,-1.1956446187718552,1.3169929006112977,-2.1406700670112526,-1.0470609943459488,1.2193866843757517,-0.5235987755982988
490,1787226139.1591568,1.6942133835272484,-1.1911331054597438,1.33681040411162,-2.216103615124635,-1.0938622497608648,1.2454053492178865,-0.5235987755982988
491,1787226139.2024894,1.8685045018445994,-1.1950007384131682,1.34584477627577,-2.265135421398334,-1.106967098849019,1.2771212902204017,-0.5235987755982988
492,1787226139.249703,2.0391959977663103,-1.2039432990569165,1.3046864242448954,-2.2970060954762377,-1.0777763767426916,1.2937632879296594,-0.5235987755982988
493,1787226139.2997868,2.1501454701154223,-1.2253540524175122,1.2970976931585851,-2.3177220336268753,-1.0794907881817295,1.3162692993138934,-0.5235987755982988
494,1787226139.3494613,2.2222626271423453,-1.2434954381681667,1.3206648998446908,-2.3311873934247895,-1.1121242964225218,1.319947041388022,-0.5235987755982988
496,1787226139.4469082,2.269138779209845,-1.2857056161058318,1.406017918654058,-2.320448676271735,-1.0598790806025191,1.3887466352069069,-0.5235987755982988
497,1787226139.535822,2.2996082780537197,-1.2599428271485416,1.4252636651672443,-2.225251723387884,-0.8824350492343322,1.4462935800241095,-0.5235987755982988
501,1787226139.7999032,2.3194134523022383,-0.654029223333088,0.38429646098335934,-2.2200967740421778,-0.40864916768885184,0.4381778224748325,-0.15707963267948966
502,1787226139.874791,2.1453515845344033,-0.2601853808530431,-0.29764535287247995,-2.1116562292899963,-0.10068834468428958,-0.2208338017823011,0.0811578102177363
503,1787226139.9235513,2.0926103806246488,-0.004186883241013906,-0.7291567744327048,-1.9984301924592853,0.09948619026867589,-0.6782962060661012,0.23601214810093318
504,1787226139.9665906,2.1085593481302274,0.16221214020680508,-1.016651900829333,-1.9606482626973378,0.22959963798810346,-0.9658614026980955,0.33666746772501116
505,1787226140.0237775,2.1952316478519682,0.2703715054478874,-1.208011564444754,-1.7770629665432014,0.3141733790057314,-1.1566879394764422,0.40209342548066185
506,1787226140.0758626,2.063656742943017,0.34067509285459097,-1.327305098587666,-1.9797589998204017,0.3691463106671895,-1.2905868470540613,0.4446202980218348
507,1787226140.1562078,2.166044954480282,0.3863724246689483,-1.3993703932384047,-1.7974684573167603,0.40487871624713734,-1.3722443087177627,0.4722627651735972
508,1787226140.2116096,2.232597291979504,0.4160756903482805,-1.4405768373606131,-1.658317999131615,0.42810477987410345,-1.4219366404345466,0.4902303688222428
509,1787226140.2593398,2.2758563113539982,0.4353828130398465,-1.4634875517283754,-1.624815905487629,0.4432017212316314,-1.442847842097485,0.5019093111938624
510,1787226140.3058212,2.30397467394742,0.4479324427893644,-1.4690982918458013,-1.6721889267510153,0.4530147331140245,-1.4819642667115098,0.5095006237354152
511,1787226140.3539834,2.3222516096331436,0.456089702126551,-1.476609444385009,-1.6753596633558687,0.45939319083758,-1.5035047027231059,0.5144349768874245
512,1787226140.3979485,2.334131617828864,0.4613919206957222,-1.4801312148657049,-1.7725396862806062,0.4635391883578911,-1.5063043121518205,0.5176423064362305
513,1787226140.441328,2.3418536231560823,0.4648383627656836,-1.4529145190412711,-1.819447880623525,0.46623408674609335,-1.5199030856467375,0.5197270706429544
514,1787226140.4841938,2.346872926618774,0.4670785501111585,-1.4410184979972074,-1.864907743940028,0.46798577069842484,-1.519823684624844,0.5210821673773249
515,1787226140.5319479,2.350135473869524,0.4685346718857172,-1.4184021596339125,-1.8620503691043928,0.4691243652674403,-1.5028584367146856,0.5219629802546658
516,1787226140.5778804,2.3522561295825115,0.4694811510391803,-1.4094590461941736,-1.895984211015767,0.4698644517373003,-1.4858450153491205,0.5225355086249374
517,1787226140.623781,2.3536345557959533,0.4700963624889314,-1.4148713202642564,-1.9141455163619323,0.47034550794270935,-1.4763114503406223,0.522907652065614
518,1787226140.6715088,2.3545305328346906,0.4704962499312695,-1.433035656344956,-1.9212073630645818,0.47065819447622526,-1.4691710503253934,0.5231495453020536
519,1787226140.7116683,2.3551129179098695,0.47075617676878934,-1.4292988888531688,-1.9433843509216224,0.4708614407230105,-1.4545961684551476,0.5233067759057395
520,1787226140.7554862,2.355491468208736,0.4709251292131772,-1.4221373875399455,-1.9565623616345758,0.470993550783421,-1.4293598855881378,0.5234089757981353
521,1787226140.8008232,2.355737525902999,0.4710349483020293,-1.4204904764299433,-1.9467996974993387,0.47107942232268774,-1.4142020215595847,0.5234754057281925
522,1787226140.8507323,2.35589746340427,0.47110633070978314,-1.4242075978467337,-1.9298587799159836,0.4711352388232112,-1.4103446736932723,0.5235185851827298
523,1787226140.8926384,2.3560014227800963,0.4711527292748232,-1.4272190431659264,-1.9283048504187943,0.4711715195485514,-1.4105343297510229,0.5235466518281789
524,1787226140.9370942,2.3560689963743835,0.4711828883420992,-1.4259107995928115,-1.921150237860338,0.47119510202002257,-1.4139656753932626,0.523564895147721
525,1787226140.9820673,2.35611291921067,0.4712024917358286,-1.425978495611261,-1.9049259626474875,0.4712104306264788,-1.4182666324210482,0.5235767533054232
526,1787226141.0285513,2.356141469054256,0.4712152339417527,-1.4356586557808657,-1.9649316808848747,0.4712203942206754,-1.4097672751892678,0.5235844611079297
527,1787226141.0728602,2.356160026452587,0.47122351637560334,-1.4472687197112521,-2.0282565869130615,0.47122687055690315,-1.4052056160594593,0.5235894711795589
528,1787226141.1209793,2.356172088761502,0.4712288999576063,-1.4612073601941091,-2.038995707626526,0.47123108017545123,-1.4102270618508628,0.5235927277261179
529,1787226141.163164,2.3561799292622974,0.4712323992859082,-1.4916515852245225,-2.0008966619860074,0.4712338164275074,-1.4132243833796354,0.5235948444813812
530,1787226141.2062423,2.34052223781017,0.4712346738493045,-1.5124657557673227,-1.9157872382811378,0.47123559499134393,-1.4405829113012296,0.5235962203723024
531,1787226141.250206,2.3460075261439313,0.4712361523155121,-1.5237888026130615,-1.88890022020912,0.4712367510578377,-1.4710246800149425,0.5235971147014011
532,1787226141.2910662,2.3495729635608757,0.471237113318547,-1.5393409950886636,-1.9601678327913694,0.47123750250105867,-1.5042728769767952,0.5235976960153153
533,1787226141.3312201,2.35189049788189,0.4712377379705197,-1.5359113312809187,-1.8964433501170939,0.4712379909391523,-1.5127552382982559,0.5235980738693595
534,1787226141.375043,2.3533968951905493,0.471238143994302,-1.5462695836585147,-1.962769890547013,0.4712383084239131,-1.4967671779569387,0.5235983194744882
535,1787226141.4236467,2.354376053441178,0.47123840790976046,-1.5491388579319216,-2.0472757534198203,0.4712385147890077,-1.473107305801376,0.5235984791178219
536,1787226141.4703505,2.355012506304086,0.4712385794548084,-1.5480284496463912,-2.0540629431089354,0.47123864892631917,-1.4543468695896964,0.5235985828859888
546,1787226142.2936292,1.9180886090151361,0.47123869095908955,-0.5029691090247024,-1.7270580155575241,0.47123873611557154,-0.4353103558966701,0.15707950741648818
547,1787226142.3945825,1.8826206454121088,0.02621985416579531,0.20954093907763438,-1.9472557816797114,0.3490187692221379,0.1835863085238746,-0.08115789163868725
549,1787226142.522487,1.7459527297974566,0.18197651952123106,0.685439540502166,-1.760377537065987,0.3917958143078538,0.6128361788057666,-0.23601220102455128
550,1787226142.6263938,1.9595373459356675,-0.010242739948851512,0.9036847266547297,-1.9689134706602123,0.35623912899400734,0.8131745759228575,-0.3366675021253629
551,1787226142.693636,2.098367346425505,-0.2582471490606872,1.056222952745669,-2.082160521133516,0.004143452077729037,0.9584732760794036,-0.40209344784089046
561,1787226143.5039682,2.188606846743899,-0.5535938044032704,1.1422306826922113,-2.178072410304106,-0.11197821963658781,1.0450925389629682,-0.4446203125559834
562,1787226143.609308,2.247262521950855,-0.6089367309494798,1.1772247347808078,-2.222940989082786,-0.26978418404708504,1.080429218405243,-0.4722627746207938
578,1787226145.009452,1.7366773465237046,-0.677243582108834,1.2904321584649994,-2.1290081698116383,-0.4658521652231584,1.20655609555787,-0.49023037496292055
579,1787226145.1038735,1.6724617425803414,-0.7438375635980174,1.332906293913153,-2.208523381944886,-0.6480484097804085,1.3211825468975822,-0.5019093151853029
580,1787226145.1657736,1.7749874962027377,-0.69390727283419,1.376028159985419,-2.2602082698314967,-0.6615182821903437,1.3754294747582816,-0.5095006263298515
592,1787226146.066535,1.5078025234963377,-0.7603386633248865,1.4194385023064051,-2.005426403254499,-0.786932232824261,1.44284143376201,-0.514434978573808
593,1787226146.1558573,1.8047397118399402,-0.604480691195361,1.4012573615645065,-2.0717379708175354,-0.5504452773364028,1.437842226871927,-0.5176423075323798
594,1787226146.1980946,1.8202906620590018,-0.5288531569182566,1.393496065868098,-2.1712977525987185,-0.41764756465786546,1.4366141621216366,-0.5197270713554515
595,1787226146.2491324,1.3198585847588389,-0.42759354633019236,1.4082608736030444,-2.1553073745986433,-0.21180367012190202,1.457811826021305,-0.521082167840448
596,1787226146.3012419,1.465108908820305,-0.34311960365926997,1.4067234572506182,-2.1900736655779247,-0.07692968666771804,1.46463219561147,-0.5219629805556958
597,1787226146.342038,1.3492627265572315,-0.255344711719168,1.373386819116067,-2.0816937676060827,-0.007552079075976742,1.4754509443768475,-0.5225355088206068
598,1787226146.3866103,1.235746030253461,-0.204548340688413,1.3371959832707732,-2.08058270890663,0.02351265485720825,1.4466848782450923,-0.5229076521927991
599,1787226146.4337666,1.2702645945210336,-0.13472868689764617,1.3072413079615572,-2.1332905674263234,0.042374201593253696,1.4328558853981528,-0.523149545384724
600,1787226146.4815905,1.292977231014568,-0.1007761762188078,1.2737515066256702,-2.02701905637671,0.02657603759110044,1.410263879201609,-0.5233067759594752
601,1787226146.5268466,1.4146092009838442,-0.09870217765428412,1.235946266281354,-2.0814200231359945,0.021673564303614473,1.379458665329099,-0.5234089758330635
602,1787226146.570628,1.4006631250459176,-0.12102715141320675,1.2184824545370239,-1.9309901305452077,0.00909274664617555,1.3683095757527042,-0.5234754057508959
603,1787226146.614247,1.3538242417448796,-0.11416374376609781,1.2009642048651197,-1.8298512197922094,0.0072982645200514035,1.358043740007192,-0.523518585197487
604,1787226146.657124,1.3410834479418416,-0.10767486337532552,1.1729235988594713,-1.7980417889054539,0.01899273723054866,1.333855997247844,-0.5235466518377712
605,1787226146.7102063,1.3563128625432626,-0.09829231444298167,1.1598235749549217,-1.745477965006724,0.04934414812041128,1.3211803355949332,-0.5235648951539558
606,1787226146.7546647,1.3652436284425729,-0.09887561901911696,1.1393529022174094,-1.839008861138679,0.03804352237636806,1.3199928628168478,-0.5235767533094758
607,1787226146.801669,1.4519798613365817,-0.09547870770280831,1.1190889796838277,-1.781354412209473,0.04118641164952118,1.317471118946469,-0.5235844611105639
608,1787226146.856504,1.465170958451149,-0.09199950131316192,1.094829870332112,-1.8472063596774384,0.013563136804984948,1.3177243325318209,-0.5235894711812712
609,1787226146.900186,1.4514953167668592,-0.08251175545189036,1.1015402529494895,-1.8225199291539027,0.017818106680465583,1.3125038052624434,-0.5235927277272309
610,1787226146.9441648,1.2536853651897877,-0.07654190003371023,1.099861190977386,-1.4996281237162148,0.0317389210635777,1.3076124693045867,-0.5235948444821046
611,1787226146.9956434,1.0832511819216333,-0.1261642060156889,1.0993724700438186,-1.330571601063571,0.04395145630253624,1.3088304120998537,-0.5235962203727726
612,1787226147.0415115,1.1568632317736582,-0.1323776720818381,1.0678080106274694,-1.2319104034714874,0.06377214215963398,1.314600926015878,-0.5235971147017069
613,1787226147.085668,1.1800649171303859,-0.13441165325656132,0.9640200067137817,-1.2664679187306163,0.09325977307083926,1.3053006379736658,-0.5235976960155141
614,1787226147.1298623,1.2942277812547691,-0.17741902543600302,0.9491255705561047,-1.2503464029001665,0.09744660188647385,1.3106913249728573,-0.5235980738694888
615,1787226147.175066,1.279649604668506,-0.17934259818004597,0.8947919596730521,-1.0931926958366263,0.1171296271499524,1.2807365512728177,-0.5235983194745724
616,1787226147.2184544,1.1903750414573704,-0.13547984918618752,0.8240021642343938,-0.8597352410912291,0.10845622592630952,1.2317733147197556,-0.5235984791178766
617,1787226147.260909,1.0663012506787464,-0.20230379260962195,0.8103861450945574,-0.8805430839923917,0.0818205519678741,1.224186442228572,-0.5235985828860243
618,1787226147.3008983,1.2728905714440053,-0.22867220682015788,0.9297114494860674,-1.272681316487275,0.0470554584521496,1.2617838028362767,-0.5235986503353205
619,1787226147.3441086,1.3918838869732577,-0.2641442800385434,1.0512761869567346,-1.5921836245478183,-0.022340245383449392,1.2743303815076545,-0.5235986941773629
620,1787226147.385992,1.439135052732411,-0.3141305449639922,1.1091267250764765,-1.7263300037444966,-0.10667507552156716,1.2876154322393312,-0.5235987226746905
621,1787226147.4260898,1.4943213967138451,-0.34012854698198836,1.1375479029425768,-1.890047751362311,-0.16470574346520017,1.2899865792869953,-0.5235987411979535
622,1787226147.4689996,1.556465997008993,-0.3602762021457312,1.1117489038875752,-1.9463396347777673,-0.24838731733404634,1.2728654192673998,-0.5235987532380744
623,1787226147.5145147,1.7125396450837176,-0.3701124862185986,1.1566913835988286,-2.0897888341728694,-0.3030184671457089,1.3143425980071863,-0.5235987610641529
624,1787226147.557162,1.7568035647533298,-0.3754411965480241,1.1824427830860165,-2.1293616694452906,-0.35516306600650915,1.3452187130837452,-0.523598766151104
625,1787226147.6012003,1.823440425870559,-0.3724721022345559,1.2055008541792884,-2.2087531567067593,-0.3787898947535139,1.3523717424313644,-0.5235987694576222
626,1787226147.6497607,1.7968075635248768,-0.29626018611041527,1.2082539776279795,-2.260357623426714,-0.355903403089499,1.3457455435772068,-0.5235987716068591
627,1787226147.6934915,1.7747417442899214,-0.2660584711808007,1.2066028857770634,-2.2783063251511733,-0.34769863508366594,1.342464258290328,-0.5235987730038629
628,1787226147.7421186,1.8134801517803485,-0.2512097089417781,1.2162730776532156,-2.305567182915583,-0.348488190910046,1.3415644676429574,-0.5235987739119154
629,1787226147.7874968,1.8730481356960789,-0.2820274763390072,1.237777110389941,-2.32328674046245,-0.37759258262851647,1.3395817980729308,-0.5235987745021496
630,1787226147.8436224,1.9493228999673806,-0.3222460434353338,1.2692223162740492,-2.334804452867913,-0.40161444899833876,1.3457807077757769,-0.5235987748858019
631,1787226147.8973434,1.9445792468510628,-0.3211518938785808,1.2846338862031896,-2.342290965931464,-0.38479096331665524,1.3489879057524614,-0.5235987751351758
632,1787226147.939826,1.870825715941878,-0.31473034204791506,1.2865407867332086,-2.3471571994227722,-0.3659473285882239,1.3453810500400507,-0.5235987752972688
633,1787226147.9955063,1.8346026187784659,-0.30677473944688183,1.2838459321758222,-2.3503202511921226,-0.3473491505017462,1.3442924115211787,-0.5235987754026293
634,1787226148.0433075,1.8477226747113504,-0.3040574295213691,1.285094552877512,-2.3523762348422004,-0.33614132781970646,1.3334706094482482,-0.5235987754711137
635,1787226148.088336,1.8921390770539375,-0.30451119483463307,1.292806904885734,-2.353712624214751,-0.32784802538968605,1.3339820794527129,-0.5235987755156285
636,1787226148.1391819,1.8757806173526703,-0.28946682936212925,1.2985146641619463,-2.3545812773069086,-0.2995622170222418,1.3394889127504266,-0.5235987755445631
637,1787226148.1982524,1.7672370871961962,-0.28358324838147386,1.2897942045223565,-2.164856043344866,-0.2818863808456436,1.3214875566686934,-0.5235987755633706
638,1787226148.2503445,1.7343922288480584,-0.28041318454955405,1.2939511624271078,-2.06369597630815,-0.28117176781312697,1.310221639189471,-0.5235987755755955
639,1787226148.2987843,1.738823613157153,-0.2771393093214646,1.298286496390576,-2.152133548117388,-0.28157020867608995,1.312187780025908,-0.5235987755835416
640,1787226148.355382,1.7413244460579007,-0.285697716584459,1.2866872806828744,-2.2235548778436227,-0.3052425979776331,1.321267001050527,-0.5235987755887066
641,1787226148.396511,1.786746933684651,-0.29888033061156355,1.2916880380582798,-2.2699787421656756,-0.31413834167735705,1.3323638168966088,-0.5235987755920639
642,1787226148.4532585,1.7011615858485065,-0.28804702947366906,1.284417412310395,-2.2557325641891763,-0.28852465592305226,1.3301556962295003,-0.5235987755942462
643,1787226148.5042357,1.7495460739599074,-0.28319333600649205,1.2888137957632062,-2.2731610883681856,-0.2753631028876295,1.3316404191137883,-0.5235987755956646
644,1787226148.546475,1.8076640307852343,-0.2725828441291311,1.289348720541546,-2.3022227790066414,-0.2617932409131295,1.348896974954508,-0.5235987755965865
645,1787226148.5888066,1.7366967130382391,-0.24457901494047296,1.2811241585579698,-2.2189674845481453,-0.22871914164146598,1.3674428007832382,-0.5235987755971858
646,1787226148.6334639,1.788651662664046,-0.2181932128819891,1.2882960959946104,-2.266996936523615,-0.19481369191892495,1.3788033008296923,-0.5235987755975754
647,1787226148.6740885,1.8931968910358767,-0.19760150961304856,1.3046492633178322,-2.2982160803076703,-0.1869450006513474,1.3888228940047016,-0.5235987755978286
648,1787226148.717153,1.8600684273170163,-0.19902495659861952,1.2986628899211548,-2.3185085237673064,-0.2034186030064622,1.393853324132447,-0.5235987755979932
649,1787226148.758414,1.788887742850509,-0.19360167597142308,1.2874675285323738,-2.2491179390908687,-0.20137543456609064,1.395117772982323,-0.5235987755981002
650,1787226148.8001337,1.79202210105297,-0.16831692377302282,1.2837147681103716,-2.272520996617789,-0.17018691866066726,1.4035364970212323,-0.5235987755981697
651,1787226148.8414268,1.8693025442912319,-0.15662077550660272,1.299942599169305,-2.3018067193688836,-0.1519029686347588,1.409188035803875,-0.5235987755982149
652,1787226148.881712,1.8938970551760597,-0.13615054423340633,1.3033084375145711,-2.320842439157095,-0.12840381412411056,1.4157431741348916,-0.5235987755982443
653,1787226148.9233975,1.8542575435843656,-0.12980850087457865,1.2995056993667011,-2.2880961164231186,-0.1143745308139907,1.4173718230125134,-0.5235987755982634
654,1787226148.967274,1.8356483508933816,-0.12679205064545124,1.2911614175373605,-2.2875833227794997,-0.10233929632752284,1.422172953143606,-0.5235987755982758
655,1787226149.007602,1.805391275532803,-0.09217003331258908,1.268885241422912,-2.2597893663475537,-0.08157764546883489,1.4238952452427596,-0.5235987755982838
656,1787226149.051397,1.8230846894601056,-0.08110242601496272,1.2572409620089122,-2.2889870781847166,-0.09264114404343848,1.421577674873256,-0.5235987755982892
657,1787226149.0915828,1.7932405057234766,-0.10791941418160085,1.2520507155772518,-2.251764940623501,-0.11857059439845527,1.426359017588976,-0.5235987755982925
658,1787226149.1325293,1.8054293727759345,-0.1084987655670081,1.2444798039583396,-2.230906867471155,-0.10877292032086654,1.4238101122343771,-0.5235987755982947
659,1787226149.1777103,1.7831450519578191,-0.1269125831662711,1.2454086667343685,-2.17488598964625,-0.11095453219484491,1.4231399262097435,-0.5235987755982962
660,1787226149.2220256,1.647363421545555,-0.1320631909751835,1.2024085310417312,-1.9989189483247483,-0.1016277703709676,1.4227630969547516,-0.5235987755982972
661,1787226149.2672558,1.5908374468703959,-0.1136958690358866,1.1806612494212054,-1.8430948790156885,-0.05685927062190905,1.4197043809193715,-0.5235987755982978
662,1787226149.314102,1.5259254644090086,-0.10441808849978415,1.1746834117636307,-1.729555772044371,-0.031026559463079636,1.414762220691809,-0.5235987755982981
663,1787226149.3572803,1.496766220274461,-0.12682572817369528,1.1821935155131058,-1.7548070671340597,-0.03503743074716189,1.4138709564951202,-0.5235987755982984
664,1787226149.3980715,1.4943530534008795,-0.15572020479981505,1.1967656935001587,-1.7745256965423852,-0.04518138965759727,1.3944265507530575,-0.5235987755982985
665,1787226149.4384184,1.4824362793072803,-0.17668833336067344,1.1831859123979487,-1.8086232373219926,-0.05768374748497371,1.383398385533006,-0.5235987755982986
666,1787226149.4794145,1.473528415724506,-0.18962164457334252,1.1680151095776692,-1.828698414407769,-0.07164968037991404,1.3720384954418954,-0.5235987755982987
667,1787226149.5230105,1.4752903508706408,-0.1803511277947047,1.1806310525017538,-1.84307699076339,-0.06823507179129429,1.371239660225756,-0.5235987755982987
668,1787226149.5662663,1.4416629994786447,-0.18074588063635288,1.1758275458516176,-1.7214134756184882,-0.06912027552891296,1.3712494205366785,-0.5235987755982987
669,1787226149.6103208,1.4773584081147544,-0.1796880069991767,1.1962659240229903,-1.7210777701272855,-0.06733511673456703,1.3706038825692906,-0.5235987755982987
670,1787226149.654328,1.4477716074371185,-0.17616526320506212,1.193668053508199,-1.6937757848969488,-0.06901150176955057,1.353938873337321,-0.5235987755982987
671,1787226149.6962013,1.3841365641054642,-0.17275948196515045,1.1764955436751587,-1.6127079872598848,-0.0704597738755012,1.3320948332461704,-0.5235987755982987
672,1787226149.7381566,1.2952816836403538,-0.18319785783154446,1.1509648474275078,-1.498048617860566,-0.09383316051263407,1.2996814060202249,-0.5235987755982987
673,1787226149.7972355,1.2950050462562486,-0.16319529035586006,1.1025900803953188,-1.4883919958118992,-0.1025948723426846,1.281291724066999,-0.5235987755982987
674,1787226149.8524387,1.3060535288947808,-0.14107156502711438,0.998850102266041,-1.6101515681742846,-0.09135800249994709,1.2686195451049145,-0.5235987755982987
675,1787226149.903179,1.2141453008872802,-0.11497406224760287,0.9720522741542119,-1.3898091329183062,-0.0626196823392172,1.291634123236943,-0.5235987755982987
676,1787226149.9522297,1.2282080614324293,-0.120855576708009,0.980787615331432,-1.431683544792361,-0.053371904953557224,1.307614126223286,-0.5235987755982987
677,1787226149.9970212,1.201701684564521,-0.1265624199273006,0.9723970106582075,-1.4813332527209015,-0.047506644949059845,1.3131486754348012,-0.5235987755982987
678,1787226150.0391023,1.374873785854707,-0.15812744700261314,1.0030033505013485,-1.6927456309850777,-0.07362298032981858,1.3126189279851714,-0.5235987755982987
679,1787226150.0801258,1.4486618733442311,-0.16467032855693234,1.0252578154311616,-1.8357746410414317,-0.09190809739341801,1.3098265482931883,-0.5235987755982987
680,1787226150.126772,1.4918665204226254,-0.13874827269795326,1.0414634217522298,-1.905514102402024,-0.09416626033085135,1.328385579492378,-0.5235987755982987
681,1787226150.173158,1.4989876810226181,-0.13885741675610078,1.0608228815254748,-1.9006622575759518,-0.09419258340364658,1.3358836667423426,-0.5235987755982987
682,1787226150.229272,1.3143018497908856,-0.17009245514081278,0.9866490624266318,-1.7136185637764276,-0.11013629016276857,1.3234990049082276,-0.5235987755982987
683,1787226150.2820618,1.286639921551937,-0.2140970286559968,0.8845197933353501,-1.6989703938255611,-0.12787234716959267,1.306044185025373,-0.5235987755982987
684,1787226150.3293529,1.1102761412638364,-0.2637319238710831,0.7873948674042668,-1.6805765814165388,-0.17574873755652565,1.3054656592153426,-0.5235987755982987
685,1787226150.3709888,1.092764376500969,-0.2939929184477142,0.762475734030078,-1.475970076415995,-0.20975449016647088,1.3011172792787604,-0.5235987755982987
686,1787226150.4159164,1.2216137814939731,-0.31168206359047773,0.7440609924733107,-1.5957633044886044,-0.22700947584142725,1.297267593816204,-0.5235987755982987
687,1787226150.4609215,1.1133461277586203,-0.34364874888010744,0.7027429278199999,-1.5081971346119507,-0.24470103323559123,1.2741935190716946,-0.5235987755982987
688,1787226150.512427,1.1582085818995385,-0.3553470032789473,0.6836153721974971,-1.556856262018535,-0.2552316033107702,1.2660285289252988,-0.5235987755982987
689,1787226150.5638592,1.2172849509258346,-0.311041874639622,0.7898238050079007,-1.3517030569393687,-0.22968983907859952,1.2939656518475358,-0.5235987755982987
690,1787226150.6104841,1.2566190542902418,-0.26771421471254886,0.836224627961191,-1.1770705020405234,-0.20556299969910846,1.3155444149581528,-0.5235987755982987
691,1787226150.6558213,1.2904233545604378,-0.28194233641929944,0.7948062542918484,-1.1013812203519662,-0.2003650583997263,1.327597614750407,-0.5235987755982987
692,1787226150.7008522,1.3580537085513629,-0.29733168784046016,0.7082530030128862,-1.1934678999151123,-0.19812340573131537,1.3321325818103098,-0.5235987755982987
693,1787226150.743485,1.4351626451748756,-0.31393124700495934,0.640223974932606,-1.3256008496410352,-0.1978950962436063,1.33073012122771,-0.5235987755982987
694,1787226150.7875257,1.37425486625596,-0.31550195897970956,0.6161287174135164,-1.3804113575765184,-0.17629201851202134,1.328359164342136,-0.5235987755982987
695,1787226150.8364477,1.2886101275109212,-0.3289784846761668,0.5969161742362976,-1.2141615470488862,-0.1638191178742604,1.3103993094292994,-0.5235987755982987
696,1787226150.88008,1.3228511367767324,-0.3574482877698769,0.6778262735801268,-1.3496445618315978,-0.1873023402978133,1.328394982459163,-0.5235987755982987
697,1787226150.930263,1.263848867885439,-0.36234632320844684,0.691357340949099,-1.3293152195602038,-0.17755560427967396,1.3384708989675265,-0.5235987755982987
698,1787226150.974763,1.2092346836669279,-0.340256810087634,0.6146720133086584,-1.2407187088782419,-0.17183071649850756,1.2952525502175285,-0.5235987755982987
699,1787226151.0141943,1.1472161981921358,-0.323836102473101,0.5035175040214879,-1.2542431073997062,-0.15097678121723251,1.2106518253217546,-0.5235987755982987
700,1787226151.0550466,1.2336896692713002,-0.3172225832358099,0.504008355560974,-0.9822633406586372,-0.1373136337399007,1.2002584037670232,-0.5235987755982987
701,1787226151.097115,1.2318550894459717,-0.3216208409456788,0.586447892377943,-0.9560768444706599,-0.14102274041407506,1.2031302902479417,-0.5235987755982987
702,1787226151.1373887,1.2238182293397601,-0.3391017824437339,0.45094838920556574,-0.770782118412628,-0.1398594911477168,1.1651304856606375,-0.5235987755982987
703,1787226151.177933,1.2295839304626002,-0.34889220799428605,0.3817675560541605,-0.669579935042659,-0.13711395869203835,1.1313059448842187,-0.5235987755982987
704,1787226151.2211764,1.1843881553656246,-0.36819447792060656,0.39763839538393964,-0.7986496455767477,-0.16095531837673901,1.1289165061418016,-0.5235987755982987
705,1787226151.266283,1.1010663701410377,-0.4110562284048456,0.4119070570467447,-0.8844545144908239,-0.19204312825023373,1.1525343057377984,-0.5235987755982987
706,1787226151.3175242,1.1074711613063821,-0.4397570136693336,0.4265592104692302,-0.9651328133801436,-0.20775931750904747,1.1451465146265956,-0.5235987755982987
707,1787226151.3627117,1.0839512636862905,-0.4625823367413756,0.4125563512969695,-1.0447213055172628,-0.23456564554210868,1.0727760290694475,-0.5235987755982987
708,1787226151.4078221,1.0013699775382994,-0.48800187175850146,0.43047332090214063,-0.9266342616522185,-0.26184872243514795,1.0349643167754747,-0.5235987755982987
709,1787226151.4511352,1.0785292313256987,-0.5011350730422139,0.4015419926295225,-0.837918971833173,-0.2518550963323066,0.9874616109271623,-0.5235987755982987
710,1787226151.4932108,1.1187221574741908,-0.5092281704508204,0.36745643702651937,-0.7873832500511113,-0.2007986987799382,0.9717642193690995,-0.5235987755982987
711,1787226151.5379975,1.091953982714635,-0.5085582694951956,0.30372506211529354,-0.8401748594915793,-0.16760769976224452,0.9787688346023796,-0.5235987755982987
712,1787226151.598332,1.116365843465527,-0.5119557424485635,0.23288069696372174,-1.0297787788745232,-0.1468966827816423,0.9061354535762445,-0.5235987755982987
713,1787226151.6435153,1.1011857165833538,-0.5307119653513076,0.1931072414506458,-1.1895536524991797,-0.13410407494639415,0.8834723529916974,-0.5235987755982987
714,1787226151.7009556,1.0918077961088113,-0.533448820457092,-0.006536876310796247,-1.5978779456917875,-0.1410939445867217,0.658814331029587,-0.5235987755982987
715,1787226151.760522,1.0861635563967862,-0.5331060558914275,-0.09461251119223073,-1.779308238714805,-0.14178682401588238,0.5312625914617993,-0.5235987755982987
716,1787226151.8111663,1.0981450343361856,-0.534574708444444,-0.1387843095884017,-1.8524346261059599,-0.16469374212917037,0.48258790775367977,-0.5235987755982987
717,1787226151.8563786,1.1898593855338526,-0.5171118470105494,-0.1640200138255565,-1.8209777063810604,-0.1593959398550997,0.4872040765233624,-0.5235987755982987
718,1787226151.9113963,1.247389191352749,-0.5029795077356795,-0.17330882051091984,-1.9136765211098594,-0.13730847170863203,0.505415040507863,-0.5235987755982987
719,1787226151.9549274,1.132415957234326,-0.4572783537810369,-0.23795612863085336,-1.9855897033392595,-0.12252162666876895,0.34021488838152364,-0.5235987755982987
720,1787226152.0047407,1.1329918691033267,-0.4569506729913344,-0.26363506562170547,-2.0622528756503966,-0.12550059580651735,0.26662314287724254,-0.5235987755982987
721,1787226152.0534344,1.157530285851672,-0.4516913983208867,-0.27845034372508826,-2.135680991018016,-0.11635946506337824,0.2642443428804803,-0.5235987755982987
722,1787226152.0995533,1.1940208244345567,-0.4399587290467133,-0.27731742712352725,-2.0914952354204566,-0.1033368759232027,0.28499979903682726,-0.5235987755982987
723,1787226152.1433864,1.2210062761877887,-0.42890897698498914,-0.31162643420819924,-2.059550876093601,-0.08796873326905819,0.31768739289621345,-0.5235987755982987
724,1787226152.1899912,1.2040513048990602,-0.4126376138441584,-0.31085052888265174,-1.9524095365299885,-0.07240965826348393,0.41630603272002026,-0.5235987755982987
725,1787226152.234403,1.0901977677305328,-0.42410283735968785,-0.20396196613104312,-1.9416800723091705,-0.0850066484956021,0.5203445146315994,-0.5235987755982987
726,1787226152.2955499,1.1022862296204543,-0.4161421686539557,-0.19303665570836478,-2.0112896724380964,-0.08423689515142298,0.4755709474768792,-0.5235987755982987
727,1787226152.3417578,1.1856966761901981,-0.4125735274381438,-0.14299123734005548,-1.9122056678711754,-0.08745517183765024,0.5911941895190153,-0.5235987755982987
728,1787226152.3863058,1.1779440663221128,-0.40376132273297666,-0.2223169536421203,-2.067601755683585,-0.08922112404478036,0.47829994486054705,-0.5235987755982987
729,1787226152.4282496,1.1896414831358728,-0.3995734735977108,-0.2888001657586734,-2.168609212761651,-0.10100385439475237,0.26251675008342,-0.5235987755982987
730,1787226152.4725676,1.240729139626599,-0.41025758100253873,-0.2885386355167886,-2.0699464397266203,-0.08737619209229187,0.3977440779162045,-0.5235987755982987
731,1787226152.5153096,1.2395742193177388,-0.41449678367792586,-0.3080041025544867,-2.0817769295408604,-0.07062315929891166,0.42167385343999525,-0.5235987755982987
732,1787226152.5581915,1.198197210590446,-0.4079106986231871,-0.33146510448446886,-2.1316036184461016,-0.03915313051797421,0.31265118742934606,-0.5235987755982987
733,1787226152.6014242,1.1937296498625694,-0.3968028325093921,-0.349132292811589,-2.210210423557287,-0.012393415613954068,0.13240648252504728,-0.5235987755982987
734,1787226152.6420102,1.2760269257902768,-0.3803563226738273,-0.3894050957122107,-2.2004373903788266,-0.02147706992199014,-0.03477202362213687,-0.5235987755982987
735,1787226152.6881413,1.3698087300804014,-0.38164222109577584,-0.32001520387514665,-1.723988181026347,-0.03269077847134072,0.1386902670136915,-0.5235987755982987
736,1787226152.7424514,1.416962632412233,-0.3685578568268191,-0.3519590004537069,-1.8845738343231544,-0.031135952007286465,0.0036342519662082434,-0.5235987755982987
737,1787226152.7860618,1.4132718975949476,-0.3540828989361804,-0.3778901131708031,-2.0087083452414145,-0.02260948468233839,-0.16449394651305502,-0.5235987755982987
738,1787226152.8285089,1.4177231535975847,-0.3582813711625338,-0.29405179338066745,-1.7787292142040587,-0.02448321740723284,0.0008048710377816098,-0.5235987755982987
739,1787226152.8746173,1.37423036981318,-0.37504152012540115,-0.1885221406623891,-1.738063501009338,-0.028327672939124093,0.13915400078439485,-0.5235987755982987
740,1787226152.9185457,1.3948361387388737,-0.38302271883222316,-0.16127793230357393,-1.920723317145577,-0.030132428311828253,0.16153705243066174,-0.5235987755982987
741,1787226152.9654841,1.4118921062129757,-0.3881836839096244,-0.17869925400142134,-2.0291608727754173,-0.02647125491012302,0.11185311659533527,-0.5235987755982987
742,1787226153.0209997,1.4376178617043593,-0.3963553585292772,-0.20044807721948443,-2.0680509613745763,-0.025937564476509696,0.08192596612009609,-0.5235987755982987
743,1787226153.0656147,1.4620160847841128,-0.4029737971150196,-0.19674745864880674,-2.029496908143552,-0.022396392804378495,0.10921996587206073,-0.5235987755982987
744,1787226153.123335,1.4503386648628416,-0.4018775422136798,-0.17037743484375148,-2.0284115889446452,-0.008744590266983127,0.1439312732406764,-0.5235987755982987
745,1787226153.1656833,1.4001238807315373,-0.3950164784476863,-0.13735951829557597,-1.9318296844578655,0.008834529404732824,0.2949534360971287,-0.5235987755982987
746,1787226153.2252421,1.3717600252203854,-0.40251900911678207,-0.15663135218715202,-2.02745117106367,0.010735003405923725,0.2881055406823716,-0.5235987755982987
747,1787226153.2737072,1.3847031372173364,-0.39412244666356233,-0.1584751891010015,-1.9526931517656008,0.028617398517970197,0.3072925471237776,-0.5235987755982987
748,1787226153.3181634,1.3765993268359866,-0.3791271835417432,-0.18723014541468797,-2.037624316718907,0.04603346027578256,0.19208609555398082,-0.5235987755982987
749,1787226153.3617594,1.433386900246627,-0.36588309166651134,-0.20526922284289206,-2.0564892975940663,0.07725587097639434,0.12176432651229208,-0.5235987755982987
750,1787226153.4051454,1.4027894976542197,-0.3714029333283364,-0.22680099600343812,-2.105515086062387,0.09255680956511333,0.07244124489478586,-0.5235987755982987
751,1787226153.4503868,1.3975799158048283,-0.37848767371472325,-0.13737633191349707,-1.8527827762756746,0.09670311546923491,0.16915261606267004,-0.5235987755982987
752,1787226153.5132298,1.349739434221198,-0.36493350713297884,-0.15364667313627783,-2.0289768761465092,0.09959757620779165,0.08301532834482664,-0.5235987755982987
753,1787226153.556993,1.3271115047355957,-0.3527027875303528,-0.14635754702268028,-2.1059583714047156,0.10869607736816916,0.08930068014610926,-0.5235987755982987
754,1787226153.6040704,1.3733322221080755,-0.3146549741710935,-0.14843444470160624,-1.9506528236247362,0.1553029645242698,0.10230562871432658,-0.5235987755982987
755,1787226153.6462924,1.4598296753253983,-0.34336070724928036,-0.1380663711576655,-1.6604141871012268,0.1665654141840918,0.3127139119914957,-0.5235987755982987
756,1787226153.710801,1.5131456885075458,-0.3484236240708752,-0.08794559306700134,-1.2726795803294062,0.20063987635587457,0.5081276288944983,-0.5235987755982987
757,1787226153.762712,1.605962808587459,-0.3147491435049549,-0.055841010673671664,-1.1535770850981173,0.23717206548647177,0.6231228168572975,-0.5235987755982987
758,1787226153.8080683,1.7045788773580406,-0.28681971532601835,0.0721696813044131,-1.406743048227415,0.25909767394166017,0.7890488284493231,-0.5235987755982987
759,1787226153.8527057,1.7006965765256488,-0.26970406020888366,0.13638666403825642,-1.0628854142557276,0.26641349933937886,0.859314097349793,-0.5235987755982987
760,1787226153.9101272,1.635924556348284,-0.2853889014501648,0.17024109304700408,-0.8637775727844836,0.21586473661093986,0.8830577586461321,-0.5235987755982987
761,1787226153.9515924,1.6656480499064008,-0.30510341540716446,0.18808214049948407,-0.8463919025925872,0.19475096592651076,0.9088665048845999,-0.5235987755982987
762,1787226154.0093503,1.6583547346736256,-0.3390769491253135,0.25215756571678327,-1.1128162755690179,0.15545516668585263,0.9365680573200825,-0.5235987755982987
763,1787226154.0523028,1.6952689875118458,-0.3445223113097351,0.2743811921634318,-1.32931249398799,0.1502808505186123,0.994774035537781,-0.5235987755982987
764,1787226154.0931828,1.655388842254133,-0.3490138061674226,0.2855938071488823,-1.3610759581858636,0.07705683383338147,1.0244568307522182,-0.5235987755982987
765,1787226154.1370046,1.6435756960758698,-0.3466315833984676,0.2352478616942708,-1.0737683418689017,0.04919551891244184,1.0270673117054367,-0.5235987755982987
766,1787226154.1831055,1.5722754219896413,-0.3516522632492072,0.0495097642748147,-1.3072652428072233,0.051471547678863326,0.9541019879897014,-0.5235987755982987
767,1787226154.2275677,1.5595171341811034,-0.3626338246371188,-0.05169633255941213,-1.2694905205954397,0.050831379561919174,0.9311821081886353,-0.5235987755982987
768,1787226154.2759547,1.5758641382889809,-0.38207174594260734,-0.11331720886515889,-1.2498623119580814,0.04255777542459269,0.9365604967561,-0.5235987755982987
769,1787226154.3162198,1.5396079315546487,-0.4061997465580828,-0.12848500212086064,-1.2925126814674748,0.023101332724807074,0.9460457503296776,-0.5235987755982987
770,1787226154.358781,1.474250355624024,-0.41648938257148727,-0.13271221051907522,-1.6024050826858929,0.0378741197025007,0.9077713093503383,-0.5235987755982987
771,1787226154.4050097,1.4088434756696087,-0.4286913630483338,-0.1206672462374032,-1.7788975611137783,0.04845454215792195,0.8588538496708222,-0.5235987755982987
772,1787226154.447111,1.5021294537065903,-0.4381621338669181,-0.023014696374843255,-1.6665222642748603,0.05272855306819355,0.9521669231322778,-0.5235987755982987
773,1787226154.4926903,1.4612637664080388,-0.40782674109558464,0.02600059888622079,-1.1617493203462212,0.10367089322879192,1.0377991281150296,-0.5235987755982987
774,1787226154.5390308,1.4763075971649249,-0.4135833484179766,0.04135518592158688,-1.0743289760644759,0.10255973680365123,1.1022592060924497,-0.5235987755982987
775,1787226154.5856977,1.412595297006403,-0.41318899730400727,0.06861560178275758,-0.981005581373351,0.13824111881075346,1.14919729358896,-0.5235987755982987
776,1787226154.6386323,1.5192838380731928,-0.44080134591039283,0.213393275225864,-1.3184436998025086,0.24992660136386713,1.2013891361403473,-0.5235987755982987
777,1787226154.684688,1.3863038238544674,-0.45743839471054504,0.2975274179464336,-1.3247157729328354,0.3167157530611806,1.2298965734951535,-0.5235987755982987
778,1787226154.7437184,1.3127388001548135,-0.44004406621600023,0.3045756535339635,-1.1512288418217456,0.3707988538032315,1.2509268871078985,-0.5235987755982987
779,1787226154.7878904,1.4453516303364489,-0.4224766601609794,0.31471520110375306,-1.140476670201697,0.37732686070668964,1.261109806720261,-0.5235987755982987
780,1787226154.835181,1.4863558338993232,-0.41276917452322537,0.31839487693986485,-1.133145751698572,0.36808628938838506,1.267678676504264,-0.5235987755982987
781,1787226154.8804595,1.3950665370201734,-0.3972712912810087,0.33841337747909706,-0.8555443422093125,0.3629431274567634,1.2807987898767532,-0.5235987755982987
782,1787226154.9254837,1.320161874264347,-0.38929444297767646,0.4228348905954285,-0.5727698693073268,0.3626281244654151,1.2962749612287352,-0.5235987755982987
783,1787226154.9703205,1.2874215192579452,-0.355993745149187,0.422295100622488,-0.4156457230098089,0.38886190554403843,1.290388916898785,-0.5235987755982987
784,1787226155.022777,1.2634185984089892,-0.33807631657258375,0.43433824593787296,-0.4380999311132886,0.39611783747705986,1.2812564497643677,-0.5235987755982987
785,1787226155.0775025,1.3039763924742438,-0.32741391371047446,0.42712701376928985,-0.46300114116347657,0.38294012855829795,1.2712161294405457,-0.5235987755982987
786,1787226155.1272392,1.3079897424268718,-0.29515725144530414,0.44339414953202416,-0.7032890655557248,0.3390582925962941,1.2735127150053989,-0.5235987755982987
787,1787226155.1846251,1.313823682573874,-0.2772550029558199,0.5173947093037956,-0.9167574949978049,0.31316230714383037,1.263943950619717,-0.5235987755982987
788,1787226155.2404926,1.4431048561548998,-0.26114319221955024,0.5605354438167477,-1.165370567991577,0.3004454607950834,1.2916778614810775,-0.5235987755982987
789,1787226155.2832263,1.5576105640267714,-0.2777581282709274,0.7060250778083116,-1.496168285196425,0.26999730446768,1.3081347718112286,-0.5235987755982987
790,1787226155.3388448,1.6521468022435664,-0.30153910019902547,0.8221843694707831,-1.6862021201977875,0.24933614971642074,1.323012728127144,-0.5235987755982987
791,1787226155.383656,1.7188931058580033,-0.32042195601649703,0.9618159131357005,-1.8559986408640077,0.2109240736846881,1.3340120538178826,-0.5235987755982987
792,1787226155.4273753,1.7798136204213195,-0.3549996076892825,1.018588110537415,-1.9696456246344827,0.1716771891008111,1.3339931308823907,-0.5235987755982987
793,1787226155.4772294,1.4992572859958964,-0.35716168570682316,1.078923969782971,-1.5622221330669495,0.14589433816582192,1.3343722854652864,-0.5235987755982987
794,1787226155.5172782,1.1291224614657915,-0.3814648883192179,1.1793424911439878,-1.7073182828627296,0.0720216217441482,1.3409879343541957,-0.5235987755982987
795,1787226155.5571556,1.176852159170195,-0.3432017530482904,1.2582350227509371,-1.2428969224998159,0.08298336879386131,1.365304383477186,-0.5235987755982987
796,1787226155.5996723,0.8664417515692681,-0.32249214015749295,1.3085749662057538,-1.6274043094389605,0.2048226316501139,1.1242906492429274,-0.5235987755982987
797,1787226155.6411927,0.6129006175487803,-0.42105942136164026,1.3643892224623333,-1.5578211687061123,0.05693643082626969,0.9052131968928602,-0.5235987755982987
807,1787226156.4271061,0.7771868435774352,-0.5567329034715497,1.4325855108040573,-1.4749426558509042,0.20194229435053943,0.844936810665779,-0.5235987755982987
815,1787226157.1197824,0.6205114429766254,-0.741871550370689,1.4793356860093239,-1.7195077599319974,-0.2903514597973257,0.9589678979292857,-0.5235987755982987
818,1787226157.3695474,1.1910632614582133,-0.3172828934274837,1.4937774050770454,-1.942348115523119,-0.023794834554797584,0.9974725389249983,-0.5235987755982987
820,1787226157.5095482,1.4474914838621729,-0.392677483061044,1.4274810642866225,-1.8495218627456873,-0.1859545776495357,1.0363719596162397,-0.5235987755982987
827,1787226158.088089,1.2293678024741406,-0.7200812147993683,1.459154430563118,-1.9197704675287244,-0.5223788332447611,1.1479960225010868,-0.5235987755982987
829,1787226158.2194846,1.3508333789329403,-0.8280583147797239,1.38756347954151,-1.6602036583141329,-0.7562122246121645,0.4609149490272201,-0.5235987755982987
834,1787226158.618316,1.37511181349084,-0.6386932475058044,0.3557828477268006,-1.5127780830685826,-0.6386607591755282,-0.2397559275631616,-0.5235987755982987
840,1787226159.101195,1.7184907503363667,-0.8407484220566618,-0.3015910261613248,-1.6190579604578041,-0.8376943672998718,-0.602291453794602,-0.5235987755982987
841,1787226159.1694934,1.7915924659716524,-0.979759945293516,-0.7162814696060127,-1.7358354000267724,-0.9835702837097289,-0.861857623183985,-0.5235987755982987
842,1787226159.2422194,1.713046803554416,-1.0699737678728773,-0.9232575231605787,-1.9529610815847227,-1.0649695142739188,-1.0000645503457675,-0.5235987755982987
843,1787226159.304945,1.6500163586911696,-1.1523469037211287,-0.9941518173221907,-1.6789637810701517,-1.0885133266258775,-0.7725377276302746,-0.5235987755982987
844,1787226159.3556814,1.6111616451009294,-1.1889841399131322,-1.0295645465625467,-1.660261549744272,-1.1015145318999129,-0.4884422729393822,-0.5235987755982987
845,1787226159.4008558,1.5936024288693416,-1.2012796039300813,-1.0914463772439937,-1.830078548914536,-1.1007734100292497,-0.42223528859218007,-0.5235987755982987
846,1787226159.4551623,1.4409089511539999,-1.1984885277971726,-1.1762432751114162,-2.010543191374869,-1.0974566018002578,-0.31619754509161196,-0.5235987755982987
850,1787226159.695569,1.5533992144982818,-1.1850445975053305,-1.0955247971304585,-2.1315211459609857,-1.0638014933175497,-0.6112655690774267,-0.5235987755982987
852,1787226159.8314712,1.7657988453063334,-1.196955378113476,-1.1337196035192405,-2.2101568164419616,-1.0000647567561656,-0.8704540817207841,-0.5235987755982987
861,1787226160.6550715,1.5704898950975545,-1.217849442158784,-0.19909992809770116,-2.1526677910765475,-1.1063890022906795,-0.8835048682169171,-0.5235987755982987
862,1787226160.7616386,1.8454865033807313,-1.2373497104093576,0.37662328091314595,-2.036829898970459,-1.1733799085327605,-0.795781985557103,-0.5235987755982987
863,1787226160.8212461,1.996334005273083,-1.2526643375913267,0.7519913211704795,-2.023683938301543,-1.2163059779294383,-0.7480465526978168,-0.5235987755982987
864,1787226160.8921704,2.0946559812635424,-1.2648952675845655,1.003423550954778,-2.1400626314633238,-1.2484558067111677,-0.6506026306365666,-0.5235987755982987
865,1787226160.9526,2.1861944593886236,-1.2746905503198278,1.1631101775734272,-2.1830406518825187,-1.2647577043982006,-0.2934710535732291,-0.5235987755982987
866,1787226161.0215747,2.188120097045021,-1.2824753199808818,1.2417824974354015,-2.132458898374466,-1.2744887044697613,-0.18564365454778847,-0.5235987755982987
867,1787226161.092787,2.1539325860627043,-1.2899446817615887,1.3070248707588545,-2.035310550997398,-1.28146981279734,0.10973384746122711,-0.5235987755982987
868,1787226161.1611865,2.1052337068694076,-1.3015194444774263,1.3421810587620986,-1.8230796645886016,-1.291907915670828,0.49743930081173593,-0.5235987755982987
869,1787226161.229845,2.033082480384377,-1.3103233444934739,1.3756826846928196,-1.6980577858263195,-1.305602287096176,0.7420099198594442,-0.5235987755982987
870,1787226161.2765255,1.9581446927387958,-1.3181613549614937,1.416591973096319,-1.6225785164830482,-1.318937302918773,0.908329848956867,-0.5235987755982987
871,1787226161.3321514,1.7893721475889464,-1.3224776772205824,1.4355047089364477,-1.563020309507405,-1.3246837669268237,1.0153055438115808,-0.5235987755982987
872,1787226161.3829517,1.9391852256357685,-1.3269843805389363,1.4315484166068857,-1.571690313918055,-1.3248694108269916,1.0768653178654017,-0.5235987755982987
873,1787226161.4356673,1.8576979984967636,-1.328565721089868,1.4379832966466868,-1.5013660004519864,-1.3355660929196391,1.1057778056010275,-0.5235987755982987
874,1787226161.4833357,1.7388152455173294,-1.3284602970162238,1.436075293423598,-1.4586641038837047,-1.3431003135214457,1.1153250516795183,-0.5235987755982987
3949,1787226286.9694576,1.9548979811535847,-1.3111068422937548,1.4366948925687069,-1.7727997390917287,-1.3213562944563302,0.6385933593841324,-0.5235987755982987
3955,1787226287.3623614,2.095351759317151,-1.282736541756159,1.4498644464188164,-1.8398662905980594,-1.2915238954460877,0.9357554500236624,-0.5235987755982987
3956,1787226287.4261956,2.14247375938407,-1.282019005518435,1.4828610836113953,-1.4836963346053706,-1.2934205556475489,1.0649645204387577,-0.5235987755982987
3960,1787226287.6193395,2.1827923285715376,-1.2890844647761424,1.4443970432005806,-1.0846732390443679,-1.3168375660349723,0.5894153226009972,-0.5235987755982987
3962,1787226287.7232893,2.24348308513882,-1.2873955812499434,1.4337768431635192,-1.437283592472638,-1.2932758946221141,0.8940921499104284,-0.5235987755982987
3964,1787226287.8266,2.282932076907554,-1.2984840349049436,1.4538988689435675,-1.255537373312651,-1.271631721475968,1.0920323411808388,-0.5235987755982987
3966,1787226287.9614983,2.3085739215572305,-1.3005821620626294,1.4537267195217092,-1.53119882201722,-1.2867999040116995,1.211664434813065,-0.5235987755982987
3971,1787226288.3726425,2.3252411205795207,-1.3125349979138319,1.4604896331909538,-1.5997230709109966,-1.2994254054205674,1.2838844203353217,-0.5235987755982987
3974,1787226288.597903,2.3360747999440092,-1.3234872919484888,1.4534285839376906,-1.8644880676594686,-1.3188449739206882,1.3190128043111675,-0.5235987755982987
3975,1787226288.6896756,2.343116691530927,-1.3492933129030737,1.476189938984474,-1.519636796952764,-1.3541322817299004,1.3910950694817097,-0.5235987755982987
3977,1787226288.7890685,2.3476939210624233,-1.3476857034392768,1.4658013075306435,-1.8124319895866172,-1.3418515359928278,1.3676265485575185,-0.5235987755982987
3979,1787226288.9178932,2.350669120257896,-1.3318226215958768,1.4135408807634968,-1.432424186945986,-1.3156082864729561,1.369624734792587,-0.5235987755982987
3981,1787226289.029758,2.352602999734953,-1.3353231925632367,1.4420632991208107,-1.6176022689205254,-1.3300346213968812,1.3508071265169215,-0.5235987755982987
3982,1787226289.1137924,2.3538600213950405,-1.3399433601090238,1.4597860624500776,-1.23077713308545,-1.3552510291245732,1.4008051176538525,-0.5235987755982987
3983,1787226289.1547897,2.354677085474097,-1.345708975433306,1.462352665941863,-1.028806465583827,-1.3693596004471242,1.3816937078274498,-0.5235987755982987
3984,1787226289.1984866,2.3483565415973615,-1.3556954975752185,1.4702729238893695,-1.2142045831906985,-1.3828858742758494,1.412722184437702,-0.5235987755982987
3985,1787226289.2390344,2.2964888105379666,-1.3665633310738936,1.4688718823933846,-1.4821188528177658,-1.3928165748402002,1.429413264648289,-0.5235987755982987
3986,1787226289.279591,2.317385798416999,-1.3792684555449695,1.4732308053745258,-1.1076074798220188,-1.3993143081453312,1.4122323256095575,-0.5235987755982987
3992,1787226289.7107155,2.2336609442445923,-1.339371787093363,1.4584840777953922,-0.9960169422423375,-1.409573036980469,0.6132555171266122,-0.5235987755982987
3998,1787226290.1439881,2.276547685326306,-1.3041548022212741,1.4505830951184024,-0.934159481924767,-1.4046100994356614,0.9199322392725502,-0.5235987755982987
4002,1787226290.4579077,1.857550548105322,-1.3267409410030102,1.4626479423827239,-1.4318717348184193,-1.3248821952020897,1.036645022704084,-0.5235987755982987
4003,1787226290.5488057,2.03207592783578,-1.333269665366109,1.4617127372057324,-1.7553846991992934,-1.2144567066289762,1.1769166067454204,-0.5235987755982987
4013,1787226291.4434948,1.9686320692088788,-0.7016916681745067,1.4981180351286687,-1.6590242171661669,-0.6244632449953704,1.297702451982592,-0.5235987755982987
4014,1787226291.537268,1.726979407693348,-0.29116596999996525,1.3936457338552437,-1.5520083200666377,-0.24096749493352668,1.232750342284033,-0.5235987755982987
4039,1787226293.6852167,1.5685655352209646,-0.6203354476824035,0.46165878135815075,-1.8334734796106353,-0.5180967040022235,1.2148914179180572,-0.5235987755982987
4057,1787226295.2772706,1.8442356694609479,-0.8136869924407546,-0.07180089805063627,-2.0164258333142335,-0.6557444016917402,1.1144648714049332,-0.5235987755982987
4059,1787226295.4330678,1.8844412018220713,-0.9427821904138537,-0.5866207238522052,-2.1353448632215724,-0.7797540056296169,1.0424794908156447,-0.5235987755982987
4061,1787226295.5867696,1.9967958981920173,-1.0284477956524019,-0.9057986312957738,-2.212642232661343,-0.8588630808227282,0.9130343795966267,-0.5235987755982987
4066,1787226295.9540603,1.821735378648303,-1.0829772358319234,-1.0827433566650466,-2.262885522797194,-0.9023897960049134,0.1415928511913816,-0.5235987755982987
4070,1787226296.2669356,1.7060919576840092,-1.1494099039338415,-1.2167570910908052,-2.295543661385497,-0.8497091909536857,0.1979267390956061,-0.5235987755982987
4074,1787226296.591696,1.814333584174603,-1.1717476389057766,-1.295597912861672,-2.3167714514678934,-0.9189087581220328,-0.2714077219016853,-0.5235987755982987
4076,1787226296.7328844,1.9828030914830217,-1.2287307979128452,-1.3727057827191167,-2.3305695150214514,-0.9566934903753108,-0.45402312887600144,-0.5235987755982987
4079,1787226296.9765246,1.803222177758441,-1.2210861534532638,-1.4001197199020705,-2.339538256331264,-0.892363244074743,-0.5482301099953055,-0.5235987755982987
4081,1787226297.114631,1.9220558843433089,-1.22615023262886,-1.4259458662381723,-2.345367938182642,-0.8783797887609548,-0.44516551095076307,-0.5235987755982987
4090,1787226297.7559855,2.0740043963904715,-1.2296622767105645,-1.4329520650911511,-2.3491572313860383,-0.8568453525762508,-0.4630309772517529,-0.5235987755982987
4093,1787226297.9921412,1.9323825288471799,-1.2271243146567028,-1.4019797555619764,-2.3516202719682457,-0.8431427467650149,-0.340156096730839,-0.5235987755982987
4095,1787226298.1364386,1.7243296797295096,-1.237108694076084,-1.4080708003135123,-2.3532212483466806,-0.8960285808513799,-0.5826578810345762,-0.5235987755982987
4098,1787226298.3732255,1.6666214757463211,-1.2501315082783906,-1.3957671244855556,-2.354261882992663,-0.8867349112340956,-0.2397498575468408,-0.5235987755982987
4100,1787226298.5390818,1.603231312059243,-1.2405366181998285,-1.3997319042203802,-2.347452577422315,-0.8876049257825702,-0.44252037335458916,-0.5235987755982987
4101,1787226298.6306064,1.862693686577349,-1.2270354540970239,-1.4102663186046993,-2.3505122468918254,-0.8684314730776359,0.04729055348608718,-0.5235987755982987
4102,1787226298.6982768,1.9148724596747315,-1.2185960309160162,-1.3988760227003931,-2.352501032047007,-0.9258936215779001,-0.029619084504106257,-0.5235987755982987
4103,1787226298.7429447,1.853272405850397,-1.2143010116556994,-1.384966923532072,-2.353793742397875,-0.9724219636200381,-0.23576462668014164,-0.5235987755982987
4104,1787226298.7930844,1.8719500574347343,-1.2160049739739374,-1.3189815229798951,-2.159997004579757,-1.030280300815449,-0.429447387370491,-0.5235987755982987
4105,1787226298.8340626,1.840940842993754,-1.2173807790733278,-1.2628027645410584,-2.2026874590673238,-1.0520563169857091,-0.5771557175900046,-0.5235987755982987
4107,1787226298.913545,1.7523691232941032,-1.23008496998458,-1.3434732926591724,-2.256414919961081,-1.0735454931684598,-0.863484826191157,-0.5235987755982987
4108,1787226299.014081,1.8157645834438174,-1.2212809652754197,-1.3810992962380677,-2.2913377695420234,-1.0292320948573541,-0.42263503016771986,-0.5235987755982987
4109,1787226299.0791926,1.8386843618675643,-1.2163729103531373,-1.389312395498199,-2.3140376217696357,-1.0368380568207363,0.011079350537698318,-0.5235987755982987
4110,1787226299.125077,1.8094873293881713,-1.2128397203919654,-1.3450793763525548,-2.313427215406927,-1.0502636671983057,0.2867700192538454,-0.5235987755982987
4111,1787226299.167064,1.8680101308134662,-1.2135292373097757,-1.304320207577792,-2.0134355874927268,-1.0637328262460473,0.011423270558429066,-0.5235987755982987
4112,1787226299.2220695,1.8869205493295704,-1.2149855391990798,-1.2743482988034347,-1.8693955303390108,-1.0711095343273576,0.00924899562568185,-0.5235987755982987
4113,1787226299.2685466,1.829354865050104,-1.217274855747748,-1.2186625537676676,-1.8202060914889144,-1.0875769351083326,-0.2324091300776037,-0.5235987755982987
4114,1787226299.3094318,1.8644310291499764,-1.2190690183082402,-1.1835985720130655,-1.791426617314825,-1.0879738212740302,-0.37765786828628173,-0.5235987755982987
4115,1787226299.3561282,1.8650093477870753,-1.2207615993231673,-1.1612723203769062,-1.989095372821957,-1.0706433987814303,-0.5372830048737947,-0.5235987755982987
4116,1787226299.3994222,1.9211798282073147,-1.2202080266683915,-1.1531856425551545,-2.0865667589417782,-1.0937167520196882,-0.4214185922781527,-0.5235987755982987
4117,1787226299.4440398,1.8688701334737097,-1.2195703881747262,-1.148573632616107,-1.8935731652729102,-1.1161787357415303,-0.7064621846740522,-0.5235987755982987
4118,1787226299.488287,1.8417242627253758,-1.2190212137001093,-1.150631658378759,-1.7769495911205504,-1.1285866390053456,-0.9227908713114037,-0.5235987755982987
4119,1787226299.5341456,1.840526346558521,-1.2204834206329211,-1.1405572186259074,-1.5776798124046074,-1.156116900267979,-0.9635890205839908,-0.5235987755982987
4120,1787226299.5805879,1.8920400949765608,-1.2199013799326144,-1.1498005849149004,-1.8065022578324044,-1.1329645001896025,-0.7784318366697357,-0.5235987755982987
4121,1787226299.6315901,1.9380589096877139,-1.219798453898614,-1.1502503467754828,-1.6581868196329395,-1.1277900684196074,-0.7661977945898384,-0.5235987755982987
4123,1787226299.719624,1.8468027038814165,-1.2568063265610485,-1.2390792306790372,-1.9024895043287313,-1.0720510864593178,-0.5557932358139337,-0.5235987755982987
4124,1787226299.784076,1.9444404108658353,-1.250427148717133,-1.3341857387698557,-2.061286249380996,-1.0901885575378567,-0.20997449926439088,-0.5235987755982987
4125,1787226299.8287356,2.0150662620204636,-1.2445827670091982,-1.3974477963599674,-2.164504133664968,-1.1008684207409087,-0.07861293998696631,-0.5235987755982987
4128,1787226299.9762754,1.8286663018138605,-1.2664509917058828,-1.432767493369913,-2.23159575844955,-1.0287007349506203,-0.03714192417042025,-0.5235987755982987
4129,1787226300.055757,1.9971139633449502,-1.2641681573144476,-1.4110173668364634,-2.2752053145595283,-1.1056174030717243,0.28449652282521354,-0.5235987755982987
4131,1787226300.1439219,1.9644572729281915,-1.2540297831340248,-1.4119603993895111,-2.303551526031014,-1.125424668065096,-0.3505317017987423,-0.5235987755982987
4133,1787226300.2878258,1.824906093014288,-1.2489943048027583,-1.4383688612734749,-2.32197656348748,-1.1334417448515706,-0.6515888244448136,-0.5235987755982987
4135,1787226300.4372826,1.6513251184110733,-1.2644908623320132,-1.4778987089026627,-2.2779219124761685,-1.0739754205381402,-0.7642416021666758,-0.5235987755982987
4137,1787226300.5730286,1.7398929390802413,-1.250081951501044,-1.5049960268775369,-2.30531731467683,-0.9520175288180479,-0.45742524514315885,-0.5235987755982987
4139,1787226300.7403092,1.626269874712823,-1.2752518167074527,-1.3669688512856515,-2.1616997028305596,-0.946443422229547,-0.20395449345701105,-0.5235987755982987
4141,1787226300.8746388,1.487587176157443,-1.2782673743290394,-1.3557278722395347,-2.2297728784071844,-0.9166055440709945,-0.4233319554863547,-0.5235987755982987
4143,1787226301.0273118,1.432013160394916,-1.2762389330464285,-1.3832480948462054,-2.2740204425319908,-0.8469159279201123,-0.33434563965522746,-0.5235987755982987
4144,1787226301.0956244,1.5814983675495293,-1.263951493818171,-1.4137355920880856,-2.3027813592131148,-0.9707746273927915,-0.09978761131693864,-0.5235987755982987
4145,1787226301.140203,1.5740656923138054,-1.2518714912158402,-1.4356409863511002,-2.264331302140218,-1.0282193302493812,0.12422035596000575,-0.5235987755982987
4146,1787226301.1808836,1.4736576885058492,-1.2446984068312497,-1.4150984237822695,-2.180337391860247,-1.0547470140009483,0.30864306522097784,-0.5235987755982987
4147,1787226301.2276552,1.5235595370046078,-1.2322708157532798,-1.3641328819641008,-2.1261862251296377,-1.0941048218750418,-0.026336226285581826,-0.5235987755982987
4148,1787226301.2727475,1.5871094098807044,-1.2212350273015877,-1.3046513142780904,-2.178069004455227,-1.1085320294952912,-0.35970592499567805,-0.5235987755982987
4149,1787226301.3142784,1.7644435305002266,-1.216395621511647,-1.2499109944835327,-2.1826651870036313,-1.1046440736535326,-0.5140408484223846,-0.5235987755982987
4150,1787226301.3578215,1.7345844149515979,-1.2136485925690672,-1.183440561277592,-2.134516608326657,-1.1032212177442688,-0.6642331213174467,-0.5235987755982987
4151,1787226301.399956,1.731242191934325,-1.214692913210239,-1.1432423419241413,-1.9680318023389525,-1.1185948726061659,-0.6673894068351695,-0.5235987755982987
4152,1787226301.445565,1.8434746957974748,-1.2098286125584805,-1.1349322324133777,-2.0979184145945364,-1.1211228105886804,-0.10577258972861853,-0.5235987755982987
4154,1787226301.5386007,1.7057263104060139,-1.2510232938432069,-1.266208465866484,-2.1883150410537695,-1.1234663924171746,-0.4357744398054449,-0.5235987755982987
4155,1787226301.609488,1.8972365811749672,-1.2731599984583877,-1.3314064492042754,-2.247072848252271,-1.1370892490173634,0.019728865066659662,-0.5235987755982987
4156,1787226301.659698,1.944059086234516,-1.289638760100692,-1.362497520172064,-2.285265422931297,-1.1509984378590528,0.3098124979991404,-0.5235987755982987
4159,1787226301.8258271,1.8053063751380103,-1.312194465401864,-1.376248230499497,-2.310090596472664,-1.1720193073455754,-0.2910469374517136,-0.5235987755982987
4161,1787226301.9666562,1.6572980896866256,-1.3193429673137809,-1.3932810998138614,-2.3262269592745524,-1.1427456820946527,-0.6583185939517451,-0.5235987755982987
4163,1787226302.115141,1.5803922510009918,-1.3240346505934264,-1.400898943391478,-2.1741594130741353,-1.1013495261927326,-0.702481120014941,-0.5235987755982987
4165,1787226302.271697,1.4453821958164526,-1.3138745233451992,-1.4131674246352315,-2.178213047780133,-1.0270437128843495,-0.8169267361141483,-0.5235987755982987
4167,1787226302.4255204,1.5253620538592019,-1.301462272654578,-1.4333646827971254,-2.2405065526244075,-0.9996810792184242,-1.076811365977907,-0.5235987755982987
4171,1787226302.685534,1.5680668599179026,-1.2456491461207881,-1.419513904088849,-2.090863928967752,-0.48485908717851167,-1.1638109387541675,-0.5235987755982987
4173,1787226302.8525844,1.5438101537047504,-1.2444443454162246,-1.4298422822599144,-2.1817315025417248,-0.7329968802064073,-1.218290587856129,-0.5235987755982987
4174,1787226302.9447176,1.5924718330512693,-1.2312038071727147,-1.436905698880454,-2.242793548219442,-0.8636330225769017,-0.6372209038086293,-0.5235987755982987
4175,1787226302.9910748,1.584886647358418,-1.2224595241464282,-1.4042437374230223,-2.169779419075219,-0.944353090877494,-0.34158128501500035,-0.5235987755982987
4176,1787226303.0471654,1.6192763523946843,-1.2180610662162286,-1.3572012343598123,-2.226826338824504,-1.003657107312891,-0.3444655553147601,-0.5235987755982987
4177,1787226303.0929506,1.6904049587043875,-1.2170654958971896,-1.2857878143619805,-2.0098174691625936,-1.0308345363745772,-0.4527063871916298,-0.5235987755982987
4178,1787226303.1378427,1.7372655782892934,-1.2117103821366366,-1.2355804171071487,-1.8370020680443035,-1.0282316593130902,-0.5714076643400523,-0.5235987755982987
4179,1787226303.1802645,1.788912744592806,-1.2101972061504616,-1.146774696107997,-1.7926896084779786,-1.0278541412043949,-0.6467247281684474,-0.5235987755982987
4181,1787226303.297271,1.8924024660385987,-1.2264649766445153,-1.2637943988028173,-1.9899163170780068,-0.9867336323584351,-0.9327303368730921,-0.5235987755982987
4182,1787226303.3934708,1.8452915914844263,-1.2216245811730417,-1.3710390106135635,-2.118113677668025,-0.8695262191627544,-0.2651295043205962,-0.5235987755982987
4183,1787226303.4462483,1.6086434679506223,-1.2185167917697712,-1.3720724184324222,-2.09067189275851,-0.8288809805486772,0.25736311998628314,-0.5235987755982987
4184,1787226303.495105,1.4958786071390946,-1.2093158331918092,-1.325126782965756,-2.105942784049565,-0.8219011775349632,0.5207367861041219,-0.5235987755982987
4185,1787226303.5381062,1.5121731733190626,-1.2063850000954137,-1.0712066997624254,-2.184144784868063,-0.8186350479966731,0.7445346935704698,-0.5235987755982987
4186,1787226303.5815387,1.36957705620332,-1.205118328480809,-1.199279965302213,-2.1493724779462564,-0.8202948388998184,0.8293136262069567,-0.5235987755982987
4187,1787226303.625503,1.249302481691722,-1.2029233233048715,-1.280816873100096,-2.1470678964879015,-0.84865824653939,0.8573933064745025,-0.5235987755982987
4188,1787226303.6678143,1.1614334657701733,-1.203568450365537,-1.3308792177127486,-2.0979383910357385,-0.8708262670355047,0.9475450390099406,-0.5235987755982987
4189,1787226303.71185,1.347455281477804,-1.206154936362775,-1.3163618290302956,-2.188328025740551,-0.8764931268036427,1.0306403284960257,-0.5235987755982987
4190,1787226303.7534678,1.490704422867771,-1.2123071026085581,-1.2914547008143331,-2.0911411011692884,-0.9026627572882098,0.47095621205188576,-0.5235987755982987
4191,1787226303.7989743,1.4603383685562212,-1.2148268559766384,-1.2823801936564707,-2.1830541409242334,-0.9225866289108602,-0.1789230976438203,-0.5235987755982987
4192,1787226303.8423302,1.5226898204327315,-1.2166423597672886,-1.270167774127471,-2.2100943828809108,-0.9565361544523785,-0.3862786757177814,-0.5235987755982987
4193,1787226303.88848,1.5305256235866764,-1.2212902342994545,-1.238799338539401,-1.9081002564447513,-0.9843982380569221,-0.5793465058424379,-0.5235987755982987
4194,1787226303.9439192,1.5832226845610746,-1.2233602453898627,-1.234878109789165,-1.844376550822214,-0.9937139932940846,-0.23379383681371652,-0.5235987755982987
4195,1787226303.9927328,1.6280107317700823,-1.2197227049703825,-1.2472381867987166,-1.92557413328785,-0.9924808257229264,-0.4657036847928855,-0.5235987755982987
4196,1787226304.0351129,1.7439150962957295,-1.218524427823739,-1.2516445547185762,-2.0762912582044235,-0.9974546458188104,0.037135255308886894,-0.5235987755982987
4198,1787226304.1307542,1.7375394816752876,-1.2748277360285245,-1.3500912652057173,-2.122683483835626,-1.0424581777400723,-0.027414786453195554,-0.5235987755982987
4199,1787226304.1985126,1.5994395457271904,-1.3081531163599962,-1.3818087218741466,-2.2044123360604777,-1.055406830556154,-0.2767361273713734,-0.5235987755982987
4201,1787226304.3043742,1.5968160049494584,-1.3163728930995136,-1.3786778760650777,-2.2575360900066315,-1.052003836896974,-0.6250813100720616,-0.5235987755982987
4203,1787226304.4396777,1.5296692821132263,-1.3195147256993867,-1.374846667330712,-2.292066530071631,-1.0453642200171458,-0.8781246792132805,-0.5235987755982987
4205,1787226304.5684414,1.5072092493372127,-1.3130716615460836,-1.4186298879048809,-2.3145113161138813,-1.0479547740322226,-1.0972334035850362,-0.5235987755982987
4206,1787226304.6695218,1.48136026305546,-1.3199035211289551,-1.461025443891156,-2.3291004270413436,-1.0750990426347742,-0.5985936299857743,-0.5235987755982987
4207,1787226304.7271645,1.5149057362132516,-1.3239337639034279,-1.4865001615394107,-2.3385833491441943,-1.0795443569069065,-0.3876740894982853,-0.5235987755982987
4209,1787226304.8142135,1.4391100635839331,-1.3144671097346972,-1.4484099737326908,-2.344747248511047,-1.0370268595906587,-0.08492365959527853,-0.5235987755982987
4210,1787226304.877125,1.5511299785874058,-1.3038466796172365,-1.4265261319449247,-2.348753783099501,-1.038655875300166,0.22178586601825742,-0.5235987755982987
4211,1787226304.9407325,1.7331200822478299,-1.3002989263372733,-1.4272181756316042,-2.3513580305819968,-1.066662517130435,0.3271386326862107,-0.5235987755982987
4213,1787226305.039006,1.5536004608093466,-1.3093334830407983,-1.4207507277025788,-2.2568077285937393,-1.053182449906941,0.14842894621525016,-0.5235987755982987
4214,1787226305.1302505,1.5149421465703163,-1.319471777353593,-1.4285471692903204,-2.286911596348463,-1.0988306780237584,0.028607130623401936,-0.5235987755982987
4216,1787226305.2378962,1.5798160861720476,-1.3256625222349476,-1.4068171123697417,-2.3111606091938217,-1.1197531276514385,0.2435052077918982,-0.5235987755982987
4218,1787226305.377635,1.5050356104354883,-1.3146256021511062,-1.4568632818064282,-2.028919480986672,-1.0814702103171383,-0.011166134607674821,-0.5235987755982987
4219,1787226305.485148,1.659548055350387,-1.2966300359102627,-1.4404877756030865,-2.0825505014739267,-1.1185949159418278,-0.37841996718369814,-0.5235987755982987
4220,1787226305.5469043,1.8683197217846412,-1.276585257671737,-1.425311707530947,-2.1450081390761744,-1.122785805921248,-0.60285881298015,-0.5235987755982987
4222,1787226305.6621819,1.6415168363719077,-1.287247524740181,-1.402011836701083,-2.218923361966834,-1.0775766397866313,-0.7864182624161447,-0.5235987755982987
4223,1787226305.7286031,1.725798762598997,-1.3057497137857752,-1.4507471261513905,-2.2669682568457628,-1.0901995516601275,-0.9790002765051418,-0.5235987755982987
4225,1787226305.82625,1.6654155605718237,-1.308802310952315,-1.4101209839266304,-2.1461289398543326,-1.0586804702179504,-0.8881457598688054,-0.5235987755982987
4230,1787226306.202774,1.7483430170409893,-1.3030116644675815,-1.3828600765159749,-2.219651882472637,-1.0436116665255317,-1.10426615625685,-0.5235987755982987
4232,1787226306.318882,1.6733250081492288,-1.3155566525858968,-1.4466073821885772,-2.267441795174535,-1.070753008194862,-1.2402439965844199,-0.5235987755982987
4234,1787226306.4450176,1.6738797983722007,-1.3204289423825066,-1.3900974907305454,-2.2985052384307685,-1.0525525594846021,-1.1968906445105718,-0.5235987755982987
4236,1787226306.5773268,1.790488592648631,-1.3200313281268312,-1.40364801667302,-2.3186964765473204,-1.046694018863267,-1.3126657601102139,-0.5235987755982987
4237,1787226306.6619394,1.7597962153466815,-1.287617750386858,-1.4479176240199352,-2.3318207813230787,-1.0498013865032965,-0.7620265417445274,-0.5235987755982987
4238,1787226306.714369,1.6400642875493792,-1.2601485033743647,-1.4345988985582059,-2.1816730501245347,-1.0223556811401473,-0.21871559061362522,-0.5235987755982987
4239,1787226306.7569833,1.5946136583592065,-1.2373777933018424,-1.3950814374202296,-2.038582009498601,-1.0001314422905414,0.19338242640681771,-0.5235987755982987
4240,1787226306.803739,1.4580027954169106,-1.2235683150667962,-1.3448952285892906,-1.9871827568874758,-0.9786523669171849,0.43489137669718214,-0.5235987755982987
4241,1787226306.8479304,1.4350631105264917,-1.217375215274076,-1.3226095861394331,-1.7412934413894448,-0.9743159059128936,0.5219552301989181,-0.5235987755982987
4242,1787226306.888555,1.4145333436915828,-1.2143997645324196,-1.2878325890153262,-1.802892809721906,-0.9731643483890102,0.6547384147939481,-0.5235987755982987
4243,1787226306.9312203,1.345320389899047,-1.2126620111746016,-1.2569968927545183,-1.9354963916543078,-0.9548065530695404,0.7431917600871285,-0.5235987755982987
4244,1787226306.9731073,1.3199919872600927,-1.2087071039928554,-1.222492428476825,-1.9666476869733922,-0.9491627947228694,0.7425005963169307,-0.5235987755982987
4245,1787226307.029724,1.4740673069054337,-1.2080916388216476,-1.2210399495553932,-2.1029890681000256,-0.96868949012533,0.8547146298539734,-0.5235987755982987
4246,1787226307.0711117,1.5199556251132937,-1.205557711796144,-1.2376999052663151,-1.9874449052977523,-0.9788177298391185,0.8810331847240707,-0.5235987755982987
4247,1787226307.1121004,1.5515818019395473,-1.1999994282266813,-1.268286305000517,-1.9934994998504623,-0.9773466508224331,0.9081378049061026,-0.5235987755982987
4248,1787226307.163775,1.6316142106281595,-1.1993346832120657,-1.2941855297103033,-2.0151625280006096,-0.9995775916294847,0.7928213651043903,-0.5235987755982987
4249,1787226307.2093532,1.7871066010570535,-1.2023076950170588,-1.2884807646310064,-2.0818129430862697,-1.0218300321751117,0.1929161643712229,-0.5235987755982987
4250,1787226307.276027,1.748566157523527,-1.2026343025843247,-1.2755384198064734,-2.1778464845733962,-1.0184449266963724,-0.34610967948588567,-0.5235987755982987
4252,1787226307.3851924,1.5092266224490154,-1.2335126492222932,-1.3309645234312666,-2.182804982813587,-1.0186470817191773,-0.07143135698985531,-0.5235987755982987
4253,1787226307.4690938,1.5167289175860608,-1.2357791381752177,-1.341378289311053,-2.243491310396152,-1.0697392015424427,-0.560772546252981,-0.5235987755982987
4255,1787226307.5790982,1.4192410433008318,-1.2377075297687448,-1.3787083923774859,-2.268974240464563,-0.9881397631977034,-0.20265284540370598,-0.5235987755982987
4257,1787226307.7224338,1.4190444199702252,-1.2493170714176687,-1.374126627409441,-2.0516486996078207,-1.0071988972378287,-0.20774956705372444,-0.5235987755982987
4258,1787226307.8221107,1.571295119890236,-1.2448188216110645,-1.4150252433062607,-2.051285488426195,-1.0371160673780468,-0.14153083455676732,-0.5235987755982987
4259,1787226307.869622,1.5945606319816252,-1.2401408612562024,-1.4514362857958547,-2.1580036390443476,-1.0661886462901753,-0.4517340186414791,-0.5235987755982987
4260,1787226307.9153268,1.6474397984989002,-1.2295884361707825,-1.4919057986346795,-2.2273704369461464,-1.0436641592324465,-0.32277045471102217,-0.5235987755982987
4261,1787226307.9775252,1.6638102034502908,-1.2244067311193672,-1.4896580230079692,-2.272458855582316,-1.058309087102282,-0.3071020175297013,-0.5235987755982987
4263,1787226308.0634637,1.7366417254730022,-1.2698192025672126,-1.4571278750288725,-2.3017663276958262,-1.0359511601767617,-0.7140204692456651,-0.5235987755982987
4264,1787226308.1267602,1.6396581795118248,-1.2853140717998872,-1.4267219610441686,-2.320816184569608,-1.026460400731991,-0.10398720242234988,-0.5235987755982987
4265,1787226308.185864,1.6091991626520272,-1.2846585955568068,-1.4286801321848972,-2.3133942023300085,-1.0257915681676393,0.12068416796908564,-0.5235987755982987
4266,1787226308.2275233,1.5795671952058985,-1.2658841912539438,-1.4418469688317888,-1.9211319712391532,-1.0038542881985015,0.20766393521421364,-0.5235987755982987
4267,1787226308.269707,1.6993249092900302,-1.2770284297185803,-1.4435356051562263,-2.058938744264111,-1.0019899140127921,-0.28895440658820387,-0.5235987755982987
4269,1787226308.3644757,1.6904644383136849,-1.2681002192656163,-1.4294550872607799,-2.162978255338993,-1.0310558885570025,-0.1664478697543863,-0.5235987755982987
4271,1787226308.5235066,1.700317254798568,-1.274924495497773,-1.4473030801232751,-2.1852062938586543,-1.0103523969315562,0.12450595511868319,-0.5235987755982987
4272,1787226308.6322236,1.8414781047338677,-1.2955107423787569,-1.4305443981933101,-2.2030331005441846,-1.068575117388034,-0.290656302240818,-0.5235987755982987
4274,1787226308.7563434,1.6366873898611678,-1.308057478089011,-1.4221818236240955,-2.1070879812689904,-1.0196469607552072,-0.4049324336353831,-0.5235987755982987
4275,1787226308.8536928,1.5309929259502955,-1.312933707171719,-1.4268688626523076,-2.0948670005455967,-1.067272186035939,-0.2557557755998712,-0.5235987755982987
4277,1787226308.9466584,1.6690207857973685,-1.3266621565806969,-1.440724035938661,-2.1863316219219584,-1.0597419968280595,-0.6941017819310563,-0.5235987755982987
4279,1787226309.082071,1.6242159549400168,-1.3074098481268932,-1.4771224827406364,-1.7789773994879146,-1.0325560146653552,-0.4576224138446892,-0.5235987755982987
4280,1787226309.172011,1.5683375846314436,-1.298080021720152,-1.4041717383982413,-1.7853160746144665,-1.041445814081324,-0.8197873006097919,-0.5235987755982987
4281,1787226309.2320716,1.4185645153001742,-1.2820899240902142,-1.3676836584974703,-1.898761694825449,-0.9862963025195473,-0.32626017688132347,-0.5235987755982987
4282,1787226309.284031,1.3704280411024288,-1.2637564729286044,-1.3269782071004768,-2.000928618726488,-0.9185346674924562,0.03772335360328516,-0.5235987755982987
4283,1787226309.3401716,1.324185623298308,-1.2466098412846847,-1.309667070520394,-1.9908547678843758,-0.90886042096897,0.520897440972188,-0.5235987755982987
4284,1787226309.3897414,1.306647005189328,-1.2292126125490288,-1.2882730731695964,-1.9427475273776726,-0.9184258993873238,0.8406324077771372,-0.5235987755982987
4285,1787226309.4293642,1.521936215286574,-1.2206553073900128,-1.3055690716325365,-1.929994300231007,-0.9557216713716192,0.4661076824689247,-0.5235987755982987
4286,1787226309.4705312,1.7419239280247996,-1.2166283702471024,-1.3291910385061114,-1.954444453323885,-1.0066098158918275,0.05848171833129129,-0.5235987755982987
4287,1787226309.5134852,1.9569186247834405,-1.2095776990727063,-1.333111599535892,-2.0118666389778843,-1.0243343551187605,-0.2715515010640565,-0.5235987755982987
4288,1787226309.5544891,2.096665177676557,-1.2098243939377284,-1.3246543548966654,-2.0103444874228105,-1.0258459995829399,-0.4918705702674397,-0.5235987755982987
4289,1787226309.5944843,2.0084415598293326,-1.2194653265860214,-1.307178242047676,-2.116914572086639,-0.999852394736989,-0.6627904257827453,-0.5235987755982987
4290,1787226309.6485522,2.0964109968166182,-1.2231414307619115,-1.2893341091861679,-2.075654445352122,-1.0038932095769464,-0.7841455383832621,-0.5235987755982987
4291,1787226309.691345,1.8480265714217987,-1.215312809823127,-1.279619505247644,-2.083219162366529,-1.0158483359249482,-0.8896348433503602,-0.5235987755982987
4292,1787226309.732397,1.9405683823906992,-1.2150232414909754,-1.293345221604633,-1.979802806087935,-1.075792044538891,-0.9316066765066073,-0.5235987755982987
4293,1787226309.7743378,1.9680929859599092,-1.214401562475444,-1.316330547918375,-1.8896382319765719,-1.1034974555780153,-1.1474689861041432,-0.5235987755982987
4294,1787226309.8216102,1.9630649954747736,-1.2130949009279837,-1.2994953467237584,-1.8449859440451544,-1.1136605653869098,-1.2260900068995773,-0.5235987755982987
4295,1787226309.8662326,2.026593282762799,-1.2142587585597489,-1.3322072781370893,-1.8190308107348985,-1.102366988395195,-1.1929337302596428,-0.5235987755982987
4296,1787226309.9079401,1.8958757618068214,-1.2146192675558685,-1.3547068716125734,-1.9334121341582855,-1.089143270871201,-1.248625521845259,-0.5235987755982987
4297,1787226309.9597259,1.9950944624778422,-1.2117014315238368,-1.33060713595514,-1.9633673280428288,-1.0830373009963954,-1.1738606037269181,-0.5235987755982987
4298,1787226310.0029068,1.888676063912785,-1.20673377694853,-1.3027450218357806,-2.0528428422324954,-1.05753847483588,-1.2231860557843799,-0.5235987755982987
4299,1787226310.0505586,1.943938162318113,-1.208884730253206,-1.275240482438655,-1.9421846142005754,-1.0473421234857034,-1.221333577054233,-0.5235987755982987
4300,1787226310.0912561,2.0037813319478897,-1.2098525320439566,-1.2620687270463156,-1.982852997302598,-1.0456299833440625,-1.2167995374846408,-0.5235987755982987
4301,1787226310.1355243,2.0816407029529285,-1.2133508171671563,-1.2970981782815585,-2.015494722819764,-1.0595633976812677,-1.1598026282192277,-0.5235987755982987
4302,1787226310.1770258,2.106196225330425,-1.2165310940647096,-1.3113393497566914,-2.1315058651118886,-1.0721500483204327,-1.193338187159221,-0.5235987755982987
4303,1787226310.2177618,2.1553585057425595,-1.2209310401657416,-1.315920452005352,-2.0948245794830043,-1.0747380593007156,-1.1086840743952686,-0.5235987755982987
4304,1787226310.258335,2.0782904159015767,-1.223065588418201,-1.3040118166117012,-2.1541275174144587,-1.080724428538646,-1.1233104805494132,-0.5235987755982987
4305,1787226310.297667,1.9643920538141317,-1.2238281875767152,-1.2965604717725903,-2.224850957886719,-1.0834899134105456,-1.1573917366988116,-0.5235987755982987
4306,1787226310.337456,1.8492939078952784,-1.2249488828910722,-1.3160787756397965,-2.25959055912801,-1.0767138176218998,-0.5243428603923458,-0.5235987755982987
4307,1787226310.37966,1.8143794392946249,-1.2280274997837495,-1.3160797328181104,-2.236337997400841,-1.0803247194304053,-0.036704729061304786,-0.5235987755982987
4308,1787226310.4243834,1.8086245104165966,-1.2286140750550671,-1.3182356831242423,-2.2612638801857883,-1.0853402607651361,0.24818577904178146,-0.5235987755982987
4310,1787226310.5113297,1.6903588321517318,-1.264513048449239,-1.3652573917452746,-2.294489593688083,-1.020625141972678,-0.2947137546135593,-0.5235987755982987
4312,1787226310.6310387,1.735008101208757,-1.2507019119455627,-1.3691149737090702,-2.165706437008398,-0.9054179465842074,0.204260276638323,-0.5235987755982987
4313,1787226310.697829,1.8625946859656293,-1.2462712244871788,-1.42333415700294,-2.0896524324567687,-0.9947009384116532,-0.06252970864374502,-0.5235987755982987
4315,1787226310.7893298,1.7540167616198996,-1.2589503055159157,-1.4238163210731785,-2.1607452933466265,-0.9591537667633347,-0.04717692423940291,-0.5235987755982987
4316,1787226310.8688383,1.74372942308131,-1.268314111032673,-1.436336308748607,-2.229152512242628,-0.9744726652274308,-0.5340172701750612,-0.5235987755982987
4317,1787226310.9198122,1.659146795642,-1.27297974441324,-1.4578911655334745,-2.015093011713243,-0.9968852687810728,-0.3143485659285709,-0.5235987755982987
4319,1787226311.00588,1.6274917183134243,-1.2797306131715946,-1.4535278190672993,-2.102037807232983,-1.0352400007221314,-0.632942237459376,-0.5235987755982987
4320,1787226311.0756485,1.5510442976966448,-1.2718134912005865,-1.4565530796962598,-2.19099264626876,-1.0065060728053612,-0.7125216956888905,-0.5235987755982987
4321,1787226311.1188033,1.5238719579260724,-1.2596555084831575,-1.4622840934234729,-2.2488132916420147,-0.9991643783099003,-0.9863839873102747,-0.5235987755982987
4324,1787226311.2869122,1.5797806133452794,-1.3034759966771228,-1.4639215159130934,-2.28639671113463,-1.0300201318161926,-1.171779317151556,-0.5235987755982987
4326,1787226311.4222772,1.575505658138564,-1.307948126776767,-1.4681046147480081,-2.11315124950175,-0.982320568226231,-0.5611989862131543,-0.5235987755982987
4328,1787226311.54995,1.371931003341359,-1.3049448431600714,-1.2207446319082857,-2.068911866842959,-1.030360389445174,-0.5846512048552789,-0.5235987755982987
4329,1787226311.6342337,1.45905914334457,-1.303064441396713,-1.2617820254456396,-2.169460785015244,-1.053867732261306,-0.795446248967621,-0.5235987755982987
4330,1787226311.7097259,1.544624438207978,-1.2860519400360857,-1.3100012618404953,-2.0286627906086196,-1.09258044270887,-0.8497203118228919,-0.5235987755982987
4331,1787226311.7601602,1.6509946649794012,-1.2711969782923342,-1.3561544392666498,-1.9022809159526959,-1.1276786525139575,-0.8918479251631262,-0.5235987755982987
4332,1787226311.8044624,1.6341152220061488,-1.2641108645532726,-1.3479802265566034,-1.8612027568115157,-1.1507480275713393,-0.8796089780102141,-0.5235987755982987
4333,1787226311.8577251,1.6620787392162808,-1.2612687993714953,-1.3163397496783855,-1.8977427023461013,-1.1578762493299612,-0.8103696664145978,-0.5235987755982987
4335,1787226311.9429908,1.7200246154153715,-1.250120647471565,-1.3278678737013203,-2.0498403480986416,-1.068978635827098,-1.0170564582883017,-0.5235987755982987
4338,1787226312.115167,1.763905402535587,-1.2512689221069893,-1.3022386404826454,-2.157064297831438,-1.0224979710094593,-1.1264596872375672,-0.5235987755982987
4339,1787226312.1782804,1.651579145656169,-1.235769723109076,-1.3800715031786663,-2.1084542608052783,-0.9600244112060619,-1.0686118318548128,-0.5235987755982987
4340,1787226312.2206724,1.5970081700418322,-1.214957412382078,-1.4082937632970454,-2.0240195633203584,-0.8843322864543226,-1.0518239424311369,-0.5235987755982987
4341,1787226312.274386,1.4932633510049733,-1.1986647145163165,-1.4294373291038147,-2.0821501469377712,-0.8091859947285651,-0.43357672246287504,-0.5235987755982987
4342,1787226312.3158326,1.429610959239671,-1.18587558955954,-1.400682253345654,-1.9831441669709293,-0.7526119775094626,0.11464417301050472,-0.5235987755982987
4343,1787226312.3599126,1.3867638385681942,-1.1803873821213449,-1.3901078687286037,-1.9736235806293683,-0.7307782447813684,0.4519125475932629,-0.5235987755982987
4344,1787226312.4041245,1.3318962687009606,-1.1750991306689849,-1.363406122625216,-1.9176129641162079,-0.7093932905519222,0.6657221360681485,-0.5235987755982987
4345,1787226312.4498625,1.351806822467488,-1.1735894243044331,-1.3562189914235723,-1.9445052330830372,-0.6982512295643069,0.8038283989862258,-0.5235987755982987
4346,1787226312.5037496,1.3795914542117291,-1.1849203961219823,-1.3405410903859898,-1.9535020864132335,-0.6784874623523242,0.8644000277101515,-0.5235987755982987
4347,1787226312.5619445,1.3011378615186968,-1.1895603538172546,-1.3308712530292375,-1.9129036004084818,-0.6661880815477986,0.9044736885728912,-0.5235987755982987
4348,1787226312.6097329,1.2991430777019035,-1.2030859320034903,-1.321783035822374,-1.8854220446426342,-0.6269473867557539,0.9672060960376196,-0.5235987755982987
4349,1787226312.6515167,1.3545147113467404,-1.2140026483029143,-1.315636060145566,-2.0501924005850327,-0.6061944409756927,0.3400078218544872,-0.5235987755982987
4350,1787226312.6984432,1.3064279432504315,-1.2174467183648483,-1.2968419250720402,-2.071738045134248,-0.6064092826875712,0.7310042425212305,-0.5235987755982987
4351,1787226312.741686,1.3483319383866443,-1.216405903253114,-1.2759048917292501,-2.171297800904582,-0.6593977474414989,0.8293894078000538,-0.5235987755982987
4352,1787226312.7816882,1.4629525957561562,-1.215854175220525,-1.2760033664881725,-2.0875851264754695,-0.7255142710654263,0.7393476583097923,-0.5235987755982987
4353,1787226312.8247504,1.4254955459606249,-1.2221703805160726,-1.268725039380129,-2.075291565060965,-0.7651358923640074,0.7848955381239742,-0.5235987755982987
4354,1787226312.877528,1.5852985696734287,-1.2193582511489587,-1.2516267063550914,-1.9356681062635483,-0.8419017831383062,0.25205810896977243,-0.5235987755982987
4355,1787226312.9286919,1.6202690792865666,-1.2483038973565277,-1.2960224749740776,-2.0828523406386275,-0.8799137977760694,-0.2245952271590941,-0.5235987755982987
4356,1787226312.9825566,1.7289018749157063,-1.2608738297392645,-1.340624915938829,-2.1785220929824285,-0.9245806612279681,-0.5331509196309155,-0.5235987755982987
4357,1787226313.0339997,1.7697494655838883,-1.261880754624352,-1.3673644597579058,-2.1594918678247783,-0.9542678845422701,-0.7041763301808419,-0.5235987755982987
4358,1787226313.085939,1.7178672650338682,-1.2516108379360495,-1.3772234033173185,-2.2283377856534266,-0.9487369905471952,-0.7365914502732658,-0.5235987755982987
4360,1787226313.1878738,1.6631373647322913,-1.2455091492519221,-1.4229830578134521,-1.947069177618052,-0.9763861142595518,-0.5267384078001128,-0.5235987755982987
4361,1787226313.2609818,1.7546256462890197,-1.2449062516962464,-1.4026920273601229,-2.0224634308053444,-1.0349396023737008,-0.1431887970532986,-0.5235987755982987
4362,1787226313.31371,1.7639709747055508,-1.2454250761729577,-1.3982197074501237,-1.9208577645499738,-1.078550223111246,0.045258802731543896,-0.5235987755982987
4363,1787226313.3678646,1.7313410382461412,-1.245981575252365,-1.3832522763890924,-1.9336480571648256,-1.108820826577776,0.5350857667067835,-0.5235987755982987
4364,1787226313.4205065,1.8270165934242542,-1.2462037236645083,-1.3967413520994012,-2.0185076363139407,-1.117642500708178,0.15375112630086027,-0.5235987755982987
4365,1787226313.4737651,1.8080909513022503,-1.244829977644804,-1.3710872523722488,-2.0834419753373705,-1.1240875643082429,-0.06453835994308062,-0.5235987755982987
4366,1787226313.5238092,1.7838671608083794,-1.247026761827853,-1.3670089572248576,-2.1789053555366116,-1.131330001353935,-0.3689320068386199,-0.5235987755982987
4368,1787226313.6346664,1.656484535537574,-1.261869263683356,-1.3907368707724745,-2.0618442845433433,-1.0959576355566865,-0.41183389154667277,-0.5235987755982987
4369,1787226313.7129483,1.749801064067333,-1.2643449041730037,-1.389164258144996,-1.9804755560540834,-1.1114735835261618,-0.12901269746978802,-0.5235987755982987
4370,1787226313.767472,1.7469818915196715,-1.2717181732413367,-1.3838995804334453,-2.0671002596406063,-1.100569825257994,0.17817546835372516,-0.5235987755982987
4371,1787226313.821922,1.7534413429689462,-1.2865432659499785,-1.396930739310181,-2.0687248358435837,-1.0990820294097094,0.47060398570111417,-0.5235987755982987
4372,1787226313.8730466,1.7236812937332753,-1.2757154055919435,-1.3943471397837988,-2.1066802728537084,-1.084465425468856,0.6295124494240347,-0.5235987755982987
4373,1787226313.9236135,1.6214400148910544,-1.2611726984865383,-1.3817881107141805,-2.009171465164045,-1.0749381049915343,0.7465231222832094,-0.5235987755982987
4375,1787226314.0304499,1.5933717359661332,-1.2505360784650494,-1.4129202345015295,-1.7902212139188192,-1.0853119751169542,0.3702705328549624,-0.5235987755982987
4376,1787226314.1139932,1.7149480073502885,-1.2429957485781873,-1.3951368366583043,-1.8802736231597934,-1.0974149535590798,0.622347012960798,-0.5235987755982987
4378,1787226314.2165318,1.6213495890657073,-1.2640395462170246,-1.4280580318584943,-1.9079606361441273,-1.0767229425453342,0.5976705945252108,-0.5235987755982987
4379,1787226314.2966485,1.585080109022761,-1.2587301294816462,-1.4660656190077308,-1.9346139642479554,-1.0739343732706426,0.6783888154205207,-0.5235987755982987
4381,1787226314.3934925,1.6775229041678252,-1.2589419958237138,-1.4849807996004478,-1.7654563929400826,-1.048749888037821,0.23658345478911313,-0.5235987755982987
4383,1787226314.5303862,1.6377177115118235,-1.2574405453004842,-1.344954891768026,-1.9722147269783745,-1.0405624002450231,-0.049130903426427536,-0.5235987755982987
4384,1787226314.5958703,1.703858950784733,-1.2590246228720308,-1.311761536787319,-1.9390056099755804,-1.0792793269528285,-0.290982930411545,-0.5235987755982987
4385,1787226314.6405177,1.6867228934880782,-1.2530129968951957,-1.2434973420981028,-1.8266846049496828,-1.1066063184461115,0.13332763508825482,-0.5235987755982987
4386,1787226314.685245,1.548845874702428,-1.2422252533167473,-1.332264450179712,-1.639669298977276,-1.0874724467862709,0.5187070522028752,-0.5235987755982987
4387,1787226314.7282462,1.5903388580303126,-1.2439490196403173,-1.4028771799275455,-1.5617986180285477,-1.0663997439262893,0.7009284620154798,-0.5235987755982987
4388,1787226314.7885184,1.858388329287024,-1.2491114938423518,-1.36960942376821,-1.6120505600602912,-1.0632862597966368,0.2141472210218221,-0.5235987755982987
4390,1787226314.8824313,1.744044408416578,-1.2546186213772401,-1.4303996591919996,-1.87250093560651,-1.0968155075355095,-0.031172238565917526,-0.5235987755982987
4392,1787226314.9975207,1.6992217481586684,-1.2434455712652115,-1.385041734070821,-1.9913885265186795,-1.081614701775051,-0.12774028331359122,-0.5235987755982987
4393,1787226315.0615237,1.6908982535346864,-1.2614185286547785,-1.4015555810590778,-2.1005088992287773,-1.0751398396701963,-0.4244156832893664,-0.5235987755982987
4394,1787226315.1190484,1.923751936364867,-1.2666596846466207,-1.4416241019305778,-2.165819601732819,-1.0895729612162137,-0.596881532063717,-0.5235987755982987
4395,1787226315.1661365,1.7797263593557462,-1.2688644705013317,-1.3920282724837652,-2.0844043844346882,-1.1001831628109886,-0.5043147704392115,-0.5235987755982987
4396,1787226315.2132142,1.7468456606236744,-1.2690608220994286,-1.375186471722345,-2.1036848224179723,-1.1089560637104756,-0.498932503784563,-0.5235987755982987
4397,1787226315.2559524,1.7452601367395064,-1.2640211172131641,-1.3229480193143903,-2.1452516072300356,-1.1016596172004696,-0.23569073201961466,-0.5235987755982987
4398,1787226315.3151236,1.7165951598660554,-1.2528514360206682,-1.3007085207752789,-1.6779917482297502,-1.084805309160013,0.06490319349044488,-0.5235987755982987
4399,1787226315.35809,1.795248623990031,-1.241791145589316,-1.2850417980753066,-1.7943280874963374,-1.0762383204604116,0.36548934839510683,-0.5235987755982987
4400,1787226315.4118083,1.8620442712555907,-1.2355178891682352,-1.2307623396034666,-1.7172218686633522,-1.0949277099088466,0.17813402374184542,-0.5235987755982987
4401,1787226315.4630277,1.8605765036889697,-1.227622190031596,-1.2362341764017506,-1.8919621919370486,-1.1067869306972664,0.4363791746428928,-0.5235987755982987
4402,1787226315.506921,1.8521209184451948,-1.2230557335475531,-1.2503445117961394,-2.0427787693692716,-1.1172831903296612,0.619619583241257,-0.5235987755982987
4403,1787226315.5657516,2.0285466685566975,-1.2260285471522339,-1.2755702321902471,-2.039073430156161,-1.150884184497934,0.17801782571165572,-0.5235987755982987
4404,1787226315.6083176,2.008779904545971,-1.2380674208902227,-1.2972993495178926,-2.119365061453585,-1.1701670017498396,-0.22743383515801843,-0.5235987755982987
4405,1787226315.6513047,1.9743463649654973,-1.2424832945381952,-1.2473950686299364,-2.1486320061038358,-1.1745591208607542,-0.5090872016613756,-0.5235987755982987
4406,1787226315.6946983,1.8399991735946917,-1.2390226764997005,-1.235418436099102,-2.207184976984964,-1.1808614903818968,-0.5503650585017315,-0.5235987755982987
4407,1787226315.757503,1.7480669115577006,-1.226809465975102,-1.23134183141103,-2.259338306607547,-1.1575214594431849,-0.2852134420319735,-0.5235987755982987
4408,1787226315.8155684,1.7575001180013459,-1.2208224705138502,-1.2303583567771947,-2.272264534718244,-1.1408949396917238,-0.1396254380403923,-0.5235987755982987
4410,1787226315.9070556,1.7541159876412755,-1.2364101781207641,-1.2258207470046387,-2.3016400191341795,-1.1657312103494428,-0.5303360186977394,-0.5235987755982987
4412,1787226316.0255024,1.6490663474699734,-1.232979094321768,-1.303890383858,-1.8620309894332179,-1.1014514178456152,-0.301474393628561,-0.5235987755982987
4414,1787226316.1557865,1.5414068821788405,-1.248324451836803,-1.352934860710945,-1.9822766991273033,-1.148734611027551,-0.2429953362555431,-0.5235987755982987
4415,1787226316.2316587,1.5248796598532275,-1.2526469883344848,-1.4072514117229256,-1.7220234496003441,-1.1743607308634596,0.009835805373372752,-0.5235987755982987
4416,1787226316.280509,1.625602925095948,-1.2452265584521398,-1.4262456900807388,-1.4580734419232706,-1.1845665140957444,0.2448948751825197,-0.5235987755982987
4417,1787226316.3276844,1.6473192607397968,-1.2373270755411523,-1.4392935995069158,-1.4127276926445538,-1.1613823272000472,0.600162079501311,-0.5235987755982987
4418,1787226316.381888,1.5921093594833455,-1.2339939277536351,-1.4315387649213114,-1.6492320593310998,-1.1459187466845935,0.31614758501851203,-0.5235987755982987
4419,1787226316.428688,1.5441239713755972,-1.233781744683571,-1.4346845808270383,-1.6991463444366588,-1.1364595191415412,0.5174015384322497,-0.5235987755982987
4421,1787226316.5294266,1.5971317667287517,-1.2311045397942508,-1.3663551535449687,-1.71276736832966,-1.0596469213384883,0.546688611431905,-0.5235987755982987
4423,1787226316.6482613,1.5553134060844331,-1.2403627220230513,-1.4188072671362488,-1.824499857054149,-1.0665768706081962,0.4482841120636692,-0.5235987755982987
4424,1787226316.7345011,1.6334422746742276,-1.2427919267018694,-1.447646663735565,-1.9450332735923594,-1.0767742114564356,0.6178889552666014,-0.5235987755982987
4425,1787226316.7877104,1.66209959743755,-1.2365010713688942,-1.4748235821282867,-2.0403797451400454,-1.077853830235497,0.7813641367895731,-0.5235987755982987
4426,1787226316.8364058,1.5992403461756501,-1.2355410910813371,-1.446226528316124,-1.7241273560483614,-1.1046780317830585,0.9698608943592368,-0.5235987755982987
4427,1787226316.8844013,1.5337285513456367,-1.2329928123961098,-1.378514387275493,-1.4080354303383693,-1.1287299970993836,1.135467238828617,-0.5235987755982987
4428,1787226316.9377208,1.6358963374834365,-1.230123329589603,-1.3596332006568583,-1.5158455161323476,-1.1340445720191576,0.6544090286375412,-0.5235987755982987
4429,1787226316.9817953,1.6669031722225098,-1.2260217809843308,-1.3564930593572313,-1.6447844637124343,-1.1264843143452985,0.2744838620504104,-0.5235987755982987
4430,1787226317.0224743,1.6506025167087723,-1.2255451665292305,-1.3380880744306731,-1.7137309668172749,-1.0964672300209706,0.6610462544201667,-0.5235987755982987
4431,1787226317.0643644,1.8356336199679593,-1.2308652313887485,-1.3691258183574535,-1.8311550942168133,-1.0853790046501086,0.23434702506049077,-0.5235987755982987
4433,1787226317.1473489,1.8569928883899156,-1.2419826052747935,-1.4044655636167565,-1.7389061876099616,-1.0548382100981835,0.45358151282086934,-0.5235987755982987
4435,1787226317.280084,1.803943497875323,-1.249111464666107,-1.4501010314499363,-1.6917572534066356,-1.1144279530332386,0.07953319029500339,-0.5235987755982987
4436,1787226317.367805,1.83893606413082,-1.260265675429781,-1.482051544969338,-1.924310286281634,-1.0768457888112812,0.44631067626113907,-0.5235987755982987
4438,1787226317.4788039,1.7629402558577312,-1.2720177118296085,-1.4671611195066818,-1.987934802986611,-1.037333526138167,0.1998968365178489,-0.5235987755982987
4439,1787226317.5467744,1.658994039978402,-1.2642346265373297,-1.4599542933511904,-1.7234227351405327,-1.0901911959816806,0.3376879695141159,-0.5235987755982987
4440,1787226317.5946622,1.7048021489591043,-1.2714651110528088,-1.4822244807399279,-1.91546223788171,-1.1099462553889725,-0.22364232605797876,-0.5235987755982987
4441,1787226317.647106,1.5934484454637452,-1.284607804847394,-1.511121539336416,-2.0697185261904325,-1.08654039599078,-0.29989820179552745,-0.5235987755982987
4443,1787226317.7449358,1.5943662006403367,-1.2848893320554708,-1.4822088387933372,-1.9703363841349475,-1.0433223078327634,-0.37651436093004503,-0.5235987755982987
4444,1787226317.8118944,1.660278507872888,-1.2836112052175055,-1.4799276327539594,-2.1053867212550363,-1.0614136571176263,-0.6500974637786198,-0.5235987755982987
4445,1787226317.8595076,1.8069068646712285,-1.2838614059707392,-1.3944605903131686,-2.1728882647157457,-1.0771687863199997,-0.9113682819875821,-0.5235987755982987
4447,1787226317.9410963,1.8048638986192629,-1.2866690421930158,-1.4331914177398688,-1.8749173113534363,-1.06603817876088,-0.5607878341375541,-0.5235987755982987
4448,1787226318.0225196,1.7275492771939398,-1.2645817240719375,-1.2311119515672815,-2.0025591015202924,-1.0399139139188143,-0.23164810097921712,-0.5235987755982987
4450,1787226318.1311173,1.7937388082384569,-1.2702462587309276,-1.307815398116734,-2.126331487555511,-1.0622713690451326,-0.5868492957710534,-0.5235987755982987
4452,1787226318.2511828,1.6728812139882465,-1.2829846146155677,-1.3100182759184025,-2.148181599163462,-1.0542937133750494,-0.6401299864204635,-0.5235987755982987
4453,1787226318.3204656,1.817285261962208,-1.2892598084168787,-1.2741334496457863,-2.1810804510413258,-1.088217839586883,-0.8356792756447017,-0.5235987755982987
4455,1787226318.4205387,1.6823190101068262,-1.2706793659395719,-1.3234297420224443,-2.1010781014439868,-1.0242024498551914,-0.6879294658329791,-0.5235987755982987
4456,1787226318.5015893,1.5685801098892909,-1.259543798758858,-1.3643715965628687,-2.034346845326504,-0.9989843279363539,-0.5417049891327032,-0.5235987755982987
4457,1787226318.544636,1.4642029565295553,-1.2491084699225152,-1.4022958292722327,-2.0357063581831953,-0.9903529195644996,-0.487682630147209,-0.5235987755982987
4458,1787226318.6046655,1.428606901406691,-1.234094339527196,-1.4493243308947803,-2.009145277327509,-0.9866440444397451,0.10206020272838967,-0.5235987755982987
4459,1787226318.6474705,1.484451969593352,-1.2203818965951823,-1.4542217230705896,-2.027617181945527,-0.9964609967165098,0.45738954803336646,-0.5235987755982987
4460,1787226318.6935787,1.3650784451724425,-1.2108083496077746,-1.4751263599303892,-2.0197202782625605,-1.0142773530239224,0.6692993526071781,-0.5235987755982987
4461,1787226318.7422378,1.3217231454799236,-1.202012071409827,-1.4622683410917559,-1.9770012572557076,-1.0278685432513512,0.7877174124041622,-0.5235987755982987
4462,1787226318.7925482,1.3481694207678352,-1.205155066432664,-1.4484024604200354,-1.9871377665151941,-1.0442617570098347,0.8475403065733607,-0.5235987755982987
4463,1787226318.842495,1.4013858229078595,-1.2012180526849523,-1.4289181046438033,-2.0353516571993233,-1.0300254596707528,0.9441680173226213,-0.5235987755982987
4464,1787226318.8862798,1.3968351486935588,-1.2012430339432754,-1.3724186796208773,-1.912298506016957,-1.0215992084542058,1.0575615194123502,-0.5235987755982987
4465,1787226318.931294,1.3637954420595653,-1.2059288022968278,-1.3701376122113647,-1.8461842686211822,-1.0184331075436734,1.11814139257875,-0.5235987755982987
4466,1787226318.973938,1.4040245447434747,-1.206046315625779,-1.3681730951210318,-1.505389500656922,-0.9974147329098185,1.1628521642815937,-0.5235987755982987
4467,1787226319.0356977,1.45253070373282,-1.2130726421058395,-1.3627730961727553,-1.5873665763121176,-0.98865090602311,1.139657397406285,-0.5235987755982987
4468,1787226319.0887253,1.4500117935814938,-1.2190101264353788,-1.3510676054216728,-1.710358513265529,-0.9623567202909412,1.0940599438399716,-0.5235987755982987
4469,1787226319.1361232,1.4298655736743462,-1.2197380035395835,-1.35627790582972,-1.822615145722505,-0.9605484781758646,1.069793345163823,-0.5235987755982987
4470,1787226319.179222,1.4609421604089783,-1.2308513177586526,-1.3439444996216223,-1.8432027902812274,-0.9633940492282101,1.166041048767382,-0.5235987755982987
4471,1787226319.2231147,1.4578680061895968,-1.229024297033349,-1.34730836916816,-1.92770990351355,-0.9457726869543799,1.1398058371407214,-0.5235987755982987
4472,1787226319.266466,1.5999256050733859,-1.2227504122066002,-1.3992506962423787,-2.045727607734422,-0.9460448228493012,0.3468094078280872,-0.5235987755982987
4473,1787226319.3195796,1.6462142459153506,-1.2312854145498935,-1.4280719725547197,-2.124910133389239,-0.9508574194204367,-0.23134770407682856,-0.5235987755982987
4474,1787226319.3652515,1.7976967627795841,-1.2298999932494354,-1.4377538767521902,-2.1868454916970257,-0.9547634195275572,-0.4964582043622727,-0.5235987755982987
4475,1787226319.4175637,1.874734909333258,-1.2253995019643447,-1.423458774932956,-2.2461176411703874,-0.9277704088485053,-0.7070188718657007,-0.5235987755982987
4476,1787226319.4605474,1.9140955114060998,-1.2219020270029328,-1.3999726050805255,-2.2846445383280725,-0.8603731037667482,-0.8225407774850044,-0.5235987755982987
4477,1787226319.511513,1.8104071298821869,-1.2162798908365149,-1.3569679727873631,-2.309687021480568,-0.7633305534046193,-0.929474297734961,-0.5235987755982987
4478,1787226319.5585916,1.7928375648546215,-1.2081892001309156,-1.3334382953063133,-2.32596463552969,-0.7213804087402397,-0.9881466394808267,-0.5235987755982987
4479,1787226319.6051784,1.7923786835323976,-1.203317350816235,-1.3150249192939614,-2.336545084661619,-0.704692570827582,-0.987627713257645,-0.5235987755982987
4480,1787226319.648551,1.7661099596437686,-1.1939034211519661,-1.2961399154270445,-2.343422376597373,-0.6826679092451784,-0.9789157725951745,-0.5235987755982987
4481,1787226319.6904733,1.7024075114136348,-1.1785697572965332,-1.2812217483395654,-2.3478926163556135,-0.6570928961210845,-0.9927026314961795,-0.5235987755982987
4482,1787226319.7340486,1.763120276413446,-1.174502966454042,-1.2492473200225056,-2.2504262220733353,-0.6573229734012326,-0.9772595424976884,-0.5235987755982987
4483,1787226319.7788775,1.650177047967616,-1.1782995441142425,-1.2313349105132385,-2.2874451159149887,-0.6753600502342295,-0.9698902915604493,-0.5235987755982987
4484,1787226319.8259768,1.5499967237423968,-1.1812524950736816,-1.2270972273203353,-2.254933614099915,-0.6658579819848258,-0.437038273253077,-0.5235987755982987
4485,1787226319.8677077,1.4897119690353082,-1.1849361158078475,-1.2311493547903172,-2.2903749207322655,-0.6653794601486313,-0.6240991938307214,-0.5235987755982987
4486,1787226319.9119594,1.511763887560638,-1.1968334227245758,-1.2314319025874823,-2.3134117700432935,-0.6811590466425502,-0.8211326379231725,-0.5235987755982987
4487,1787226319.9542863,1.5514922896796672,-1.2017886493751873,-1.2394070672297137,-2.2197794164732603,-0.6977317003437767,-0.9071447331895468,-0.5235987755982987
4488,1787226319.9995234,1.515812840351113,-1.2060346103993993,-1.2319859805312605,-2.227515035737299,-0.7138492160707597,-0.8633943993084388,-0.5235987755982987
4489,1787226320.0564198,1.5984438583714484,-1.204492559034272,-1.2268642797736429,-2.163091108426322,-0.7445480462701228,-0.8518319487920354,-0.5235987755982987
4490,1787226320.111501,1.5396379642817295,-1.2198212755657394,-1.2426442448947033,-2.2135031245389833,-0.7465887036497756,-0.9541216248371605,-0.5235987755982987
4491,1787226320.1752324,1.6154341238283307,-1.2225540795079568,-1.2507742296275857,-2.180498445663583,-0.7604984982493519,-0.918003299046517,-0.5235987755982987
4492,1787226320.2180905,1.6166626141351477,-1.2199651228117032,-1.2545280139003994,-2.170706585875277,-0.7537534145934979,-0.8975160923364796,-0.5235987755982987
4493,1787226320.2614157,1.5250630118990367,-1.2149296827684288,-1.2634618165712557,-2.0103842294175807,-0.7328992184538893,-0.36718140869161364,-0.5235987755982987
4494,1787226320.3091755,1.5156895800040675,-1.2114894160045286,-1.2719207708016143,-1.777778026371946,-0.7214472044147427,0.14348001042550768,-0.5235987755982987
4495,1787226320.363737,1.5016032456514594,-1.2088414525664501,-1.2653866284452522,-1.7190908648706709,-0.728813391622763,0.47248318232185205,-0.5235987755982987
4496,1787226320.4169884,1.5720360143631782,-1.206642993222423,-1.269707887229878,-1.711272907873632,-0.7949587734774106,-0.1893402407653918,-0.5235987755982987
4497,1787226320.4684217,1.526293780964201,-1.205268935854848,-1.2757592373040427,-1.6718849958521842,-0.8325653481607045,0.10178646057135411,-0.5235987755982987
4498,1787226320.517681,1.5972607076104044,-1.1985573086484846,-1.2470012896349425,-1.7131231891317367,-0.854359214210016,-0.13328946012260834,-0.5235987755982987
4499,1787226320.567916,1.634463879508814,-1.1941331373986173,-1.2541033271292583,-1.907372642365293,-0.845774653662847,-0.3794426054027975,-0.5235987755982987
4500,1787226320.6111352,1.6034431763371773,-1.1925943612864898,-1.2557706713115433,-2.064460289104761,-0.8077932889152961,-0.4790860747208123,-0.5235987755982987
4501,1787226320.657336,1.602669535012392,-1.2106824392779592,-1.277092130652195,-2.166567259485415,-0.7918970742545735,-0.6065693140424451,-0.5235987755982987
4502,1787226320.699938,1.5754970156395194,-1.2182717109318286,-1.2939473072392778,-2.2329367902328405,-0.7713084453304363,-0.6750865474812602,-0.5235987755982987
4503,1787226320.7445054,1.4886356955067621,-1.2146448355741992,-1.291406324458862,-2.2760769852186673,-0.7420553921847647,-0.7094071738488106,-0.5235987755982987
4504,1787226320.792557,1.4821477478625273,-1.2127396948459934,-1.2841552553151625,-2.3041181119594545,-0.7237115073965024,-0.8766017059600033,-0.5235987755982987
4505,1787226320.8436441,1.557312002331865,-1.2118445325824028,-1.3099544290108482,-2.322344844340966,-0.7120797063543436,-0.9086880659974329,-0.5235987755982987
4506,1787226320.8926702,1.650535957918822,-1.196899269602143,-1.3221500250179568,-2.3341922203889487,-0.6813587313889498,-0.9238954254336078,-0.5235987755982987
4507,1787226320.9387603,1.5745784524547757,-1.2002561036522472,-1.2692871662951213,-2.3418930148201373,-0.6663016728857462,-0.8587945401676342,-0.5235987755982987
4508,1787226320.9831004,1.5405033826216716,-1.2160943217775055,-1.2551920581097091,-2.3468985312004103,-0.6722673046289097,-0.8025370087845043,-0.5235987755982987
4509,1787226321.0236177,1.680082832115822,-1.2280814474005184,-1.2541122043684279,-2.3463499276101,-0.6767924664727499,-0.8138699303765746,-0.5235987755982987
4510,1787226321.0717108,1.6518412195366563,-1.2428884864803091,-1.2679648355923065,-2.349795524513886,-0.6970180409126185,-0.8092496323420117,-0.5235987755982987
4511,1787226321.1208427,1.7029760518693364,-1.242426671246968,-1.2781050826770743,-2.3520351625013465,-0.6794168555778861,-0.828400485912322,-0.5235987755982987
4512,1787226321.168541,1.704731781761513,-1.2492457499859078,-1.2720308919259786,-2.353490927193196,-0.6632020973940786,-0.8478905060867159,-0.5235987755982987
4513,1787226321.2201207,1.8985294996847033,-1.2503620837753755,-1.267134239670772,-2.311515828760178,-0.6794506441552551,-0.8483078280884397,-0.5235987755982987
4514,1787226321.2642715,2.044643800645612,-1.2460114228964956,-1.2729224376440966,-2.318607242586499,-0.6945947900085547,-0.8700086483454288,-0.5235987755982987
4515,1787226321.3074007,2.1281713651419345,-1.2472887981204168,-1.2674718875345996,-2.2974164961051984,-0.7013415218583366,-0.8716285422114739,-0.5235987755982987
4516,1787226321.3531554,2.045864607148032,-1.2514573377983749,-1.245244750016177,-2.291217471515058,-0.7278011376797724,-0.8427766691611213,-0.5235987755982987
4517,1787226321.4072077,1.9584072030707884,-1.2526657230139033,-1.2323824731527788,-2.3139594280521085,-0.7372522890428435,-0.8349171160251674,-0.5235987755982987
4518,1787226321.4501333,1.8992880229076348,-1.24114264697379,-1.246428626325451,-2.298951614792861,-0.7373683713221917,-0.8632143239091505,-0.5235987755982987
4519,1787226321.4956613,1.8660834581477792,-1.2227054587290374,-1.2703759687177052,-2.31898662118268,-0.7190643600087239,-0.8895587807533811,-0.5235987755982987
4520,1787226321.5468743,1.8555096435440288,-1.2100603753391495,-1.285091753953339,-2.332009375336063,-0.6914167496119576,-0.9107734204700668,-0.5235987755982987
4521,1787226321.5920136,1.7874999342749436,-1.1985741632693154,-1.2689651724744444,-2.3404741655357615,-0.6738894144984634,-0.968179242883312,-0.5235987755982987
4522,1787226321.638567,1.7193011097805175,-1.2022709561252825,-1.2725432735884403,-2.3459762791655656,-0.6670587530307908,-1.0052094265841216,-0.5235987755982987
4523,1787226321.685908,1.7678320062619208,-1.204101622951721,-1.2780791069168091,-2.349552653024938,-0.6821179895945717,-1.0234950805024132,-0.5235987755982987
4524,1787226321.727906,1.6068861585029897,-1.2005177583292446,-1.3035208628987314,-2.3518772960335306,-0.6505035546498368,-0.43730493827440486,-0.5235987755982987
4525,1787226321.7867713,1.5807704190692147,-1.2046435165891936,-1.3055293755451687,-2.3533883139891154,-0.628040583591055,0.032658411135581544,-0.5235987755982987
4526,1787226321.8376915,1.5988039207118416,-1.1959887655677768,-1.3093491191164839,-2.275631953348714,-0.6171859678642102,0.5104815033537992,-0.5235987755982987
4527,1787226321.8851948,1.5932326658044258,-1.1900601724170143,-1.3062898934641942,-2.303828841243985,-0.6306083676891048,-0.06592747025303014,-0.5235987755982987
4528,1787226321.9446585,1.5789707130644013,-1.1855341544323237,-1.3033491807793394,-2.3221568183759107,-0.6504962702828562,-0.4028163598682241,-0.5235987755982987
4529,1787226321.994601,1.5591240433785116,-1.1814379734669203,-1.2957560357873799,-2.3340700035116626,-0.666929130517464,-0.5972440156351839,-0.5235987755982987
4530,1787226322.0403082,1.6045287054420498,-1.1868683621987541,-1.2898114794082058,-2.211200208724456,-0.6813650056797662,-0.7988314210581988,-0.5235987755982987
4531,1787226322.1011636,1.5942438245059187,-1.188835257578123,-1.2889992616454777,-2.261948207238217,-0.688754454764468,-0.9769746210003047,-0.5235987755982987
4532,1787226322.1527236,1.5632566054711954,-1.188740825669425,-1.3011971806327525,-2.294934406272162,-0.6828402867139804,-1.1434395924193148,-0.5235987755982987
4533,1787226322.1994677,1.6315688524138916,-1.1856024958278901,-1.298882560411146,-2.3163754356442263,-0.6452902001569616,-1.213192762214811,-0.5235987755982987
4534,1787226322.2470155,1.7267421958474851,-1.1886482763838995,-1.307732021811985,-2.330312104736068,-0.6333444320935561,-1.188153519139234,-0.5235987755982987
4535,1787226322.2917626,1.642472665166332,-1.1814914331711879,-1.288126494635108,-2.3353865440424704,-0.6198780839713451,-1.2442834377832652,-0.5235987755982987
4536,1787226322.3371236,1.6309458862457242,-1.172164684158346,-1.2815296471517044,-2.336693563432302,-0.6233579621295651,-1.3493332782833016,-0.5235987755982987
4537,1787226322.3859673,1.6232093856833834,-1.1746357588932423,-1.2787953437835518,-2.343518887798317,-0.627959926260449,-1.342059223295892,-0.5235987755982987
4538,1787226322.4294188,1.5805013227025984,-1.1696994417551712,-1.278303707071629,-2.347955348636227,-0.6485630252061645,-1.4152601117291086,-0.5235987755982987
4539,1787226322.4766474,1.5164624151295358,-1.1823925340400026,-1.2815197795705202,-2.350839048180868,-0.6647815167403631,-0.8514490052551397,-0.5235987755982987
4540,1787226322.5221107,1.5870307606884597,-1.1976985050076285,-1.3041988399715538,-2.281640828160664,-0.7172719505503076,-0.9474653010605449,-0.5235987755982987
4541,1787226322.5745833,1.610511780932523,-1.2150648029609559,-1.312720085884118,-2.274920459676607,-0.750150384800625,-1.0062001254451909,-0.5235987755982987
4542,1787226322.6236346,1.600567344569107,-1.2271857624920666,-1.3168777687366102,-2.3033663703571152,-0.751563613179641,-0.7205736520088947,-0.5235987755982987
4543,1787226322.6734898,1.5791298181037505,-1.21705903571775,-1.3020096503527128,-2.3064977643557985,-0.7385852136535855,-0.47164879270335597,-0.5235987755982987
4544,1787226322.725801,1.5332898228657021,-1.2087026922738713,-1.2900354129054115,-2.315154927701748,-0.7285471074279691,-0.12230620867454794,-0.5235987755982987
4545,1787226322.7698286,1.6067589590144964,-1.211615676379362,-1.2979729355013863,-2.249992439768884,-0.7302140327649406,-0.45769499767015975,-0.5235987755982987
4546,1787226322.8148758,1.6540359523377683,-1.2141791256119183,-1.3010889836948905,-2.2553394377353646,-0.7261373686026874,-0.7119701368753082,-0.5235987755982987
4547,1787226322.8621342,1.7052589113582868,-1.1997184169418043,-1.303062022149295,-2.290638706095308,-0.7212797422430044,-0.9214842354994461,-0.5235987755982987
4548,1787226322.9090493,1.6315554809830553,-1.193035291194527,-1.2968893391878873,-2.3135832305292707,-0.6887892767210541,-1.0733378813580072,-0.5235987755982987
4549,1787226322.9550943,1.6500986110818614,-1.1759354045101336,-1.3123233707266444,-2.328497171411347,-0.6822910433281877,-1.1248549630491589,-0.5235987755982987
4550,1787226323.0036964,1.6220535412736405,-1.1625555554219198,-1.336007782211128,-2.3381912329846966,-0.6742295540361634,-1.167806892770044,-0.5235987755982987
4551,1787226323.0454745,1.575748674448188,-1.1600432002456076,-1.3444848794225388,-2.3444923730073732,-0.666711431752778,-1.2277991734686893,-0.5235987755982987
4552,1787226323.095516,1.5602459854334332,-1.1620204158457015,-1.3100587479397499,-2.3485881140221134,-0.6692954117288752,-1.195856927707837,-0.5235987755982987
4553,1787226323.1459265,1.5299467139166734,-1.1614469189775967,-1.3071037171838897,-2.351250345681694,-0.6762340823778652,-0.6756613334486531,-0.5235987755982987
4554,1787226323.1935768,1.502897524696823,-1.1645659127780665,-1.2983388635623658,-2.3529807962604217,-0.7221340882607857,-0.25694477438369984,-0.5235987755982987
4555,1787226323.243653,1.5530682074506426,-1.1833403401525637,-1.2973424752228349,-2.337292910054992,-0.7997891784456732,0.01833215294762794,-0.5235987755982987
4556,1787226323.2948623,1.6618550985934935,-1.193559056163602,-1.3003151400291246,-2.3439084631030656,-0.8453675862273743,-0.31030542399793815,-0.5235987755982987
4557,1787226323.3403022,1.7101884659666653,-1.2006318681373127,-1.2777725988374202,-2.2930264496029933,-0.8689432291300103,-0.03208397195288515,-0.5235987755982987
4558,1787226323.382788,1.7003675610400373,-1.2022716423107207,-1.260268834824587,-2.2013406853201376,-0.8825229468175873,-0.15329130171618593,-0.5235987755982987
4559,1787226323.42362,1.6202048451387472,-1.2072907157387827,-1.2678269535564977,-2.1371942310458527,-0.9071742378315639,0.03955370716890563,-0.5235987755982987
4560,1787226323.4646978,1.5742659977852438,-1.2116414339950143,-1.2823883777684066,-2.0141902630814146,-0.915228107408178,0.20780128311007126,-0.5235987755982987
4561,1787226323.5139968,1.687382986286527,-1.2137064803013395,-1.3166645784742703,-2.039114422717863,-0.9192294363420563,-0.18749719078824426,-0.5235987755982987
4562,1787226323.5835671,1.6802140569176505,-1.213414020505176,-1.3373228400002453,-2.043895040404459,-0.9281073289524041,-0.5817672974956579,-0.5235987755982987
4563,1787226323.6326606,1.7322189280087479,-1.2168920971068817,-1.336772620343623,-1.947250998436436,-0.9698293558615394,-0.8623647781270406,-0.5235987755982987
4564,1787226323.685554,1.757386473556518,-1.2107549787623744,-1.329631244699041,-2.0850825193868427,-0.9608251313589016,-0.9498810558937154,-0.5235987755982987
4565,1787226323.7367277,1.7668540462811864,-1.2049699033567443,-1.31612291584121,-2.1724420739153363,-0.9079993727590807,-0.9767561284993505,-0.5235987755982987
4566,1787226323.7925377,1.713307975131241,-1.2007359688431545,-1.3213996370994583,-2.2326178848511646,-0.8538923573252131,-0.9706725086159392,-0.5235987755982987
4567,1787226323.8467991,1.9383182554026275,-1.1942510326902123,-1.2932562491711903,-2.1566631280995603,-0.813048797078996,-0.9406387061475856,-0.5235987755982987
4568,1787226323.8970993,2.0845749375790286,-1.1860298536759402,-1.2411314093279406,-2.0381497506098984,-0.8189530542139264,-0.9484981601996358,-0.5235987755982987
4569,1787226323.9487264,2.1732002602359897,-1.1951102173156545,-1.2255624278095905,-2.0869167251773133,-0.824522949535037,-1.0227447034254857,-0.5235987755982987
4570,1787226323.9905586,2.2372482407207137,-1.1928019732540407,-1.2193488457763964,-2.1796766104776175,-0.8241713928419429,-1.0540728329277473,-0.5235987755982987
4571,1787226324.0351186,2.2788794280357845,-1.192847015045414,-1.216254614108336,-2.161852510148257,-0.8399595924861389,-1.0489796590404423,-0.5235987755982987
4572,1787226324.0855381,2.3059396997905806,-1.2045030470587417,-1.2116405014144693,-2.228950765341675,-0.8492507530168337,-1.0423978976046844,-0.5235987755982987
4573,1787226324.1391208,2.3235288764311983,-1.2126218285438877,-1.2016913204899637,-2.166124025513712,-0.85452373319307,-1.0232765082637898,-0.5235987755982987
4574,1787226324.190042,2.3349618412475994,-1.2199516673630528,-1.1772185772508428,-1.983126371849545,-0.8652437424501951,-1.028909123483603,-0.5235987755982987
4576,1787226324.2750754,2.266558122636076,-1.2086076705916016,-1.3018102607462467,-2.1137002132695253,-0.8875501888265833,-1.2145225517952722,-0.5235987755982987
4577,1787226324.3553667,2.2979308512807703,-1.223318862976023,-1.3395393892115475,-2.0220250217234663,-0.9167135941953615,-1.091617786118162,-0.5235987755982987
4578,1787226324.4058068,2.2771185576778725,-1.2402288687338614,-1.3932091433532638,-2.1180825938109313,-0.9323502755144297,-1.0515939237943757,-0.5235987755982987
4580,1787226324.4988952,2.1543635363986224,-1.2203545650794585,-1.4380071450557286,-2.201421757544426,-0.9213292417884895,-1.0602875643766843,-0.5235987755982987
4581,1787226324.5868027,1.8422297421320746,-1.2133419442532123,-1.4120942751000813,-2.028951512140779,-0.8652532149620349,-0.366925934498374,-0.5235987755982987
4582,1787226324.6320524,1.6221681099554566,-1.2071430450951885,-1.4121153028606934,-1.9762164970625733,-0.8175903460827042,0.17047321271965984,-0.5235987755982987
4583,1787226324.683033,1.4719300776878321,-1.2042214756215812,-1.4137920954347547,-1.839776563736621,-0.7881348689035498,0.5682385030542683,-0.5235987755982987
4584,1787226324.7268808,1.3733492226176138,-1.207972850320786,-1.3881399015877047,-1.8947837018378548,-0.7777435159259476,0.5073077030989307,-0.5235987755982987
4585,1787226324.7711587,1.3712244745726914,-1.2059448248453917,-1.359606287540631,-1.884455193669576,-0.7694701535236075,0.7036190666957551,-0.5235987755982987
4586,1787226324.8125012,1.4034513590818436,-1.2045101109895677,-1.3383728046914762,-1.8527156135226732,-0.7685135732022805,0.9763921216511778,-0.5235987755982987
4587,1787226324.85373,1.4092293593495215,-1.2021387104199122,-1.318805614510169,-1.816845660124983,-0.7514170555828528,1.0457001788536582,-0.5235987755982987
4588,1787226324.91484,1.4078322754110149,-1.202877415491726,-1.308925006656563,-1.3755214722091438,-0.7407910658172314,1.1780056902198097,-0.5235987755982987
4589,1787226324.9577456,1.5529684023622434,-1.199677866458745,-1.3046318788104823,-1.0753825874969265,-0.7432277300413666,1.0722752509637379,-0.5235987755982987
4590,1787226325.0206416,1.588333811797288,-1.2044193883315306,-1.29971847484305,-1.3398313418746408,-0.7380542035996712,1.005765672710816,-0.5235987755982987
4591,1787226325.0715976,1.6517293908551665,-1.2022962542651063,-1.2880510394346474,-1.3310771041344793,-0.7371012063392703,0.1515707416337243,-0.5235987755982987
4592,1787226325.1206577,1.6872423829355223,-1.1987905345440468,-1.2860828472821704,-1.6898681892547323,-0.7330262451980337,-0.4151378809006134,-0.5235987755982987
4593,1787226325.171691,1.7561483700629694,-1.1963732209426803,-1.2826494950841874,-1.8886945635282628,-0.7591518918355105,-0.645389322730155,-0.5235987755982987
4594,1787226325.2195766,1.7710966218056605,-1.193412498606523,-1.2810259110968985,-2.0523195378606918,-0.7818267215299821,-0.8211580199011126,-0.5235987755982987
4595,1787226325.2635298,1.8059561645775077,-1.1882097087092636,-1.284676703140829,-2.15867577117677,-0.772234209427547,-0.9414897880578543,-0.5235987755982987
4596,1787226325.3071084,1.8651325968699994,-1.18057828740368,-1.2805456817937402,-2.2278073228322213,-0.7577840013290306,-1.0311239831746515,-0.5235987755982987
4597,1787226325.348179,1.823180160992597,-1.18500150854865,-1.279167990376058,-1.6763093702636758,-0.7422613935293201,-0.4755042549458445,-0.5235987755982987
4598,1787226325.3889542,1.8753647441150734,-1.187518973944181,-1.2816804549332783,-1.562812053275192,-0.7688459169711954,-0.2702827767517928,-0.5235987755982987
4599,1787226325.437717,1.879699269140691,-1.185000208605577,-1.2847602649514616,-1.83669686169631,-0.780389080886238,-0.623883168794439,-0.5235987755982987
4600,1787226325.4834554,1.8564715017961941,-1.1820690723983542,-1.283179608478623,-2.0185210316699225,-0.7996304091420893,-0.8168280387294056,-0.5235987755982987
4601,1787226325.5248368,1.8448257825196535,-1.1912287446559657,-1.2633257137397562,-2.072447799768986,-0.8311393156409341,-0.8976948192928139,-0.5235987755982987
4602,1787226325.56637,1.8631650065157555,-1.1938094658596656,-1.2228482406983687,-2.1008191328637795,-0.8532488210883076,-0.9421113048490102,-0.5235987755982987
4603,1787226325.607352,2.035725325802562,-1.1935466835059603,-1.2012116422715415,-2.015399362696599,-0.9019738827293148,-0.9575508497539347,-0.5235987755982987
4604,1787226325.6490214,2.042143683910303,-1.1887605453877674,-1.1816049855385604,-2.1346776573201103,-0.885229113522132,-1.0319301867959725,-0.5235987755982987
4605,1787226325.711082,1.9284528928001912,-1.1928438461435351,-1.1906989775212535,-2.067765531488864,-0.8472793793632455,-0.9286033165081903,-0.5235987755982987
4606,1787226325.7607336,1.8759071875577487,-1.1900613357350616,-1.1978493577100247,-2.1465121781783107,-0.8246812515092862,-0.9589511971861995,-0.5235987755982987
4607,1787226325.8147604,2.0440077434798574,-1.1942087906602388,-1.204138325428316,-2.094750466676749,-0.8580567454072654,-0.9521510626307879,-0.5235987755982987
4608,1787226325.8659918,2.153273104829228,-1.2013800951542037,-1.2196984757345763,-2.097165147690447,-0.9070884470885756,-0.9905868938712282,-0.5235987755982987
4609,1787226325.914691,2.038130015865705,-1.1997594673435552,-1.2488197730951902,-2.187825417566111,-0.9008496885033799,-1.0806988077605282,-0.5235987755982987
4610,1787226325.9686215,2.101407688732794,-1.2044030603123477,-1.243586122487554,-2.1916942576319283,-0.9068398983424321,-1.1677674807833904,-0.5235987755982987
4611,1787226326.0199034,2.1905830692436368,-1.2113649455555249,-1.2354857141580438,-2.180927780678129,-0.9083100056963809,-1.1030878469728753,-0.5235987755982987
4612,1787226326.0759234,2.248547066575685,-1.2192116824641175,-1.249330755459804,-2.1925947137118245,-0.9087967153839719,-1.071986241792536,-0.5235987755982987
4614,1787226326.179808,1.9823498119686855,-1.2029839594072804,-1.3512736774610214,-2.2498546354800064,-0.9153307700650761,-1.1946632594771582,-0.5235987755982987
4615,1787226326.2585418,1.8784752146506154,-1.1976610938933372,-1.368678241879499,-1.7137113490210434,-0.8843992274792694,-0.3854308317009141,-0.5235987755982987
4616,1787226326.323831,1.754222010572262,-1.1938390042544367,-0.35952619081163195,-1.8512661754306978,-0.8590878278293215,0.15197679712065504,-0.5235987755982987
4617,1787226326.3845673,1.525039652917851,-1.188813503788786,0.2895548822785821,-1.8313373993664834,-0.8375970234526022,0.510845622821058,-0.5235987755982987
4618,1787226326.4498122,1.4126438557658774,-1.1889804519960472,0.35868625569937884,-1.723898845663769,-0.8542770100017111,0.7752187584094288,-0.5235987755982987
4619,1787226326.5015976,1.3079160050279464,-1.1919954176742056,-0.14029013508290297,-1.5276497650846674,-0.8600444320025598,1.0501119190425199,-0.5235987755982987
4620,1787226326.5494397,1.2691161312676558,-1.2013837617674954,-0.40508695931672223,-1.4389751864481237,-0.877038821223439,0.9256454196027667,-0.5235987755982987
4621,1787226326.6018937,1.2224085785493444,-1.2070095767854678,-0.6968705568609719,-1.3714631760143752,-0.8825586225195317,0.8679228840956963,-0.5235987755982987
4623,1787226326.7131672,1.4863075366655936,-1.1874882196917127,-0.9979520979717538,-1.557091884180045,-0.8211412415671149,0.7667102610171643,-0.5235987755982987
4625,1787226326.834194,1.5723537207782918,-1.199245941095082,-1.157986810188541,-1.83677779628435,-0.8652602502400084,-0.03211242261735342,-0.5235987755982987
4627,1787226326.939445,1.6006560136365615,-1.1776281157695792,-1.2886250636122516,-2.018573639152148,-0.9119235993571475,-0.435316423020642,-0.5235987755982987
4628,1787226327.0112517,1.5447891474420548,-1.1692573106685404,-1.2928402846193163,-2.1084423357843622,-0.837342951275299,0.04399732167242082,-0.5235987755982987
4629,1787226327.057916,1.621389390454771,-1.1729241431654798,-1.280560535888636,-2.0722479241511804,-0.7822847151092669,0.41483328407928294,-0.5235987755982987
4630,1787226327.1085749,1.4961305656343324,-1.1687808883017365,-1.2649408899087793,-2.0980068219614445,-0.7121464974634655,0.531482561411988,-0.5235987755982987
4631,1787226327.1607387,1.5598916015714865,-1.169540488723375,-1.283229248398445,-2.1210887367068687,-0.6942680255136784,0.34280784239423395,-0.5235987755982987
4632,1787226327.2087686,1.5493348191471696,-1.1722982084537352,-1.2941098659417603,-1.9277438166024636,-0.6703645776832415,0.33321697145595947,-0.5235987755982987
4633,1787226327.250706,1.7411608699506602,-1.1867835712056172,-1.2976992381000443,-1.9426976923419352,-0.66241473738777,0.11544095683549965,-0.5235987755982987
4634,1787226327.2930217,1.8202246177569408,-1.1991265810953964,-1.3003983922626952,-2.0874215715895783,-0.6535735255137629,-0.16572667924549014,-0.5235987755982987
4635,1787226327.336987,1.8174597062444606,-1.2096062563437133,-1.2920932168775257,-2.1814920931005464,-0.6638753869304514,-0.4087276363594672,-0.5235987755982987
4636,1787226327.3791373,1.9927376239130612,-1.2191001376532227,-1.3216375229771107,-2.201340018512999,-0.697133445781997,-0.5636228525394159,-0.5235987755982987
4637,1787226327.423078,2.098007282572972,-1.230532108989847,-1.3351416086787706,-2.2220828052986015,-0.7255431237732948,-0.6563422759419975,-0.5235987755982987
4638,1787226327.463897,2.112042257276748,-1.2503627401119095,-1.3538332638653863,-2.2589538510381164,-0.7287236671672643,-0.7568912481803445,-0.5235987755982987
4639,1787226327.50701,2.099597154303376,-1.264883614150779,-1.362125465705615,-2.2929880747420963,-0.7247808207558,-0.8004565437868032,-0.5235987755982987
4640,1787226327.5526257,2.188850696053138,-1.2710843776331286,-1.3583513520707071,-2.313094989021314,-0.7604665453760471,-0.8679303605997253,-0.5235987755982987
4641,1787226327.5979218,2.2474210240018606,-1.2851578285368643,-1.3539701279115715,-2.186604255395533,-0.8149783075050976,-0.9270733132673843,-0.5235987755982987
4642,1787226327.6401017,2.28549173716853,-1.2874792855572534,-1.3382948232543035,-2.245960837574417,-0.8462267381261608,-1.0376379605606199,-0.5235987755982987
4643,1787226327.703507,2.1724514111161723,-1.2816409671186877,-1.3374844035959268,-2.284542615990692,-0.8622002564707516,-1.0836176883510678,-0.5235987755982987
4644,1787226327.748495,2.236761488792833,-1.2919150190556872,-1.3505619297548,-2.3015016940006214,-0.8865656825078796,-1.0384191873511204,-0.5235987755982987
4645,1787226327.7956324,2.030573791040192,-1.2895551231245448,-1.357778187547893,-2.3206441726677247,-0.8563113537422291,-1.2039295149160527,-0.5235987755982987
4646,1787226327.8484182,1.907025894638286,-1.2907090664524445,-1.3754798989026686,-2.333086783801342,-0.8100525354406172,-1.1482226465486272,-0.5235987755982987
4647,1787226327.8920872,1.850633599309635,-1.2825038236406427,-1.3912229522741577,-2.341174481038193,-0.8454985671693178,-1.2246880975241374,-0.5235987755982987
4649,1787226327.9914956,1.54857355787797,-1.2182342435263434,-1.2042425269108672,-1.9526143669018772,-0.7118659407312262,-0.6101374500530253,-0.5235987755982987
4650,1787226328.0680907,1.5943297753709198,-1.1841760269524646,-1.3021566986378246,-2.073285224310863,-0.688970504540604,-0.8289372040647655,-0.5235987755982987
4651,1787226328.1148248,1.6147894577597703,-1.1522537981837038,-1.395108374705824,-2.1723034673693817,-0.6030895526309451,-0.9268195961281807,-0.5235987755982987
4652,1787226328.1731439,1.8014596461373595,-1.12799697140079,-1.455519266006823,-2.2366653253574187,-0.6039311673725359,-1.0152034258683176,-0.5235987755982987
4653,1787226328.2155805,1.8810512869117915,-1.1299035611897514,-1.49046066198579,-2.278500533049643,-0.6592617770086873,-1.0799599453042443,-0.5235987755982987
4654,1787226328.259579,1.8364698515600157,-1.143867769063964,-1.5101779913874833,-2.3056934180495885,-0.6993964650714399,-1.0608721662020242,-0.5235987755982987
4655,1787226328.320024,1.7333466470842374,-1.1600019604852347,-1.5105337788299291,-2.3233687932995535,-0.7149458475615862,-1.0298706391398709,-0.5235987755982987
4656,1787226328.3665354,1.7983039730474113,-1.174084439739019,-1.530467944297436,-2.33485778721203,-0.7273130312294689,-0.9951320647337485,-0.5235987755982987
4657,1787226328.4186888,1.8894341792495775,-1.1893818983860913,-1.5162494573482004,-2.3299277941794494,-0.7437680425768517,-0.9807837259548823,-0.5235987755982987
4658,1787226328.4612324,1.909581148228518,-1.2059791727795757,-1.4985918960306672,-2.335532211766587,-0.7645621711321942,-0.9601205306925263,-0.5235987755982987
4659,1787226328.5028481,1.7722403791654848,-1.2118540950964396,-1.5164196109502428,-2.3427640092156023,-0.7490404735878655,-0.9193855237022631,-0.5235987755982987
4660,1787226328.5457509,1.7282826545620673,-1.2076196828104073,-1.533792502194569,-2.347464677557462,-0.7630944859550546,-0.9621906098053747,-0.5235987755982987
4661,1787226328.5872223,1.690410650031585,-1.2066708116359046,-1.544010791422417,-2.3505201119796713,-0.7752728024677273,-1.0191954499035922,-0.5235987755982987
4662,1787226328.6300972,1.7130435748734367,-1.1950803042178615,-1.5474995212524807,-2.3525061443541073,-0.7717309279657868,-1.0598296729516268,-0.5235987755982987
4663,1787226328.67905,1.7150429045115527,-1.1820541344457975,-1.5174202923150935,-2.3537970653974902,-0.7661396961641914,-0.9845723774954762,-0.5235987755982987
4664,1787226328.7304935,1.6013107394362267,-1.1885121167404864,-1.5024252899859958,-2.2539433151960875,-0.7693760364739992,-0.9348769963854833,-0.5235987755982987
4665,1787226328.7845514,1.6256537451190867,-1.1834196410771654,-1.4603852429874669,-2.2897312264447773,-0.7406447109877478,-0.9314880593159042,-0.5235987755982987
4666,1787226328.8290002,1.8454713630318502,-1.1797302102578378,-1.4488039782445619,-2.312993368756426,-0.7523383520340876,-0.8680813683989914,-0.5235987755982987
4667,1787226328.8736265,1.7530417296730991,-1.1849426704153325,-1.4698209489508964,-2.3281137612589973,-0.799551430112154,-0.9058965727663825,-0.5235987755982987
4668,1787226328.918419,1.6848321715407315,-1.1965159583019092,-1.4768621928088104,-2.337942016385669,-0.846627083634017,-1.0032421497927093,-0.5235987755982987
4669,1787226328.969491,1.757634553132214,-1.2020540157695705,-1.4928890477806864,-2.3443303822180055,-0.8751794991005784,-1.0126245833328764,-0.5235987755982987
4670,1787226329.0133023,1.8539646594961705,-1.1876902020700755,-1.496819495434738,-2.3484828200090244,-0.8352786166403277,-1.0787192860709505,-0.5235987755982987
4671,1787226329.0562468,1.894954144381477,-1.1952520888390925,-1.4954692273805335,-2.3511819045731865,-0.8144774890402164,-1.1167721100428505,-0.5235987755982987
4672,1787226329.0988202,1.852629805325493,-1.2031650834066128,-1.495454599506525,-2.352936309539892,-0.8017984476133616,-1.1119617526437475,-0.5235987755982987
4673,1787226329.1429892,1.8753104804244012,-1.2127974443383152,-1.5105341647145687,-2.3540766727682505,-0.8318925588043262,-1.1251517864732132,-0.5235987755982987
4674,1787226329.1858208,1.7605435989722464,-1.2189851604858646,-1.5060574487633969,-2.2728149795748367,-0.8548600077688444,-1.2338461987529659,-0.5235987755982987
4675,1787226329.2367659,1.6873452758421217,-1.2227474828790954,-1.4980784994880105,-2.048226745910895,-0.8971532142001918,-1.2653600713691489,-0.5235987755982987
4676,1787226329.28003,1.554894783786318,-1.2260741966890445,-1.4986495301280236,-1.675242603295457,-0.9179791032499942,-0.43045357760901704,-0.5235987755982987
4677,1787226329.3255434,1.493649462350002,-1.231910579521319,-1.4696225642751843,-1.6856210280171862,-0.9425638777384571,0.12531068867419043,-0.5235987755982987
4678,1787226329.3731833,1.3180059557602535,-1.2388651664302262,-1.4391252229215525,-1.4751082988147293,-0.9540720142217186,0.5829790049644794,-0.5235987755982987
4679,1787226329.4150414,1.356607805091026,-1.232280002832982,-1.4218020102373106,-1.6124972841900003,-0.9337033180624973,0.7751224311084282,-0.5235987755982987
4680,1787226329.4573476,1.4921943440777206,-1.228402461793987,-1.4372284705486882,-1.8281892754192903,-0.9299557320254312,0.23107457880684978,-0.5235987755982987
4681,1787226329.5030937,1.575065040744228,-1.220272971684779,-1.454258567226232,-2.0129911005898595,-0.9118955918424981,-0.16211982469695152,-0.5235987755982987
4682,1787226329.5456557,1.5266710327346131,-1.2242394039830378,-1.4855910693536898,-2.1194344804396628,-0.927575962781305,-0.27202822944335275,-0.5235987755982987
4683,1787226329.5931945,1.4955466329091704,-1.2264391893505615,-1.5001408970684358,-2.1304313805940396,-0.939397537536377,-0.6762805138560146,-0.5235987755982987
4684,1787226329.6388671,1.5417673834830055,-1.2197037193096818,-1.5018120026856052,-2.2094484689534464,-0.9014414944561838,-0.9837000014865818,-0.5235987755982987
4685,1787226329.6866693,1.552158177798624,-1.2160134652380759,-1.5234771942797969,-2.260809576387061,-0.8636660353359258,-1.0632492895435695,-0.5235987755982987
4686,1787226329.7535558,1.6746448784150965,-1.2223024116849037,-1.5189813332855673,-2.2941942962189104,-0.7704082580775778,-1.0971092855434448,-0.5235987755982987
4687,1787226329.803736,1.6786726551470246,-1.2360851728102336,-1.4990711859812955,-2.315894364109613,-0.762795083186365,-1.2180095259241392,-0.5235987755982987
4688,1787226329.851865,1.7054303703748621,-1.23390900069805,-1.5073516308965356,-2.329999408238569,-0.7881730695925394,-1.2501935551336825,-0.5235987755982987
4689,1787226329.895838,1.6697003084641047,-1.249600630617202,-1.5160207385011422,-2.3391676869223907,-0.8365971495988165,-1.2682717534389796,-0.5235987755982987
4690,1787226329.9456644,1.7706290166074727,-1.2664785171369521,-1.4810970654643518,-2.3451270680668745,-0.9022310322786873,-1.2817556146306082,-0.5235987755982987
4692,1787226330.0427983,1.8732672053709907,-1.2659416456778838,-1.4986165730419438,-2.127022807620015,-0.956817059895049,-1.2847172671060911,-0.5235987755982987
4756,1787226333.1256773,1.4563224223905131,-1.1874949441090954,-0.478899445064871,-1.8803828388631452,-0.951520086581786,-0.4094683299059222,-0.5235987755982987
4757,1787226333.1980894,1.5140653728667948,-1.0370528397703145,0.1134424180943765,-1.8526459049298833,-0.6538359053017687,0.22577057603441347,-0.5235987755982987
4761,1787226333.4160733,1.1530118777535552,-1.0664221750976026,0.44304926711139075,-1.577806884642854,-0.7534663552200245,0.6173145465875957,-0.5235987755982987
4762,1787226333.5050554,1.3799627439729047,-1.0846778126460672,0.6592552070259945,-1.5068483098089003,-0.858934163605088,0.820164097892462,-0.5235987755982987
4765,1787226333.695716,1.2714590361146447,-1.0957083764599487,0.7145746092678279,-1.3546121813451928,-0.8832131101717015,1.049746578687315,-0.5235987755982987
4775,1787226334.2556636,1.329462221623299,-1.0997975503804138,0.8708022022912852,-1.7051659894416962,-0.8994155436280512,1.2228719149403702,-0.5235987755982987
4776,1787226334.3285463,1.6501052888428887,-1.1140014993227554,0.9843439979672504,-1.7643430634378519,-0.9410629018620703,1.3211600279831723,-0.5235987755982987
4777,1787226334.380482,1.8972365093151984,-1.145377697325717,1.077410233744461,-1.8659170183590592,-0.9955592483208674,1.3572592098492229,-0.5235987755982987
4778,1787226334.425738,2.0578718026221994,-1.1711302532062904,1.1454560703324699,-1.9235882833498446,-1.0269431992438371,1.3850049635158672,-0.5235987755982987
4779,1787226334.4778695,2.1622847432717505,-1.1981282692928854,1.1926922772916186,-2.0213425285247264,-1.0629767553949616,1.3948418000348028,-0.5235987755982987
5170,1787226351.4139397,2.180283319771884,-1.209176240180809,1.3122660856684638,-2.0955626764778965,-1.1164144057757683,1.3426849162956098,-0.5235987755982987
5176,1787226351.7089531,1.6311042459719673,-1.199976300267743,1.002384080812573,-2.1238185097178026,-1.1843946751322592,1.1797758958075362,-0.5235987755982987
6005,1787226385.5268948,1.6610710892975198,-1.3124474210006283,1.1345449102641114,-2.065727111946784,-1.2742791212323565,1.2933385468518506,-0.5235987755982987
6008,1787226385.7319994,1.6644617715465255,-1.352280660624005,0.7292420771345641,-2.16739069433273,-1.1689532315200992,0.9282507134134873,-0.5235987755982987
6010,1787226385.8587685,1.6706571601128732,-1.2021126666450448,0.4620181931169379,-1.8291486454865193,-1.034721313761288,0.9419482443352301,-0.5235987755982987
6011,1787226385.9281983,1.6721645316995914,-0.616439619005815,0.28830386878011105,-1.8872802099106483,-0.5076352396313731,0.07002122747236528,-0.5235987755982987
6012,1787226385.976151,1.9115750171720551,-0.8639757937755526,0.7031968067821444,-1.5024244865160676,-0.8524076048103502,0.4220623862472664,-0.5235987755982987
6013,1787226386.0350642,2.0671918327291565,-1.0129629854046238,0.9546270816472888,-1.1747754358346065,-1.091626352740981,0.6368467430524668,-0.5235987755982987
6014,1787226386.0958927,2.168342762841273,-1.0864282676604162,1.1327620270366099,-1.4042990851898152,-1.2310200331620487,0.7306379841742925,-0.5235987755982987
6015,1787226386.1453474,2.022673650153278,-0.5412447596658064,1.2573611793876371,-1.2705650915706461,-0.6352294072418676,0.8004456614929076,-0.5235987755982987
6016,1787226386.1977928,1.989734815441809,-0.18687547946931007,1.1880156641747561,-1.3453984164663573,-0.24796550039374984,0.9071472113314376,-0.5235987755982987
6017,1787226386.2518756,2.1009065046636586,0.043464552658412564,1.3217129758109896,-0.9120197218584661,0.003756039057526722,1.1204705355170534,-0.5235987755982987
6021,1787226386.4849257,1.8139445216466044,0.1931855735414323,1.3895756838527187,-1.4174808907753236,0.1673750397008565,0.26216593223092827,-0.5235987755982987
6024,1787226386.6796288,1.5729666385700005,-0.013305088993867398,1.4496754850270985,-1.746030650571281,0.13311200629162648,0.6056678700556498,-0.5235987755982987
6026,1787226386.7921786,1.431273426400752,-0.30452209227123384,1.461005627124499,-1.4924116233609244,-0.028863086688019915,0.93966277655955,-0.5235987755982987
6035,1787226387.472547,1.5242523142637783,-0.6374802893719769,1.4835775422433048,-1.588360863938627,-0.4648916682822236,1.1579596665285228,-0.5235987755982987
6046,1787226388.046459,1.36225140271573,-0.8613923842063411,1.5025790416986946,-1.5434876293517723,-0.7483477593446292,1.2925127618817247,-0.5235987755982987
6047,1787226388.119741,1.2486229810761662,-0.9885706946047461,1.5162709106483767,-1.5481725082179225,-0.9221244084339253,1.3305526214795655,-0.5235987755982987
6048,1787226388.1647112,1.256840760133847,-1.0473397787234089,1.5252965333635116,-1.5510201074917096,-1.0304836337558898,1.3605927984955264,-0.5235987755982987
6049,1787226388.2126477,1.3485677102726812,-1.0928204827028276,1.5383565457914883,-1.5900568820305208,-1.1008743957537919,1.3896817300887874,-0.5235987755982987
6050,1787226388.2635334,1.4314567163242726,-1.11340472440686,1.545097966519707,-1.598516771919813,-1.1478714116359283,1.4035458767843092,-0.5235987755982987
6055,1787226388.5799544,1.362260518701431,-1.2115290641671108,1.5237122045314206,-1.493192369718943,-1.2079919352471962,1.4439111527013049,-0.5235987755982987
6056,1787226388.6778975,1.3995195276306716,-1.2490107058027262,1.518450213759521,-1.47771120218469,-1.2573521463147186,1.456070969397262,-0.5235987755982987
6057,1787226388.738767,1.3615767282602373,-1.272294068579131,1.5109341309572015,-1.4482523257593953,-1.3026272965420151,1.4642737126535068,-0.5235987755982987
6058,1787226388.7940416,1.28955621234519,-1.2915219975864425,1.5052393834502462,-1.389312432989478,-1.3413745540270718,1.4708570693199405,-0.5235987755982987
6059,1787226388.84737,1.1339447391822088,-1.3101646094674293,1.5004817402019373,-1.3487374912660495,-1.368537845960236,1.479489120330569,-0.5235987755982987
6060,1787226388.8976936,1.164481282885012,-1.320690134736615,1.4989918090331587,-1.3352081176957096,-1.381790415068584,1.484702309021472,-0.5235987755982987
6061,1787226388.9481666,1.1283834803948123,-1.3194939637034637,1.5027318915343344,-1.2990174877888414,-1.3770687414038867,1.4851395560602696,-0.5235987755982987
6062,1787226388.9968958,1.1009069767271011,-1.3193454455650935,1.4940706816056402,-1.2483979570077648,-1.3766528864914027,1.471568386512491,-0.5235987755982987
6063,1787226389.0609436,1.0239194778423304,-1.3106519878044325,1.4873370830534505,-1.25240270206509,-1.3780887587683703,1.4593356032847198,-0.5235987755982987
6064,1787226389.132671,0.9985408062088879,-1.3057325029317979,1.4883606098175992,-1.3012699188623096,-1.3697795699660067,1.4545625215549882,-0.5235987755982987
6065,1787226389.1812358,1.0004064056453443,-1.2933814705003406,1.492329865366313,-1.4166878497990754,-1.352490101580612,1.4322702272764225,-0.5235987755982987
6066,1787226389.2275863,1.1270008007347967,-1.2785113901322789,1.4931229773922232,-1.5257864267572576,-1.3308601969954783,1.4165659367497225,-0.5235987755982987
6068,1787226389.3340495,1.2869395675113946,-1.2610866567658099,1.482365754536648,-1.5192832744208662,-1.3113690932000395,1.4637619302145153,-0.5235987755982987
6069,1787226389.4089184,1.4148983790094634,-1.263176927591446,1.492464248644326,-1.5450970355066416,-1.2981995209752422,1.4679920946082883,-0.5235987755982987
6070,1787226389.4596825,1.4000305905243342,-1.27319424785383,1.5157163010555803,-1.5375796367581605,-1.2738762046053402,1.4645157504280724,-0.5235987755982987
6071,1787226389.5039916,1.3498847978045683,-1.2792986265913422,1.513126537168111,-1.5259944710243314,-1.2467221088838956,1.4646774228559933,-0.5235987755982987
6072,1787226389.5470548,1.195302632752382,-1.2761925169501733,1.5146788060077072,-1.4870178729625538,-1.2349380928594207,1.4687805552449338,-0.5235987755982987
6073,1787226389.596455,1.0383216458744704,-1.267317059477491,1.5167447221829429,-1.4602521059916376,-1.232359234991742,1.4692897786801258,-0.5235987755982987
6078,1787226389.9234686,0.9419067758000785,-1.2273601300838153,1.5284772197910979,-1.454777138456608,-1.2403695495491585,1.497672933583255,-0.5235987755982987
6079,1787226390.011429,0.9862725294993075,-1.2037259884834315,1.5365392085329879,-1.4611335483258538,-1.228580253425258,1.4844890577926253,-0.5235987755982987
6080,1787226390.057225,0.9005298257815355,-1.174444343001741,1.5429018471932405,-1.4716289001177774,-1.197492566722419,1.347524851739506,-0.5235987755982987
6083,1787226390.2188852,0.7831756620395924,-1.1530878975889518,1.5487733795939937,-1.4354717828317496,-1.1939863738562209,1.3764356804302114,-0.5235987755982987
6088,1787226390.5708883,0.7179761203926811,-1.1567046879223264,1.556390952297852,-1.2994520206987805,-1.214815374907272,1.410380537206108,-0.5235987755982987
6089,1787226390.6503952,0.654253054149235,-1.1550027331230017,1.5482024858396057,-1.295322983641886,-1.2058385357054382,1.2502103848097845,-0.5235987755982987
6091,1787226390.747655,0.6067122423182533,-1.1507941551143814,1.5385924455226108,-1.1541057153418224,-1.2214225435878385,1.25913495148563,-0.5235987755982987
6092,1787226390.8211744,0.6304408526473966,-1.1292137373526634,1.5126858996941073,-1.2020385604075796,-1.1860752939268484,1.1429904846184296,-0.5235987755982987
6093,1787226390.864059,0.6599038630334869,-1.112856201637997,1.4909032517725334,-1.243154959412378,-1.1505646895647348,0.9615073948027397,-0.5235987755982987
6094,1787226390.9131489,0.7473398803724156,-1.0861771202992734,1.471273018092297,-1.282754262027826,-1.1309505961937196,0.8289303820496952,-0.5235987755982987
6096,1787226391.0135162,0.7920280907148194,-1.0328239319118304,1.4845257778038723,-1.0975859587856838,-1.0872140340316558,0.5860606804789966,-0.5235987755982987
6099,1787226391.2170153,0.6846168586258772,-0.9806487762752676,1.4950157712890348,-0.9827837020055208,-1.0525111133735958,0.8240652901093105,-0.5235987755982987
6103,1787226391.5002515,0.6723705459499558,-0.9780911145970301,1.470114575638151,-0.9311971756533093,-1.0592717294382508,0.9425961331840034,-0.5235987755982987
6105,1787226391.6421807,0.6160211943352996,-0.9993565665682973,1.492672189304613,-0.8593028816856276,-1.0864642981817776,0.9801202780988831,-0.5235987755982987
6107,1787226391.785886,0.6436694663400664,-1.0231890734249065,1.4941636121668862,-0.9346796024506411,-1.1114999741748808,1.1242551604407494,-0.5235987755982987
6109,1787226391.908733,0.6337528823856926,-1.0272148674765673,1.5183901419760728,-0.9786123467961094,-1.1276734326079356,1.1202317414487237,-0.5235987755982987
6112,1787226392.091727,0.5962816153484525,-1.053171868360974,1.5260989909211244,-1.0404959167044228,-1.1446776299444794,1.1510245305292368,-0.5235987755982987
6117,1787226392.4496012,0.6644686483367083,-1.0869117057990438,1.5392889468814412,-1.1700634151473088,-1.1768109102917255,1.2759259183629037,-0.5235987755982987
6119,1787226392.5699847,0.6594021049757617,-1.0859578062569188,1.5315402252565335,-1.1828852227747504,-1.182139446599926,1.2979838085266957,-0.5235987755982987
6122,1787226392.7641518,0.6841038835371475,-1.1004262411121606,1.5328592142582655,-1.1369905183842604,-1.2006679888806815,1.2832587517717202,-0.5235987755982987
6124,1787226392.8915734,0.7450420195528668,-1.0770569640364562,1.5371388380043796,-1.2194806027589542,-1.1781251348953037,1.3238067905043944,-0.5235987755982987
6126,1787226393.0114384,0.6927693916528099,-1.0273779656640765,1.548108482387406,-1.2186865667800975,-1.1310023500826916,1.334212783031664,-0.5235987755982987
6128,1787226393.1335816,0.7056129821899901,-1.020373648104709,1.537266286976879,-1.1857258156342942,-1.1271576776261654,1.267951763547142,-0.5235987755982987
6130,1787226393.257414,0.9877709827058847,-0.9832629218664096,1.5417168344550458,-1.3257648600793814,-1.1093611011762896,1.3512135061864867,-0.5235987755982987
6132,1787226393.3755443,0.8912784905342963,-0.9969280201585602,1.5494862985041808,-1.295040262007111,-1.129307400903829,1.3698507260226949,-0.5235987755982987
6138,1787226393.7875216,1.4039990904146133,-0.97199692777736,1.4806585486428863,-1.2423209617494766,-1.0885703111926677,1.426885616859312,-0.5235987755982987
6143,1787226394.20352,1.7158474560220767,-0.969434468226315,1.4486089634978867,-1.3268281860922564,-1.0708501185397676,1.4437633189380576,-0.5235987755982987
6145,1787226394.3378527,1.4812180424391699,-1.0093811026411155,1.4606840858016839,-1.1703756226915967,-1.1152661698848059,1.241966692635747,-0.5235987755982987
6147,1787226394.4638102,1.7874597991527812,-0.9745124120984111,1.4169145173989048,-1.4083781468062015,-1.0615249780414135,1.2385418122405212,-0.5235987755982987
6149,1787226394.600122,1.4104667661155537,-0.9892618179888858,1.4412615251388194,-1.393414628812366,-1.0703432430522832,1.2639786287369374,-0.5235987755982987
6151,1787226394.7286952,1.2262014179309078,-1.0442543334325864,1.4823471796188175,-1.3985950298797394,-1.114471342920826,1.3665023196923327,-0.5235987755982987
6153,1787226394.8517056,1.1148199760906075,-1.0715492966396192,1.5130721431872418,-1.412480467339888,-1.1438825945862017,1.434230086567441,-0.5235987755982987
6154,1787226394.925591,0.9843056705416846,-1.0996399749021952,1.5229443715527489,-1.3129526736076773,-1.1309607359846345,1.2616846284541527,-0.5235987755982987
6157,1787226395.1047072,0.9676203588245657,-1.1063838281634444,1.5260255373628873,-1.3550190001065399,-1.1643066598701217,1.3367817883683601,-0.5235987755982987
6158,1787226395.1765802,0.8907168835157877,-1.1261135324325071,1.537145755244301,-1.2961947829014384,-1.1200619260534284,1.1175953017439408,-0.5235987755982987
6159,1787226395.2325082,0.8880080385110244,-1.140116592123828,1.5100986692394534,-1.2350687051946094,-1.1104049070704123,0.620468294581146,-0.5235987755982987
6162,1787226395.4165256,0.8035970873524798,-1.1235378416438433,1.5118129749188531,-1.2574545138770152,-1.1366982685215068,0.910617864563245,-0.5235987755982987
6166,1787226395.6956887,0.7343262565456365,-1.1116870523926203,1.4907245661062474,-1.2639948432717731,-1.159820971847898,1.0607105372660783,-0.5235987755982987
6169,1787226395.8981526,0.7007054474446444,-1.0899672747565574,1.4767067657813642,-1.2053522999344919,-1.1492592906951182,1.1295739262186002,-0.5235987755982987
6171,1787226396.031236,0.7110936559091543,-1.0589904857140113,1.5044932669410005,-1.240834216300251,-1.143938858749035,1.2299674587425926,-0.5235987755982987
6173,1787226396.1489508,0.5983245277995081,-1.0697783111026138,1.5191798202944167,-1.0565615334490517,-1.129614175889377,1.2767896864946235,-0.5235987755982987
6175,1787226396.2615483,0.6353178267820052,-1.0200227251323377,1.492627565930817,-1.0597220915025154,-1.101051600529737,1.1099081796119936,-0.5235987755982987
6178,1787226396.4707131,1.0382045841084362,-0.988539864306196,1.4900705307691788,-1.184722368443072,-1.0851630836404058,1.1929293570902735,-0.5235987755982987
6181,1787226396.700633,0.8984695974730195,-0.9880446018788375,1.4924460953539544,-1.0346884243088723,-1.0725197976682477,1.24196519246044,-0.5235987755982987
6183,1787226396.8266792,0.8477189609632061,-1.0136331039620958,1.479368643409675,-1.145294619950556,-1.1115982415039107,1.3097725724124876,-0.5235987755982987
6185,1787226396.9559517,0.7197038587949226,-1.052415314821582,1.4824922358547596,-1.2006882523673517,-1.1474517338360735,1.297741583107364,-0.5235987755982987
6187,1787226397.0773895,0.747656774088146,-1.0917896939094929,1.5022441022740298,-1.1916826827880291,-1.184504564621729,1.361457631576468,-0.5235987755982987
6189,1787226397.196393,0.7014716446681516,-1.1164974536021384,1.52475666608001,-1.2423546848928635,-1.2039675354295374,1.432952715711085,-0.5235987755982987
6192,1787226397.4079869,0.6846601363646931,-1.1265568183482428,1.5329110163726445,-1.264472898945661,-1.2194914949652027,1.4766687311290907,-0.5235987755982987
6194,1787226397.5380673,0.6288916144606221,-1.1284614257096262,1.5177185296120954,-1.2869514432238844,-1.220543751885123,1.4254495513312946,-0.5235987755982987
6196,1787226397.6577191,0.6131678556547102,-1.1403350219065735,1.5267562828281962,-1.2339270215278184,-1.2345622293804868,1.4319578223826714,-0.5235987755982987
6197,1787226397.7273655,0.6823720003417242,-1.1492236265035107,1.5303443289151981,-1.2590823457516385,-1.2088886871682538,1.3512075066412115,-0.5235987755982987
6210,1787226398.7139776,0.6889167766822095,-1.1532480876215823,1.531331567293874,-1.2285353921357163,-1.2321473802818783,1.4120143235992362,-0.5235987755982987
6213,1787226398.903548,0.6206177148134118,-1.1298503450271065,1.5219573388879761,-1.2132879020651193,-1.2120811385200219,1.4133277993320945,-0.5235987755982987
6215,1787226399.0261102,0.6314981440950572,-1.1351137057096576,1.5327665809191884,-1.1948858467442953,-1.2252682260948444,1.4498627478162183,-0.5235987755982987
6217,1787226399.1691582,0.6430169716953816,-1.117077121209498,1.5077019468500819,-1.1573755375859338,-1.219733908803373,1.4300429884351655,-0.5235987755982987
6219,1787226399.30904,0.704270763323597,-1.1145554025141806,1.3951418459634772,-1.171099888086971,-1.2318332977777513,1.1838153739920603,-0.5235987755982987
6221,1787226399.4458933,0.7225303492934316,-1.1239605261637045,1.3740373955523515,-1.1214953679419795,-1.2335821504018933,1.1072057788624199,-0.5235987755982987
6223,1787226399.569689,0.8219001625595977,-1.1196008656030885,1.319078338199534,-1.039543963369892,-1.228740947714324,0.9745661658433835,-0.5235987755982987
6227,1787226399.8669984,0.7531761375214059,-1.08278931469688,1.3672762029824237,-1.0708281831869242,-1.2075879015226527,1.103643041502786,-0.5235987755982987
6229,1787226399.9964597,0.739648726076735,-1.0754257532677438,1.3811954360124163,-0.9750725384819139,-1.2135937944559243,1.1413502715475545,-0.5235987755982987
6231,1787226400.123646,0.6853086857131966,-1.074768131751035,1.4181161248261995,-1.059728175235413,-1.1925166089140082,1.1929265800761295,-0.5235987755982987
6233,1787226400.2447653,0.6655715229487036,-1.0492699913549999,1.4364402355250736,-1.146267520380651,-1.1580523576072583,1.236733233934377,-0.5235987755982987
6235,1787226400.3876266,0.6569343893550607,-1.066107528254233,1.483205781805673,-1.1523667320214406,-1.1754863380369172,1.314431185402209,-0.5235987755982987
6237,1787226400.5217426,0.706389201212533,-1.0695327847423992,1.4047226918766686,-1.1732432415043546,-1.175156160498071,1.1787382838967482,-0.5235987755982987
6239,1787226400.6446605,0.7201819363769875,-1.057096007246618,1.422154679326519,-1.1338498457378983,-1.1588193983016044,1.1619219448536802,-0.5235987755982987
6241,1787226400.7617934,0.7075951686685381,-1.0702793313464953,1.442974812412857,-1.0951946456129948,-1.176760303961942,1.2360843598555433,-0.5235987755982987
6244,1787226400.96986,0.6769939803295466,-1.0921348687535875,1.4605208547583755,-1.094777236553662,-1.2073478992191131,1.3046107594010758,-0.5235987755982987
6246,1787226401.0989614,0.6198150067420005,-1.1124920017939988,1.4743344998458399,-1.048591800632485,-1.2182422714222545,1.3203631198759829,-0.5235987755982987
6250,1787226401.3848193,0.6425190409390893,-1.1146568930063223,1.4362404740498904,-1.0231070748935995,-1.2185928336462608,1.282500847704638,-0.5235987755982987
6253,1787226401.5859308,0.7212982354900592,-1.1138373834054267,1.3213828922427902,-1.1452640579352908,-1.2096063061386468,1.1342859435789943,-0.5235987755982987
6256,1787226401.7800786,0.6689224549343757,-1.1248081467648718,1.3891928676899974,-1.0839612299765475,-1.216795740051067,1.2580294649301285,-0.5235987755982987
6258,1787226401.9188943,0.6593168193189755,-1.092093096879898,1.3833764901883532,-1.1128322795087202,-1.192178928443854,1.1880179712939456,-0.5235987755982987
6260,1787226402.038206,0.663631994540842,-1.090993762862772,1.434689883240798,-1.1340546705511365,-1.1938231900520884,1.2767868748337485,-0.5235987755982987
6263,1787226402.2424865,0.5970076394866799,-1.075962615713685,1.4635459516962248,-1.1323108934704673,-1.1847830270353688,1.2983491226436523,-0.5235987755982987
6266,1787226402.447364,0.6552702113227811,-1.0465217010259387,1.4931908823320168,-1.167168714769706,-1.1476660775825662,1.28866963524816,-0.5235987755982987
6269,1787226402.6559765,0.7325820320809024,-0.9800065110810998,1.4579403963939774,-1.0849132033006743,-1.093817109534604,1.2039636013920232,-0.5235987755982987
6271,1787226402.7832034,0.7468826351543266,-0.9437252629155319,1.4783855139345496,-1.1237896685763444,-1.075853430993742,1.2333069370096728,-0.5235987755982987
6274,1787226402.9906757,0.6994853905377133,-0.9843748993151071,1.4982315163804376,-1.1327703211414715,-1.1035509186870478,0.9489527023218709,-0.5235987755982987
6276,1787226403.126601,0.6381572947428802,-1.0196025478616633,1.5133623652460726,-1.1949991189386244,-1.1245708610238918,1.1029556813541723,-0.5235987755982987
6279,1787226403.3180575,0.6320597793494576,-1.0233355849862353,1.4853682967253243,-1.195420512368878,-1.1271454033281936,1.131825763158612,-0.5235987755982987
6281,1787226403.43985,0.6046502243183233,-1.0427936958017079,1.4757683055257362,-1.1796470857038037,-1.1376196412984305,1.0907624909661409,-0.5235987755982987
6283,1787226403.5618193,0.6107788867079436,-1.0354073849134915,1.5030518636973362,-1.1727128056890435,-1.1295347318610656,1.176490790326266,-0.5235987755982987
6285,1787226403.6849093,0.6311858803812737,-1.0452248461018991,1.4746994990049878,-1.1593083678316005,-1.1432387288662686,1.1462171459603319,-0.5235987755982987
6287,1787226403.8146484,0.798852656984314,-1.0367701694195557,1.3578415152686958,-1.0814428051618887,-1.1290824598387519,1.0488979045717397,-0.5235987755982987
6289,1787226403.9324548,0.7500682879126475,-1.0588251333123109,1.4001041568334436,-1.0326402683554874,-1.1381553804557758,1.1235696309581038,-0.5235987755982987
6292,1787226404.1447377,0.8412336890713211,-1.0438198813261808,1.3494201153903103,-0.9898569259116092,-1.1332547642304727,0.8805993616702974,-0.5235987755982987
6294,1787226404.2602656,0.82465294974734,-1.0527341289460217,1.3420922959528707,-0.9916672333668479,-1.1312950442898855,0.7942057581800089,-0.5235987755982987
6296,1787226404.391613,0.7765668051383376,-1.045896669853325,1.4114649371471468,-1.075399610109335,-1.1433118108666402,1.0112964659976553,-0.5235987755982987
6299,1787226404.602599,0.7353220637228911,-1.033283970421155,1.414923820253746,-1.0946943543843977,-1.146575773413636,1.0053559378025376,-0.5235987755982987
6301,1787226404.741078,0.8432399467706311,-1.0119717629145923,1.4686674957915593,-1.152216962157862,-1.1289284633295416,1.1261252960081913,-0.5235987755982987
6306,1787226405.0792818,0.8276742586784938,-0.9617395593734606,1.4935724809271629,-1.1059635677952786,-1.0986351430109824,1.2047255198290205,-0.5235987755982987
6309,1787226405.28629,0.7590730076711834,-0.9497154490997228,1.4699835598438495,-1.0743473261763272,-1.0898694723107931,1.1694476338633404,-0.5235987755982987
6312,1787226405.480926,0.6850888627758739,-1.0003712334447552,1.4864414381045519,-1.1297682879912363,-1.126479445993708,1.2244465718216664,-0.5235987755982987
6315,1787226405.6585405,0.6470846766717285,-1.00651564409556,1.4870914484641564,-1.153067475843857,-1.1297140078641852,1.250492292198911,-0.5235987755982987
6319,1787226405.9216475,0.5926831822058214,-1.025851673763009,1.482661898489189,-1.163968842812729,-1.1422736437463639,1.2428659769961532,-0.5235987755982987
6321,1787226406.0444245,0.7922093573053697,-1.029134838877186,1.3919170670394994,-1.168884375105404,-1.1473854109126536,1.038359658871963,-0.5235987755982987
6323,1787226406.1718504,0.7726832676715668,-1.0006811963378412,1.4407345582936162,-1.0510702150070113,-1.116349501606433,1.120373950079719,-0.5235987755982987
6325,1787226406.2965064,0.7171049414129855,-1.0337171696096654,1.4639755952830673,-1.0614728423501139,-1.1467890496921047,1.1904385355216482,-0.5235987755982987
6327,1787226406.4093702,0.6906670123922499,-1.0514612025864774,1.449663361732899,-0.9810404678513065,-1.1421785390745898,1.2060137701935676,-0.5235987755982987
6329,1787226406.5684433,0.6925956581411635,-1.066812729417173,1.4528705892886173,-0.9847588726774549,-1.161441083084609,1.257587250290522,-0.5235987755982987
6332,1787226406.8116858,0.5739493801856281,-1.0959793061483387,1.4846303643197096,-0.8622760241053817,-1.1728377718599539,1.365892287769027,-0.5235987755982987
6334,1787226406.9728227,0.5380395563607981,-1.0947922394242504,1.5123604084031337,-0.7964349929459491,-1.158930520482024,1.4033483700228646,-0.5235987755982987
6336,1787226407.1214726,0.5047360464169145,-1.1312371452874432,1.4773443215122835,-0.8469301927082,-1.1895587722720062,1.3663518107365125,-0.5235987755982987
6338,1787226407.245708,0.5755709360799582,-1.114733092962731,1.4648255628234974,-0.928105426605184,-1.191772821774011,1.3738284332567994,-0.5235987755982987
6341,1787226407.4225054,0.565846280704976,-1.1272571757742378,1.4741183331335677,-0.9244978466657539,-1.2012043337618528,1.3664734829469705,-0.5235987755982987
6343,1787226407.539634,0.5885689060086602,-1.1239550936396392,1.4301678230355976,-1.059296869115263,-1.2061473331235542,1.244036344044909,-0.5235987755982987
6347,1787226407.8454933,0.6265593091855745,-1.1193647079453328,1.4014067198377023,-0.9734704220246457,-1.1990481619598923,1.18560072644441,-0.5235987755982987
6349,1787226408.0166419,0.6155013686944973,-1.118981480224889,1.4439901855618476,-0.9895224472019559,-1.2061189760083284,1.2906837728554263,-0.5235987755982987
6351,1787226408.1865726,0.6792952755477306,-1.1107725889062914,1.36517211591193,-1.1559219211691247,-1.2070054235841576,1.1231914474099929,-0.5235987755982987
6353,1787226408.3364875,0.6287481676695609,-1.1134428481455383,1.4124080795035194,-1.1589475592588967,-1.212158694298493,1.2178071184467727,-0.5235987755982987
6355,1787226408.4745514,0.6978404072339,-1.121705262409843,1.4473535639880843,-1.038898324437496,-1.2196293377266607,1.290296170956651,-0.5235987755982987
6358,1787226408.6789834,0.6451252688188815,-1.10433965047519,1.462781564470562,-1.0874300196004136,-1.2095144495668897,1.290434612690799,-0.5235987755982987
6360,1787226408.83714,0.6561491468229917,-1.115290730218057,1.4680899559138019,-1.0863415338620366,-1.2229498200507538,1.3257316962412968,-0.5235987755982987
6362,1787226408.9523616,0.9443164255428629,-1.068583506582601,1.1883735932951804,-1.0495738564245325,-1.1839732890789416,1.0556255102901453,-0.5235987755982987
6364,1787226409.067831,1.2056311928367975,-1.0568375978085878,0.8832206742598726,-1.167950925963681,-1.165725229413137,0.5366126406942331,-0.5235987755982987
6366,1787226409.2235217,0.9604201103922347,-1.0942491992989698,1.119004437628917,-1.105154672112585,-1.1920946955568978,0.8974843304071198,-0.5235987755982987
6369,1787226409.4234436,0.818811603149529,-1.0958377239688148,1.2720246866452776,-1.1519442551412276,-1.194549593296454,1.0402709368410035,-0.5235987755982987
6375,1787226409.8768308,0.789436458948394,-1.1222469621437134,1.365622030090249,-1.2094043495613627,-1.2064611134100485,1.2010342732510417,-0.5235987755982987
6377,1787226410.0419366,0.7779798801848147,-1.1318006262197677,1.4286463810378693,-1.239610348401727,-1.2134125925258832,1.3077376169090331,-0.5235987755982987
6381,1787226410.330201,0.6886805019826201,-1.1242759999374203,1.464432091943565,-1.1879136693031591,-1.2042595182107105,1.2964742912010434,-0.5235987755982987
6383,1787226410.4730852,0.6591958186194661,-1.131491984968862,1.4717699473071262,-1.1094758173953922,-1.2161500750222738,1.3082927319512418,-0.5235987755982987
6385,1787226410.5984015,0.6343800058662292,-1.1097969152342555,1.4528200374968674,-1.1266389050006589,-1.1943783125884462,1.2993307137522794,-0.5235987755982987
6388,1787226410.7980452,0.6254269920886215,-1.1225776500511708,1.4540522867216308,-1.1921084364567625,-1.2133824436055627,1.3265984742919286,-0.5235987755982987
6394,1787226411.3090255,0.6646446736635845,-1.1214589939240491,1.4669329442239154,-1.2796180801530188,-1.222967984860876,1.3689080300502652,-0.5235987755982987
6396,1787226411.4499602,0.6442003796581607,-1.0985300517004573,1.4820052372418406,-1.23782680105177,-1.1941021798070048,1.3616468996257043,-0.5235987755982987
6399,1787226411.6562455,0.625493541886263,-1.075182212392742,1.4419880535659884,-1.2574822803764398,-1.1743676611590466,1.3366070342241234,-0.5235987755982987
6401,1787226411.7984166,0.645894172641108,-1.0895814311421528,1.4573018429369897,-1.2856103277307487,-1.1827360461725536,1.3651354278934447,-0.5235987755982987
6403,1787226411.913124,0.6437087414199427,-1.0801754590081016,1.4942401444525266,-1.2546359447376394,-1.161937370930061,1.408620400865834,-0.5235987755982987
6405,1787226412.0636683,0.594622409661624,-1.0850800699191159,1.5024967192797216,-1.20781853857419,-1.181855829513197,1.428292162058187,-0.5235987755982987
6407,1787226412.1935368,0.5729455113751258,-1.068958625476406,1.4871854995915261,-1.2648466512999492,-1.1715115641002634,1.3512624116153644,-0.5235987755982987
6410,1787226412.4409235,0.6007766648106441,-1.0774404205559849,1.4994779697921168,-1.1941058688047672,-1.1808515277790557,1.3912192295886723,-0.5235987755982987
6412,1787226412.5930867,0.610890881078072,-1.0916455624249397,1.5168701676015117,-1.1395503164523566,-1.1885603004345722,1.4296385124143152,-0.5235987755982987
6414,1787226412.7068038,0.6389233655723503,-1.0917918847370993,1.52138159099896,-1.1217898037646754,-1.201008890619338,1.424448678849128,-0.5235987755982987
6416,1787226412.8481894,0.6146542191286204,-1.1346637462422657,1.536558343641989,-1.088405635144327,-1.2248112791620696,1.455845214056776,-0.5235987755982987
6418,1787226413.00462,0.6206023054757748,-1.1323551321658627,1.5369929655036083,-1.0668826542444383,-1.2171656470499355,1.4440132626490325,-0.5235987755982987
6420,1787226413.1394942,0.5480956073060529,-1.1436654962367403,1.5409683308036193,-0.9483216636601827,-1.2211230441916434,1.4475625752097805,-0.5235987755982987
6424,1787226413.4166853,0.5765884898189184,-1.1259181100004998,1.5384559357235972,-0.9502639094995607,-1.201392354327366,1.3998829723212445,-0.5235987755982987
6426,1787226413.534222,0.5877892701064815,-1.1165161122515324,1.5367280493437363,-0.9978157558895377,-1.2042007582787246,1.4296564896623716,-0.5235987755982987
6428,1787226413.6676617,0.5650610616961602,-1.120512621957675,1.5482011951013688,-1.0008525532525252,-1.2065018104241076,1.461053608348954,-0.5235987755982987
6430,1787226413.816737,0.5702630095005321,-1.1214481500966023,1.529465302426672,-1.0244632379003829,-1.229535035331696,1.4467560058671318,-0.5235987755982987
6432,1787226413.9369006,0.6149840747505453,-1.0890396496120678,1.5433541626432024,-1.0186399425140515,-1.1840892997249188,1.3763154293355464,-0.5235987755982987
6436,1787226414.2807343,0.603806360042136,-1.0531135941751844,1.5215076094270832,-1.051788802813457,-1.160354490890232,1.3298978886861188,-0.5235987755982987
6438,1787226414.4207108,0.6615694020962648,-1.0257679514213003,1.5318037963326785,-0.980559208172108,-1.1210894533857911,1.2983221686556716,-0.5235987755982987
6440,1787226414.5472002,0.6234675299458219,-1.0170838864235279,1.5132035075962513,-1.072939128266367,-1.0975263972611018,1.2990442480511748,-0.5235987755982987
6442,1787226414.6962492,0.6054039778609627,-1.0413226364269375,1.5107421772356582,-1.1364345526940924,-1.1255456934492567,1.3253447073386295,-0.5235987755982987
6444,1787226414.833664,0.5924476069486708,-1.0461084255681579,1.5260848432223026,-1.1306561978922982,-1.123553453124821,1.2805998723842213,-0.5235987755982987
6446,1787226414.9766552,0.5440686424426169,-1.070121442906358,1.5298329591243771,-1.0841991769007933,-1.1573458499333844,1.368138532608205,-0.5235987755982987
6448,1787226415.0914824,0.5130495671313023,-1.0602944110063606,1.4964764141820024,-1.1323154592523734,-1.1363397873637715,1.285774908335967,-0.5235987755982987
6450,1787226415.2121897,0.5744187408877581,-1.0595963482286312,1.4769804169304175,-1.1059264710385823,-1.1429762285605976,1.240404364042458,-0.5235987755982987
6452,1787226415.3334818,0.568846650783404,-1.0599366432243924,1.481443751462137,-1.095106203696353,-1.1419852622369466,1.242634199804285,-0.5235987755982987
6454,1787226415.474826,0.5417961769334686,-1.0608395913903592,1.4952232018133091,-1.0838779084760257,-1.1399385184236346,1.2805435250681245,-0.5235987755982987
6456,1787226415.5932329,0.5199527050170031,-1.085178648741815,1.5081944929185132,-0.9968115331709784,-1.1636573525507141,1.3445233254128055,-0.5235987755982987
6458,1787226415.698157,0.49434957195059953,-1.1023704663192062,1.5255939126028952,-0.9464809552825423,-1.184049586941763,1.38364325870125,-0.5235987755982987
6460,1787226415.8213828,0.4672322371056931,-1.124383112648099,1.5340567980968978,-0.8845730116852717,-1.1917341001510926,1.4174020007232553,-0.5235987755982987
6462,1787226415.924579,0.5799021103330846,-1.1336221714811903,1.5355940564763706,-0.9458293541951641,-1.1906361537673198,1.4465810088115523,-0.5235987755982987
6466,1787226416.2363946,0.5906050077964801,-1.134729527437375,1.5296774174207441,-1.013349746666304,-1.2074926204844783,1.4607871936955452,-0.5235987755982987
6468,1787226416.3552232,0.5752723269578397,-1.127653585342778,1.5337029810523106,-1.0300017813353708,-1.2188447174183086,1.46678315355096,-0.5235987755982987
6470,1787226416.4796588,0.5702879577144648,-1.091002828196811,1.5300792533782648,-0.9876232340218726,-1.1734525103427154,1.347536549758958,-0.5235987755982987
6472,1787226416.5985713,0.5842196074330408,-1.0944000075238143,1.4921849354143482,-0.984057271405923,-1.182361569490693,1.280282653283292,-0.5235987755982987
6474,1787226416.7398076,0.6230318396532875,-1.0871301546959162,1.483134609055074,-0.993225686899998,-1.1628221783971333,1.2339598140326395,-0.5235987755982987
6476,1787226416.8668363,0.5932762067182491,-1.070011506916557,1.4845177706101116,-0.9452288216928959,-1.144793172606571,1.1773009848886247,-0.5235987755982987
6478,1787226416.9956946,0.6277548123160838,-1.0411011890091018,1.415482343300314,-1.000219500368753,-1.1292238538406894,1.130806406237672,-0.5235987755982987
6480,1787226417.1071203,0.5849211244368719,-1.0331160520206288,1.4383213530908674,-0.9814564427086679,-1.1157827222145347,1.1211014584983794,-0.5235987755982987
6482,1787226417.2367692,0.7085181108703767,-1.0436561042816683,1.4384507282243646,-1.023097630238314,-1.1275086412458968,1.0667618485618107,-0.5235987755982987
6485,1787226417.431796,0.6827959595672553,-1.0043412192749361,1.4635331236682512,-1.0602458330433029,-1.0705318007464744,1.1039133990428822,-0.5235987755982987
6487,1787226417.5468597,0.6847029751329818,-1.0075492525879848,1.4720277447394667,-1.0788521676280025,-1.0728147416023166,1.0729363578402138,-0.5235987755982987
6490,1787226417.7653916,0.7238279450663175,-1.0007304879786079,1.4869837649770403,-0.9815782810930449,-1.0701662412966397,1.0286159608494094,-0.5235987755982987
6493,1787226418.001878,0.7062888454999317,-1.007740367398262,1.4578957484022612,-0.9953728156773178,-1.0903830020690635,1.0673823648391438,-0.5235987755982987
6495,1787226418.114183,0.6547526364821898,-1.0068875004250604,1.4811877516542067,-1.0387679853769722,-1.0815424437797296,1.1627658224259627,-0.5235987755982987
6497,1787226418.2737193,0.5637011623397653,-1.0271947571967157,1.4766617326098883,-1.0536327131479464,-1.0976719876208507,1.1721228134768413,-0.5235987755982987
6499,1787226418.3895125,0.577523914005891,-1.0551745482442838,1.477825777767947,-1.0115227249967291,-1.137312723584373,1.2286593528813023,-0.5235987755982987
6501,1787226418.5204606,0.6354265081662775,-1.0583664013878469,1.4656366972035477,-1.0250461355516367,-1.1454982164134786,1.2442452628781568,-0.5235987755982987
6503,1787226418.6577027,0.6218610151562407,-1.096978228427525,1.4968987474377111,-1.0412319319739205,-1.1871564767314746,1.3501140054987797,-0.5235987755982987
6505,1787226418.788598,0.6366053806041247,-1.110277617859496,1.5027018955227454,-1.1312588466098472,-1.1979995037759523,1.3774702623671944,-0.5235987755982987
6510,1787226419.1822789,0.6059680370865742,-1.1047912240364721,1.4835563139943924,-1.1246373185628404,-1.2097940402714302,1.3234256520069745,-0.5235987755982987
6518,1787226419.7759368,1.078845393104995,-1.1265422088567356,0.626521323935703,-1.555682328633167,-1.0786268716291831,1.0791845329776413,-0.5235987755982987
6525,1787226420.3172865,1.1251848042127421,-1.1133019984551267,0.9299387672607553,-1.2600759236158092,-1.096452154875002,0.7782321916012138,-0.5235987755982987
6528,1787226420.5165117,1.375073164691297,-1.1031532882439574,1.0679037225031782,-1.0656061275434268,-1.0934584160805993,0.4163650456818859,-0.5235987755982987
6531,1787226420.7500234,1.4538543916579219,-1.1003462274761955,1.2400642987396888,-1.016474798020535,-1.1285111430341253,0.2079047759265627,-0.5235987755982987
6535,1787226421.0642197,1.475123946175997,-1.0619364288095232,1.331089847015356,-1.1060951893227187,-1.0538079624930115,-0.12327952686990301,-0.5235987755982987
6537,1787226421.2055228,1.1885122980225336,-0.9968076082998212,0.9295705474892033,-1.495006083660741,-0.9707549597353207,-0.5641979245075661,-0.5235987755982987
6540,1787226421.4368987,1.0970870337674783,-1.0131761349313555,1.1053608717135615,-1.5155519109289681,-0.9949883771269823,0.06812938447181927,-0.5235987755982987
6541,1787226421.5351684,1.4490618892433154,-1.0136033373812279,1.187560076020546,-1.80977681367115,-0.9912525373597465,0.38586008685133305,-0.5235987755982987
6542,1787226421.6008365,1.3438717146401176,-1.0164563292664586,1.172661580883221,-1.9805851927059586,-0.9860222899252371,-0.05912431851203126,-0.5235987755982987
6543,1787226421.6617396,1.6981846860833971,-1.0466964822124316,1.2141978900138013,-1.7996657808754302,-1.009909078173998,-0.4355685370696467,-0.5235987755982987
6544,1787226421.7157965,1.928488117521529,-1.0589318954647446,1.2610388141959574,-1.7471123263328763,-1.0340031209463418,-0.6368366029324717,-0.5235987755982987
6888,1787226436.0648046,2.0567282936781752,-0.5233721177386199,0.30107372157657597,-1.9602910836836902,-0.5071684143016582,-0.8727067765440247,-0.1570796326794896
6889,1787226436.135373,1.9452627361426353,-0.17525826221663884,-0.3343152066053455,-2.0988572759617194,-0.1647258549826137,-0.9932608158658178,0.08115781021773634
6890,1787226436.203739,1.4925724408870147,0.05101574387264887,-0.7450955842594713,-2.1889253009424383,0.05786180857476522,-1.0790585914790811,0.2360121481009332
6891,1787226436.2655516,1.7948401581438804,0.1980938478306859,-0.9351933659817042,-2.2474695171799057,0.2025437898870615,-1.0863933048047318,0.33666746772501116
6892,1787226436.328647,1.991314174360843,0.29369461540340996,-1.037108615620406,-2.2855232577342592,0.2965870777400541,-0.9334567127780755,0.40209342548066185
6895,1787226436.4731686,1.8316751006525769,0.20281841744886367,-0.1610484315472025,-2.0175752561316616,0.18238366573867443,-0.09066138769515819,0.407044964046764
6896,1787226436.5624063,1.9790063159375104,0.1410256997987351,0.32086952594443985,-1.8350125705014295,0.07715389550640145,0.37720377933112886,0.3998261365164612
6897,1787226436.608435,2.111022176926703,0.04306900544302703,0.3828548994622557,-1.784389653158235,0.035324645146772936,0.5529939248754859,0.4018118145147225
6898,1787226436.6588235,2.191207292198009,-0.010347976587034957,0.4113867819635536,-1.9845213461201736,0.038666472079895806,0.6218170305145941,0.40318854104233304
6899,1787226436.7129335,2.2489528114960264,-0.037017676647471486,0.4243823585171774,-1.8211695672656847,0.03846780347300095,0.6459077724491948,0.4118112438835692
6900,1787226436.7690325,2.2836361095531745,-0.0450170983429498,0.4647396579139612,-1.9173659037251458,0.02898208429771973,0.8660795869619737,0.41537578525644037
6901,1787226436.8296046,2.2955946626109807,-0.04075334333783577,0.6192307373925385,-2.0709559089886653,0.02427113161855389,1.1039580509498452,0.4148719182063767
6902,1787226436.8733828,2.2897069105640964,-0.040809571069076886,0.8031834574523955,-2.1707894124099534,0.02760973667846774,1.2079012933964306,0.4084168614679939
6903,1787226436.917666,2.204311383635745,-0.05243333419641,0.7685758767006211,-2.2356811896337905,0.02740071500615042,1.30009820123366,0.4003168800856669
6904,1787226436.9699154,2.0540679625107185,-0.11969328129572798,0.7275856949661166,-2.250252748892107,0.026578367728545913,1.2995218944405051,0.3962995195528666
6905,1787226437.0374873,1.9860575588229448,-0.17311714588826127,0.7377844772435196,-2.283492693500184,0.020737079000075414,1.3568073445361826,0.3903089135794085
6906,1787226437.0884426,2.009908167938702,-0.2139792170282757,0.8643621496178577,-2.2273694470280736,-0.01135337986813883,1.403950650104016,0.3874703004582304
6907,1787226437.1321592,1.9981884322949437,-0.25071458696497206,1.0158199211316372,-2.187406158580831,-0.05716256550197086,1.4569197916087702,0.37782155879736823
6908,1787226437.1737854,2.039679797186774,-0.28503624604099226,1.1516731410534766,-2.175221689384404,-0.11487596841140282,1.455901535333434,0.3650030124174373
6909,1787226437.2198324,2.0354617041955323,-0.3037250225829319,1.091838665162192,-2.068911644152921,-0.1545625917764515,1.474155602191929,0.35443244548994546
6910,1787226437.2772896,2.0385317483157905,-0.34259567631616195,0.9198281673337235,-2.1423591830970037,-0.20817274999727842,1.4843315573489626,0.3422861830995128
6911,1787226437.3278182,1.814950835587834,-0.3807914155537039,0.7936537965470043,-1.952487284923615,-0.2554068428759575,1.4863240586974356,0.2956224023284737
6912,1787226437.3795955,1.8910981346813744,-0.36823445024237306,1.064154857194793,-1.821036417005727,-0.25589551538940114,1.363813410992955,0.2480043447330245
6914,1787226437.468206,2.0249769110146634,-0.34315079845726243,0.7770822629063189,-2.0083417426210435,-0.2725273207616452,0.8214307385251896,0.06542056853918113
6919,1787226437.8666148,2.140903063726852,-0.5847589893801373,1.0512947712196756,-2.1300902042709993,-0.6822430191658357,1.032084741788931,-0.14073620190893685
6921,1787226438.009648,2.2162550629897746,-0.5634377992870339,1.0505848868971208,-2.190069044133589,-0.7591557127752848,0.9294545565636833,-0.27473810270021354
6922,1787226438.0888133,1.9107234007881546,-0.7204703057277897,1.0553538635317725,-2.1681315878834377,-0.9111080852831215,1.027882686451471,-0.3618393382145434
6923,1787226438.1354647,1.6697364960170191,-0.45435907220315813,0.9012312334242147,-1.7747874794197753,-0.4272866411205649,0.921425579442843,-0.4184551412988578
6924,1787226438.202876,1.6294896981473834,-0.43259202869431457,0.5762643170297487,-1.6488999038614371,-0.4570706350210233,0.754167188764024,-0.45525541330366215
6925,1787226438.255655,1.5832934063483703,-0.5409411478343689,0.40556029716569747,-1.5313372688334561,-0.4588922919959279,0.6484269990703906,-0.479175590106785
6926,1787226438.3114738,1.44105155350106,-0.6570815957638165,0.4205454117298869,-1.5252632206484416,-0.27594078243736414,0.47654217463048,-0.49472370502881485
6928,1787226438.4196308,1.2328104224942495,-0.5269569774509665,0.7354951318186442,-1.3047653796370347,-0.014427894270822583,0.6648386927547155,-0.5048299797281343
6929,1787226438.5177703,1.3132349540952597,-0.4602831288750954,0.8806727463931769,-1.0053864867842501,0.15555548303742944,0.7962311377232602,-0.5113990582826919
6930,1787226438.5668516,1.3565223069107635,-0.4607414237828806,1.0752184729717376,-0.9140205145350033,0.11149645558841124,0.932505922302473,-0.5156689593431544
6931,1787226438.6123428,1.4199711547867384,-0.5192888308657092,1.192903581861074,-0.9664722980480165,-0.17010191218929546,1.1212675310139721,-0.5184443950324549
6932,1787226438.6615906,1.7476493221787006,-0.6012229129716882,1.2541020110156578,-1.4528750652985314,-0.3262597049176426,1.1887914997319187,-0.5202484282305002
6933,1787226438.7133627,1.9606401309834762,-0.5650956841990588,1.2639178952270316,-1.7690368640113663,-0.3656582414639756,1.2384677857795914,-0.5214210498092298
6934,1787226438.762773,2.0990841567065806,-0.7391362958398389,1.1947451457480034,-1.9745420331747088,-0.5216824878008374,1.2605303370989294,-0.5221832538354039
6935,1787226438.8045864,2.189072773426598,-0.930170776197703,1.1899034726211188,-2.108120393130881,-0.8013221414194427,1.2515949322273277,-0.5226786864524171
6936,1787226438.8545592,2.2475653742946093,-1.0281939437204513,1.157418017712406,-2.1949463271023935,-0.9591092429420746,1.221953772500962,-0.5230007176534757
6937,1787226438.9037867,2.285585564858817,-1.1415189635800473,1.178460784202344,-2.2513831841838767,-1.1038299309948785,1.2050417985056576,-0.5232100379341638
6938,1787226438.955783,2.3102986887255517,-1.183498027545094,1.1986192537842646,-2.2880671412868407,-1.1615392717845086,1.1999488681719763,-0.523346096116611
6939,1787226439.0090592,2.0674923380899037,-1.217567863404418,1.258216748977418,-2.308524551254863,-1.1920114046713883,1.1759763289067346,-0.5234345339352018
6940,1787226439.0630813,1.9224508611726003,-1.2698515905788292,1.2534662749189802,-2.3252090298829815,-1.2208421379430923,1.1787102079228153,-0.5234920185172858
6941,1787226439.1105096,1.364235810557056,-1.2602129127848074,1.2781746710851942,-2.336053940991259,-1.250530862509716,1.1627720439989,-0.5235293834956403
6942,1787226439.1555068,1.6856909657512014,-1.2467318475337428,1.2751503775025061,-2.343103133211639,-1.3216580598322292,1.1377231929471847,-0.5235536707315708
6943,1787226439.2037764,1.8475799156975152,-1.2373038055540493,1.2631581978794626,-2.347685108154886,-1.3966391485052023,1.1235688759517903,-0.5235694574349257
6944,1787226439.2572355,1.9744171078652695,-1.2374711691054725,1.2777356719171866,-2.3348608004253286,-1.42269421192709,1.1327850282405234,-0.5235797187921063
6945,1787226439.2986119,2.0605738278772354,-1.2378918492769964,1.295827112575485,-2.3423275918437843,-1.437891092391539,1.135149648950688,-0.5235863886742738
6946,1787226439.3394768,2.1640410596875235,-1.2419263962529743,1.3342651696388557,-2.3471810062657807,-1.4721906196687538,1.160001591032466,-0.5235907240976825
6947,1787226439.3961642,2.199628461001391,-1.2772507345811248,1.3524478206142225,-2.297769188823713,-1.4472605316381744,1.1698850274058494,-0.5235935421228982
6948,1787226439.4433484,2.105983512297943,-1.311887405969565,1.3842433091072168,-2.318218044302734,-1.4766247771923515,1.1864528997372028,-0.5235953738392884
6949,1787226439.4890273,2.0545456958768877,-1.2859095642560125,1.3981120781182947,-2.3315098003640977,-1.4312861216203052,1.1852505780250453,-0.5235965644549421
6950,1787226439.529901,1.9470561184651216,-1.278675090016377,1.3878529816946932,-2.3401494418039843,-1.4234608031565683,1.1725756136077292,-0.5235973383551169
6951,1787226439.5712929,1.9171716687736406,-1.2904852474688113,1.370007759792056,-2.345765208739911,-1.3791670488804733,1.1457645489677186,-0.5235978413902306
6953,1787226439.6620734,2.0708296562701873,-0.6738817965412633,0.4517197982806988,-2.349415457248263,-0.7315249674588435,0.3109379147224919,-0.1570790254442453
6954,1787226439.7500732,2.170707348142942,-0.27308955343835706,-0.13385984684425917,-2.3517881187786918,-0.31055761453478414,-0.23239332802677365,0.08115820492064514
6955,1787226439.8045516,2.235627847860233,-0.012574595421467966,-0.4301707321578921,-2.3533303487734702,-0.03692883513414558,-0.5849904265733203,0.23601240465782392
6956,1787226439.8488448,2.2778261726764724,0.15676012728950994,-0.6272209527138756,-2.354332798270076,0.1409298714762695,-0.8156596636952038,0.3366676344869901
6957,1787226439.891714,2.305255083807028,0.2668276970516456,-0.7415457513174196,-2.35498439044287,0.25653803077303927,-0.9688004983725005,0.40209353387594815
6958,1787226439.9342568,2.323083876041889,0.3383716173970338,-0.8607457857217049,-2.3554079253551863,0.33168333431593966,-1.070940299842502,0.4446203684787709
6959,1787226439.9901433,2.3346725909945487,0.3848751656215361,-0.913589067756029,-2.355683223048192,0.38052778161882495,-1.1380803896444502,0.4722628109706057
6960,1787226440.0330355,2.342205255713777,0.41510247196746264,-0.9805535576731907,-2.355862166548645,0.4122766723657003,-1.1817806761551228,0.49023039859029827
6961,1787226440.0894098,2.347101487781276,0.43475022109231487,-1.0814112932825197,-2.35597847982394,0.4329134513511693,-1.2133688139538978,0.5019093305430984
6962,1787226440.1364062,2.3502840386251505,0.44752125802346876,-1.1409400138078813,-2.356054083452882,0.44632735769172416,-1.2365295958329607,0.5095006363124186
6963,1787226440.1896076,2.3523526966736688,0.45582243202871886,-1.146127193134715,-2.356103225811694,0.4550463968130848,-1.253108820365045,0.5144349850624768
6964,1787226440.2373877,2.3536973244052053,0.46121819513213136,-1.1515243717453147,-2.3561351683449216,0.4607137722419692,-1.2603875963467022,0.5176423117500144
6965,1787226440.281841,2.3545713324307043,0.46472544114934955,-1.1278238257353024,-2.3561559309915197,0.46439756627074413,-1.263481599582259,0.519727074096914
6966,1787226440.3265834,2.3551394376472787,0.4670051510605413,-1.065873086105106,-2.3561694267118085,0.4667920323894478,-1.2623322385220341,0.5210821696223986
6967,1787226440.3744829,2.355508706038052,0.46848696250281596,-1.0560239213357345,-2.3561781989299964,0.4683484353666052,-1.2488814917772912,0.5219629817139637
6968,1787226440.4177492,2.3557487304920546,0.4694501399402945,-1.0473053050047825,-2.3561839008718186,0.46936009730175754,-1.2396827086231137,0.5225355095734809
6969,1787226440.4782157,2.3559047463871563,0.47007620527465555,-1.0736481842643801,-2.356187607134003,0.47001767755960655,-1.240168712711493,0.5229076526821672
6970,1787226440.5215447,2.3560061567189723,0.4704831477419902,-1.212454756436496,-2.3561900162044225,0.47044510472720835,-1.2510081934060169,0.5231495457028132
6971,1787226440.564681,2.3560720734346527,0.47074766034575777,-1.2993008892118227,-2.3561915821001955,0.4707229323861496,-1.258771842116239,0.5233067761662332
6972,1787226440.608224,2.356114919299845,0.47091959353820667,-1.359945720846384,-2.356192599932448,0.47090352036446137,-1.2679696404106422,0.5234089759674562
6973,1787226440.6568475,2.35614276911222,0.47103135011329844,-1.3979863788216873,-2.356193261523412,0.471020902550364,-1.27255155878622,0.5234754058382511
6974,1787226440.7030694,2.356160871490264,0.47110399188710816,-1.4472130312026827,-2.3561936915575385,0.4710972009712008,-1.2770823639500528,0.5235185852542679
6975,1787226440.7485344,2.3561726380359924,0.47115120904008445,-1.4711177405317941,-2.356193971079721,0.47114679494474465,-1.2826122465490293,0.5235466518746787
6976,1787226440.7933695,2.3561802862907157,0.471181900189519,-1.5051340529972461,-2.356194152769139,0.4711790310275481,-1.2944396851128737,0.5235648951779458
6977,1787226440.8368208,2.356185257656286,0.47120184943665144,-1.5278434442532383,-2.3561942708672614,0.47119998448137035,-1.3009238164000938,0.5235767533250694
6978,1787226440.8791976,2.3561884890439067,0.4712148164472876,-1.5328940387568073,-2.3561943476310407,0.47121360422635483,-1.308521140365341,0.5235844611206997
6979,1787226440.9209907,2.35619058944586,0.4712232450042011,-1.5081223998660493,-2.3561943975274975,0.47122245706059473,-1.312489173389746,0.5235894711878594
6980,1787226440.9616446,2.3561919547071297,0.47122872356619483,-1.4402304266477683,-2.356194429960194,0.47122821140285076,-1.3088612688050993,0.5235927277315131
6981,1787226441.0028281,2.356192842126955,0.4712322846314908,-1.3934654676797653,-2.3561944510414468,0.4712319517253172,-1.3005045769390509,0.5235948444848881
6982,1787226441.0496407,2.3561934189498412,0.4712345993239332,-1.3806162496222876,-2.356194464744261,0.47123438293492026,-1.2963522411848294,0.5235962203745819
6983,1787226441.0909202,2.3561937938847173,0.4712361038740207,-1.414205158024418,-2.3561944736510902,0.47123596322116235,-1.2907918961824756,0.5235971147028828
6984,1787226441.132592,2.356194037592387,0.47123708183157764,-1.4666035806455544,-2.3561944794405294,0.47123699040721967,-1.2903891173571582,0.5235976960162785
6985,1787226441.1795151,2.3480691482751057,0.4712377175039896,-1.48656645662741,-2.356194483203665,0.4712376580781569,-1.2875074057602107,0.5235980738699856
6986,1787226441.2283537,2.3509130179461395,0.47123813069105736,-1.5152450685910615,-2.356194485649703,0.47123809206426615,-1.2806901976994929,0.5235983194748952
6987,1787226441.2777967,2.246815638911631,0.47123839926265143,-1.5288490595208142,-2.3561944872396277,0.47123837415523717,-1.2947365910917648,0.5235984791180865
6988,1787226441.3277788,2.220272213876587,0.47123857383418755,-1.5029158869859458,-2.3561944882730788,0.4712385575143683,-1.3055177632127162,0.5235985828861609
6989,1787226441.374808,2.2338366058557457,0.4712386873056861,-1.470729284318764,-2.356194488944822,0.4712386766978035,-1.3214176893821203,0.5235986503354092
6990,1787226441.4182053,2.1382312398813688,0.4712387610621601,-1.4598515105213397,-2.356194489381455,0.4712387541670364,-1.3415819202041834,0.5235986941774206
6991,1787226441.4605088,2.0795000594915027,0.47123880900386816,-1.4532047467004372,-2.3458095587689076,0.4712388045220378,-1.3643652138562998,0.523598722674728
6992,1787226441.5027018,2.068554679118512,0.4712388401659784,-1.454704633115483,-2.3494442847671104,0.4712388372527887,-1.3775951590647135,0.5235987411979778
6993,1787226441.5461814,1.9948051467922934,0.4712388604213501,-1.4616953155233952,-2.3518068566659425,0.4712388585277768,-1.3826255394056657,0.5235987532380901
6994,1787226441.5883806,2.0607529670775184,0.47123887358734173,-1.462684012658093,-2.3533425284001837,0.47123887235651907,-1.3836875326535756,0.5235987610641633
6995,1787226441.631073,1.9837790363563221,0.47123888214523624,-1.466210364384596,-2.35434071502744,0.47123888134520153,-1.4010252318071053,0.5235987661511108
6996,1787226441.6806183,2.01969190892635,0.4712388877078677,-1.4683485662553002,-2.3549895363351565,0.4712388871878451,-1.409682675582173,0.5235987694576266
6997,1787226441.7365818,2.068912730257117,0.4712388913235781,-1.4676144265189683,-2.355411270185172,0.4712388909855635,-1.4233643882067943,0.523598771606862
6998,1787226441.7790139,2.0101130619265657,0.4712388936737899,-1.4687250952309026,-2.3556853971876826,0.47123889345408043,-1.437273442528746,0.5235987730038649
6999,1787226441.8306036,1.9622298644874299,0.4712388952014276,-1.4673321023563255,-2.3558635797393146,0.4712388950586164,-1.4436309298826497,0.5235987739119168
7000,1787226441.8766646,1.9480972184125593,0.4712388961943921,-1.4620887035031225,-2.355979398397875,0.4712388961015648,-1.4410153942329011,0.5235987745021504
7001,1787226441.9190795,1.9400540035285867,0.471238896839819,-1.4530391947031176,-2.35605468052594,0.4712388967794813,-1.4333200890646138,0.5235987748858024
7002,1787226441.9619763,1.9100586896821667,0.47123889725934653,-1.4438220130285422,-2.3345598067414293,0.4712388972201269,-1.4260019917677416,0.5235987751351762
7003,1787226442.0036843,1.8390102816281937,0.4712388975320394,-1.432865534078427,-2.3081849550396023,0.4712388975065466,-1.4212523174806164,0.5235987752972691
7004,1787226442.052564,1.8435583770963149,0.47123889770928973,-1.4243264462664067,-2.28831053230253,0.4712388976927194,-1.4140876154696798,0.5235987754026294
7005,1787226442.1048043,1.8994110256986918,0.47123889782450246,-1.415643068374724,-2.3120699175639654,0.47123889781373174,-1.4086255446023592,0.5235987754711138
7006,1787226442.1541593,2.0031735896159097,0.4712388978993908,-1.4108665302784529,-2.327513517983898,0.4712388978923897,-1.4062916612332903,0.5235987755156286
7007,1787226442.1985319,2.090662318902676,0.47123889794806817,-1.4187244133764905,-2.3375518582568544,0.4712388979435175,-1.405561850268933,0.5235987755445632
7008,1787226442.247421,2.115292455003698,0.4712388979797084,-1.4333640407778012,-2.344076779434276,0.47123889797675045,-1.4041009844350192,0.5235987755633706
7009,1787226442.293548,2.128159337070299,0.47123889800027463,-1.451003214445267,-2.3483179781996,0.47123889799835195,-1.405630958167544,0.5235987755755955
7010,1787226442.342369,2.14305815227906,0.4712388980136426,-1.4652802825562499,-2.351074757397061,0.47123889801239294,-1.4077924474337355,0.5235987755835416
7011,1787226442.3887749,2.1581143598607087,0.4712388980223319,-1.468380502378976,-2.3528666638754103,0.4712388980215195,-1.4090301161201046,0.5235987755887066
7012,1787226442.4296486,2.171490919480653,0.4712388980279798,-1.4695413757696838,-2.3540314030863376,0.4712388980274518,-1.4164578922507245,0.5235987755920639
7013,1787226442.4720497,2.1917891680979262,0.471238898031651,-1.4652379163838667,-2.35478848357344,0.4712388980313078,-1.419504699080255,0.5235987755942462
7014,1787226442.5197737,2.1383415085748685,0.4712388980340373,-1.4586964091362664,-2.355280585890057,0.47123889803381425,-1.4233867831344802,0.5235987755956646
7015,1787226442.5705018,2.151351356961724,0.4712388980355884,-1.4547945141849734,-2.3556004523958576,0.4712388980354434,-1.4238515642298049,0.5235987755965865
7016,1787226442.6258786,2.2230464535924415,0.4712388980365966,-1.4527618647272185,-2.355808365624628,0.4712388980365023,-1.419370714564431,0.5235987755971858
7017,1787226442.6694236,2.269648266402408,0.47123889803725194,-1.4524644208320936,-2.355943509223329,0.47123889803719066,-1.4257488568523522,0.5235987755975754
7018,1787226442.7150576,2.28325853648754,0.47123889803767793,-1.4541042670833173,-2.3560313525624847,0.4712388980376381,-1.4277937177257978,0.5235987755978286
7019,1787226442.7614322,2.155912307083238,0.4712388980379548,-1.459848232674676,-2.3355870586168135,0.47123889803792884,-1.4230976991445818,0.5235987755979932
7020,1787226442.8032045,2.0660983322669493,0.4712388980381348,-1.4666567851443755,-2.297940396275882,0.4712388980381179,-1.4174752179757595,0.5235987755981002
7021,1787226442.852635,1.9957340061335027,0.4712388980382517,-1.4763869878198184,-2.2582245781159185,0.4712388980382408,-1.414607460965028,0.5235987755981697
7022,1787226442.89549,1.9564538816377164,0.47123889803832775,-1.490483463315192,-2.1782560305436034,0.47123889803832064,-1.4090112963100008,0.5235987755982149
7023,1787226442.95758,1.920545681307371,0.47123889803837715,-1.5008194662791272,-2.16337089998136,0.4712388980383726,-1.400954130952596,0.5235987755982443
7024,1787226442.9990685,1.859005620063653,0.47123889803840924,-1.4987758488247915,-2.0926626548497556,0.47123889803840635,-1.3934780117916328,0.5235987755982634
7025,1787226443.041328,1.8637340463443088,0.4712388980384301,-1.5004078930636537,-2.113310675040487,0.4712388980384282,-1.3877422966600526,0.5235987755982758
7026,1787226443.0824776,1.857176877792971,0.47123889803844365,-1.4981227507039707,-2.153440382775075,0.47123889803844243,-1.384757586023512,0.5235987755982838
7027,1787226443.1269462,1.8434962738874976,0.47123889803845254,-1.495332592031681,-2.1478197393579674,0.47123889803845176,-1.375159134421437,0.5235987755982892
7028,1787226443.1766398,1.807939395076143,0.4712388980384583,-1.48727996217842,-2.1182067429908757,0.47123889803845775,-1.3656692024466608,0.5235987755982925
7029,1787226443.225254,1.7756696540639465,0.4712388980384621,-1.4791483494758007,-2.084139468887488,0.47123889803846164,-1.3605006968169437,0.5235987755982947
7030,1787226443.2672708,1.7760659047526293,0.4712388980384645,-1.4830900390187152,-2.0671081603691555,0.4712388980384642,-1.3515044151156859,0.5235987755982962
7031,1787226443.3097332,1.804475419115623,0.4712388980384661,-1.4816219310621979,-2.084341446695203,0.47123889803846586,-1.370130475018842,0.5235987755982972
7032,1787226443.3578968,1.8431653134457822,0.4712388980384671,-1.475591403826991,-2.150819732231348,0.47123889803846697,-1.3954503232415032,0.5235987755982978
7033,1787226443.406027,1.852023201053918,0.47123889803846775,-1.468225368930944,-2.1789285872750592,0.47123889803846764,-1.4223236117193334,0.5235987755982981
7034,1787226443.4502656,1.8813091339684413,0.4712388980384682,-1.4569730886675794,-2.219601204863314,0.4712388980384681,-1.4432310670160855,0.5235987755982984
7035,1787226443.4959693,1.9084428325864131,0.4712388980384684,-1.451666360019039,-2.266889723826245,0.4712388980384684,-1.4616902227352422,0.5235987755982985
7036,1787226443.5413496,1.9284970867211202,0.47123889803846863,-1.4476566749289208,-2.29814639205438,0.47123889803846863,-1.4760888779895747,0.5235987755982986
7037,1787226443.5919363,1.9280273457498236,0.47123889803846875,-1.4396025774006977,-2.3184632264026677,0.47123889803846875,-1.4795575163757713,0.5235987755982987
7038,1787226443.6396196,1.926666752841127,0.47123889803846886,-1.4345318656661654,-2.3316691687290545,0.47123889803846886,-1.478746856196149,0.5235987755982987
7039,1787226443.6889226,1.9437739060369341,0.47123889803846886,-1.4325247859307932,-2.340253031241206,0.47123889803846886,-1.47610314948537,0.5235987755982987
7040,1787226443.7515142,1.9450857465812548,0.47123889803846886,-1.43068700499433,-2.345832541874105,0.47123889803846886,-1.4724508561960268,0.5235987755982987
7041,1787226443.7979186,1.8955398990802865,0.47123889803846886,-1.4387590492022846,-2.349459223785489,0.47123889803846886,-1.4736740555417236,0.5235987755982987
7042,1787226443.8401105,1.8569528534527069,0.47123889803846886,-1.4571136047170756,-2.351816567027889,0.47123889803846886,-1.4811833662815101,0.5235987755982987
7043,1787226443.8815548,1.802776457565616,0.47123889803846886,-1.4779681661867676,-2.3463532596702548,0.47123889803846886,-1.4849147188133918,0.5235987755982987
7044,1787226443.9326425,1.7906979088413812,0.47123889803846886,-1.4977890577419823,-2.3332116866006607,0.47123889803846886,-1.4900414956780854,0.5235987755982987
7045,1787226443.9837363,1.813620249114876,0.47123889803846886,-1.518991195531238,-2.3307279031623596,0.47123889803846886,-1.4899050276642825,0.5235987755982987
7046,1787226444.030106,1.8667553531980519,0.47123889803846886,-1.5306216787188909,-2.313456179826481,0.47123889803846886,-1.4868331078639518,0.5235987755982987
7047,1787226444.078852,1.8817748272319386,0.47123889803846886,-1.533872131296822,-2.327871371927479,0.47123889803846886,-1.4847491595223052,0.5235987755982987
7048,1787226444.1294458,1.8826007653102415,0.47123889803846886,-1.5449579128771727,-2.3356410331469406,0.47123889803846886,-1.4815152671342777,0.5235987755982987
7049,1787226444.1822133,1.870861099010259,0.47123889803846886,-1.548341288572106,-2.3345816384956324,0.47123889803846886,-1.481252550375183,0.5235987755982987
7050,1787226444.2318366,1.87229834398539,0.47123889803846886,-1.5484690413485487,-2.3368340688062252,0.47123889803846886,-1.4789115838084255,0.5235987755982987
7051,1787226444.2975736,1.9060585881995626,0.47123889803846886,-1.5448259156654185,-2.3399523826228052,0.47123889803846886,-1.4736675958061034,0.5235987755982987
7052,1787226444.3486714,1.9281738424849553,0.47123889803846886,-1.5429966315509605,-2.345637120272144,0.47123889803846886,-1.4696522482403656,0.5235987755982987
7053,1787226444.4037611,1.9336048202706224,0.47123889803846886,-1.5325152692829296,-2.339772310515202,0.47123889803846886,-1.4612607619845575,0.5235987755982987
7054,1787226444.456986,1.9209837270918617,0.47123889803846886,-1.5166354376244962,-2.323329890106157,0.47123889803846886,-1.4499234966848942,0.5235987755982987
7055,1787226444.5024974,1.9142639036457112,0.47123889803846886,-1.49838569970224,-2.311381028347183,0.47123889803846886,-1.4438417721466026,0.5235987755982987
7056,1787226444.5450082,1.9114187967732397,0.47123889803846886,-1.4895695598969019,-2.294629972445134,0.47123889803846886,-1.4400240634934924,0.5235987755982987
7057,1787226444.5869772,1.9250098414467511,0.47123889803846886,-1.4838823208130645,-2.2612960638415283,0.47123889803846886,-1.439987556139158,0.5235987755982987
7058,1787226444.631811,1.9425734961757404,0.47123889803846886,-1.4822298767042943,-2.245478987385833,0.47123889803846886,-1.446086667805465,0.5235987755982987
7059,1787226444.678074,1.9652233527833962,0.47123889803846886,-1.4793452483327387,-2.245205004366514,0.47123889803846886,-1.449078375838705,0.5235987755982987
7060,1787226444.7212338,2.019967195382944,0.47123889803846886,-1.4696103588554736,-2.2723617102730564,0.47123889803846886,-1.4516506461053411,0.5235987755982987
7061,1787226444.771664,2.056465025426189,0.47123889803846886,-1.458461265924734,-2.3017031832448076,0.47123889803846886,-1.458596364942287,0.5235987755982987
7062,1787226444.8193295,2.081030593895755,0.47123889803846886,-1.449893361632455,-2.320775140676446,0.47123889803846886,-1.4681289651961205,0.5235987755982987
7063,1787226444.865491,2.08719958531137,0.47123889803846886,-1.4414700396356128,-2.3331719130070105,0.47123889803846886,-1.473677030588579,0.5235987755982987
7064,1787226444.9145665,2.096622502653213,0.47123889803846886,-1.4350757894639952,-2.3412298150218778,0.47123889803846886,-1.4772554314649238,0.5235987755982987
7065,1787226444.9654949,2.093676042810859,0.47123889803846886,-1.4301531636508147,-2.3464674513315416,0.47123889803846886,-1.4780147861601745,0.5235987755982987
7066,1787226445.0167859,2.089492773908165,0.47123889803846886,-1.4268495981419047,-2.3498719149328227,0.47123889803846886,-1.4770762190710425,0.5235987755982987
7067,1787226445.0599008,2.090037987600003,0.47123889803846886,-1.422891855475536,-2.3520848162736554,0.47123889803846886,-1.4736628260214284,0.5235987755982987
7068,1787226445.1007888,2.0877002950926458,0.47123889803846886,-1.4225554340130355,-2.3535232021451966,0.47123889803846886,-1.4734551418112178,0.5235987755982987
7069,1787226445.150511,2.0776380340230096,0.47123889803846886,-1.425376888472133,-2.3544581529616986,0.47123889803846886,-1.4684818026921582,0.5235987755982987
7070,1787226445.1941762,2.072041661536024,0.47123889803846886,-1.428775341009235,-2.3550658709924246,0.47123889803846886,-1.462678296669551,0.5235987755982987
7071,1787226445.2440162,2.069740344326021,0.47123889803846886,-1.4381353957766436,-2.355460887712397,0.47123889803846886,-1.4495033577067395,0.5235987755982987
7072,1787226445.3077018,2.063400458590248,0.47123889803846886,-1.450055170082327,-2.3557176485803786,0.47123889803846886,-1.4284045424167882,0.5235987755982987
7073,1787226445.3532047,2.0572992855395755,0.47123889803846886,-1.4758533863865178,-2.256254775385755,0.47123889803846886,-1.3989101438975535,0.5235987755982987
7074,1787226445.4087336,2.0558167583836573,0.47123889803846886,-1.5007443967908847,-2.245375858588114,0.47123889803846886,-1.3974138984676252,0.5235987755982987
7075,1787226445.4542232,2.072698221089225,0.47123889803846886,-1.513105733807012,-2.2007667673842657,0.47123889803846886,-1.370446472700832,0.5235987755982987
7076,1787226445.5005949,2.08501077195953,0.47123889803846886,-1.5198247906926072,-2.161453075135353,0.47123889803846886,-1.3362326311966575,0.5235987755982987
7077,1787226445.5505066,2.1023952946201367,0.47123889803846886,-1.5246308511343774,-2.144686598164727,0.47123889803846886,-1.2928714287544039,0.5235987755982987
7078,1787226445.6026459,2.155332700270574,0.47123889803846886,-1.526316653925767,-2.158027925982969,0.47123889803846886,-1.2414184484273605,0.5235987755982987
7079,1787226445.668355,2.1913818447623092,0.47123889803846886,-1.5286346963724902,-2.1451930989968835,0.47123889803846886,-1.1968668836794123,0.5235987755982987
7080,1787226445.715911,2.2123434413623944,0.47123889803846886,-1.5292615783890564,-2.1818175906859256,0.47123889803846886,-1.128039662528968,0.5235987755982987
7081,1787226445.7696779,2.224685194929964,0.47123889803846886,-1.5264959337401298,-2.2332468729178645,0.47123889803846886,-1.0475156951547635,0.5235987755982987
7082,1787226445.8140512,2.270713448271797,0.47123889803846886,-1.5216597579493838,-2.2762785389639326,0.47123889803846886,-0.8727509365623296,0.5235987755982987
7083,1787226445.860751,2.3006318129439887,0.47123889803846886,-1.5172461174925145,-2.3042491218938768,0.47123889803846886,-0.710567083337709,0.5235987755982987
7084,1787226445.9083726,2.3200787499809135,0.47123889803846886,-1.5136631171771506,-2.3224300007983407,0.47123889803846886,-0.4855705185048349,0.5235987755982987
7085,1787226445.9551122,2.3327192590549144,0.47123889803846886,-1.5012524240728105,-2.334247572086242,0.47123889803846886,-0.13156435299628472,0.5235987755982987
7086,1787226445.9998908,2.3409355899530153,0.47123889803846886,-1.4886131306576507,-2.341928993423378,0.47123889803846886,0.204233940483196,0.5235987755982987
7087,1787226446.0430627,2.346276205036781,0.47123889803846886,-1.4793349478591709,-2.3469219172925166,0.47123889803846886,0.4751438645605622,0.5235987755982987
7088,1787226446.0876281,2.3497476048412285,0.47123889803846886,-1.4722767207023393,-2.3501673178074567,0.47123889803846886,0.6967066098603745,0.5235987755982987
7089,1787226446.1367369,2.3520040147141192,0.47123889803846886,-1.4657939768860446,-2.3522768281421675,0.47123889803846886,0.8595961163800041,0.5235987755982987
7090,1787226446.1862364,2.3534706811314985,0.47123889803846886,-1.460946303857307,-2.3536480098597297,0.47123889803846886,0.9757063596239549,0.5235987755982987
7091,1787226446.2291193,2.354424014302795,0.47123889803846886,-1.457931088331176,-2.354539277976145,0.47123889803846886,1.065007319086158,0.5235987755982987
7092,1787226446.276576,2.3550436808641373,0.47123889803846886,-1.456759645762959,-2.355118602251815,0.47123889803846886,1.1264527504647375,0.5235987755982987
7093,1787226446.3264809,2.35544646412901,0.47123889803846886,-1.455971776458657,-2.3554951630310006,0.47123889803846886,1.1704298951722198,0.5235987755982987
7094,1787226446.3681226,2.355708273251177,0.47123889803846886,-1.455649741318653,-2.355739927537471,0.47123889803846886,1.202438283613765,0.5235987755982987
7095,1787226446.4126246,2.3558784491805858,0.47123889803846886,-1.4561871157107849,-2.3558990244666767,0.47123889803846886,1.22128485856286,0.5235987755982987
7096,1787226446.4581516,2.355989063534701,0.47123889803846886,-1.4565355688961306,-2.3560024374706607,0.47123889803846886,1.2299305777773288,0.5235987755982987
7097,1787226446.5146124,2.3560609628648765,0.47123889803846886,-1.4568144841336839,-2.35606965592325,0.47123889803846886,1.234770226819984,0.5235987755982987
7098,1787226446.5699883,2.3561076974294908,0.47123889803846886,-1.4572172103988361,-2.356113347917433,0.47123889803846886,1.2421523321899721,0.5235987755982987
7099,1787226446.61558,2.3561380748964895,0.47123889803846886,-1.4575070056471235,-2.3561417477136524,0.47123889803846886,1.2481504647039885,0.5235987755982987
7100,1787226446.6677647,2.356157820250039,0.47123889803846886,-1.4577445524544816,-2.356160207581195,0.47123889803846886,1.2541203752042764,0.5235987755982987
7101,1787226446.7169702,2.356170654729846,0.47123889803846886,-1.4578223051486539,-2.3561722064950974,0.47123889803846886,1.2583604636562575,0.5235987755982987
7102,1787226446.7637691,2.3561789971417206,0.47123889803846886,-1.4577205355895444,-2.356180005789134,0.47123889803846886,1.2596204806250122,0.5235987755982987
7103,1787226446.8427489,2.3561844197094395,0.47123889803846886,-1.4577042797555848,-2.3561850753302576,0.47123889803846886,1.258936620295644,0.5235987755982987
7104,1787226446.8866403,2.3561879443784566,0.47123889803846886,-1.4577079159342683,-2.356188370531988,0.47123889803846886,1.2537973333423564,0.5235987755982987
7105,1787226446.9326155,2.3561902354133175,0.47123889803846886,-1.4580724007272585,-2.356190512413113,0.47123889803846886,1.2486567312823726,0.5235987755982987
7106,1787226446.988651,2.356191724585977,0.47123889803846886,-1.4586771091435418,-2.3561919046358444,0.47123889803846886,1.244930465169848,0.5235987755982987
7107,1787226447.0357187,2.3561926925482055,0.47123889803846886,-1.4591320442354372,-2.3561928095806195,0.47123889803846886,1.2422006521635205,0.5235987755982987
7108,1787226447.0821295,2.356193321723654,0.47123889803846886,-1.459442643985993,-2.3561933977947236,0.47123889803846886,1.237906726816316,0.5235987755982987
7109,1787226447.124032,2.356193730687696,0.47123889803846886,-1.4596583165081967,-2.356193780133891,0.47123889803846886,1.2331676141241052,0.5235987755982987
7110,1787226447.168613,2.356193996514323,0.47123889803846886,-1.459655492319445,-2.35619402865435,0.47123889803846886,1.2244862042449816,0.5235987755982987
7111,1787226447.2176447,2.356194169301631,0.47123889803846886,-1.4597099595521765,-2.356194190192648,0.47123889803846886,1.2171178972282355,0.5235987755982987
7112,1787226447.266837,2.356194281613381,0.47123889803846886,-1.459834766310244,-2.356194295192542,0.47123889803846886,1.20752716546321,0.5235987755982987
7113,1787226447.3158484,2.3561943546160187,0.47123889803846886,-1.460171467553218,-2.356194363442473,0.47123889803846886,1.195534930700286,0.5235987755982987
7114,1787226447.3653302,2.356194402067733,0.47123889803846886,-1.4603759721630234,-2.356194407804928,0.47123889803846886,1.1836292066888556,0.5235987755982987
7115,1787226447.417502,2.356194432911347,0.47123889803846886,-1.4604488062120575,-2.356194436640524,0.47123889803846886,1.1729890253092397,0.5235987755982987
7116,1787226447.4652758,2.3561944529596963,0.47123889803846886,-1.4604869019785387,-2.3561944553836613,0.47123889803846886,1.1624354996414676,0.5235987755982987
7117,1787226447.512868,2.3561944659911234,0.47123889803846886,-1.4605200026332605,-2.3561944675667004,0.47123889803846886,1.1538893182613932,0.5235987755982987
7118,1787226447.5566485,2.356194474461551,0.47123889803846886,-1.4607679736196348,-2.356194475485676,0.47123889803846886,1.1472493199031941,0.5235987755982987
7119,1787226447.598957,2.356194479967329,0.47123889803846886,-1.4612160809505443,-2.35619448063301,0.47123889803846886,1.1419851756061816,0.5235987755982987
7120,1787226447.6417897,2.3561944835460844,0.47123889803846886,-1.4616098406199418,-2.3561944839787774,0.47123889803846886,1.1384782150116868,0.5235987755982987
7121,1787226447.6919236,2.3561944858722756,0.47123889803846886,-1.4619061649474367,-2.356194486153526,0.47123889803846886,1.1379362340037105,0.5235987755982987
7122,1787226447.7378235,2.3561944873843,0.47123889803846886,-1.4621090634549596,-2.3561944875671124,0.47123889803846886,1.1387709388242573,0.5235987755982987
7123,1787226447.7813869,2.356194488367116,0.47123889803846886,-1.4623491260014525,-2.3561944884859436,0.47123889803846886,1.13920613023605,0.5235987755982987
7124,1787226447.8306372,2.3561944890059463,0.47123889803846886,-1.462571184849171,-2.356194489083184,0.47123889803846886,1.1388645028540973,0.5235987755982987
7125,1787226447.879504,2.3561944894211857,0.47123889803846886,-1.4627718243861372,-2.3561944894713904,0.47123889803846886,1.1363057708222142,0.5235987755982987
7126,1787226447.9242222,2.3561944896910916,0.47123889803846886,-1.4629302159890538,-2.3561944897237246,0.47123889803846886,1.1339174963519816,0.5235987755982987
7127,1787226447.9660954,2.3561944898665304,0.47123889803846886,-1.4630025575444368,-2.356194489887742,0.47123889803846886,1.1322160096734164,0.5235987755982987
7128,1787226448.0103447,2.356194489980566,0.47123889803846886,-1.4629343124361665,-2.356194489994353,0.47123889803846886,1.1303734266875718,0.5235987755982987
7129,1787226448.053553,2.3561944900546887,0.47123889803846886,-1.46261479290607,-2.3561944900636504,0.47123889803846886,1.1299337254693456,0.5235987755982987
7130,1787226448.1013777,2.3561944901028684,0.47123889803846886,-1.4623219489283312,-2.3561944901086935,0.47123889803846886,1.1301596535951213,0.5235987755982987
7131,1787226448.1420958,2.356194490134185,0.47123889803846886,-1.4619013381107906,-2.3561944901379714,0.47123889803846886,1.130049877828709,0.5235987755982987
7132,1787226448.1831634,2.3561944901545413,0.47123889803846886,-1.4616811959972953,-2.3561944901570024,0.47123889803846886,1.1295109556806997,0.5235987755982987
7133,1787226448.2280746,2.3561944901677725,0.47123889803846886,-1.4615816119117653,-2.356194490169372,0.47123889803846886,1.1295300562430521,0.5235987755982987
7134,1787226448.2807736,2.3561944901763727,0.47123889803846886,-1.4613779061812036,-2.356194490177413,0.47123889803846886,1.138139273159081,0.5235987755982987
7135,1787226448.3270283,2.356194490181963,0.47123889803846886,-1.4612516183385567,-2.356194490182639,0.47123889803846886,1.1478362979009362,0.5235987755982987
7136,1787226448.3705547,2.3561944901855965,0.47123889803846886,-1.4616242588380806,-2.356194490186036,0.47123889803846886,1.1573470251250417,0.5235987755982987
7137,1787226448.418496,2.356194490187958,0.47123889803846886,-1.462597482456256,-2.356194490188244,0.47123889803846886,1.166644545403734,0.5235987755982987
7138,1787226448.4695568,2.356194490189494,0.47123889803846886,-1.4629920958030438,-2.354286070426284,0.47123889803846886,1.1805097089695251,0.5235987755982987
7139,1787226448.5142467,2.3561944901904917,0.47123889803846886,-1.4632997956823526,-2.3549540173444052,0.47123889803846886,1.1857976117242977,0.5235987755982987
7140,1787226448.5592315,2.3561944901911405,0.47123889803846886,-1.4636920780491312,-2.3553881828411845,0.47123889803846886,1.1642494114272566,0.5235987755982987
7141,1787226448.6065161,2.3561944901915624,0.47123889803846886,-1.4647193086874446,-2.3556703904140903,0.47123889803846886,1.1037639505327246,0.5235987755982987
7142,1787226448.6521645,2.3561944901918364,0.47123889803846886,-1.4662885905540195,-2.3558538253364794,0.47123889803846886,0.9994966643914341,0.5235987755982987
7143,1787226448.697057,2.3561944901920144,0.47123889803846886,-1.4678098564818738,-2.3559730580360325,0.47123889803846886,0.9061020360202581,0.5235987755982987
7144,1787226448.7403643,2.35619449019213,0.47123889803846886,-1.4690470423001647,-2.356050559290742,0.47123889803846886,0.8156864647669713,0.5235987755982987
7145,1787226448.787176,2.3561944901922054,0.47123889803846886,-1.4699612218831084,-2.356100935106303,0.47123889803846886,0.7131616308420854,0.5235987755982987
7146,1787226448.8378234,2.3561944901922542,0.47123889803846886,-1.4701169446626208,-2.356133679386418,0.47123889803846886,0.6672407921312583,0.5235987755982987
7147,1787226448.884012,2.356194490192286,0.47123889803846886,-1.470039079977333,-2.3561549631684926,0.47123889803846886,0.6508933410534224,0.5235987755982987
7148,1787226448.9264214,2.3561944901923066,0.47123889803846886,-1.469446993883461,-2.356168797626841,0.47123889803846886,0.6474366551657901,0.5235987755982987
7149,1787226448.9699674,2.35619449019232,0.47123889803846886,-1.4680138468706272,-2.356177790024767,0.47123889803846886,0.716186720904032,0.5235987755982987
7150,1787226449.0151296,2.356194490192329,0.47123889803846886,-1.4663737607360052,-2.3561836350834193,0.47123889803846886,0.8145329841296765,0.5235987755982987
7151,1787226449.0626564,2.356194490192334,0.47123889803846886,-1.4650463482443854,-2.3561874343715434,0.47123889803846886,0.899849369008171,0.5235987755982987
7152,1787226449.1045032,2.3561944901923377,0.47123889803846886,-1.464155591181433,-2.356189903908824,0.47123889803846886,0.9674743158122532,0.5235987755982987
7153,1787226449.1475623,2.3561944901923404,0.47123889803846886,-1.4634091768353785,-2.356191509108056,0.47123889803846886,1.0243841775956892,0.5235987755982987
7154,1787226449.191415,2.356194490192342,0.47123889803846886,-1.4631366511199397,-2.356192552487557,0.47123889803846886,1.0566579799132696,0.5235987755982987
7155,1787226449.239614,2.356194490192343,0.47123889803846886,-1.464063101925243,-2.356193230684233,0.47123889803846886,1.01791261792013,0.5235987755982987
7156,1787226449.2804902,2.356194490192344,0.47123889803846886,-1.466043575347478,-2.356193671512072,0.47123889803846886,0.7765954463748528,0.5235987755982987
7157,1787226449.332764,2.3561944901923444,0.47123889803846886,-1.4683639206075867,-2.3561939580501674,0.47123889803846886,0.266668023026991,0.5235987755982987
7158,1787226449.3760636,2.356194490192345,0.47123889803846886,-1.4694229158039283,-2.3561941442999297,0.47123889803846886,-0.16104306769561,0.5235987755982987
7159,1787226449.4193418,2.356194490192345,0.47123889803846886,-1.4702099039178342,-2.3561942653622747,0.47123889803846886,-0.5128799441758957,0.5235987755982987
7160,1787226449.4897196,2.320212945731508,0.47123889803846886,-1.4727180710301537,-2.356194344052799,0.47123889803846886,-0.7636739701164148,0.5235987755982987
7161,1787226449.5364125,2.3066926602477764,0.47123889803846886,-1.4715838454522627,-2.3452981914023288,0.47123889803846886,-0.9616190408595567,0.5235987755982987
7162,1787226449.5881348,2.2781589233962665,0.47123889803846886,-1.4680623970204287,-2.3491118959788344,0.47123889803846886,-1.1066142717323137,0.5235987755982987
7163,1787226449.633689,2.195722478662453,0.47123889803846886,-1.4583689294181745,-2.351590803953563,0.47123889803846886,-1.2306938756063228,0.5235987755982987
7164,1787226449.7100635,2.149201006311448,0.47123889803846886,-1.4505144720830374,-2.3532020941371368,0.47123889803846886,-1.3265322980904046,0.5235987755982987
7165,1787226449.7533135,2.0815407025806594,0.47123889803846886,-1.4508256246695457,-2.350308978676127,0.47123889803846886,-1.3993531941524333,0.5235987755982987
7166,1787226449.799021,2.0671694109854832,0.47123889803846886,-1.4599485474823095,-2.3523689077068033,0.47123889803846886,-1.4432614078063808,0.5235987755982987
7167,1787226449.8434007,2.0572793507061444,0.47123889803846886,-1.472793992054677,-2.353707861576743,0.47123889803846886,-1.4670992480162894,0.5235987755982987
7168,1787226449.889429,2.067558304492789,0.47123889803846886,-1.4825735936068267,-2.35157492683538,0.47123889803846886,-1.4731854342331365,0.5235987755982987
7169,1787226449.9447777,2.048427223602454,0.47123889803846886,-1.4895388578711286,-2.3336107771059487,0.47123889803846886,-1.4656385229360418,0.5235987755982987
7170,1787226449.9888482,2.055968606825801,0.47123889803846886,-1.4965852640498998,-2.3175057546854676,0.47123889803846886,-1.4449149566039439,0.5235987755982987
7171,1787226450.0317488,2.0944647747936216,0.47123889803846886,-1.498877337011979,-2.307837960131902,0.47123889803846886,-1.4274946520211307,0.5235987755982987
7172,1787226450.075332,2.1099771038877777,0.47123889803846886,-1.4991013536736264,-2.290270383750568,0.47123889803846886,-1.4192753788209336,0.5235987755982987
7173,1787226450.1174626,2.1222872957299526,0.47123889803846886,-1.4879666559677203,-2.2709409427013094,0.47123889803846886,-1.4161843083402814,0.5235987755982987
7174,1787226450.1600318,2.163485285241687,0.47123889803846886,-1.4764913543479512,-2.2380485771066354,0.47123889803846886,-1.4125098118273147,0.5235987755982987
7175,1787226450.2046742,2.172172863063941,0.47123889803846886,-1.4649097378161637,-2.225034844579591,0.47123889803846886,-1.410025548878854,0.5235987755982987
7176,1787226450.2512221,2.1699244115535192,0.47123889803846886,-1.4550778722586604,-2.2208362454843544,0.47123889803846886,-1.4168032061195268,0.5235987755982987
7177,1787226450.2980382,2.1680486368068874,0.47123889803846886,-1.4466393140237617,-2.2208557494562102,0.47123889803846886,-1.4279390257768638,0.5235987755982987
7178,1787226450.3416085,2.1922181861893266,0.47123889803846886,-1.4403955983057717,-2.239309835783925,0.47123889803846886,-1.4438886315452257,0.5235987755982987
7179,1787226450.3874905,2.2030162646809868,0.47123889803846886,-1.4367529972654027,-2.255734059945605,0.47123889803846886,-1.4611043324980328,0.5235987755982987
7180,1787226450.4342794,2.2113113500665182,0.47123889803846886,-1.4337119990651361,-2.285004560831808,0.47123889803846886,-1.4749822342310837,0.5235987755982987
7181,1787226450.477047,2.205798714619471,0.47123889803846886,-1.430724051719868,-2.309921036107996,0.47123889803846886,-1.486449769444723,0.5235987755982987
7182,1787226450.528961,2.202532988318113,0.47123889803846886,-1.4293537210295981,-2.3261167450375178,0.47123889803846886,-1.4963626896114945,0.5235987755982987
7183,1787226450.5805163,2.1929469122613923,0.47123889803846886,-1.4327661192367696,-2.3366439558417076,0.47123889803846886,-1.504373882564877,0.5235987755982987
7184,1787226450.6224358,2.1810870570120664,0.47123889803846886,-1.4377999000235948,-2.3434866428644305,0.47123889803846886,-1.5093208956730177,0.5235987755982987
7185,1787226450.6635156,2.1745603712982167,0.47123889803846886,-1.4434699046202608,-2.3479343894292004,0.47123889803846886,-1.5130019623035795,0.5235987755982987
7186,1787226450.7086382,2.1745175094339335,0.47123889803846886,-1.4511042248380446,-2.3508254246963007,0.47123889803846886,-1.5159966253474821,0.5235987755982987
7187,1787226450.7529294,2.195000311318602,0.47123889803846886,-1.4598314868014586,-2.3490709067363738,0.47123889803846886,-1.5175766689244095,0.5235987755982987
7188,1787226450.8019238,2.2134764429478953,0.47123889803846886,-1.4675365251775818,-2.3376655699836624,0.47123889803846886,-1.517612108205023,0.5235987755982987
7189,1787226450.8464732,2.2215944886673906,0.47123889803846886,-1.473104118839625,-2.3177993477456225,0.47123889803846886,-1.5160171671831169,0.5235987755982987
7190,1787226450.8922937,2.2238982480132985,0.47123889803846886,-1.477319984147238,-2.2986470038672135,0.47123889803846886,-1.5097122831069576,0.5235987755982987
7191,1787226450.9448686,2.2208944885330184,0.47123889803846886,-1.4800284283236405,-2.2763416846626696,0.47123889803846886,-1.5015228306564552,0.5235987755982987
7192,1787226450.9944162,2.2133654150238518,0.47123889803846886,-1.4815323099169948,-2.264606693666492,0.47123889803846886,-1.4938835482190116,0.5235987755982987
7193,1787226451.0389206,2.2188909055563597,0.47123889803846886,-1.481671898293781,-2.244284537669831,0.47123889803846886,-1.4860938449198982,0.5235987755982987
7194,1787226451.083671,2.2180340783548145,0.47123889803846886,-1.480885379424035,-2.235074424075213,0.47123889803846886,-1.4791924579660263,0.5235987755982987
7195,1787226451.1425323,2.214155367420596,0.47123889803846886,-1.4789078119802053,-2.234544971736609,0.47123889803846886,-1.4742926897321995,0.5235987755982987
7196,1787226451.188361,2.202186457440062,0.47123889803846886,-1.4760967166894625,-2.2446884547845896,0.47123889803846886,-1.4717090308811667,0.5235987755982987
7197,1787226451.2531,2.18439072109868,0.47123889803846886,-1.4725188683660764,-2.2530144313143676,0.47123889803846886,-1.472427037743067,0.5235987755982987
7198,1787226451.313381,2.169204888558509,0.47123889803846886,-1.469378655772004,-2.2656944956624443,0.47123889803846886,-1.4775245698077888,0.5235987755982987
7199,1787226451.363522,2.1738073284271016,0.47123889803846886,-1.4666916634057985,-2.2973694937479094,0.47123889803846886,-1.4846378641511109,0.5235987755982987
7200,1787226451.4081051,2.1682018096315216,0.47123889803846886,-1.4646523111139647,-2.313017517940903,0.47123889803846886,-1.492148248337561,0.5235987755982987
7201,1787226451.450079,2.156581473059582,0.47123889803846886,-1.4636625062069755,-2.307014465010123,0.47123889803846886,-1.4986183261304258,0.5235987755982987
7202,1787226451.4902103,2.1380729084215337,0.47123889803846886,-1.4637755047949002,-2.3043709241837043,0.47123889803846886,-1.504432513406981,0.5235987755982987
7203,1787226451.5395494,2.1337380922333526,0.47123889803846886,-1.4679888922219853,-2.3016692331257222,0.47123889803846886,-1.510700817839521,0.5235987755982987
7204,1787226451.5884447,2.130929946789073,0.47123889803846886,-1.4770648317177733,-2.3014231777975733,0.47123889803846886,-1.5168838794838864,0.5235987755982987
7205,1787226451.6378546,2.1263561631238597,0.47123889803846886,-1.482002315767751,-2.3205931371357433,0.47123889803846886,-1.5172991489228869,0.5235987755982987
7206,1787226451.6840851,2.143337257613729,0.47123889803846886,-1.4825510758793508,-2.333053610705554,0.47123889803846886,-1.5164921414906267,0.5235987755982987
7207,1787226451.728093,2.1533535083268447,0.47123889803846886,-1.4803613436808138,-2.341152918525931,0.47123889803846886,-1.515544558231519,0.5235987755982987
7208,1787226451.772725,2.1363197366879914,0.47123889803846886,-1.4787535230458553,-2.3319319024489222,0.47123889803846886,-1.5160746900988065,0.5235987755982987
7209,1787226451.816966,2.1272492289095966,0.47123889803846886,-1.4793394205930368,-2.3404238081591204,0.47123889803846886,-1.5135928183524676,0.5235987755982987
7210,1787226451.8636742,2.1261403226603033,0.47123889803846886,-1.4837981623777077,-2.344737779267969,0.47123889803846886,-1.5075421283546695,0.5235987755982987
7211,1787226451.9129329,2.1480134131740183,0.47123889803846886,-1.4880266443994827,-2.3454726564336825,0.47123889803846886,-1.4950644695152921,0.5235987755982987
7212,1787226451.957636,2.187345705343266,0.47123889803846886,-1.4911058710467078,-2.331532835347927,0.47123889803846886,-1.4777180521234807,0.5235987755982987
7213,1787226451.9988606,2.2225589389283162,0.47123889803846886,-1.494976046387058,-2.321220113441154,0.47123889803846886,-1.4632685110125327,0.5235987755982987
7214,1787226452.0397406,2.2351769225763594,0.47123889803846886,-1.494563571955971,-2.3055334893425954,0.47123889803846886,-1.449118837022794,0.5235987755982987
7215,1787226452.0829568,2.2580996257250012,0.47123889803846886,-1.495023875112307,-2.294488624140819,0.47123889803846886,-1.438519653551397,0.5235987755982987
7216,1787226452.1295779,2.272141195484429,0.47123889803846886,-1.497560976092402,-2.2971095466328633,0.47123889803846886,-1.4323769048380477,0.5235987755982987
7217,1787226452.1723447,2.295199815288086,0.47123889803846886,-1.4925984149239793,-2.3068282518356273,0.47123889803846886,-1.4308331303428463,0.5235987755982987
7218,1787226452.2142205,2.3123871828504554,0.47123889803846886,-1.487468201471494,-2.272948419796948,0.47123889803846886,-1.4345666465812892,0.5235987755982987
7219,1787226452.2560928,2.326228219324935,0.47123889803846886,-1.4846710817214823,-2.2722629177173976,0.47123889803846886,-1.434575798536955,0.5235987755982987
7220,1787226452.299285,2.336716414128529,0.47123889803846886,-1.4782347533097075,-2.2923205484704603,0.47123889803846886,-1.434146307968416,0.5235987755982987
7221,1787226452.3417008,2.3435337407508645,0.47123889803846886,-1.4737761074815618,-2.31467642807312,0.47123889803846886,-1.4390072641946117,0.5235987755982987
7222,1787226452.3875754,2.347965003055383,0.47123889803846886,-1.4698763126221586,-2.3272745495478064,0.47123889803846886,-1.4429195395771233,0.5235987755982987
7223,1787226452.4296525,2.327995985658653,0.47123889803846886,-1.4645964915276612,-2.3294528703626183,0.47123889803846886,-1.446130706547647,0.5235987755982987
7224,1787226452.4757123,2.2999590238196794,0.47123889803846886,-1.4628769096744971,-2.330583020856557,0.47123889803846886,-1.4470003583028412,0.5235987755982987
7225,1787226452.5241208,2.2618094304918874,0.47123889803846886,-1.4536871705245011,-2.3216501345756244,0.47123889803846886,-1.459882552402239,0.5235987755982987
7226,1787226452.5668862,2.2266328459572104,0.47123889803846886,-1.4436122853213846,-2.31197586666686,0.47123889803846886,-1.471024719812994,0.5235987755982987
7227,1787226452.6109307,2.2111525348199033,0.47123889803846886,-1.4456233274735457,-2.3139842594559434,0.47123889803846886,-1.4749675979609087,0.5235987755982987
7228,1787226452.654933,2.205970267443564,0.47123889803846886,-1.452189448441104,-2.3149383329194926,0.47123889803846886,-1.4780700148455543,0.5235987755982987
7229,1787226452.6999195,2.1871161142413005,0.47123889803846886,-1.470118490396572,-2.304961066391525,0.47123889803846886,-1.4772490377787255,0.5235987755982987
7230,1787226452.7476323,2.170506234589738,0.47123889803846886,-1.4915889487188063,-2.281951904931601,0.47123889803846886,-1.4756226482350452,0.5235987755982987
7231,1787226452.7926185,2.174482948481317,0.47123889803846886,-1.5182621506852974,-2.3079368097728614,0.47123889803846886,-1.4717149788239592,0.5235987755982987
7232,1787226452.837186,2.212165997185328,0.47123889803846886,-1.536198525142566,-2.324826997919681,0.47123889803846886,-1.460813375268297,0.5235987755982987
7233,1787226452.8883097,2.2459578118259302,0.47123889803846886,-1.5460177978887568,-2.3358056202151136,0.47123889803846886,-1.4556261119270713,0.5235987755982987
7234,1787226452.9385912,2.2829789143864008,0.47123889803846886,-1.5523279086458786,-2.3429417247071447,0.47123889803846886,-1.449434988043321,0.5235987755982987
7235,1787226452.981344,2.294519262597925,0.47123889803846886,-1.556075317604361,-2.347580192626965,0.47123889803846886,-1.4422420075101405,0.5235987755982987
7236,1787226453.027769,2.2940037299927063,0.47123889803846886,-1.551919604059945,-2.350595196774848,0.47123889803846886,-1.4345894934174903,0.5235987755982987
7237,1787226453.0700037,2.303008379661908,0.47123889803846886,-1.5475995109573533,-2.3485190350166825,0.47123889803846886,-1.4280319897242575,0.5235987755982987
7238,1787226453.1112325,2.2938913545789106,0.47123889803846886,-1.531352114865443,-2.3512054443281643,0.47123889803846886,-1.42435355525629,0.5235987755982987
7239,1787226453.1548398,2.288904925669043,0.47123889803846886,-1.5063603910519923,-2.3358468896369953,0.47123889803846886,-1.4232791663747324,0.5235987755982987
7240,1787226453.1980011,2.28193732448623,0.47123889803846886,-1.4852419338960776,-2.31286136390387,0.47123889803846886,-1.42807214949693,0.5235987755982987
7241,1787226453.240871,2.2732716544909577,0.47123889803846886,-1.4728138196052927,-2.2919463077706514,0.47123889803846886,-1.43362103620133,0.5235987755982987
7242,1787226453.2837377,2.270222442159868,0.47123889803846886,-1.4652772253052604,-2.2716639073480147,0.47123889803846886,-1.4440405672139716,0.5235987755982987
7243,1787226453.3276284,2.2773904232779287,0.47123889803846886,-1.4596277625977416,-2.2582351993260943,0.47123889803846886,-1.456331616748607,0.5235987755982987
7244,1787226453.3696585,2.296458646263832,0.47123889803846886,-1.4544513525066103,-2.244165493396234,0.47123889803846886,-1.4704902864769234,0.5235987755982987
7245,1787226453.4174137,2.273058220440061,0.47123889803846886,-1.4481114631252603,-2.232716911393362,0.47123889803846886,-1.4860213525307766,0.5235987755982987
7246,1787226453.4602108,2.26185639005767,0.47123889803846886,-1.4435100507666045,-2.2484890129279953,0.47123889803846886,-1.5068322605791744,0.5235987755982987
7247,1787226453.507858,2.276341362883364,0.47123889803846886,-1.441596042430633,-2.2633508252391663,0.47123889803846886,-1.5291944370971042,0.5235987755982987
7248,1787226453.557153,2.2974213571542172,0.47123889803846886,-1.4417689622230636,-2.2886875246276315,0.47123889803846886,-1.540605215029164,0.5235987755982987
7249,1787226453.6031375,2.3122725673565356,0.47123889803846886,-1.4405357112688058,-2.307666940397055,0.47123889803846886,-1.5499017514875209,0.5235987755982987
7250,1787226453.6462724,2.3230462157212965,0.47123889803846886,-1.4415558043058485,-2.318990945507553,0.47123889803846886,-1.5507767329565403,0.5235987755982987
7251,1787226453.6939368,2.3219566118368444,0.47123889803846886,-1.4428108302796785,-2.3320121861472303,0.47123889803846886,-1.5461333291851214,0.5235987755982987
7252,1787226453.736243,2.3097452321831877,0.47123889803846886,-1.4439428593360235,-2.3404759925630207,0.47123889803846886,-1.5293827959002027,0.5235987755982987
7253,1787226453.787149,2.298441201476553,0.47123889803846886,-1.450691383933433,-2.3459774667332844,0.47123889803846886,-1.505704529881048,0.5235987755982987
7254,1787226453.8468416,2.2677651629885642,0.47123889803846886,-1.4598773160241096,-2.349553424943956,0.47123889803846886,-1.4793248865518431,0.5235987755982987
7255,1787226453.903901,2.2446796017787967,0.47123889803846886,-1.4748717973354886,-2.351877797780892,0.47123889803846886,-1.4578291425524916,0.5235987755982987
7256,1787226453.9458926,2.2211183550167237,0.47123889803846886,-1.4961426154857818,-2.3533886401249005,0.47123889803846886,-1.4415854379180872,0.5235987755982987
7257,1787226453.988754,2.2066497591967407,0.47123889803846886,-1.5172078392979582,-2.354370687648506,0.47123889803846886,-1.430388881945569,0.5235987755982987
7258,1787226454.0314791,2.2015495598037402,0.47123889803846886,-1.535711119118582,-2.3550090185388495,0.47123889803846886,-1.4216105822350664,0.5235987755982987
7259,1787226454.082345,2.209267862154679,0.47123889803846886,-1.547641680543717,-2.3554239336175726,0.47123889803846886,-1.4183890388702376,0.5235987755982987
7260,1787226454.127611,2.2042901205937024,0.47123889803846886,-1.5554718092975615,-2.355693628418743,0.47123889803846886,-1.4198327084910212,0.5235987755982987
7261,1787226454.1743155,2.2016279218864074,0.47123889803846886,-1.55545180247866,-2.3558689300395037,0.47123889803846886,-1.4240702598918837,0.5235987755982987
7262,1787226454.2237005,2.200983317771672,0.47123889803846886,-1.5545938061119249,-2.355982876092998,0.47123889803846886,-1.4291284180943689,0.5235987755982987
7263,1787226454.2697246,2.204003800205685,0.47123889803846886,-1.5421199456487944,-2.3560569410277696,0.47123889803846886,-1.4340786975920947,0.5235987755982987
7264,1787226454.3127618,2.2159334404210003,0.47123889803846886,-1.5196416815576603,-2.356105083235371,0.47123889803846886,-1.4358934715545868,0.5235987755982987
7265,1787226454.3551059,2.241478792717872,0.47123889803846886,-1.49823595577103,-2.356136375670312,0.47123889803846886,-1.442498242966626,0.5235987755982987
7266,1787226454.4006236,2.266567660023558,0.47123889803846886,-1.4811592158244076,-2.3561567157530234,0.47123889803846886,-1.4571788309011815,0.5235987755982987
7267,1787226454.4526548,2.28088325399977,0.47123889803846886,-1.468794231964706,-2.356169936806786,0.47123889803846886,-1.480701301942701,0.5235987755982987
7268,1787226454.5022535,2.28378667050172,0.47123889803846886,-1.4615476891525632,-2.3561785304917313,0.47123889803846886,-1.5037412711331346,0.5235987755982987
7269,1787226454.557665,2.286978536508615,0.47123889803846886,-1.4584324089797776,-2.356184116386946,0.47123889803846886,-1.5200056239920918,0.5235987755982987
7270,1787226454.6088655,2.2961917823644877,0.47123889803846886,-1.4599842702860053,-2.3471952559684577,0.47123889803846886,-1.5302758121017759,0.5235987755982987
7271,1787226454.664027,2.305170458615276,0.47123889803846886,-1.460789897997362,-2.338162203015056,0.47123889803846886,-1.534318501167673,0.5235987755982987
7272,1787226454.7103798,2.304570181739618,0.47123889803846886,-1.4617243480547444,-2.328295047079581,0.47123889803846886,-1.5317209010956,0.5235987755982987
7273,1787226454.7549403,2.301262339746004,0.47123889803846886,-1.4640376112317603,-2.331436155053479,0.47123889803846886,-1.521667590275658,0.5235987755982987
7274,1787226454.8159606,2.3110329930679328,0.47123889803846886,-1.4671208638148907,-2.340101572352082,0.47123889803846886,-1.509883594075552,0.5235987755982987
7275,1787226454.8622417,2.317088937164559,0.47123889803846886,-1.469808481287813,-2.3457340935961737,0.47123889803846886,-1.4992939107500072,0.5235987755982987
7276,1787226454.9081562,2.3307758807242838,0.47123889803846886,-1.4705693724053175,-2.3493952324048335,0.47123889803846886,-1.4889586643452777,0.5235987755982987
7277,1787226454.952132,2.3396723940381055,0.47123889803846886,-1.4713737080222389,-2.351774972630462,0.47123889803846886,-1.48059012145728,0.5235987755982987
7278,1787226454.9937198,2.345455127692089,0.47123889803846886,-1.4730438872978262,-2.353321803777121,0.47123889803846886,-1.4724123870482013,0.5235987755982987
7279,1787226455.0428264,2.3492139045671787,0.47123889803846886,-1.4724630261192202,-2.353817709444276,0.47123889803846886,-1.4659931266972943,0.5235987755982987
7280,1787226455.0946393,2.351657109535987,0.47123889803846886,-1.4718372928636803,-2.346920791668346,0.47123889803846886,-1.4636292383776417,0.5235987755982987
7281,1787226455.1388035,2.353245192765712,0.47123889803846886,-1.4716040736174092,-2.3482797316686295,0.47123889803846886,-1.465399305193571,0.5235987755982987
7282,1787226455.1836464,2.3542774468650336,0.47123889803846886,-1.4710322182296836,-2.3491610948428674,0.47123889803846886,-1.4681110918580595,0.5235987755982987
7283,1787226455.2297416,2.352692116408546,0.47123889803846886,-1.4708502151326386,-2.3516227832151846,0.47123889803846886,-1.4743433996165254,0.5235987755982987
7284,1787226455.2712498,2.3367626282268765,0.47123889803846886,-1.4710550266320028,-2.3532228806571904,0.47123889803846886,-1.4876865665027297,0.5235987755982987
7285,1787226455.3256378,2.324778960366797,0.47123889803846886,-1.4708036738260204,-2.3542629439944944,0.47123889803846886,-1.5017211005693532,0.5235987755982987
7286,1787226455.367602,2.32032593166697,0.47123889803846886,-1.4704794528103333,-2.3549389851637423,0.47123889803846886,-1.514370649444037,0.5235987755982987
7287,1787226455.412078,2.317951444638014,0.47123889803846886,-1.4705557395197424,-2.3553784119237533,0.47123889803846886,-1.5241618562428316,0.5235987755982987
7288,1787226455.4580011,2.318028921405769,0.47123889803846886,-1.4708803667589865,-2.3556640393177606,0.47123889803846886,-1.5305597690995696,0.5235987755982987
7289,1787226455.503126,2.3243569424457258,0.47123889803846886,-1.4710411056308503,-2.3558496971238654,0.47123889803846886,-1.534506414172002,0.5235987755982987
7290,1787226455.5450695,2.333296302096585,0.47123889803846886,-1.4711784449726122,-2.3559703746978333,0.47123889803846886,-1.5364846459822696,0.5235987755982987
7291,1787226455.5909724,2.341310667930101,0.47123889803846886,-1.4712308650553592,-2.3560488151209125,0.47123889803846886,-1.5371496104126035,0.5235987755982987
7292,1787226455.6377351,2.3465200057218865,0.47123889803846886,-1.4711799759407973,-2.3560998013959136,0.47123889803846886,-1.5326991489781867,0.5235987755982987
7293,1787226455.683139,2.349906075286547,0.47123889803846886,-1.4711584121125978,-2.3561329424746646,0.47123889803846886,-1.52714308893528,0.5235987755982987
7294,1787226455.7283387,2.3521070205035763,0.47123889803846886,-1.4710448921005532,-2.3561268637081643,0.47123889803846886,-1.5198535084750082,0.5235987755982987
7295,1787226455.7777793,2.3535376348946455,0.47123889803846886,-1.4712178157451656,-2.3561505329776278,0.47123889803846886,-1.5092613186904487,0.5235987755982987
7296,1787226455.8246417,2.3544675342488404,0.47123889803846886,-1.471825915664214,-2.3535370269884224,0.47123889803846886,-1.4990702759530283,0.5235987755982987
7297,1787226455.8750453,2.355071968829067,0.47123889803846886,-1.473694984513409,-2.3496717405466985,0.47123889803846886,-1.4907889203017985,0.5235987755982987
7298,1787226455.9227164,2.3554648513062144,0.47123889803846886,-1.475342892193525,-2.345216504117614,0.47123889803846886,-1.484090072661902,0.5235987755982987
7299,1787226455.9645774,2.35572022491636,0.47123889803846886,-1.476850250953608,-2.3417793104942555,0.47123889803846886,-1.4791128729651497,0.5235987755982987
7300,1787226456.007207,2.3460480248074527,0.47123889803846886,-1.4777407936958937,-2.339989829245324,0.47123889803846886,-1.4755346749100933,0.5235987755982987
7301,1787226456.0471902,2.3349915847918243,0.47123889803846886,-1.477656378525002,-2.33501043505046,0.47123889803846886,-1.4735124994863327,0.5235987755982987
7302,1787226456.0880089,2.3321173203460157,0.47123889803846886,-1.4765253747560267,-2.332715423398559,0.47123889803846886,-1.473007659705714,0.5235987755982987
7303,1787226456.13361,2.331492180820095,0.47123889803846886,-1.4749352486936063,-2.329219348543348,0.47123889803846886,-1.4731348650780647,0.5235987755982987
7304,1787226456.1753747,2.3285652441765246,0.47123889803846886,-1.474572529767335,-2.3368248534584053,0.47123889803846886,-1.4734259938784835,0.5235987755982987
7305,1787226456.216983,2.326124296293724,0.47123889803846886,-1.473876714951933,-2.343604226315284,0.47123889803846886,-1.4764480558824231,0.5235987755982987
7306,1787226456.2627053,2.3149372508507087,0.47123889803846886,-1.4711764333613806,-2.3480108186722553,0.47123889803846886,-1.481982788079566,0.5235987755982987
7307,1787226456.3080993,2.3030291098219795,0.47123889803846886,-1.4658996544749283,-2.3508751037042868,0.47123889803846886,-1.4910792888853748,0.5235987755982987
7308,1787226456.3499763,2.3008686127610325,0.47123889803846886,-1.4572495835485482,-2.352736888975107,0.47123889803846886,-1.506451567442166,0.5235987755982987
7309,1787226456.3953497,2.303865247156612,0.47123889803846886,-1.4425293212114714,-2.3539470494011403,0.47123889803846886,-1.5238546402509034,0.5235987755982987
7310,1787226456.4397774,2.3031279512767004,0.47123889803846886,-1.4285584141184424,-2.354733653678062,0.47123889803846886,-1.5392723777772401,0.5235987755982987
7311,1787226456.4835057,2.3030758885673377,0.47123889803846886,-1.4280794210790262,-2.355244946458061,0.47123889803846886,-1.5424869592625148,0.5235987755982987
7312,1787226456.5421512,2.3106054820284117,0.47123889803846886,-1.4411242815096212,-2.3555772867650604,0.47123889803846886,-1.5381651268073795,0.5235987755982987
7313,1787226456.5874763,2.299647637487656,0.47123889803846886,-1.4547354331967983,-2.35579330796461,0.47123889803846886,-1.5246487130461355,0.5235987755982987
7314,1787226456.6298666,2.26684944832149,0.47123889803846886,-1.4727698323575702,-2.355933721744317,0.47123889803846886,-1.4960580779784545,0.5235987755982987
7315,1787226456.677186,2.234068277502532,0.47123889803846886,-1.4869928450530323,-2.356024990701127,0.47123889803846886,-1.4674780038422917,0.5235987755982987
7316,1787226456.7261703,2.193607274339194,0.47123889803846886,-1.4968032365223363,-2.3416192728573124,0.47123889803846886,-1.4487237900832606,0.5235987755982987
7317,1787226456.7691858,2.1630605668725433,0.47123889803846886,-1.5100766444886058,-2.279344775656176,0.47123889803846886,-1.4349242665536672,0.5235987755982987
7318,1787226456.8118527,2.142437690655593,0.47123889803846886,-1.514716866422757,-2.226637768824012,0.47123889803846886,-1.4283061849124226,0.5235987755982987
7319,1787226456.861036,2.163362769708132,0.47123889803846886,-1.5233955487694184,-2.182105257879553,0.47123889803846886,-1.406727679475492,0.5235987755982987
7320,1787226456.9107084,2.183004824744213,0.47123889803846886,-1.5267017123556603,-2.163039963062726,0.47123889803846886,-1.3878656819507524,0.5235987755982987
7321,1787226456.9549122,2.1736869143384543,0.47123889803846886,-1.5142490872533774,-2.1496843031949724,0.47123889803846886,-1.3795696190970683,0.5235987755982987
7322,1787226457.004763,2.156557995898858,0.47123889803846886,-1.492960518716592,-2.132738276241383,0.47123889803846886,-1.3853605544857548,0.5235987755982987
7323,1787226457.0526664,2.150700573459618,0.47123889803846886,-1.4715663478619905,-2.123066822865442,0.47123889803846886,-1.400663005902869,0.5235987755982987
7324,1787226457.098803,2.161915808801553,0.47123889803846886,-1.457788733155465,-2.111658457534543,0.47123889803846886,-1.422236100361455,0.5235987755982987
7325,1787226457.1468446,2.1763118964854398,0.47123889803846886,-1.4450530300005116,-2.1524314763840557,0.47123889803846886,-1.4442516009050963,0.5235987755982987
7326,1787226457.1975372,2.17150763132089,0.47123889803846886,-1.4299949862077033,-2.223748531216957,0.47123889803846886,-1.4649598130608346,0.5235987755982987
7327,1787226457.2460299,2.152185886177283,0.47123889803846886,-1.4232861425204053,-2.270104616858343,0.47123889803846886,-1.4792896958767936,0.5235987755982987
7328,1787226457.2905056,2.149562949983249,0.47123889803846886,-1.4116915847843945,-2.2958423310230693,0.47123889803846886,-1.4880169961973146,0.5235987755982987
7329,1787226457.3361397,2.147133769422475,0.47123889803846886,-1.4017617228374157,-2.3168233712371493,0.47123889803846886,-1.490740852929894,0.5235987755982987
7330,1787226457.380316,2.1341798497410878,0.47123889803846886,-1.4007213054379155,-2.3306032628714677,0.47123889803846886,-1.4873640324007353,0.5235987755982987
7331,1787226457.43193,2.1193946258331224,0.47123889803846886,-1.4040605707344973,-2.3395601924337748,0.47123889803846886,-1.4776897069248458,0.5235987755982987
7332,1787226457.4753823,2.1480094178076716,0.47123889803846886,-1.4286159489418329,-2.3453821966492745,0.47123889803846886,-1.47506703831389,0.5235987755982987
7333,1787226457.5180247,2.152883737642179,0.47123889803846886,-1.4605958226285778,-2.349166499389349,0.47123889803846886,-1.47018257566961,0.5235987755982987
7334,1787226457.5621536,2.149350471562447,0.47123889803846886,-1.488873189012463,-2.3085973803188846,0.47123889803846886,-1.4601455817596933,0.5235987755982987
7335,1787226457.6038408,2.157248331479843,0.47123889803846886,-1.512393282283591,-2.2877924387316932,0.47123889803846886,-1.4459336925652624,0.5235987755982987
7336,1787226457.6483138,2.1641039811604212,0.47123889803846886,-1.5325922770037304,-2.2591409293679816,0.47123889803846886,-1.4304163935595233,0.5235987755982987
7337,1787226457.6922772,2.1692035860795564,0.47123889803846886,-1.542892569206518,-2.230269357514935,0.47123889803846886,-1.4116148111507794,0.5235987755982987
7338,1787226457.7359202,2.1640183095642276,0.47123889803846886,-1.5506589568557887,-2.210447414952591,0.47123889803846886,-1.3998097261739066,0.5235987755982987
7339,1787226457.7809558,2.1510917101093603,0.47123889803846886,-1.5543130877128617,-2.216205294527033,0.47123889803846886,-1.391140086447906,0.5235987755982987
7340,1787226457.823893,2.1423421836136667,0.47123889803846886,-1.5547865484320273,-2.193757942310956,0.47123889803846886,-1.3867734550877515,0.5235987755982987
7341,1787226457.8772888,2.1373159722635577,0.47123889803846886,-1.5529405317422658,-2.1729124514262166,0.47123889803846886,-1.384575640610788,0.5235987755982987
7342,1787226457.9325504,2.138880153349565,0.47123889803846886,-1.5481394401239204,-2.193356258414295,0.47123889803846886,-1.3879483105884334,0.5235987755982987
7343,1787226457.977774,2.1389989527384277,0.47123889803846886,-1.5360377706939707,-2.2342838079012024,0.47123889803846886,-1.3947045351792071,0.5235987755982987
7344,1787226458.0264704,2.1254300701617432,0.47123889803846886,-1.5222246029419124,-2.2510346345465053,0.47123889803846886,-1.4120124270808732,0.5235987755982987
7345,1787226458.069884,2.1338265599234347,0.47123889803846886,-1.5094865471943693,-2.2577554481617974,0.47123889803846886,-1.437203537278081,0.5235987755982987
7346,1787226458.1116796,2.136861285629087,0.47123889803846886,-1.49618479255854,-2.2816978170060604,0.47123889803846886,-1.4648940761825515,0.5235987755982987
7347,1787226458.1531644,2.1475968539081967,0.47123889803846886,-1.4832190366866347,-2.30777165262126,0.47123889803846886,-1.4857050550362962,0.5235987755982987
7348,1787226458.198694,2.163690876470974,0.47123889803846886,-1.474579387409141,-2.3247196457711397,0.47123889803846886,-1.4995115139552575,0.5235987755982987
7349,1787226458.241811,2.2001199972796237,0.47123889803846886,-1.470627848854879,-2.3357358413185616,0.47123889803846886,-1.5055530500834462,0.5235987755982987
7350,1787226458.286292,2.203378216097001,0.47123889803846886,-1.4691407531391256,-2.3362014031237934,0.47123889803846886,-1.5078533000765688,0.5235987755982987
7351,1787226458.331115,2.2216102710330863,0.47123889803846886,-1.4700514716951387,-2.3239318216564246,0.47123889803846886,-1.5087849885754747,0.5235987755982987
7352,1787226458.3740385,2.219638646313932,0.47123889803846886,-1.4717710276633278,-2.310427430355464,0.47123889803846886,-1.508884437055496,0.5235987755982987
7353,1787226458.4202344,2.201871638534526,0.47123889803846886,-1.475091278505206,-2.2865259842297188,0.47123889803846886,-1.507677032716698,0.5235987755982987
7354,1787226458.4650683,2.1868463311389066,0.47123889803846886,-1.4788202268394572,-2.2682601087923184,0.47123889803846886,-1.5056863533328813,0.5235987755982987
7355,1787226458.5106325,2.179520935082464,0.47123889803846886,-1.4826768315793135,-2.2531766339575183,0.47123889803846886,-1.5033706200650157,0.5235987755982987
7356,1787226458.5573995,2.1793716278908275,0.47123889803846886,-1.4876841044109297,-2.2542811177314075,0.47123889803846886,-1.5013313845798453,0.5235987755982987
7357,1787226458.6020854,2.1786955541563553,0.47123889803846886,-1.4925166421172356,-2.255910245738909,0.47123889803846886,-1.500492028238566,0.5235987755982987
7358,1787226458.6537895,2.1783750598123452,0.47123889803846886,-1.4961488587909395,-2.2622339449756206,0.47123889803846886,-1.4997783561722553,0.5235987755982987
7359,1787226458.6989708,2.1863754624160103,0.47123889803846886,-1.498976489203014,-2.275058948656803,0.47123889803846886,-1.4992511703472768,0.5235987755982987
7360,1787226458.7428372,2.186745447295486,0.47123889803846886,-1.5007073246061893,-2.2914500809288167,0.47123889803846886,-1.4990361649636146,0.5235987755982987
7361,1787226458.7965028,2.1809704342687235,0.47123889803846886,-1.5019724375627619,-2.30140051604705,0.47123889803846886,-1.4990689005655202,0.5235987755982987
7362,1787226458.84291,2.1753826013018736,0.47123889803846886,-1.5026586007028677,-2.317845648001037,0.47123889803846886,-1.499119733245709,0.5235987755982987
7363,1787226458.8861604,2.172767284679148,0.47123889803846886,-1.5030980977279125,-2.325562951206118,0.47123889803846886,-1.4990963842209624,0.5235987755982987
7364,1787226458.92824,2.173025718821241,0.47123889803846886,-1.502914602659755,-2.333592697103655,0.47123889803846886,-1.4990877357051149,0.5235987755982987
7365,1787226458.9735398,2.1745786254646537,0.47123889803846886,-1.5027028945336567,-2.3385170848024632,0.47123889803846886,-1.4991731949794505,0.5235987755982987
7366,1787226459.019588,2.1765248283226684,0.47123889803846886,-1.5023861493235766,-2.3403390704827136,0.47123889803846886,-1.4993127320348418,0.5235987755982987
7367,1787226459.0643497,2.1825273385919597,0.47123889803846886,-1.5018004254869712,-2.3458884673810845,0.47123889803846886,-1.4992850459726563,0.5235987755982987
7368,1787226459.10994,2.1935735786878583,0.47123889803846886,-1.5011059730558896,-2.349495575365026,0.47123889803846886,-1.4990194909871428,0.5235987755982987
7369,1787226459.1590307,2.1991814721679774,0.47123889803846886,-1.5009915319445355,-2.351840195554588,0.47123889803846886,-1.4985245746476161,0.5235987755982987
7370,1787226459.2062886,2.200078998935695,0.47123889803846886,-1.501308212021731,-2.353364198677803,0.47123889803846886,-1.498007155709937,0.5235987755982987
7371,1787226459.2540035,2.203849910203366,0.47123889803846886,-1.5016642866228094,-2.3543548007078927,0.47123889803846886,-1.4975917373878276,0.5235987755982987
7372,1787226459.3088684,2.2069610559229584,0.47123889803846886,-1.5023750220757772,-2.3526465634998686,0.47123889803846886,-1.4971158562015496,0.5235987755982987
7373,1787226459.3625517,2.207857771748299,0.47123889803846886,-1.503133699005316,-2.3524009213915305,0.47123889803846886,-1.4965658371466535,0.5235987755982987
7374,1787226459.4159565,2.2094277685801442,0.47123889803846886,-1.5036907489721578,-2.3511245645393752,0.47123889803846886,-1.496210947068338,0.5235987755982987
7375,1787226459.4620094,2.208768673688735,0.47123889803846886,-1.5042495375073237,-2.3506873547765395,0.47123889803846886,-1.4960857477987295,0.5235987755982987
7376,1787226459.5086997,2.2038676285462158,0.47123889803846886,-1.5047838783723833,-2.346359741528064,0.47123889803846886,-1.4960617417040647,0.5235987755982987
7377,1787226459.5531566,2.196563323788208,0.47123889803846886,-1.5051866085976844,-2.34066650518837,0.47123889803846886,-1.496173630014701,0.5235987755982987
7378,1787226459.597212,2.1797405288780336,0.47123889803846886,-1.5056338728900238,-2.337171609242786,0.47123889803846886,-1.4963946822975154,0.5235987755982987
7379,1787226459.644519,2.1690299472844683,0.47123889803846886,-1.5059403804745521,-2.3347404457090106,0.47123889803846886,-1.4966413220343462,0.5235987755982987
7380,1787226459.6897922,2.16183002450504,0.47123889803846886,-1.5062105038387896,-2.3353247743330243,0.47123889803846886,-1.4970083574442123,0.5235987755982987
7381,1787226459.7355566,2.1555567875750845,0.47123889803846886,-1.5063777707287045,-2.336476510560953,0.47123889803846886,-1.4973942413767045,0.5235987755982987
7382,1787226459.786846,2.149752438808198,0.47123889803846886,-1.5063987948024324,-2.3339634338970225,0.47123889803846886,-1.4977254715072132,0.5235987755982987
7383,1787226459.8350825,2.1474331877289496,0.47123889803846886,-1.5063309818843869,-2.330512931397893,0.47123889803846886,-1.4980961025520516,0.5235987755982987
7384,1787226459.8826852,2.144297718449034,0.47123889803846886,-1.5061930971579927,-2.3263427943569233,0.47123889803846886,-1.498631178197919,0.5235987755982987
7385,1787226459.9376936,2.1433505686913223,0.47123889803846886,-1.5056897538809744,-2.322293604598757,0.47123889803846886,-1.4993766895098748,0.5235987755982987
7386,1787226459.9918165,2.146543704938755,0.47123889803846886,-1.5051460744947112,-2.319264369217951,0.47123889803846886,-1.5003247639334614,0.5235987755982987
7387,1787226460.03661,2.147759252828439,0.47123889803846886,-1.5043828620410098,-2.3203078355056372,0.47123889803846886,-1.5017846324355295,0.5235987755982987
7388,1787226460.0769234,2.1495117476576033,0.47123889803846886,-1.5038966962732796,-2.328684845243384,0.47123889803846886,-1.5033539349163716,0.5235987755982987
7389,1787226460.1174145,2.145885094104382,0.47123889803846886,-1.5038832054096638,-2.334232692556008,0.47123889803846886,-1.5049605675454032,0.5235987755982987
7390,1787226460.1666749,2.1421916047501637,0.47123889803846886,-1.504267508588896,-2.3404031728299985,0.47123889803846886,-1.5065206763300738,0.5235987755982987
7391,1787226460.2146015,2.136689964714611,0.47123889803846886,-1.5040145519862735,-2.3383609507752983,0.47123889803846886,-1.5077028020605059,0.5235987755982987
7392,1787226460.2627103,2.1348174662284802,0.47123889803846886,-1.5028570030585255,-2.3353115694253423,0.47123889803846886,-1.5094621753983763,0.5235987755982987
7393,1787226460.3080792,2.1324839559243456,0.47123889803846886,-1.5008092545140381,-2.3298786175253854,0.47123889803846886,-1.5108976102781781,0.5235987755982987
7394,1787226460.3645034,2.1341502051777663,0.47123889803846886,-1.4978649770407753,-2.329577650146871,0.47123889803846886,-1.5065098394629504,0.5235987755982987
7395,1787226460.4109962,2.1429823157824908,0.47123889803846886,-1.496560172364595,-2.3273867861516844,0.47123889803846886,-1.5058131945684985,0.5235987755982987
7396,1787226460.4590786,2.138995502785206,0.47123889803846886,-1.4964685946252791,-2.3306262182270006,0.47123889803846886,-1.5023828119381428,0.5235987755982987
7397,1787226460.5076327,2.1381683929834336,0.47123889803846886,-1.4998128674562465,-2.334095875492955,0.47123889803846886,-1.497611842680283,0.5235987755982987
7398,1787226460.552357,2.1498285761143876,0.47123889803846886,-1.5063606565526118,-2.330438014223029,0.47123889803846886,-1.4893703635085722,0.5235987755982987
7399,1787226460.6075642,2.1585333241643894,0.47123889803846886,-1.5134886452557335,-2.3239741876211157,0.47123889803846886,-1.4830593999918982,0.5235987755982987
7400,1787226460.6572444,2.1658668312819365,0.47123889803846886,-1.5191290718617019,-2.296832652726979,0.47123889803846886,-1.4752339206200356,0.5235987755982987
7401,1787226460.706172,2.1740662514237075,0.47123889803846886,-1.5234115370168817,-2.2458602356063726,0.47123889803846886,-1.4719583616451328,0.5235987755982987
7402,1787226460.7504723,2.179037189991389,0.47123889803846886,-1.5261552954011819,-2.187640263890028,0.47123889803846886,-1.4669627853469671,0.5235987755982987
7403,1787226460.7956514,2.1937234144598863,0.47123889803846886,-1.5273649249037267,-2.1215603290128247,0.47123889803846886,-1.4653717603151704,0.5235987755982987
7404,1787226460.842657,2.201515109989371,0.47123889803846886,-1.527921142735212,-2.0923183058941914,0.47123889803846886,-1.464382135940164,0.5235987755982987
7405,1787226460.8927324,2.211538968517109,0.47123889803846886,-1.529440212314645,-2.0824667962010315,0.47123889803846886,-1.4641655047897033,0.5235987755982987
7406,1787226460.9354732,2.2294810513466277,0.47123889803846886,-1.530231432226954,-2.0667358917324066,0.47123889803846886,-1.4649692068487066,0.5235987755982987
7407,1787226460.9782689,2.2468075253722817,0.47123889803846886,-1.5309822608571566,-2.0524881943835713,0.47123889803846886,-1.4673984931054662,0.5235987755982987
7408,1787226461.0198493,2.2626159859718333,0.47123889803846886,-1.5282002629513602,-2.041244962638739,0.47123889803846886,-1.4743177582812266,0.5235987755982987
7409,1787226461.0716338,2.2781703207744375,0.47123889803846886,-1.5246362587996174,-2.0302566094601584,0.47123889803846886,-1.483072510786092,0.5235987755982987
7410,1787226461.1190763,2.2892032498669774,0.47123889803846886,-1.5159380694444922,-2.0268489535878786,0.47123889803846886,-1.4929376199306605,0.5235987755982987
7411,1787226461.1612778,2.312650183980856,0.47123889803846886,-1.5071163488660486,-2.0326212339527627,0.47123889803846886,-1.5060440640720243,0.5235987755982987
7412,1787226461.209661,2.3278906911548773,0.47123889803846886,-1.4973414884664171,-2.0509370374358458,0.47123889803846886,-1.5161904762903191,0.5235987755982987
7413,1787226461.254307,2.337797020817991,0.47123889803846886,-1.488436119180709,-2.0666616894096506,0.47123889803846886,-1.5243978695128155,0.5235987755982987
7414,1787226461.3030148,2.344236135099015,0.47123889803846886,-1.4819149108903173,-2.064659065957589,0.47123889803846886,-1.5278951049605591,0.5235987755982987
7415,1787226461.3479128,2.3484215593816806,0.47123889803846886,-1.4779376371823134,-2.060781568294251,0.47123889803846886,-1.5293269738895345,0.5235987755982987
7416,1787226461.3968039,2.3511420851654132,0.47123889803846886,-1.4804610055765273,-2.0619047212182124,0.47123889803846886,-1.527497383492734,0.5235987755982987
7417,1787226461.4514327,2.352910426924839,0.47123889803846886,-1.4891199331192642,-2.0535170677499273,0.47123889803846886,-1.5242965737472194,0.5235987755982987
7418,1787226461.4971197,2.354059849068466,0.47123889803846886,-1.4983066177422388,-2.0435918505670663,0.47123889803846886,-1.5209733186533456,0.5235987755982987
7419,1787226461.5540156,2.354806973461824,0.47123889803846886,-1.507843699665054,-2.013099091112438,0.47123889803846886,-1.5182941530624754,0.5235987755982987
7420,1787226461.6068718,2.3552926043175066,0.47123889803846886,-1.5138838121000449,-1.988722400969736,0.47123889803846886,-1.5157207641927846,0.5235987755982987
7421,1787226461.65788,2.3556082643737,0.47123889803846886,-1.5213873570192002,-1.9523001455372588,0.47123889803846886,-1.5133092682154787,0.5235987755982987
7422,1787226461.710834,2.355813443410226,0.47123889803846886,-1.5263617533426233,-1.9131355202091342,0.47123889803846886,-1.5104632684814168,0.5235987755982987
7423,1787226461.7582703,2.3559468097839673,0.47123889803846886,-1.5294213810099533,-1.8912620225904253,0.47123889803846886,-1.5070013941125708,0.5235987755982987
7424,1787226461.801538,2.3560334979268998,0.47123889803846886,-1.5320185530810948,-1.8769536678138352,0.47123889803846886,-1.5028651894533376,0.5235987755982987
7425,1787226461.8489223,2.3560898452198056,0.47123889803846886,-1.5349231382897308,-1.8773395841635259,0.47123889803846886,-1.4989845962762145,0.5235987755982987
7426,1787226461.912548,2.356126470960194,0.47123889803846886,-1.5357722238257114,-1.8800175429438903,0.47123889803846886,-1.4942253334522584,0.5235987755982987
7427,1787226461.9587,2.356150277691447,0.47123889803846886,-1.5358383755040117,-1.8865088354502353,0.47123889803846886,-1.4909864253498264,0.5235987755982987
7428,1787226462.0046172,2.3561657520667616,0.47123889803846886,-1.5354433358644344,-1.8988246097310335,0.47123889803846886,-1.4901878639932646,0.5235987755982987
7429,1787226462.0502095,2.3561758104107158,0.47123889803846886,-1.5364307098018868,-1.9185992018194291,0.47123889803846886,-1.4913726185728438,0.5235987755982987
7430,1787226462.0976832,2.3561823483342863,0.47123889803846886,-1.535879370052906,-1.9389296206311233,0.47123889803846886,-1.4946159341285408,0.5235987755982987
7431,1787226462.1469536,2.356186597984607,0.47123889803846886,-1.5341965727841833,-1.9626495770251284,0.47123889803846886,-1.5023016938115408,0.5235987755982987
7432,1787226462.2018607,2.356189360257315,0.47123889803846886,-1.532240164052711,-1.981568357610529,0.47123889803846886,-1.5078844197873729,0.5235987755982987
7433,1787226462.2437863,2.3561911557345754,0.47123889803846886,-1.5318726589347353,-1.9885113353666668,0.47123889803846886,-1.5086173558846658,0.5235987755982987
7434,1787226462.2864888,2.3561923227947945,0.47123889803846886,-1.5314119045569847,-1.9934094492521268,0.47123889803846886,-1.507391962669435,0.5235987755982987
7435,1787226462.3318346,2.356193081383937,0.47123889803846886,-1.532049899077176,-1.999694002967114,0.47123889803846886,-1.5065212274240514,0.5235987755982987
7436,1787226462.3739197,2.3561935744668796,0.47123889803846886,-1.5355600023732465,-1.9945002211957747,0.47123889803846886,-1.5053632115617348,0.5235987755982987
7437,1787226462.4205394,2.356193894970793,0.47123889803846886,-1.5435731783347417,-1.9960476702677328,0.47123889803846886,-1.5040051607528009,0.5235987755982987
7438,1787226462.4684687,2.356194103298336,0.47123889803846886,-1.5511206094741934,-2.014149089376888,0.47123889803846886,-1.5040960610354448,0.5235987755982987
7439,1787226462.512056,2.356194238711239,0.47123889803846886,-1.5566140913687134,-2.043868676192136,0.47123889803846886,-1.5040347168034833,0.5235987755982987
7440,1787226462.558134,2.356194326729626,0.47123889803846886,-1.5589882615894304,-2.0664652800397123,0.47123889803846886,-1.504095082489607,0.5235987755982987
7441,1787226462.6002574,2.3561943839415775,0.47123889803846886,-1.559915897110729,-2.0773618368042506,0.47123889803846886,-1.5042657711771286,0.5235987755982987
7442,1787226462.6420949,2.356194421129346,0.47123889803846886,-1.558788107855666,-2.0835805390344246,0.47123889803846886,-1.5042615500750873,0.5235987755982987
7443,1787226462.693463,2.3561944453013957,0.47123889803846886,-1.5583221890040164,-2.0813243544274416,0.47123889803846886,-1.5038035614158538,0.5235987755982987
7444,1787226462.740206,2.356194461013228,0.47123889803846886,-1.5576649814548964,-2.068794815200434,0.47123889803846886,-1.5043642730797275,0.5235987755982987
7445,1787226462.7829096,2.356194471225919,0.47123889803846886,-1.5540338496786374,-2.064797250785996,0.47123889803846886,-1.5040750180885318,0.5235987755982987
7446,1787226462.8256884,2.356194477864168,0.47123889803846886,-1.5513265862287176,-2.0603814403003624,0.47123889803846886,-1.50667029786424,0.5235987755982987
7447,1787226462.8737752,2.35619448217903,0.47123889803846886,-1.549359590213103,-2.054333366551454,0.47123889803846886,-1.509787573117394,0.5235987755982987
7448,1787226462.927218,2.35619448498369,0.47123889803846886,-1.5462788210022937,-2.0749345246298003,0.47123889803846886,-1.5120654872799753,0.5235987755982987
7449,1787226462.9746575,2.3561944868067193,0.47123889803846886,-1.5437981317882437,-2.078626677627874,0.47123889803846886,-1.513629449184824,0.5235987755982987
7450,1787226463.0191536,2.3561944879916883,0.47123889803846886,-1.5416684335773216,-2.0874442721683497,0.47123889803846886,-1.514354899017321,0.5235987755982987
7451,1787226463.0641775,2.3561944887619184,0.47123889803846886,-1.5412046631586769,-2.104231174006582,0.47123889803846886,-1.5143929631568405,0.5235987755982987
7452,1787226463.1094997,2.3561944892625677,0.47123889803846886,-1.5409791769758088,-2.110048036604198,0.47123889803846886,-1.5135097194383227,0.5235987755982987
7453,1787226463.1541722,2.35619448958799,0.47123889803846886,-1.5406991495128814,-2.1265665643610028,0.47123889803846886,-1.5115721329985095,0.5235987755982987
7454,1787226463.199111,2.356194489799514,0.47123889803846886,-1.5409859724800052,-2.148662327877288,0.47123889803846886,-1.509376379371746,0.5235987755982987
7455,1787226463.2435617,2.356194489937005,0.47123889803846886,-1.540989948821398,-2.164248636776501,0.47123889803846886,-1.5068863811366617,0.5235987755982987
7456,1787226463.2861228,2.356194490026374,0.47123889803846886,-1.538751932797585,-2.171628596956987,0.47123889803846886,-1.5052399732598043,0.5235987755982987
7457,1787226463.3313906,2.356194490084464,0.47123889803846886,-1.5367433959554189,-2.17862255203367,0.47123889803846886,-1.504175587304784,0.5235987755982987
7458,1787226463.3732092,2.3561944901222223,0.47123889803846886,-1.5334575322084874,-2.194137560264159,0.47123889803846886,-1.5035732357482936,0.5235987755982987
7459,1787226463.4206831,2.3561944901467653,0.47123889803846886,-1.5306588807129904,-2.2261248376223848,0.47123889803846886,-1.5051713016168535,0.5235987755982987
7460,1787226463.4705184,2.356194490162718,0.47123889803846886,-1.5294245394192252,-2.2605013117913266,0.47123889803846886,-1.5135107880286143,0.5235987755982987
7461,1787226463.537023,2.3561944901730874,0.47123889803846886,-1.5334214164006343,-2.293993924231683,0.47123889803846886,-1.5305668951863063,0.5235987755982987
7462,1787226463.582029,2.3561944901798277,0.47123889803846886,-1.5354419918662199,-2.3157641223179146,0.47123889803846886,-1.541206455846865,0.5235987755982987
7463,1787226463.6227572,2.3561944901842087,0.47123889803846886,-1.5381144617385765,-2.3299147510739653,0.47123889803846886,-1.5458105849693273,0.5235987755982987
7464,1787226463.6679397,2.3561944901870566,0.47123889803846886,-1.5427992983416867,-2.339112659765398,0.47123889803846886,-1.5485911892905353,0.5235987755982987
7465,1787226463.718593,2.3561944901889076,0.47123889803846886,-1.5456375917462815,-2.3450913004148295,0.47123889803846886,-1.550032187998377,0.5235987755982987
7466,1787226463.7812848,2.3561944901901106,0.47123889803846886,-1.5484001479481357,-2.34897741683696,0.47123889803846886,-1.552272724668808,0.5235987755982987
7467,1787226463.8564541,2.3561944901908927,0.47123889803846886,-1.5483491389353303,-2.351503392511345,0.47123889803846886,-1.5520773017987697,0.5235987755982987
7468,1787226463.911628,2.3561944901914007,0.47123889803846886,-1.545618723772276,-2.3531452766996948,0.47123889803846886,-1.5504401656717766,0.5235987755982987
7469,1787226463.9685998,2.356194490191731,0.47123889803846886,-1.5454350573032039,-2.354212501422122,0.47123889803846886,-1.548250398549559,0.5235987755982987
7470,1787226464.019521,2.356194490191946,0.47123889803846886,-1.545622923041312,-2.3549061974917,0.47123889803846886,-1.5469609703828624,0.5235987755982987
7471,1787226464.065174,2.3561944901920855,0.47123889803846886,-1.5455055966629347,-2.355357099936926,0.47123889803846886,-1.5478997198142146,0.5235987755982987
7472,1787226464.1075208,2.356194490192176,0.47123889803846886,-1.5455055790509804,-2.3556501865263226,0.47123889803846886,-1.5486016205369526,0.5235987755982987
7473,1787226464.1483145,2.356194490192235,0.47123889803846886,-1.5456930270329607,-2.3558406928094304,0.47123889803846886,-1.5496314371701947,0.5235987755982987
7474,1787226464.188886,2.356194490192274,0.47123889803846886,-1.5460655948399205,-2.3559645218934504,0.47123889803846886,-1.5503007317822397,0.5235987755982987
7475,1787226464.2310667,2.3561944901922987,0.47123889803846886,-1.5465905065940548,-2.3560450107980637,0.47123889803846886,-1.5500632144253819,0.5235987755982987
7476,1787226464.2763753,2.3561944901923146,0.47123889803846886,-1.5489424192939785,-2.3560973285860625,0.47123889803846886,-1.549872867537807,0.5235987755982987
7477,1787226464.3172545,2.3561944901923253,0.47123889803846886,-1.5523571227642083,-2.3561313351482616,0.47123889803846886,-1.548746186659692,0.5235987755982987
7478,1787226464.3593454,2.3561944901923324,0.47123889803846886,-1.5553405385108952,-2.3561534394136907,0.47123889803846886,-1.5439125316101614,0.5235987755982987
7479,1787226464.4070258,2.356194490192337,0.47123889803846886,-1.557592626332474,-2.3561678071862198,0.47123889803846886,-1.5392747248037437,0.5235987755982987
7480,1787226464.4519422,2.3561944901923395,0.47123889803846886,-1.5593025309763395,-2.3561771462383634,0.47123889803846886,-1.536176035899715,0.5235987755982987
7481,1787226464.5119455,2.3561944901923413,0.47123889803846886,-1.5604673954445527,-2.3561832166222567,0.47123889803846886,-1.5348814882603923,0.5235987755982987
7482,1787226464.5682209,2.3561944901923426,0.47123889803846886,-1.5611143627493622,-2.3561871623717874,0.47123889803846886,-1.5335610847015744,0.5235987755982987
7483,1787226464.6165724,2.3561944901923435,0.47123889803846886,-1.5613663246046747,-2.3561897271089824,0.47123889803846886,-1.5325395549233072,0.5235987755982987
7484,1787226464.6652417,2.356194490192344,0.47123889803846886,-1.5615285883266372,-2.3561913941881594,0.47123889803846886,-1.533217091756598,0.5235987755982987
7485,1787226464.7126272,2.3561944901923444,0.47123889803846886,-1.5618540631583064,-2.3561924777896244,0.47123889803846886,-1.534262663626083,0.5235987755982987
7486,1787226464.7547543,2.356194490192345,0.47123889803846886,-1.5630534368832545,-2.3561931821305766,0.47123889803846886,-1.5370253592605154,0.5235987755982987
7487,1787226464.811663,2.356194490192345,0.47123889803846886,-1.5638079441704558,-2.3561936399521954,0.47123889803846886,-1.540569724496972,0.5235987755982987
7488,1787226464.8584807,2.356194490192345,0.47123889803846886,-1.5657759160014915,-2.3405626314191763,0.47123889803846886,-1.5451630061535138,0.5235987755982987
7489,1787226464.9063497,2.356194490192345,0.47123889803846886,-1.566555237880109,-2.314967168418554,0.47123889803846886,-1.5491255156484924,0.5235987755982987
7490,1787226464.9513652,2.356194490192345,0.47123889803846886,-1.5662989657101447,-2.274175873984138,0.47123889803846886,-1.5539084399477097,0.5235987755982987
7491,1787226464.9986246,2.356194490192345,0.47123889803846886,-1.5677787673380492,-2.2363968948349635,0.47123889803846886,-1.556229675381557,0.5235987755982987
7492,1787226465.0415776,2.356194490192345,0.47123889803846886,-1.5677739359416518,-2.204701602693882,0.47123889803846886,-1.5570525480066628,0.5235987755982987
7493,1787226465.0841436,2.356194490192345,0.47123889803846886,-1.5671953959211828,-2.1897574593900746,0.47123889803846886,-1.5572904132937078,0.5235987755982987
7494,1787226465.13153,2.356194490192345,0.47123889803846886,-1.5664657051431998,-2.1823290804779507,0.47123889803846886,-1.5569214502367048,0.5235987755982987
7495,1787226465.1734931,2.356194490192345,0.47123889803846886,-1.5657562421452802,-2.1789183489672133,0.47123889803846886,-1.5558748760910266,0.5235987755982987
7496,1787226465.21744,2.356194490192345,0.47123889803846886,-1.5648415144873686,-2.1787917311535767,0.47123889803846886,-1.5546423054645317,0.5235987755982987
7497,1787226465.2611418,2.356194490192345,0.47123889803846886,-1.5633581332587951,-2.185430535170626,0.47123889803846886,-1.5531990097799833,0.5235987755982987
7498,1787226465.309646,2.356194490192345,0.47123889803846886,-1.561302978728659,-2.1939886966201003,0.47123889803846886,-1.5518842645624928,0.5235987755982987
7499,1787226465.3583288,2.356194490192345,0.47123889803846886,-1.559547014247229,-2.202644896269062,0.47123889803846886,-1.5506093954902194,0.5235987755982987
7500,1787226465.4047494,2.356194490192345,0.47123889803846886,-1.557554450294768,-2.211042486810074,0.47123889803846886,-1.5495514090306388,0.5235987755982987
7501,1787226465.4498553,2.356194490192345,0.47123889803846886,-1.5562333933371606,-2.21921904119368,0.47123889803846886,-1.5492082512874739,0.5235987755982987
7502,1787226465.494787,2.356194490192345,0.47123889803846886,-1.5564441976852192,-2.227950038777024,0.47123889803846886,-1.549340300165511,0.5235987755982987
7503,1787226465.5389843,2.356194490192345,0.47123889803846886,-1.5569799453588309,-2.218972009604312,0.47123889803846886,-1.5502058369572702,0.5235987755982987
7504,1787226465.5812824,2.356194490192345,0.47123889803846886,-1.5576645909822115,-2.210950291210688,0.47123889803846886,-1.551083575161909,0.5235987755982987
7505,1787226465.6272552,2.356194490192345,0.47123889803846886,-1.5590789309934008,-2.1893036751780044,0.47123889803846886,-1.5520332776279813,0.5235987755982987
7506,1787226465.6795685,2.356194490192345,0.47123889803846886,-1.5600186574658124,-2.1582618700953597,0.47123889803846886,-1.5507824126267764,0.5235987755982987
7507,1787226465.7329426,2.356194490192345,0.47123889803846886,-1.560169489780943,-2.1327094486642633,0.47123889803846886,-1.5476657808443828,0.5235987755982987
7508,1787226465.7778368,2.356194490192345,0.47123889803846886,-1.5607836363297627,-2.1079626395505233,0.47123889803846886,-1.5440003741642694,0.5235987755982987
7509,1787226465.8309693,2.356194490192345,0.47123889803846886,-1.5619105130004867,-2.091206789844617,0.47123889803846886,-1.5404849068333406,0.5235987755982987
7510,1787226465.881402,2.356194490192345,0.47123889803846886,-1.563350778547493,-2.04753849035804,0.47123889803846886,-1.5403694154327554,0.5235987755982987
7511,1787226465.9365077,2.356194490192345,0.47123889803846886,-1.5632611658972007,-2.00631989386457,0.47123889803846886,-1.5416709483921305,0.5235987755982987
7512,1787226465.9847434,2.356194490192345,0.47123889803846886,-1.5640845368239527,-1.9792920147640563,0.47123889803846886,-1.5418180611605061,0.5235987755982987
7513,1787226466.033947,2.356194490192345,0.47123889803846886,-1.564817062769125,-1.9613959564495813,0.47123889803846886,-1.541106365607043,0.5235987755982987
7514,1787226466.081641,2.356194490192345,0.47123889803846886,-1.5608308185307929,-1.9440170749617596,0.47123889803846886,-1.5350089950384191,0.5235987755982987
7515,1787226466.1276314,2.356194490192345,0.47123889803846886,-1.555116055666939,-1.9414313895357203,0.47123889803846886,-1.5227359579349105,0.5235987755982987
7516,1787226466.168406,2.356194490192345,0.47123889803846886,-1.5516112181345463,-1.9439091306510816,0.47123889803846886,-1.5082656731492756,0.5235987755982987
7517,1787226466.2134218,2.356194490192345,0.47123889803846886,-1.5469054132952738,-1.9467395095198223,0.47123889803846886,-1.4985186761949456,0.5235987755982987
7518,1787226466.2545252,2.356194490192345,0.47123889803846886,-1.5376137603282567,-1.9499398307395484,0.47123889803846886,-1.4921938719773964,0.5235987755982987
7519,1787226466.2969012,2.356194490192345,0.47123889803846886,-1.5256309302993996,-1.9423711063543287,0.47123889803846886,-1.4858026429041402,0.5235987755982987
7520,1787226466.3395493,2.356194490192345,0.47123889803846886,-1.517763079931096,-1.93781499015588,0.47123889803846886,-1.48389257105182,0.5235987755982987
7521,1787226466.3815446,2.356194490192345,0.47123889803846886,-1.5127851237596177,-1.9402125331751487,0.47123889803846886,-1.4867180071662647,0.5235987755982987
7522,1787226466.4280095,2.356194490192345,0.47123889803846886,-1.506768764932167,-1.942012982807034,0.47123889803846886,-1.492554301566695,0.5235987755982987
7523,1787226466.4694905,2.356194490192345,0.47123889803846886,-1.5050542933435307,-1.9341426427201645,0.47123889803846886,-1.5010472595014452,0.5235987755982987
7524,1787226466.5146923,2.356194490192345,0.47123889803846886,-1.503512631479338,-1.9464389525147507,0.47123889803846886,-1.5078030365479889,0.5235987755982987
7525,1787226466.5575597,2.356194490192345,0.47123889803846886,-1.4962499753444094,-1.984358967170394,0.47123889803846886,-1.5121892066172586,0.5235987755982987
7526,1787226466.6057787,2.356194490192345,0.47123889803846886,-1.4873042696342487,-2.0027321040336328,0.47123889803846886,-1.5178369550932505,0.5235987755982987
7527,1787226466.657598,2.356194490192345,0.47123889803846886,-1.4785674938021736,-2.019629571407366,0.47123889803846886,-1.525927053952331,0.5235987755982987
7528,1787226466.7015498,2.356194490192345,0.47123889803846886,-1.474042899747589,-2.031749625393025,0.47123889803846886,-1.5314285831413208,0.5235987755982987
7529,1787226466.7433748,2.356194490192345,0.47123889803846886,-1.4744005159498221,-2.041659431278945,0.47123889803846886,-1.5356224635645979,0.5235987755982987
7530,1787226466.7904303,2.356194490192345,0.47123889803846886,-1.477528042828381,-2.0469375802905745,0.47123889803846886,-1.5307934934658243,0.5235987755982987
7531,1787226466.8332515,2.356194490192345,0.47123889803846886,-1.4799519978646531,-2.0558888347625612,0.47123889803846886,-1.5195591461633344,0.5235987755982987
7532,1787226466.8790398,2.3502164520686932,0.47123889803846886,-1.4801910535356368,-2.0257054640409473,0.47123889803846886,-1.507472182817914,0.5235987755982987
7533,1787226466.9212239,2.3523087654119714,0.47123889803846886,-1.4830663470134269,-2.002658201264728,0.47123889803846886,-1.4989130121355756,0.5235987755982987
7534,1787226466.9664922,2.353668769085102,0.47123889803846886,-1.4822150649920418,-1.9985350049507373,0.47123889803846886,-1.4919379084772468,0.5235987755982987
7535,1787226467.0108745,2.354552771472637,0.47123889803846886,-1.47917169553073,-1.989960348391349,0.47123889803846886,-1.4788617771261454,0.5235987755982987
7536,1787226467.05504,2.355127373024535,0.47123889803846886,-1.477088525461388,-1.9845998285761492,0.47123889803846886,-1.4592217287870834,0.5235987755982987
7537,1787226467.1078196,2.355500864033268,0.47123889803846886,-1.4768133284953349,-2.0386222718699267,0.47123889803846886,-1.4394564030525125,0.5235987755982987
7538,1787226467.1516845,2.355743633188945,0.47123889803846886,-1.479917663533791,-2.0294242828654654,0.47123889803846886,-1.4314114233613764,0.5235987755982987
7539,1787226467.1942198,2.355901433140135,0.47123889803846886,-1.4785307304409103,-2.0403636034467274,0.47123889803846886,-1.4258870491364655,0.5235987755982987
7540,1787226467.2351463,2.3560040031084086,0.47123889803846886,-1.4763699947038125,-2.0607533267596922,0.47123889803846886,-1.427820339239545,0.5235987755982987
7541,1787226467.278309,2.3560706735877863,0.47123889803846886,-1.4716796672842793,-2.044840907365364,0.47123889803846886,-1.4418235677019389,0.5235987755982987
7542,1787226467.3268635,2.3453955854842485,0.47123889803846886,-1.4653226550600347,-2.0534561743938373,0.47123889803846886,-1.4627146692613175,0.5235987755982987
7543,1787226467.372658,2.321820713968723,0.47123889803846886,-1.460418250725621,-2.115642181704139,0.47123889803846886,-1.4847709245394003,0.5235987755982987
7544,1787226467.423683,2.290652048455966,0.47123889803846886,-1.4573741681864747,-2.179172051893737,0.47123889803846886,-1.5071796593364761,0.5235987755982987
7545,1787226467.4718523,2.254002056014569,0.47123889803846886,-1.4579753637683661,-2.226206424739377,0.47123889803846886,-1.529039811109004,0.5235987755982987
7546,1787226467.517098,2.216742458467065,0.47123889803846886,-1.451809563995445,-2.2412582449152625,0.47123889803846886,-1.5363841807351442,0.5235987755982987
7547,1787226467.5594716,2.221036933834394,0.47123889803846886,-1.4472711832919412,-2.272947230931106,0.47123889803846886,-1.5338394222290013,0.5235987755982987
7548,1787226467.6035018,2.204363454006864,0.47123889803846886,-1.4431579113253639,-2.2969178531879773,0.47123889803846886,-1.530781140567355,0.5235987755982987
7549,1787226467.6546814,2.1720621339088715,0.47123889803846886,-1.4424253832581542,-2.2965994218756727,0.47123889803846886,-1.5278194110856127,0.5235987755982987
7550,1787226467.7070348,2.1493253264294996,0.47123889803846886,-1.4439751918878612,-2.306181126257237,0.47123889803846886,-1.5253658880963479,0.5235987755982987
7551,1787226467.7512176,2.1345422367497067,0.47123889803846886,-1.4458097510966939,-2.298864810546706,0.47123889803846886,-1.5231296779489547,0.5235987755982987
7552,1787226467.8088608,2.120037538492891,0.47123889803846886,-1.457454307610372,-2.3010254460237696,0.47123889803846886,-1.5147767514459396,0.5235987755982987
7553,1787226467.8638587,2.1115258834635378,0.47123889803846886,-1.4757439704424435,-2.288382995889764,0.47123889803846886,-1.50041743984329,0.5235987755982987
7554,1787226467.9135711,2.106885952260958,0.47123889803846886,-1.4939982667313858,-2.2651763723298726,0.47123889803846886,-1.4881632356681767,0.5235987755982987
7555,1787226467.9646358,2.1055658703713,0.47123889803846886,-1.5071869190742684,-2.228535561079574,0.47123889803846886,-1.4749636780055149,0.5235987755982987
7556,1787226468.0103722,2.1072501365538043,0.47123889803846886,-1.5130080490315336,-2.2065027692253936,0.47123889803846886,-1.4654107286450193,0.5235987755982987
7557,1787226468.0542393,2.1141012599769144,0.47123889803846886,-1.510395920355423,-2.196708879171652,0.47123889803846886,-1.4600010637654344,0.5235987755982987
7558,1787226468.1014602,2.1189567445988904,0.47123889803846886,-1.5040960481710735,-2.1786614833807056,0.47123889803846886,-1.4538230144398074,0.5235987755982987
7559,1787226468.1486778,2.1171226905293645,0.47123889803846886,-1.4957337795193126,-2.170246414517146,0.47123889803846886,-1.4523035721820126,0.5235987755982987
7560,1787226468.1954863,2.131313714935253,0.47123889803846886,-1.4863118118543477,-2.1844067963161153,0.47123889803846886,-1.4577405826315442,0.5235987755982987
7561,1787226468.2398095,2.138426532953816,0.47123889803846886,-1.4791577967387524,-2.201057793908266,0.47123889803846886,-1.4637827422703746,0.5235987755982987
7562,1787226468.2985132,2.1502938970153,0.47123889803846886,-1.4751580947651857,-2.2307806112692434,0.47123889803846886,-1.4699331928058148,0.5235987755982987
7563,1787226468.3499053,2.1651241975438222,0.47123889803846886,-1.4725855384513764,-2.270804495881011,0.47123889803846886,-1.476367851867074,0.5235987755982987
7564,1787226468.3965058,2.168303557885962,0.47123889803846886,-1.4733616076154668,-2.2955837907254333,0.47123889803846886,-1.482052058426959,0.5235987755982987
7565,1787226468.4410625,2.161046407768991,0.47123889803846886,-1.47439425790265,-2.304715160042262,0.47123889803846886,-1.4874586875582962,0.5235987755982987
7566,1787226468.4838016,2.1528756172821266,0.47123889803846886,-1.4741714966222434,-2.311620515485679,0.47123889803846886,-1.4987501787666828,0.5235987755982987
7567,1787226468.5277953,2.1563813720488545,0.47123889803846886,-1.4744228526736203,-2.3207470562702954,0.47123889803846886,-1.5071307979151567,0.5235987755982987
7568,1787226468.575764,2.150882793347381,0.47123889803846886,-1.4747309459520395,-2.3239462750163615,0.47123889803846886,-1.5124276075738003,0.5235987755982987
7569,1787226468.6205401,2.1468653855121334,0.47123889803846886,-1.4748032194992309,-2.3230351645343554,0.47123889803846886,-1.5179866219767015,0.5235987755982987
7570,1787226468.662735,2.1385665531850027,0.47123889803846886,-1.4749130582346661,-2.3150849681394257,0.47123889803846886,-1.5218583731241462,0.5235987755982987
7571,1787226468.7081807,2.1297284735150384,0.47123889803846886,-1.4744106131518278,-2.3056190996553036,0.47123889803846886,-1.524614394064755,0.5235987755982987
7572,1787226468.7540936,2.135808462796732,0.47123889803846886,-1.4720814220140883,-2.297501982745749,0.47123889803846886,-1.5259410908490527,0.5235987755982987
7573,1787226468.7967572,2.1449537003857437,0.47123889803846886,-1.4699437313236994,-2.28856347251165,0.47123889803846886,-1.5263551076501836,0.5235987755982987
7574,1787226468.8438625,2.152283052078352,0.47123889803846886,-1.4680559153701065,-2.2645841298763156,0.47123889803846886,-1.5257590625385422,0.5235987755982987
7575,1787226468.891281,2.155453506389752,0.47123889803846886,-1.46703305811052,-2.248377368720921,0.47123889803846886,-1.5247415863245797,0.5235987755982987
7576,1787226468.936323,2.1588557136521462,0.47123889803846886,-1.467112121875227,-2.2303839249780344,0.47123889803846886,-1.524188541117049,0.5235987755982987
7577,1787226468.9825904,2.160641875632547,0.47123889803846886,-1.4677406147327687,-2.2158870463638642,0.47123889803846886,-1.5236682215714694,0.5235987755982987
7578,1787226469.031213,2.16304102606341,0.47123889803846886,-1.468982001595726,-2.204701355306171,0.47123889803846886,-1.5236552132505201,0.5235987755982987
7579,1787226469.0766623,2.1657799313480344,0.47123889803846886,-1.4705145808999993,-2.1996066272643366,0.47123889803846886,-1.5239972506159865,0.5235987755982987
7580,1787226469.1315994,2.1715196611562173,0.47123889803846886,-1.4721739588286327,-2.195740806933198,0.47123889803846886,-1.5236541716480763,0.5235987755982987
7581,1787226469.1758277,2.169440409540635,0.47123889803846886,-1.4745779070540075,-2.1926838673029128,0.47123889803846886,-1.5235689769636345,0.5235987755982987
7582,1787226469.2195487,2.168549853515033,0.47123889803846886,-1.477678135573738,-2.1983072442144382,0.47123889803846886,-1.5228064693806145,0.5235987755982987
7583,1787226469.2656996,2.167403059975601,0.47123889803846886,-1.4796164458860983,-2.2181757968050655,0.47123889803846886,-1.520797057415995,0.5235987755982987
7584,1787226469.3162143,2.167097774579938,0.47123889803846886,-1.480198023561007,-2.248710947267867,0.47123889803846886,-1.5067181910941403,0.5235987755982987
7585,1787226469.3611758,2.1686969191985987,0.47123889803846886,-1.4775016792376836,-2.2773088334694833,0.47123889803846886,-1.4924835366389382,0.5235987755982987
7586,1787226469.404999,2.161064467029556,0.47123889803846886,-1.4726506499410914,-2.2963657727695743,0.47123889803846886,-1.4862796550883224,0.5235987755982987
7587,1787226469.44845,2.1544609812271807,0.47123889803846886,-1.468661030350165,-2.317305823867544,0.47123889803846886,-1.484258239131457,0.5235987755982987
7588,1787226469.4926147,2.134686497236681,0.47123889803846886,-1.4641043138148557,-2.3309168570812244,0.47123889803846886,-1.4824183454680933,0.5235987755982987
7589,1787226469.5430412,2.124705594217389,0.47123889803846886,-1.46461018251195,-2.3397640286701167,0.47123889803846886,-1.482588272408368,0.5235987755982987
7590,1787226469.587749,2.1213390897221,0.47123889803846886,-1.4684957598376926,-2.3455146902028963,0.47123889803846886,-1.4810054157386516,0.5235987755982987
7591,1787226469.6309347,2.0971657207926064,0.47123889803846886,-1.473576042922352,-2.3410950512967457,0.47123889803846886,-1.4791736680891152,0.5235987755982987
7592,1787226469.6825852,2.0910146012964033,0.47123889803846886,-1.4809724121827845,-2.327417977629617,0.47123889803846886,-1.4781571446011021,0.5235987755982987
7593,1787226469.7296147,2.0978210785231353,0.47123889803846886,-1.486920949618938,-2.316789429283136,0.47123889803846886,-1.4782581479562196,0.5235987755982987
7594,1787226469.777782,2.1000890483836656,0.47123889803846886,-1.4893289517024964,-2.3081082229400494,0.47123889803846886,-1.483065957560878,0.5235987755982987
7595,1787226469.8227756,2.0833089445225075,0.47123889803846886,-1.4935725613555253,-2.2905394970358826,0.47123889803846886,-1.4883283935465097,0.5235987755982987
7596,1787226469.872813,2.0785145878863456,0.47123889803846886,-1.4928761730593405,-2.2825836718662282,0.47123889803846886,-1.4922835189264663,0.5235987755982987
7597,1787226469.9243348,2.076010687360032,0.47123889803846886,-1.4896397790921332,-2.2941252082052803,0.47123889803846886,-1.4930476195314604,0.5235987755982987
7598,1787226469.9748237,2.0684859148631483,0.47123889803846886,-1.488628348567552,-2.304352445805682,0.47123889803846886,-1.4928883994183408,0.5235987755982987
7599,1787226470.0221772,2.070000171950383,0.47123889803846886,-1.4881617209511289,-2.310331124104813,0.47123889803846886,-1.4947986844251182,0.5235987755982987
7600,1787226470.0736752,2.075590897783221,0.47123889803846886,-1.4867413287268907,-2.3234835136493213,0.47123889803846886,-1.4977550248675178,0.5235987755982987
7601,1787226470.1391566,2.0786472619429555,0.47123889803846886,-1.4856622143305547,-2.3306219271317405,0.47123889803846886,-1.5036500004849178,0.5235987755982987
7602,1787226470.1902184,2.076818206476676,0.47123889803846886,-1.4852789366110208,-2.339572324202952,0.47123889803846886,-1.5094193988031743,0.5235987755982987
7603,1787226470.2456052,2.0773935218685566,0.47123889803846886,-1.4851128180848228,-2.3453900822992395,0.47123889803846886,-1.5127339610507267,0.5235987755982987
7604,1787226470.2922077,2.0728935763837955,0.47123889803846886,-1.4851130777974315,-2.3491716250618264,0.47123889803846886,-1.51385152931194,0.5235987755982987
7605,1787226470.3445423,2.073368141967564,0.47123889803846886,-1.4853039385928262,-2.351629627857508,0.47123889803846886,-1.5143176052473986,0.5235987755982987
7606,1787226470.3985214,2.072113191533265,0.47123889803846886,-1.4853721691940347,-2.3532273296747013,0.47123889803846886,-1.5137914581090894,0.5235987755982987
7607,1787226470.4440527,2.0757700229225655,0.47123889803846886,-1.487122501935424,-2.354265835855877,0.47123889803846886,-1.5132439617083309,0.5235987755982987
7608,1787226470.4904747,2.0822025655600322,0.47123889803846886,-1.491463214794505,-2.3549408648736407,0.47123889803846886,-1.5117568047398002,0.5235987755982987
7609,1787226470.54061,2.084694096126295,0.47123889803846886,-1.495586326344412,-2.355379633735187,0.47123889803846886,-1.5102962651255063,0.5235987755982987
7610,1787226470.586491,2.0834484155416737,0.47123889803846886,-1.4983121291117314,-2.3556648334951924,0.47123889803846886,-1.5064177464276174,0.5235987755982987
7611,1787226470.6386864,2.086064316120597,0.47123889803846886,-1.499722390015462,-2.355850213339196,0.47123889803846886,-1.5013448472161812,0.5235987755982987
7612,1787226470.6838887,2.0818133991819705,0.47123889803846886,-1.4997278709337243,-2.3542890872434636,0.47123889803846886,-1.496195631551105,0.5235987755982987
7613,1787226470.7285984,2.0766963155000733,0.47123889803846886,-1.4990227212182798,-2.350682163000832,0.47123889803846886,-1.4908998186995595,0.5235987755982987
7614,1787226470.7716565,2.0822346333397377,0.47123889803846886,-1.4978298888832873,-2.351361403708938,0.47123889803846886,-1.4865329182193934,0.5235987755982987
7615,1787226470.8164089,2.0828827496848574,0.47123889803846886,-1.4961175606633217,-2.3449924701470795,0.47123889803846886,-1.4837596853386792,0.5235987755982987
7616,1787226470.8656754,2.0855399805911645,0.47123889803846886,-1.4938000402754619,-2.3416066264434314,0.47123889803846886,-1.4828874013622724,0.5235987755982987
7617,1787226470.917579,2.083554970909221,0.47123889803846886,-1.4910986359519858,-2.34197998314402,0.47123889803846886,-1.483066668627885,0.5235987755982987
7618,1787226470.963373,2.0825797885302126,0.47123889803846886,-1.4873029598042278,-2.343793779237359,0.47123889803846886,-1.4841995457866077,0.5235987755982987
7619,1787226471.0186124,2.082444262324289,0.47123889803846886,-1.4834715165456687,-2.344759015740504,0.47123889803846886,-1.4856130862178518,0.5235987755982987
7620,1787226471.073808,2.0826917237999982,0.47123889803846886,-1.4799340363149018,-2.343391132949135,0.47123889803846886,-1.4870713521599517,0.5235987755982987
7621,1787226471.1237485,2.0833529646922657,0.47123889803846886,-1.4755916248632888,-2.343544946545487,0.47123889803846886,-1.4881792679686652,0.5235987755982987
7622,1787226471.1669168,2.0928190540212186,0.47123889803846886,-1.4702337973707986,-2.3479722868218875,0.47123889803846886,-1.490450309049213,0.5235987755982987
7623,1787226471.2127864,2.101868589576739,0.47123889803846886,-1.465055042407798,-2.350850058001548,0.47123889803846886,-1.4927605297533568,0.5235987755982987
7624,1787226471.2584362,2.104878998458545,0.47123889803846886,-1.4604627117007127,-2.352720609268327,0.47123889803846886,-1.4955579265631713,0.5235987755982987
7625,1787226471.3057601,2.1099031007118736,0.47123889803846886,-1.4556624679998933,-2.3526248440648194,0.47123889803846886,-1.4996632041099032,0.5235987755982987
7626,1787226471.3517783,2.117378115658746,0.47123889803846886,-1.4525219972668735,-2.3538742202094536,0.47123889803846886,-1.5041726733350425,0.5235987755982987
7627,1787226471.3972256,2.1193441796997856,0.47123889803846886,-1.4512567313047602,-2.3470206070189095,0.47123889803846886,-1.513225190733885,0.5235987755982987
7628,1787226471.4492779,2.127422475074227,0.47123889803846886,-1.452416079654694,-2.3428448463998466,0.47123889803846886,-1.5184423261187632,0.5235987755982987
7629,1787226471.4975584,2.1315124484608923,0.47123889803846886,-1.4478221956753998,-2.3276306480745133,0.47123889803846886,-1.5211501886088925,0.5235987755982987
7630,1787226471.5521903,2.134180578506622,0.47123889803846886,-1.4431742929006242,-2.3184765496873094,0.47123889803846886,-1.5266066042951472,0.5235987755982987
7631,1787226471.5992746,2.128879413811807,0.47123889803846886,-1.4457981676130993,-2.3121071078981945,0.47123889803846886,-1.5305584604221,0.5235987755982987
7632,1787226471.6590624,2.1437207452188085,0.47123889803846886,-1.4499203991448812,-2.3103115497915443,0.47123889803846886,-1.5307174522738016,0.5235987755982987
7633,1787226471.7155604,2.1588188517892366,0.47123889803846886,-1.4545627335663185,-2.300574444397044,0.47123889803846886,-1.523917241992176,0.5235987755982987
7634,1787226471.7634857,2.1649092247557236,0.47123889803846886,-1.457781487558026,-2.2606916946113724,0.47123889803846886,-1.5168616364244958,0.5235987755982987
7635,1787226471.8126848,2.184599111074658,0.47123889803846886,-1.4560351078431397,-2.2390347795370213,0.47123889803846886,-1.501611786209598,0.5235987755982987
7636,1787226471.862505,2.1912563726052543,0.47123889803846886,-1.4530672757608531,-2.2220066099805376,0.47123889803846886,-1.4862579393293414,0.5235987755982987
7637,1787226471.903931,2.200999627738077,0.47123889803846886,-1.4504085943738723,-2.2240554445048195,0.47123889803846886,-1.4746098601076363,0.5235987755982987
7638,1787226471.953083,2.2055014813363125,0.47123889803846886,-1.4486249557334197,-2.21587189032026,0.47123889803846886,-1.4642009365354398,0.5235987755982987
7639,1787226471.9957058,2.214509385359114,0.47123889803846886,-1.4442075340611122,-2.2132663181209953,0.47123889803846886,-1.4575873801472716,0.5235987755982987
7640,1787226472.0497682,2.219866152208862,0.47123889803846886,-1.440073515799964,-2.217800933556796,0.47123889803846886,-1.4556504182812846,0.5235987755982987
7641,1787226472.0996084,2.231026393685929,0.47123889803846886,-1.4401085981580337,-2.233853878086037,0.47123889803846886,-1.4526092767739587,0.5235987755982987
7642,1787226472.1454604,2.2368457598092544,0.47123889803846886,-1.4373686385569135,-2.2450455428835614,0.47123889803846886,-1.453703526383094,0.5235987755982987
7643,1787226472.1862826,2.246811380935477,0.47123889803846886,-1.4352893790270325,-2.236692863326001,0.47123889803846886,-1.4558440364921026,0.5235987755982987
7644,1787226472.2281585,2.2414212589897193,0.47123889803846886,-1.4350133516131431,-2.246133823616246,0.47123889803846886,-1.4585030747747822,0.5235987755982987
7645,1787226472.2753117,2.270286241056165,0.47123889803846886,-1.434538943023691,-2.252414735239465,0.47123889803846886,-1.4621034593359532,0.5235987755982987
7646,1787226472.317546,2.2983302154626193,0.47123889803846886,-1.4342149378492528,-2.236203562540504,0.47123889803846886,-1.4649783168082142,0.5235987755982987
7647,1787226472.362068,2.3185827116180233,0.47123889803846886,-1.4342560803417692,-2.2326546830082585,0.47123889803846886,-1.4708532117984139,0.5235987755982987
7648,1787226472.4041584,2.331746834119036,0.47123889803846886,-1.4340591553930984,-2.2447760802621537,0.47123889803846886,-1.4780821711943997,0.5235987755982987
7649,1787226472.4525714,2.3403035137446944,0.47123889803846886,-1.4343421321287857,-2.246283985927293,0.47123889803846886,-1.4838946340915808,0.5235987755982987
7650,1787226472.5058484,2.345865355501372,0.47123889803846886,-1.4348527783591587,-2.2513837711735167,0.47123889803846886,-1.4906669527197909,0.5235987755982987
7651,1787226472.5749862,2.3494805526432128,0.47123889803846886,-1.4359544514699851,-2.266698171169494,0.47123889803846886,-1.496419541442168,0.5235987755982987
7652,1787226472.6211932,2.3518304307854088,0.47123889803846886,-1.4383120341285216,-2.25160885575873,0.47123889803846886,-1.5001824463605882,0.5235987755982987
7653,1787226472.6706452,2.3533578515778366,0.47123889803846886,-1.4418391757602718,-2.229671953366926,0.47123889803846886,-1.502630808117284,0.5235987755982987
7654,1787226472.7334843,2.3543506750929146,0.47123889803846886,-1.4466306069424186,-2.2215171550277164,0.47123889803846886,-1.5024231562139403,0.5235987755982987
7655,1787226472.7814982,2.3549960103777154,0.47123889803846886,-1.451453411304604,-2.21870207717481,0.47123889803846886,-1.5006884609985005,0.5235987755982987
7656,1787226472.832687,2.355415478312836,0.47123889803846886,-1.4569202069998286,-2.2151636493465046,0.47123889803846886,-1.4971375415425299,0.5235987755982987
7657,1787226472.8812761,2.355688132470664,0.47123889803846886,-1.4615789438220173,-2.207551744758851,0.47123889803846886,-1.4891845239330486,0.5235987755982987
7658,1787226472.9287672,2.3548056623081624,0.47123889803846886,-1.465598923193994,-2.2071970750865884,0.47123889803846886,-1.480160211662159,0.5235987755982987
7659,1787226472.9815829,2.3545568217762005,0.47123889803846886,-1.468705719777125,-2.222710089722469,0.47123889803846886,-1.4721156173339125,0.5235987755982987
7660,1787226473.0275714,2.3518847095247013,0.47123889803846886,-1.470551590959795,-2.232937659249958,0.47123889803846886,-1.4656261816196765,0.5235987755982987
7661,1787226473.06981,2.353041212585012,0.47123889803846886,-1.4695426444127326,-2.2361286802782554,0.47123889803846886,-1.4622789407324635,0.5235987755982987
7662,1787226473.1120305,2.3541448597475787,0.47123889803846886,-1.46730758328234,-2.2474603051511943,0.47123889803846886,-1.4609570522965085,0.5235987755982987
7663,1787226473.1561196,2.354862230403247,0.47123889803846886,-1.4649627759945048,-2.25135845732222,0.47123889803846886,-1.4612893545307033,0.5235987755982987
7664,1787226473.209527,2.3553285213294313,0.47123889803846886,-1.4629895373792847,-2.253670575848215,0.47123889803846886,-1.4631112468964673,0.5235987755982987
7665,1787226473.270709,2.353415525177903,0.47123889803846886,-1.4616320236365177,-2.2483116772190863,0.47123889803846886,-1.465364976588423,0.5235987755982987
7666,1787226473.3122838,2.351654686910776,0.47123889803846886,-1.4606906626104208,-2.2405697011925474,0.47123889803846886,-1.4684843897622317,0.5235987755982987
7667,1787226473.3536801,2.350190944767775,0.47123889803846886,-1.460017739352593,-2.2333410579964905,0.47123889803846886,-1.472062587515595,0.5235987755982987
7668,1787226473.3997662,2.351236861027074,0.47123889803846886,-1.4595219824061592,-2.2353638474864583,0.47123889803846886,-1.475162614618585,0.5235987755982987
7669,1787226473.4538755,2.352385358274791,0.47123889803846886,-1.4589411278451294,-2.2366053593200403,0.47123889803846886,-1.4779024685994369,0.5235987755982987
7670,1787226473.5060015,2.3507981036717975,0.47123889803846886,-1.4581427258324924,-2.2357157176556286,0.47123889803846886,-1.4800723510484524,0.5235987755982987
7671,1787226473.5589786,2.346907201520551,0.47123889803846886,-1.4572574575779376,-2.239676186000475,0.47123889803846886,-1.4814972401651945,0.5235987755982987
7672,1787226473.6126077,2.3416652800260485,0.47123889803846886,-1.457253856331688,-2.2417929908631784,0.47123889803846886,-1.4828320251622578,0.5235987755982987
7673,1787226473.6573632,2.3366353103983055,0.47123889803846886,-1.457460272976606,-2.2305236381794273,0.47123889803846886,-1.4839636026512921,0.5235987755982987
7674,1787226473.7076807,2.3266242917487165,0.47123889803846886,-1.4576191317682494,-2.2179702346760393,0.47123889803846886,-1.4852016440392495,0.5235987755982987
7675,1787226473.7565827,2.3218890925080435,0.47123889803846886,-1.4571954661508522,-2.202267801120109,0.47123889803846886,-1.485947699050317,0.5235987755982987
7676,1787226473.8013542,2.319042471152891,0.47123889803846886,-1.4556695998361633,-2.186588310356268,0.47123889803846886,-1.4863366896808765,0.5235987755982987
7677,1787226473.8476026,2.319228422823587,0.47123889803846886,-1.4545776390455,-2.177991696150529,0.47123889803846886,-1.4864992450312817,0.5235987755982987
7678,1787226473.8922253,2.3217444881759572,0.47123889803846886,-1.4541670146708587,-2.1750452623611456,0.47123889803846886,-1.4869039429287585,0.5235987755982987
7679,1787226473.935199,2.3191507958317197,0.47123889803846886,-1.454720172572332,-2.1762021714896496,0.47123889803846886,-1.4875081989720198,0.5235987755982987
7680,1787226473.9793139,2.319722162215361,0.47123889803846886,-1.4554036638516084,-2.1772768656204295,0.47123889803846886,-1.4888668158176532,0.5235987755982987
7681,1787226474.0287282,2.3241309362198,0.47123889803846886,-1.4562284432181203,-2.171839988419242,0.47123889803846886,-1.4915810588764722,0.5235987755982987
7682,1787226474.07108,2.3089840111650215,0.47123889803846886,-1.4577960653081314,-2.1397603156828,0.47123889803846886,-1.4944291521544693,0.5235987755982987
7683,1787226474.119877,2.2981729383027982,0.47123889803846886,-1.4608159917528925,-2.121997041258303,0.47123889803846886,-1.496602121447945,0.5235987755982987
7684,1787226474.161608,2.2874270941320454,0.47123889803846886,-1.4637025568549058,-2.1049106307234853,0.47123889803846886,-1.4975730625896886,0.5235987755982987
7685,1787226474.2100654,2.2816876135883986,0.47123889803846886,-1.465801167112087,-2.0970641647605106,0.47123889803846886,-1.4993006990070321,0.5235987755982987
7686,1787226474.2573767,2.2762447150722966,0.47123889803846886,-1.466251060587703,-2.10622974988649,0.47123889803846886,-1.5025227535180208,0.5235987755982987
7687,1787226474.3035133,2.26335886037055,0.47123889803846886,-1.4663109791036337,-2.0935442247018763,0.47123889803846886,-1.5052212840810473,0.5235987755982987
7688,1787226474.3494613,2.2537738887095475,0.47123889803846886,-1.4654637202906617,-2.0984255899636803,0.47123889803846886,-1.506789718347269,0.5235987755982987
7689,1787226474.4018176,2.2404546362436357,0.47123889803846886,-1.4645867434228022,-2.1171310103986833,0.47123889803846886,-1.5073730649609893,0.5235987755982987
7690,1787226474.4533231,2.233035675278765,0.47123889803846886,-1.463105712831823,-2.144090936813957,0.47123889803846886,-1.5073418139333026,0.5235987755982987
7691,1787226474.499847,2.2281425681984137,0.47123889803846886,-1.462129582085057,-2.1655258311234227,0.47123889803846886,-1.5068604858781758,0.5235987755982987
7692,1787226474.543228,2.2235281822423536,0.47123889803846886,-1.4619083856887496,-2.1844826190505238,0.47123889803846886,-1.5060785444719293,0.5235987755982987
7693,1787226474.5885038,2.22174593848883,0.47123889803846886,-1.4620758350609608,-2.1922584683280695,0.47123889803846886,-1.504948827230308,0.5235987755982987
7694,1787226474.6416855,2.2210727540237194,0.47123889803846886,-1.461999156349521,-2.192929569932021,0.47123889803846886,-1.5037983284605922,0.5235987755982987
7695,1787226474.685308,2.2212970845732523,0.47123889803846886,-1.462336561270876,-2.187524722268643,0.47123889803846886,-1.5032076350983914,0.5235987755982987
7696,1787226474.7267423,2.222125317332301,0.47123889803846886,-1.462773495194647,-2.186922836431842,0.47123889803846886,-1.5023728748402512,0.5235987755982987
7697,1787226474.7746813,2.224590473944124,0.47123889803846886,-1.4630497423185513,-2.18836791978725,0.47123889803846886,-1.501148905973789,0.5235987755982987
7698,1787226474.827735,2.223827535439881,0.47123889803846886,-1.4633522031924489,-2.1768917887741552,0.47123889803846886,-1.4998511680590356,0.5235987755982987
7699,1787226474.8751576,2.220663926874005,0.47123889803846886,-1.4640737896257816,-2.1596453288785114,0.47123889803846886,-1.4987505605387161,0.5235987755982987
7700,1787226474.9210224,2.2250555854477985,0.47123889803846886,-1.4648622972056131,-2.151292463001636,0.47123889803846886,-1.497740789659745,0.5235987755982987
7701,1787226474.9857705,2.230478552429743,0.47123889803846886,-1.4665471004544401,-2.1481390991055633,0.47123889803846886,-1.4974814604806415,0.5235987755982987
7702,1787226475.0428433,2.2349877517841623,0.47123889803846886,-1.4706394136907948,-2.147984022310385,0.47123889803846886,-1.4990048405684462,0.5235987755982987
7703,1787226475.0905225,2.247374389457751,0.47123889803846886,-1.4753511831212456,-2.150629104446768,0.47123889803846886,-1.4984159620705872,0.5235987755982987
7704,1787226475.1354184,2.255872522898968,0.47123889803846886,-1.4814376559707207,-2.1342914920969434,0.47123889803846886,-1.4975826377503365,0.5235987755982987
7705,1787226475.1796665,2.257512851183974,0.47123889803846886,-1.4857872777888614,-2.1269710328627296,0.47123889803846886,-1.497222088069754,0.5235987755982987
7706,1787226475.223046,2.271014507267733,0.47123889803846886,-1.4877966155029838,-2.1343177093173322,0.47123889803846886,-1.4963331713696748,0.5235987755982987
7707,1787226475.264143,2.262646578907394,0.47123889803846886,-1.4880623053494046,-2.130718802485464,0.47123889803846886,-1.4952664116262273,0.5235987755982987
7708,1787226475.304641,2.261303644545992,0.47123889803846886,-1.4875541267682832,-2.1288425196627494,0.47123889803846886,-1.4920485988424828,0.5235987755982987
7709,1787226475.355245,2.259463070878155,0.47123889803846886,-1.487236630833438,-2.1285416369959034,0.47123889803846886,-1.48978158013797,0.5235987755982987
7710,1787226475.3997662,2.267617998624696,0.47123889803846886,-1.4838434964351013,-2.1283252078689525,0.47123889803846886,-1.4909079174854647,0.5235987755982987
7711,1787226475.446083,2.273146780559391,0.47123889803846886,-1.485960073215852,-2.1187235456544813,0.47123889803846886,-1.4931130181131496,0.5235987755982987
7712,1787226475.4913635,2.269129654349653,0.47123889803846886,-1.4878341533978205,-2.10613044659232,0.47123889803846886,-1.4988272303455332,0.5235987755982987
7713,1787226475.5418048,2.2669448775469188,0.47123889803846886,-1.490067580743351,-2.1031912811792877,0.47123889803846886,-1.5024452053102104,0.5235987755982987
7714,1787226475.5843198,2.245365787553159,0.47123889803846886,-1.4913293997722628,-2.0887131532039387,0.47123889803846886,-1.5023051431401853,0.5235987755982987
7715,1787226475.626878,2.218798577549271,0.47123889803846886,-1.4914925767491027,-2.0640666472187723,0.47123889803846886,-1.4984145009404792,0.5235987755982987
7716,1787226475.6730134,2.204674574081725,0.47123889803846886,-1.4935615111213463,-2.058276822866329,0.47123889803846886,-1.4956503907048235,0.5235987755982987
7717,1787226475.723572,2.216159194826384,0.47123889803846886,-1.4967027423484691,-2.0558730787126276,0.47123889803846886,-1.4976809581144808,0.5235987755982987
7718,1787226475.774517,2.244705195912218,0.47123889803846886,-1.4976485816098868,-2.0678633930786128,0.47123889803846886,-1.5002587731060073,0.5235987755982987
7719,1787226475.8384392,2.264400506107069,0.47123889803846886,-1.4980594180935989,-2.081503509754593,0.47123889803846886,-1.503122412262662,0.5235987755982987
7720,1787226475.8904994,2.2946115838747128,0.47123889803846886,-1.4983151506142098,-2.1048745629929497,0.47123889803846886,-1.508966655944461,0.5235987755982987
7721,1787226475.9415712,2.3150912916582547,0.47123889803846886,-1.4976708196614799,-2.1148331770395234,0.47123889803846886,-1.513613701848235,0.5235987755982987
7722,1787226475.9867373,2.309221843046899,0.47123889803846886,-1.4950996339531426,-2.1319498549487843,0.47123889803846886,-1.516549457623284,0.5235987755982987
7723,1787226476.0336974,2.2971234843562374,0.47123889803846886,-1.4931226604498886,-2.1696574227858094,0.47123889803846886,-1.5165587143447201,0.5235987755982987
7724,1787226476.0794537,2.2907883110579235,0.47123889803846886,-1.4920043612088913,-2.2143423594370066,0.47123889803846886,-1.5175961066125088,0.5235987755982987
7725,1787226476.126671,2.303308442267464,0.47123889803846886,-1.4913120958247128,-2.2412941728524025,0.47123889803846886,-1.5173263903705345,0.5235987755982987
7726,1787226476.1868408,2.2857503851451857,0.47123889803846886,-1.4903207947559656,-2.260074246883377,0.47123889803846886,-1.5136591389326561,0.5235987755982987
7727,1787226476.231208,2.2743636246062504,0.47123889803846886,-1.4922415846415045,-2.273992821050652,0.47123889803846886,-1.5087008703272446,0.5235987755982987
7728,1787226476.2728288,2.267567206037246,0.47123889803846886,-1.4975926901803542,-2.2423205412059133,0.47123889803846886,-1.4984401467765744,0.5235987755982987
7729,1787226476.3160331,2.2692357809728514,0.47123889803846886,-1.5044439363965774,-2.201634641914711,0.47123889803846886,-1.485496637300297,0.5235987755982987
7730,1787226476.3748546,2.2641411565996643,0.47123889803846886,-1.5108445370392452,-2.1475231374232027,0.47123889803846886,-1.473106325497467,0.5235987755982987
7731,1787226476.4271016,2.2554005968520836,0.47123889803846886,-1.5181799050551352,-2.1303500898546988,0.47123889803846886,-1.45571607342589,0.5235987755982987
7732,1787226476.474585,2.236335393009841,0.47123889803846886,-1.524780535067211,-2.1132485191346864,0.47123889803846886,-1.445431316589958,0.5235987755982987
7733,1787226476.526848,2.2450069089931466,0.47123889803846886,-1.5284622077193073,-2.122021414450236,0.47123889803846886,-1.4429958729222259,0.5235987755982987
7734,1787226476.576394,2.259322559426286,0.47123889803846886,-1.5303532925017331,-2.15248967107843,0.47123889803846886,-1.4412036246334217,0.5235987755982987
7735,1787226476.6161916,2.277014222641712,0.47123889803846886,-1.5311988792487536,-2.1816109332373115,0.47123889803846886,-1.442514118030203,0.5235987755982987
7736,1787226476.6608317,2.3047273162844335,0.47123889803846886,-1.5304584481830839,-2.221087333646973,0.47123889803846886,-1.4446789056905365,0.5235987755982987
7737,1787226476.7072184,2.3227408271522023,0.47123889803846886,-1.5298652938783854,-2.2587784315036328,0.47123889803846886,-1.4474200504143477,0.5235987755982987
7738,1787226476.7519114,2.3344496092162523,0.47123889803846886,-1.5276224150526845,-2.283740732188681,0.47123889803846886,-1.4494453906800806,0.5235987755982987
7739,1787226476.7977865,2.342060317557885,0.47123889803846886,-1.5252565726523277,-2.2914100455421536,0.47123889803846886,-1.4503485194073975,0.5235987755982987
7740,1787226476.841254,2.3470072779799462,0.47123889803846886,-1.5237295703372722,-2.2777792240102372,0.47123889803846886,-1.451091297309647,0.5235987755982987
7741,1787226476.8926995,2.3502228022542857,0.47123889803846886,-1.5224515768088387,-2.2862586771521674,0.47123889803846886,-1.45112874957662,0.5235987755982987
7742,1787226476.941824,2.3523128930326065,0.47123889803846886,-1.5215167103423515,-2.3022347063960846,0.47123889803846886,-1.4498793040276918,0.5235987755982987
7743,1787226476.9870179,2.353671452038515,0.47123889803846886,-1.5211275934137696,-2.3082530111412103,0.47123889803846886,-1.4479040933794067,0.5235987755982987
7744,1787226477.0272212,2.3545545153923557,0.47123889803846886,-1.52099622649188,-2.3250325288091074,0.47123889803846886,-1.4457843617407944,0.5235987755982987
7745,1787226477.07131,2.3551285065723517,0.47123889803846886,-1.5212009071797066,-2.335939215293241,0.47123889803846886,-1.4440503050493816,0.5235987755982987
7746,1787226477.119791,2.3555016008393492,0.47123889803846886,-1.5215505296981826,-2.343028561507927,0.47123889803846886,-1.4423958647143098,0.5235987755982987
7747,1787226477.1667469,2.3557441121128977,0.47123889803846886,-1.5218990846876381,-2.3476366365474735,0.47123889803846886,-1.4407727215766666,0.5235987755982987
7748,1787226477.2118049,2.355901744440704,0.47123889803846886,-1.521907097232611,-2.3506318853231782,0.47123889803846886,-1.4391964222238354,0.5235987755982987
7749,1787226477.2615178,2.3560042054537784,0.47123889803846886,-1.521157450699161,-2.3525787970273866,0.47123889803846886,-1.4371751048191637,0.5235987755982987
7750,1787226477.3070943,2.3560708051122767,0.47123889803846886,-1.5208060870101958,-2.3538442896351217,0.47123889803846886,-1.4346040792793837,0.5235987755982987
7751,1787226477.3519835,2.3561140948903008,0.47123889803846886,-1.5192874342536036,-2.35466685983015,0.47123889803846886,-1.4312525252206099,0.5235987755982987
7752,1787226477.3927166,2.3561422332460165,0.47123889803846886,-1.5160670073390217,-2.3552015304569185,0.47123889803846886,-1.4284568239642996,0.5235987755982987
7753,1787226477.4376876,2.3561605231772313,0.47123889803846886,-1.513284214645124,-2.3555490663643175,0.47123889803846886,-1.4256627314381234,0.5235987755982987
7754,1787226477.4856944,2.356172411632521,0.47123889803846886,-1.511169055961619,-2.355774964704127,0.47123889803846886,-1.422808480013539,0.5235987755982987
7755,1787226477.5334854,2.356180139128459,0.47123889803846886,-1.5096255417198403,-2.3559217986250034,0.47123889803846886,-1.4199838017662008,0.5235987755982987
7756,1787226477.5772786,2.356185162000819,0.47123889803846886,-1.5078161515127866,-2.356017240673573,0.47123889803846886,-1.4183613209481638,0.5235987755982987
7757,1787226477.6224227,2.356188426867853,0.47123889803846886,-1.5065013954823399,-2.356079278005143,0.47123889803846886,-1.4180439611846056,0.5235987755982987
7758,1787226477.6716616,2.3561905490314254,0.47123889803846886,-1.504938779653246,-2.356119602270664,0.47123889803846886,-1.4184658134327692,0.5235987755982987
7759,1787226477.7143464,2.356191928437747,0.47123889803846886,-1.5043349057895492,-2.3561458130432524,0.47123889803846886,-1.4195766736001998,0.5235987755982987
7760,1787226477.7611175,2.3561928250518562,0.47123889803846886,-1.5037924347720442,-2.356162850045435,0.47123889803846886,-1.420239000271093,0.5235987755982987
7761,1787226477.807554,2.3561934078510274,0.47123889803846886,-1.5034544277863169,-2.3561739240968533,0.47123889803846886,-1.4203354721442194,0.5235987755982987
7762,1787226477.853109,2.3561937866704885,0.47123889803846886,-1.5032594762294305,-2.356181122230275,0.47123889803846886,-1.4204613802197412,0.5235987755982987
7763,1787226477.9013405,2.3561940329031383,0.47123889803846886,-1.5031040088833236,-2.3561858010169994,0.47123889803846886,-1.4212186350562726,0.5235987755982987
7764,1787226477.9450595,2.3561941929543604,0.47123889803846886,-1.5029038168173714,-2.35618884222837,0.47123889803846886,-1.422410052800251,0.5235987755982987
7765,1787226477.9895773,2.3561942969876553,0.47123889803846886,-1.5026435768193505,-2.356190819015761,0.47123889803846886,-1.4252438367434181,0.5235987755982987
7766,1787226478.033833,2.356194364609297,0.47123889803846886,-1.5016742440907564,-2.3561921039275653,0.47123889803846886,-1.43118091139136,0.5235987755982987
7767,1787226478.078186,2.356194408563364,0.47123889803846886,-1.5007499198175247,-2.356192939120238,0.47123889803846886,-1.4371039275540831,0.5235987755982987
7768,1787226478.119243,2.3561944371335075,0.47123889803846886,-1.4997365260649573,-2.3561934819954757,0.47123889803846886,-1.4423050116371334,0.5235987755982987
7769,1787226478.1646724,2.3561944557041006,0.47123889803846886,-1.498758845703914,-2.35619383486438,0.47123889803846886,-1.4470105372157775,0.5235987755982987
7770,1787226478.2116437,2.356194467774986,0.47123889803846886,-1.4978298120296105,-2.356194064229168,0.47123889803846886,-1.4512584374577717,0.5235987755982987
7771,1787226478.2561018,2.356194475621062,0.47123889803846886,-1.4975589287885975,-2.35619421331628,0.47123889803846886,-1.4548188154389101,0.5235987755982987
7772,1787226478.3093767,2.3561294229335425,0.47123889803846886,-1.4974913786689876,-2.356194310222903,0.47123889803846886,-1.457978139197839,0.5235987755982987
7773,1787226478.3512642,2.351322152824789,0.47123889803846886,-1.497693158446293,-2.3561943732122073,0.47123889803846886,-1.4607923450077744,0.5235987755982987
7774,1787226478.3919547,2.3485413144347866,0.47123889803846886,-1.4984172545748655,-2.3561944141552553,0.47123889803846886,-1.4627991177069888,0.5235987755982987
7775,1787226478.4403543,2.349727005963211,0.47123889803846886,-1.4991056062311634,-2.3561944407682365,0.47123889803846886,-1.464552954738094,0.5235987755982987
7776,1787226478.4838154,2.351990625443408,0.47123889803846886,-1.5000626801165928,-2.3561944580666747,0.47123889803846886,-1.4660493074086633,0.5235987755982987
7777,1787226478.5271301,2.353461978105536,0.47123889803846886,-1.500438825529217,-2.356194469310659,0.47123889803846886,-1.4672325420606842,0.5235987755982987
7778,1787226478.5727754,2.354418357335919,0.47123889803846886,-1.5004259922125942,-2.3561944766192493,0.47123889803846886,-1.468210288314399,0.5235987755982987
7779,1787226478.6200037,2.355040003835668,0.47123889803846886,-1.5002941746800484,-2.356194481369833,0.47123889803846886,-1.4685407612770773,0.5235987755982987
7780,1787226478.6629446,2.3554440740605047,0.47123889803846886,-1.5003915862746258,-2.356194484457712,0.47123889803846886,-1.468330927289345,0.5235987755982987
7781,1787226478.7070165,2.3557067197066486,0.47123889803846886,-1.5005539718008842,-2.3561944864648336,0.47123889803846886,-1.4679407559926756,0.5235987755982987
7782,1787226478.7504683,2.355877439376642,0.47123889803846886,-1.5003169198982675,-2.3561944877694625,0.47123889803846886,-1.4672586472119518,0.5235987755982987
7783,1787226478.792762,2.355988407162138,0.47123889803846886,-1.5004247874235066,-2.3561944886174713,0.47123889803846886,-1.4663830708405647,0.5235987755982987
7784,1787226478.837064,2.3560605362227105,0.47123889803846886,-1.500645851819908,-2.356194489168677,0.47123889803846886,-1.4652996669376614,0.5235987755982987
7785,1787226478.8889985,2.3561074201120826,0.47123889803846886,-1.5006631865508835,-2.3561944895269606,0.47123889803846886,-1.4643324069552055,0.5235987755982987
7786,1787226478.931497,2.3561378946401748,0.47123889803846886,-1.5006303585073835,-2.3561944897598455,0.47123889803846886,-1.4634660360155816,0.5235987755982987
7787,1787226478.975664,2.3561577030834346,0.47123889803846886,-1.5005680672957826,-2.3561944899112204,0.47123889803846886,-1.4625658561532557,0.5235987755982987
7788,1787226479.019649,2.356170578571553,0.47123889803846886,-1.5003377104190778,-2.3561944900096137,0.47123889803846886,-1.4618589880390664,0.5235987755982987
7789,1787226479.0668395,2.351602284714648,0.47123889803846886,-1.499647631473941,-2.3561944900735696,0.47123889803846886,-1.4613540178189939,0.5235987755982987
7790,1787226479.11077,2.352397645634621,0.47123889803846886,-1.499021765187373,-2.356194490115141,0.47123889803846886,-1.4610527671993903,0.5235987755982987
7791,1787226479.155849,2.351733707005023,0.47123889803846886,-1.4983599051338805,-2.3561944901421623,0.47123889803846886,-1.4609135572200729,0.5235987755982987
7792,1787226479.2035456,2.3522026796989497,0.47123889803846886,-1.4978135003906379,-2.3561944901597265,0.47123889803846886,-1.460725754137444,0.5235987755982987
7793,1787226479.266215,2.353599813371638,0.47123889803846886,-1.4972631359239297,-2.356194490171143,0.47123889803846886,-1.4606689398159145,0.5235987755982987
7794,1787226479.3141484,2.3545079502588857,0.47123889803846886,-1.4967529653501936,-2.356194490178564,0.47123889803846886,-1.4606414907675696,0.5235987755982987
7795,1787226479.3807492,2.3550982392355966,0.47123889803846886,-1.4966072687687852,-2.3561944901833876,0.47123889803846886,-1.4606670927309322,0.5235987755982987
7796,1787226479.429059,2.355481927070459,0.47123889803846886,-1.4965750582521975,-2.356194490186523,0.47123889803846886,-1.460966627910116,0.5235987755982987
7797,1787226479.4751308,2.355731324163119,0.47123889803846886,-1.496531754706478,-2.3561944901885603,0.47123889803846886,-1.461327500203245,0.5235987755982987
7798,1787226479.5196242,2.355893432273348,0.47123889803846886,-1.496125002792743,-2.356194490189885,0.47123889803846886,-1.46170983458586,0.5235987755982987
7799,1787226479.5655468,2.3559988025449967,0.47123889803846886,-1.4955998558900578,-2.356194490190746,0.47123889803846886,-1.462338660139277,0.5235987755982987
7800,1787226479.6197255,2.3560672932215687,0.47123889803846886,-1.4947511997137206,-2.3561944901913057,0.47123889803846886,-1.4630342290998886,0.5235987755982987
7801,1787226479.6697795,2.3561118121613402,0.47123889803846886,-1.4937481633888732,-2.3561944901916694,0.47123889803846886,-1.4637631560349815,0.5235987755982987
7802,1787226479.7128303,2.3561407494721918,0.47123889803846886,-1.4929376161843328,-2.356194490191906,0.47123889803846886,-1.4644247592937165,0.5235987755982987
7803,1787226479.755796,2.3561595587242454,0.47123889803846886,-1.492326639281137,-2.3561944901920597,0.47123889803846886,-1.4649816546595211,0.5235987755982987
7804,1787226479.804057,2.3561717847380805,0.47123889803846886,-1.491716218964536,-2.3561944901921597,0.47123889803846886,-1.465617485424823,0.5235987755982987
7805,1787226479.8477387,2.356179731647073,0.47123889803846886,-1.4913417953186194,-2.3561944901922245,0.47123889803846886,-1.46607923560964,0.5235987755982987
7806,1787226479.890897,2.3561848971379185,0.47123889803846886,-1.4910848446697669,-2.3561944901922667,0.47123889803846886,-1.4664379550311142,0.5235987755982987
7807,1787226479.9329748,2.356188254706968,0.47123889803846886,-1.4909620165742303,-2.356194490192294,0.47123889803846886,-1.4667820440478008,0.5235987755982987
7808,1787226479.9837556,2.35619043712685,0.47123889803846886,-1.4909524033920978,-2.356194490192312,0.47123889803846886,-1.4669566336410682,0.5235987755982987
7809,1787226480.0385764,2.356191855699773,0.47123889803846886,-1.4909610335522414,-2.3561944901923235,0.47123889803846886,-1.4670528789427841,0.5235987755982987
7810,1787226480.0851305,2.3561927777721734,0.47123889803846886,-1.4909895640071278,-2.356194490192331,0.47123889803846886,-1.4671187996608368,0.5235987755982987
7811,1787226480.131277,2.3561933771192334,0.47123889803846886,-1.4910271074371586,-2.356194490192336,0.47123889803846886,-1.467108339525275,0.5235987755982987
7812,1787226480.1808836,2.3561937666948225,0.47123889803846886,-1.4910961832557534,-2.356194490192339,0.47123889803846886,-1.4669890700037485,0.5235987755982987
7813,1787226480.2219934,2.3561940199189553,0.47123889803846886,-1.491133745451652,-2.3561944901923413,0.47123889803846886,-1.4669187239767683,0.5235987755982987
7814,1787226480.2633958,2.3561941845146417,0.47123889803846886,-1.4911355195607232,-2.3561944901923426,0.47123889803846886,-1.4667066101853063,0.5235987755982987
7815,1787226480.3096848,2.356194291501838,0.47123889803846886,-1.4911697832109492,-2.3561944901923435,0.47123889803846886,-1.4664368216971755,0.5235987755982987
7816,1787226480.3639333,2.3561943610435154,0.47123889803846886,-1.4912322330178869,-2.356194490192344,0.47123889803846886,-1.4661468753577664,0.5235987755982987
7817,1787226480.415572,2.3561944062456055,0.47123889803846886,-1.4911955282380596,-2.3561944901923444,0.47123889803846886,-1.46589261876996,0.5235987755982987
7818,1787226480.459084,2.356194435626964,0.47123889803846886,-1.4910999115312376,-2.356194490192345,0.47123889803846886,-1.4655970756892431,0.5235987755982987
7819,1787226480.5065913,2.3561944547248475,0.47123889803846886,-1.4910520695328722,-2.356194490192345,0.47123889803846886,-1.465205349865703,0.5235987755982987
7820,1787226480.5541646,2.3561944671384714,0.47123889803846886,-1.4911337047005553,-2.356194490192345,0.47123889803846886,-1.4647386825702702,0.5235987755982987
7821,1787226480.605625,2.356194475207327,0.47123889803846886,-1.4913074394268424,-2.356194490192345,0.47123889803846886,-1.4640802574202771,0.5235987755982987
7822,1787226480.666983,2.3561944804520834,0.47123889803846886,-1.4912803432399675,-2.356194490192345,0.47123889803846886,-1.4635229547501512,0.5235987755982987
7823,1787226480.7127116,2.356194483861175,0.47123889803846886,-1.4914319542939418,-2.356194490192345,0.47123889803846886,-1.4630315432350738,0.5235987755982987
7824,1787226480.7540371,2.3561944860770847,0.47123889803846886,-1.49170857768851,-2.356194490192345,0.47123889803846886,-1.4627014035751649,0.5235987755982987
7825,1787226480.796224,2.356194487517426,0.47123889803846886,-1.4919398666235346,-2.356194490192345,0.47123889803846886,-1.4626490021250336,0.5235987755982987
7826,1787226480.8381252,2.3561944884536477,0.47123889803846886,-1.492098298857504,-2.356194490192345,0.47123889803846886,-1.462818527994524,0.5235987755982987
7827,1787226480.885719,2.356194489062192,0.47123889803846886,-1.4922515740757314,-2.356194490192345,0.47123889803846886,-1.4630094610581899,0.5235987755982987
7828,1787226480.9347486,2.356194489457746,0.47123889803846886,-1.492272548014545,-2.356194490192345,0.47123889803846886,-1.4633656526186298,0.5235987755982987
7829,1787226480.9895313,2.3561944897148557,0.47123889803846886,-1.492210725815935,-2.356194490192345,0.47123889803846886,-1.4637928980710155,0.5235987755982987
7830,1787226481.0376823,2.356194489881977,0.47123889803846886,-1.4918671555946414,-2.356194490192345,0.47123889803846886,-1.4643112195646153,0.5235987755982987
7831,1787226481.0866902,2.3561944899906058,0.47123889803846886,-1.49154679495898,-2.356194490192345,0.47123889803846886,-1.4649304928103335,0.5235987755982987
7832,1787226481.1291568,2.356194490061214,0.47123889803846886,-1.4911319944898611,-2.356194490192345,0.47123889803846886,-1.465634183387568,0.5235987755982987
7833,1787226481.1744208,2.35619449010711,0.47123889803846886,-1.4908320964658204,-2.356194490192345,0.47123889803846886,-1.466203840334342,0.5235987755982987
7834,1787226481.2200396,2.356194490136942,0.47123889803846886,-1.4905643945829319,-2.356194490192345,0.47123889803846886,-1.4668424560760775,0.5235987755982987
7835,1787226481.262247,2.3561944901563328,0.47123889803846886,-1.49038480991506,-2.356194490192345,0.47123889803846886,-1.4671687588064217,0.5235987755982987
7836,1787226481.308439,2.356194490168937,0.47123889803846886,-1.4901094113967477,-2.356194490192345,0.47123889803846886,-1.4674828242281386,0.5235987755982987
7837,1787226481.3517354,2.3561944901771295,0.47123889803846886,-1.4897793627376656,-2.356194490192345,0.47123889803846886,-1.4671294866081563,0.5235987755982987
7838,1787226481.3952808,2.356194490182455,0.47123889803846886,-1.4894961121312909,-2.356194490192345,0.47123889803846886,-1.4665958136901804,0.5235987755982987
7839,1787226481.4374795,2.356194490185916,0.47123889803846886,-1.489296835675804,-2.356194490192345,0.47123889803846886,-1.4659574863130977,0.5235987755982987
7840,1787226481.4986842,2.356194490188166,0.47123889803846886,-1.4890171086906139,-2.356194490192345,0.47123889803846886,-1.4650015512129837,0.5235987755982987
7841,1787226481.5608072,2.356194490189629,0.47123889803846886,-1.4886522021635078,-2.356194490192345,0.47123889803846886,-1.4639636704725039,0.5235987755982987
7842,1787226481.606804,2.356194490190579,0.47123889803846886,-1.4885032342609568,-2.356194490192345,0.47123889803846886,-1.4627421718988705,0.5235987755982987
7843,1787226481.6623864,2.3561944901911973,0.47123889803846886,-1.4884416573828299,-2.356194490192345,0.47123889803846886,-1.4613082030965843,0.5235987755982987
7844,1787226481.7128513,2.3561944901915988,0.47123889803846886,-1.4895794763380308,-2.356194490192345,0.47123889803846886,-1.460186712294299,0.5235987755982987
7845,1787226481.7612774,2.35619449019186,0.47123889803846886,-1.492228644234721,-2.356194490192345,0.47123889803846886,-1.4592035409192181,0.5235987755982987
7846,1787226481.8087451,2.3561944901920295,0.47123889803846886,-1.4949831376484979,-2.356194490192345,0.47123889803846886,-1.4585660680848225,0.5235987755982987
7847,1787226481.8605633,2.3561944901921397,0.47123889803846886,-1.4976536584191469,-2.356194490192345,0.47123889803846886,-1.4583730583532533,0.5235987755982987
7848,1787226481.9111307,2.3561944901922116,0.47123889803846886,-1.4999109228980996,-2.356194490192345,0.47123889803846886,-1.4599764950866607,0.5235987755982987
7849,1787226481.9645383,2.3561944901922582,0.47123889803846886,-1.5030496024978928,-2.356194490192345,0.47123889803846886,-1.465046696868849,0.5235987755982987
7850,1787226482.010278,2.356194490192289,0.47123889803846886,-1.5061073621121668,-2.356194490192345,0.47123889803846886,-1.4711826863997923,0.5235987755982987
7851,1787226482.0594473,2.3561944901923084,0.47123889803846886,-1.5103885359726799,-2.356194490192345,0.47123889803846886,-1.4784090897651574,0.5235987755982987
7852,1787226482.1256437,2.3561944901923213,0.47123889803846886,-1.5154117079003422,-2.356194490192345,0.47123889803846886,-1.4859452696661568,0.5235987755982987
7853,1787226482.1704686,2.3561944901923297,0.47123889803846886,-1.5194934464040655,-2.356194490192345,0.47123889803846886,-1.4987173071376398,0.5235987755982987
7854,1787226482.221656,2.356194490192335,0.47123889803846886,-1.5236573639467956,-2.356194490192345,0.47123889803846886,-1.508518506343194,0.5235987755982987
7855,1787226482.2686996,2.3561944901923386,0.47123889803846886,-1.527352950187344,-2.356194490192345,0.47123889803846886,-1.5154517110311359,0.5235987755982987
7856,1787226482.3142526,2.356194490192341,0.47123889803846886,-1.5300626990513815,-2.3229353414824825,0.47123889803846886,-1.5234150603346417,0.5235987755982987
7857,1787226482.3585079,2.3531399714420367,0.47123889803846886,-1.5307763031435624,-2.2744185848034446,0.47123889803846886,-1.5283749228053467,0.5235987755982987
7858,1787226482.400257,2.3432300526604664,0.47123889803846886,-1.5292092849007062,-2.2264587388515165,0.47123889803846886,-1.530430470228528,0.5235987755982987
7859,1787226482.4450119,2.34465692684361,0.47123889803846886,-1.5290073051443667,-2.1832634132238846,0.47123889803846886,-1.5300303469335463,0.5235987755982987
7860,1787226482.4893513,2.3205710828659343,0.47123889803846886,-1.5294835512426734,-2.1635669098321957,0.47123889803846886,-1.5285588267171244,0.5235987755982987
7861,1787226482.5396085,2.333039275430178,0.47123889803846886,-1.5293076810503443,-2.1519839813010546,0.47123889803846886,-1.5256299479744757,0.5235987755982987
7862,1787226482.587772,2.338838250317283,0.47123889803846886,-1.5190389208827053,-2.1393843966459367,0.47123889803846886,-1.5132194623382549,0.5235987755982987
7863,1787226482.6427765,2.33807092760987,0.47123889803846886,-1.501671048483109,-2.112840516795763,0.47123889803846886,-1.4948720326741751,0.5235987755982987
7864,1787226482.687492,2.3444141745137363,0.47123889803846886,-1.4873811291736996,-2.0990836916063462,0.47123889803846886,-1.4769246344931868,0.5235987755982987
7865,1787226482.7344048,2.3485372850012496,0.47123889803846886,-1.481222165399506,-2.1226113905363775,0.47123889803846886,-1.4651809255991115,0.5235987755982987
7866,1787226482.778084,2.3398372922620703,0.47123889803846886,-1.481561595532388,-2.1424343363212195,0.47123889803846886,-1.4591102778600749,0.5235987755982987
7867,1787226482.821114,2.305845914908228,0.47123889803846886,-1.4876017292663972,-2.155237804418599,0.47123889803846886,-1.4555899598670594,0.5235987755982987
7868,1787226482.8676476,2.280326123311583,0.47123889803846886,-1.4954437293480392,-2.1497650235639476,0.47123889803846886,-1.4570984296520018,0.5235987755982987
7869,1787226482.9128916,2.2787484042091055,0.47123889803846886,-1.5009169013920136,-2.1486794544219174,0.47123889803846886,-1.4591654331970214,0.5235987755982987
7870,1787226482.9532092,2.2788977088958013,0.47123889803846886,-1.5032837786115514,-2.1512663940459436,0.47123889803846886,-1.4616666238755385,0.5235987755982987
7871,1787226482.9963892,2.2797115923480487,0.47123889803846886,-1.5032885190257614,-2.1280015087246826,0.47123889803846886,-1.4645672971993946,0.5235987755982987
7872,1787226483.0372345,2.280956762457638,0.47123889803846886,-1.5023475629394103,-2.1218795602010347,0.47123889803846886,-1.4678764299094644,0.5235987755982987
7873,1787226483.0821662,2.278171707126626,0.47123889803846886,-1.5014584161192084,-2.132210770691545,0.47123889803846886,-1.4703794974686208,0.5235987755982987
7874,1787226483.127827,2.2691805035582915,0.47123889803846886,-1.5026258046382526,-2.165335654785682,0.47123889803846886,-1.4733605465536939,0.5235987755982987
7875,1787226483.1778235,2.2736086730399947,0.47123889803846886,-1.5057390569881617,-2.2163630831890657,0.47123889803846886,-1.478141868657615,0.5235987755982987
7876,1787226483.221291,2.273923114944211,0.47123889803846886,-1.508945254103659,-2.241953746510643,0.47123889803846886,-1.4848461824095152,0.5235987755982987
7877,1787226483.2688088,2.274456771708566,0.47123889803846886,-1.511878458234892,-2.2572663189175577,0.47123889803846886,-1.49167405499299,0.5235987755982987
7878,1787226483.3228953,2.2773509619604067,0.47123889803846886,-1.5135186546405768,-2.2688148915229576,0.47123889803846886,-1.498563812653219,0.5235987755982987
7879,1787226483.3765771,2.2853589200226407,0.47123889803846886,-1.5142759123202507,-2.2816594964596666,0.47123889803846886,-1.5045183484226612,0.5235987755982987
7880,1787226483.4223866,2.289776150644491,0.47123889803846886,-1.5146491790921188,-2.2868272336456985,0.47123889803846886,-1.5091364636308668,0.5235987755982987
7881,1787226483.4761841,2.2916833528609386,0.47123889803846886,-1.514604119805532,-2.295860768384294,0.47123889803846886,-1.5121447387704667,0.5235987755982987
7882,1787226483.5292158,2.297870777085715,0.47123889803846886,-1.5143505707683729,-2.3100860032609236,0.47123889803846886,-1.5116257158464335,0.5235987755982987
7883,1787226483.5766592,2.2922249852694963,0.47123889803846886,-1.5140038863714254,-2.3033582456012494,0.47123889803846886,-1.50615757962647,0.5235987755982987
7884,1787226483.6249974,2.2865802526915857,0.47123889803846886,-1.5139750929894014,-2.2866915531187546,0.47123889803846886,-1.4999225940748309,0.5235987755982987
7885,1787226483.672638,2.281683234510483,0.47123889803846886,-1.5137290327361352,-2.255331441701511,0.47123889803846886,-1.4949036995138951,0.5235987755982987
7886,1787226483.7248008,2.2787979906630715,0.47123889803846886,-1.5134559812765889,-2.21587849856438,0.47123889803846886,-1.491079132495202,0.5235987755982987
7887,1787226483.771557,2.276507396907786,0.47123889803846886,-1.5132542587050946,-2.190591366992864,0.47123889803846886,-1.4883125993460162,0.5235987755982987
7888,1787226483.8219008,2.2758926666214556,0.47123889803846886,-1.5136395634737372,-2.1683618977760815,0.47123889803846886,-1.4863440232403322,0.5235987755982987
7889,1787226483.8820608,2.2704103946625738,0.47123889803846886,-1.513893489762125,-2.1510621301227215,0.47123889803846886,-1.4849477858265105,0.5235987755982987
7890,1787226483.931624,2.2669722853482526,0.47123889803846886,-1.5158834810579636,-2.151149630765006,0.47123889803846886,-1.4842490499591368,0.5235987755982987
7891,1787226483.9812222,2.267367536425211,0.47123889803846886,-1.5175975043772676,-2.1590889650949547,0.47123889803846886,-1.4840339448702315,0.5235987755982987
7892,1787226484.0334485,2.268540756796016,0.47123889803846886,-1.51812445895322,-2.1657262931743766,0.47123889803846886,-1.4840042324689147,0.5235987755982987
7893,1787226484.084911,2.268091833862862,0.47123889803846886,-1.5181194621983551,-2.1797298218629293,0.47123889803846886,-1.484505419793258,0.5235987755982987
7894,1787226484.1376028,2.269416853999891,0.47123889803846886,-1.518322646746434,-2.1987056311371984,0.47123889803846886,-1.4852610159951638,0.5235987755982987
7895,1787226484.1823812,2.2705781960027656,0.47123889803846886,-1.5180272845116995,-2.21396146275243,0.47123889803846886,-1.4864776017937422,0.5235987755982987
7896,1787226484.2256737,2.2720680106967865,0.47123889803846886,-1.517826211268218,-2.2313335845412157,0.47123889803846886,-1.4875975074782417,0.5235987755982987
7897,1787226484.272544,2.2736613929717158,0.47123889803846886,-1.5171431657064645,-2.2454740730116063,0.47123889803846886,-1.4892484774178123,0.5235987755982987
7898,1787226484.3223581,2.2658679366111723,0.47123889803846886,-1.514439474052364,-2.254744203319026,0.47123889803846886,-1.4896743665563206,0.5235987755982987
7899,1787226484.3707504,2.2698216471036394,0.47123889803846886,-1.510928323236407,-2.2668948043828476,0.47123889803846886,-1.4886316033478106,0.5235987755982987
7900,1787226484.4278817,2.2573263938087265,0.47123889803846886,-1.5071900030280994,-2.2829643177405003,0.47123889803846886,-1.4864804479001856,0.5235987755982987
7901,1787226484.4766853,2.2422445631926116,0.47123889803846886,-1.5035098041443118,-2.274011139624107,0.47123889803846886,-1.4853048004733442,0.5235987755982987
7902,1787226484.5182412,2.237233397181834,0.47123889803846886,-1.4993892661099584,-2.2724885058913613,0.47123889803846886,-1.4847382411319368,0.5235987755982987
7903,1787226484.5595098,2.242389941492048,0.47123889803846886,-1.494789818529663,-2.2733909116698765,0.47123889803846886,-1.4852811442922293,0.5235987755982987
7904,1787226484.6054223,2.2351508133330027,0.47123889803846886,-1.491201355127088,-2.267491591461765,0.47123889803846886,-1.4851367522398413,0.5235987755982987
7905,1787226484.6503117,2.2339370984350255,0.47123889803846886,-1.488645970914373,-2.257762481887604,0.47123889803846886,-1.4851885320590892,0.5235987755982987
7906,1787226484.6988158,2.2233644286650356,0.47123889803846886,-1.4865175988755288,-2.249820668320725,0.47123889803846886,-1.4847185104911842,0.5235987755982987
7907,1787226484.747878,2.2280727915574365,0.47123889803846886,-1.4846859835267852,-2.2383311951223614,0.47123889803846886,-1.4848016404568094,0.5235987755982987
7908,1787226484.7992833,2.2452013201353527,0.47123889803846886,-1.4822584435487127,-2.225053139657382,0.47123889803846886,-1.4864400578255248,0.5235987755982987
7909,1787226484.8443215,2.235155330964983,0.47123889803846886,-1.4820542710255666,-2.189101775182378,0.47123889803846886,-1.4886983545647767,0.5235987755982987
7910,1787226484.8892813,2.244303592883014,0.47123889803846886,-1.4835756791242913,-2.173511017470105,0.47123889803846886,-1.4897731134263683,0.5235987755982987
7911,1787226484.9376955,2.2494505832852467,0.47123889803846886,-1.4853143464123144,-2.15234725583182,0.47123889803846886,-1.4898563608967992,0.5235987755982987
7912,1787226484.983851,2.2531627461308816,0.47123889803846886,-1.4869460451494232,-2.1162793175872405,0.47123889803846886,-1.4895839869294965,0.5235987755982987
7913,1787226485.0279598,2.2547697760200167,0.47123889803846886,-1.4877750686455475,-2.071861086375842,0.47123889803846886,-1.488266063817571,0.5235987755982987
7914,1787226485.073975,2.2462622390233107,0.47123889803846886,-1.4888606620912492,-2.043455057123854,0.47123889803846886,-1.486978459759623,0.5235987755982987
7915,1787226485.117239,2.2431828799170597,0.47123889803846886,-1.4918066330337487,-2.016538656566509,0.47123889803846886,-1.486113240373224,0.5235987755982987
7916,1787226485.1772692,2.242131180113382,0.47123889803846886,-1.496036028906535,-2.001154328206461,0.47123889803846886,-1.4848658979703817,0.5235987755982987
7917,1787226485.2304869,2.240605763727599,0.47123889803846886,-1.5019697128422664,-2.0019372960657718,0.47123889803846886,-1.4829426785041095,0.5235987755982987
7918,1787226485.2759564,2.2431055360191787,0.47123889803846886,-1.505288371197794,-2.001504593972958,0.47123889803846886,-1.4819322695844588,0.5235987755982987
7919,1787226485.3200734,2.244307848563663,0.47123889803846886,-1.5058172680646575,-1.9996760249536865,0.47123889803846886,-1.4811884139620262,0.5235987755982987
7920,1787226485.3684337,2.236548670592672,0.47123889803846886,-1.5051793411632444,-1.9974290039434588,0.47123889803846886,-1.4826337949604507,0.5235987755982987
7921,1787226485.4166996,2.2304464756433795,0.47123889803846886,-1.501208740461696,-1.9972915578624066,0.47123889803846886,-1.4838763142999465,0.5235987755982987
7922,1787226485.4614563,2.2216747605705933,0.47123889803846886,-1.4985998174164719,-2.008087759012718,0.47123889803846886,-1.4857575838931887,0.5235987755982987
7923,1787226485.5041027,2.20602318973925,0.47123889803846886,-1.4977939991983398,-2.0183100995070644,0.47123889803846886,-1.4873769321324177,0.5235987755982987
7924,1787226485.5517147,2.192854550901094,0.47123889803846886,-1.497560279847329,-2.056286871891281,0.47123889803846886,-1.48858169670837,0.5235987755982987
7925,1787226485.595399,2.2024278775479798,0.47123889803846886,-1.496580276388992,-2.1045724608352723,0.47123889803846886,-1.4893713831258255,0.5235987755982987
7926,1787226485.6427217,2.2077036974075632,0.47123889803846886,-1.4951056482279554,-2.139324914516888,0.47123889803846886,-1.490489589326803,0.5235987755982987
7927,1787226485.6863096,2.2092095416142676,0.47123889803846886,-1.4920251893343262,-2.1552682939694683,0.47123889803846886,-1.4933150651172296,0.5235987755982987
7928,1787226485.7489333,2.2006895959296124,0.47123889803846886,-1.4879281302121072,-2.1570714105355906,0.47123889803846886,-1.4970033797807214,0.5235987755982987
7929,1787226485.8036835,2.2177849671947594,0.47123889803846886,-1.4835521076712521,-2.1751945988066193,0.47123889803846886,-1.5001791223083916,0.5235987755982987
7930,1787226485.8514242,2.2261884304395863,0.47123889803846886,-1.4802976592037878,-2.189250424330219,0.47123889803846886,-1.5022182017451722,0.5235987755982987
7931,1787226485.8976202,2.222687811268708,0.47123889803846886,-1.477828467166372,-2.1872516095278502,0.47123889803846886,-1.5036821703536578,0.5235987755982987
7932,1787226485.9402008,2.216910131748383,0.47123889803846886,-1.4761535588235422,-2.184570233159159,0.47123889803846886,-1.5045701697990288,0.5235987755982987
7933,1787226485.9812937,2.21033319676442,0.47123889803846886,-1.4778349747476989,-2.186057358211025,0.47123889803846886,-1.5048758498576011,0.5235987755982987
7934,1787226486.0293787,2.2048222999837375,0.47123889803846886,-1.4801734699662665,-2.199204845812176,0.47123889803846886,-1.5036595399612975,0.5235987755982987
7935,1787226486.0711877,2.199478067295446,0.47123889803846886,-1.480325719117431,-2.1896015821363903,0.47123889803846886,-1.5004928834568485,0.5235987755982987
7936,1787226486.1159408,2.2248067414207116,0.47123889803846886,-1.479440989104659,-2.1877503130860814,0.47123889803846886,-1.4970026354085044,0.5235987755982987
7937,1787226486.1698399,2.241379871673875,0.47123889803846886,-1.479722682285543,-2.185469180021678,0.47123889803846886,-1.4945238661290503,0.5235987755982987
7938,1787226486.2150002,2.2643445463239193,0.47123889803846886,-1.480254406875206,-2.15164714272402,0.47123889803846886,-1.4929077175898344,0.5235987755982987
7939,1787226486.2614884,2.2964920266778686,0.47123889803846886,-1.4809683098775963,-2.1307112200015355,0.47123889803846886,-1.491825077291426,0.5235987755982987
7940,1787226486.3102157,2.3173878889079353,0.47123889803846886,-1.4817525117906398,-2.128952958252609,0.47123889803846886,-1.4923250039631626,0.5235987755982987
7941,1787226486.3670738,2.3285268943509623,0.47123889803846886,-1.4848235382111696,-2.122494306113735,0.47123889803846886,-1.4933023093936668,0.5235987755982987
7942,1787226486.4168706,2.3325075569696136,0.47123889803846886,-1.488519496859496,-2.111555645590075,0.47123889803846886,-1.4940487785108825,0.5235987755982987
7943,1787226486.4674416,2.334360632486456,0.47123889803846886,-1.4930197925946405,-2.111248556518422,0.47123889803846886,-1.491014518149127,0.5235987755982987
7944,1787226486.5161867,2.320888224453052,0.47123889803846886,-1.5013570042903124,-2.10508182761178,0.47123889803846886,-1.492350593034363,0.5235987755982987
7945,1787226486.5638864,2.308474802056678,0.47123889803846886,-1.5084325490541861,-2.100583688800753,0.47123889803846886,-1.4949443108952272,0.5235987755982987
7946,1787226486.6096537,2.299872971930929,0.47123889803846886,-1.5133326688772215,-2.096406100869107,0.47123889803846886,-1.4977209163391068,0.5235987755982987
7947,1787226486.65057,2.3195855033224246,0.47123889803846886,-1.5108392667659136,-2.1027450318082033,0.47123889803846886,-1.5002887638806626,0.5235987755982987
7948,1787226486.6945434,2.3323986487268966,0.47123889803846886,-1.5052422830631196,-2.1172328848089355,0.47123889803846886,-1.504537035562615,0.5235987755982987
7949,1787226486.7396555,2.333595408929501,0.47123889803846886,-1.4987357423794858,-2.1091717561281986,0.47123889803846886,-1.510230767517689,0.5235987755982987
7950,1787226486.784341,2.3281465898041733,0.47123889803846886,-1.4893685698531538,-2.1068434649299554,0.47123889803846886,-1.5176959350535437,0.5235987755982987
7951,1787226486.852948,2.3174965983179727,0.47123889803846886,-1.4818234404486406,-2.1128625337506057,0.47123889803846886,-1.529660390987007,0.5235987755982987
7952,1787226486.8991132,2.3095708851693533,0.47123889803846886,-1.4764126882119748,-2.1240094173341872,0.47123889803846886,-1.5373567741433782,0.5235987755982987
7953,1787226486.9454823,2.307563670974096,0.47123889803846886,-1.4747407791437968,-2.150817980124012,0.47123889803846886,-1.5422694991611043,0.5235987755982987
7954,1787226486.987315,2.3010607001108854,0.47123889803846886,-1.4733798799915236,-2.1711256154408396,0.47123889803846886,-1.5454566096249476,0.5235987755982987
7955,1787226487.03394,2.300222255107946,0.47123889803846886,-1.47076463425761,-2.1932914192749067,0.47123889803846886,-1.5438144549077188,0.5235987755982987
7956,1787226487.0816007,2.3090405867650996,0.47123889803846886,-1.4667468245543547,-2.197028220001022,0.47123889803846886,-1.5419230107720434,0.5235987755982987
7957,1787226487.1382267,2.3162966198264328,0.47123889803846886,-1.4652201567400964,-2.1849483434281143,0.47123889803846886,-1.5398783063774615,0.5235987755982987
7958,1787226487.1809704,2.306288678876358,0.47123889803846886,-1.4654382133199504,-2.163725329039904,0.47123889803846886,-1.5373529261651886,0.5235987755982987
7959,1787226487.2215607,2.3014687304687635,0.47123889803846886,-1.4662556565563465,-2.15198593322262,0.47123889803846886,-1.5349861311823951,0.5235987755982987
7960,1787226487.2642565,2.305967645348193,0.47123889803846886,-1.4670811837904343,-2.137669499475014,0.47123889803846886,-1.533008618022364,0.5235987755982987
7961,1787226487.3136015,2.309393678783829,0.47123889803846886,-1.4698462897563076,-2.125976279436141,0.47123889803846886,-1.5317600279440122,0.5235987755982987
7962,1787226487.3826263,2.308914948084535,0.47123889803846886,-1.4754010035432197,-2.126973916883183,0.47123889803846886,-1.530535293624579,0.5235987755982987
7963,1787226487.4330673,2.3025838704597152,0.47123889803846886,-1.480637512371676,-2.1356669462797284,0.47123889803846886,-1.531725651460043,0.5235987755982987
7964,1787226487.4836478,2.3127635582103787,0.47123889803846886,-1.478895217768122,-2.175413652588986,0.47123889803846886,-1.5352552740718193,0.5235987755982987
7965,1787226487.5306733,2.3251069345703446,0.47123889803846886,-1.474404542378054,-2.2271123961901944,0.47123889803846886,-1.5364588033265707,0.5235987755982987
7966,1787226487.572121,2.330827206300196,0.47123889803846886,-1.475564870660667,-2.246179249051325,0.47123889803846886,-1.5399442487134807,0.5235987755982987
7967,1787226487.619662,2.3352493336226114,0.47123889803846886,-1.4785266083662023,-2.284684583450682,0.47123889803846886,-1.544267092865953,0.5235987755982987
7968,1787226487.6614182,2.332712688643666,0.47123889803846886,-1.483657032095796,-2.309713050810264,0.47123889803846886,-1.5458468607275024,0.5235987755982987
7969,1787226487.711182,2.31183759375809,0.47123889803846886,-1.4875822451517329,-2.3259815545939926,0.47123889803846886,-1.5457613944141142,0.5235987755982987
7970,1787226487.7639096,2.29495676133195,0.47123889803846886,-1.4902085816508968,-2.3258296883485876,0.47123889803846886,-1.5372058534158586,0.5235987755982987
7971,1787226487.809901,2.252159320523756,0.47123889803846886,-1.4919715744341637,-2.315542291806854,0.47123889803846886,-1.5244931399576631,0.5235987755982987
7972,1787226487.8576906,2.2608742748402215,0.47123889803846886,-1.4960081542326849,-2.2501552431299885,0.47123889803846886,-1.5149899958774862,0.5235987755982987
7973,1787226487.9021394,2.2573361067215965,0.47123889803846886,-1.4991238211850542,-2.194593526525916,0.47123889803846886,-1.5054185141910128,0.5235987755982987
7974,1787226487.9452095,2.2424767872748177,0.47123889803846886,-1.502524285193359,-2.1456803142005243,0.47123889803846886,-1.495067181560148,0.5235987755982987
7975,1787226487.9934764,2.2341246437398574,0.47123889803846886,-1.5054402996704872,-2.099644198214567,0.47123889803846886,-1.4846802250324704,0.5235987755982987
7976,1787226488.034097,2.2194201270371496,0.47123889803846886,-1.5069365472755716,-2.05499291455919,0.47123889803846886,-1.4766866435403143,0.5235987755982987
7977,1787226488.0785458,2.203267768622166,0.47123889803846886,-1.507422978899501,-2.0252844175347366,0.47123889803846886,-1.4715109123140762,0.5235987755982987
7978,1787226488.1231067,2.1896677834252958,0.47123889803846886,-1.5071271788455842,-2.0060465015540396,0.47123889803846886,-1.4671145039068074,0.5235987755982987
7979,1787226488.1670856,2.17000879969907,0.47123889803846886,-1.508064644452094,-2.0108650226634257,0.47123889803846886,-1.4651485233042247,0.5235987755982987
7980,1787226488.2123456,2.1668284118784076,0.47123889803846886,-1.5085010276296114,-2.02695095465095,0.47123889803846886,-1.4642308959976025,0.5235987755982987
7981,1787226488.2626407,2.1793759866617317,0.47123889803846886,-1.5085135353923846,-2.0682706825995494,0.47123889803846886,-1.4642235741419207,0.5235987755982987
7982,1787226488.3095508,2.1830194751491696,0.47123889803846886,-1.5080047195617228,-2.106967631098014,0.47123889803846886,-1.4653346892424062,0.5235987755982987
7983,1787226488.353565,2.201334915794868,0.47123889803846886,-1.5076604237329756,-2.1454738592813927,0.47123889803846886,-1.4733224611571396,0.5235987755982987
7984,1787226488.3987992,2.218800441425738,0.47123889803846886,-1.5081097899672549,-2.1742680085281303,0.47123889803846886,-1.4873843790724481,0.5235987755982987
7985,1787226488.4448152,2.230367182566295,0.47123889803846886,-1.50942434060192,-2.190868359366897,0.47123889803846886,-1.4991686306110252,0.5235987755982987
7986,1787226488.487159,2.2355796130687846,0.47123889803846886,-1.5116940126221707,-2.200111812543475,0.47123889803846886,-1.5094482806352711,0.5235987755982987
7987,1787226488.528646,2.229942351248764,0.47123889803846886,-1.5148550838187687,-2.2019244970270595,0.47123889803846886,-1.5172084459734645,0.5235987755982987
7988,1787226488.574067,2.230314635233392,0.47123889803846886,-1.5190928728270894,-2.1985223701028427,0.47123889803846886,-1.5216922945303901,0.5235987755982987
7989,1787226488.6231086,2.225406860218456,0.47123889803846886,-1.5239934814020066,-2.1902065246855855,0.47123889803846886,-1.5232809017797,0.5235987755982987
7990,1787226488.6663897,2.207143827086397,0.47123889803846886,-1.5268495881033726,-2.1820547934886916,0.47123889803846886,-1.5237543129094469,0.5235987755982987
7991,1787226488.7083266,2.206666180275592,0.47123889803846886,-1.527295076596192,-2.178070295933137,0.47123889803846886,-1.52238713436956,0.5235987755982987
7992,1787226488.7527604,2.197511220275047,0.47123889803846886,-1.5268980625190849,-2.1628182687805246,0.47123889803846886,-1.519023145335356,0.5235987755982987
7993,1787226488.798821,2.1955894766061155,0.47123889803846886,-1.5261112425152752,-2.183655370817761,0.47123889803846886,-1.5118116760441185,0.5235987755982987
7994,1787226488.8523195,2.1803264668695617,0.47123889803846886,-1.5228426013158938,-2.1980119044131268,0.47123889803846886,-1.5007029888953434,0.5235987755982987
7995,1787226488.9036098,2.1619159679386746,0.47123889803846886,-1.5172693064273775,-2.2223563160610067,0.47123889803846886,-1.4924100145355905,0.5235987755982987
7996,1787226488.951731,2.148291755160173,0.47123889803846886,-1.5062631900811974,-2.2388538571692513,0.47123889803846886,-1.4884510715491965,0.5235987755982987
7997,1787226488.9949892,2.1402697876403907,0.47123889803846886,-1.4878026816365568,-2.244431288183911,0.47123889803846886,-1.493464424270754,0.5235987755982987
7998,1787226489.0368047,2.134610909702205,0.47123889803846886,-1.4711205252084794,-2.251619367131897,0.47123889803846886,-1.499594698617071,0.5235987755982987
7999,1787226489.079177,2.1318751850493105,0.47123889803846886,-1.4656865023330568,-2.2537079152297963,0.47123889803846886,-1.50194195134385,0.5235987755982987
8000,1787226489.1219988,2.1186890299064807,0.47123889803846886,-1.4651400586114378,-2.2656383357468064,0.47123889803846886,-1.498358578616192,0.5235987755982987
8001,1787226489.1717966,2.113697507297618,0.47123889803846886,-1.4673820970997142,-2.287166284027707,0.47123889803846886,-1.4896035696328038,0.5235987755982987
8002,1787226489.2224905,2.098872624315276,0.47123889803846886,-1.4792579020296097,-2.2681494334206658,0.47123889803846886,-1.4851559316835674,0.5235987755982987
8003,1787226489.2755525,2.0975028690090385,0.47123889803846886,-1.4930449779883166,-2.249052422614201,0.47123889803846886,-1.4861599784391855,0.5235987755982987
8004,1787226489.3209686,2.104369612422216,0.47123889803846886,-1.500870662472357,-2.213991438825313,0.47123889803846886,-1.4870307159222391,0.5235987755982987
8005,1787226489.3657737,2.1090851156550987,0.47123889803846886,-1.5059331018336644,-2.1887939526582354,0.47123889803846886,-1.4843067328480581,0.5235987755982987
8006,1787226489.4135575,2.1197264235881668,0.47123889803846886,-1.5073672731930488,-2.1584595017707975,0.47123889803846886,-1.4820108847469364,0.5235987755982987
8007,1787226489.45508,2.1444276008396987,0.47123889803846886,-1.503824446711021,-2.1318452253336058,0.47123889803846886,-1.475285943737144,0.5235987755982987
8008,1787226489.4989576,2.14652427854739,0.47123889803846886,-1.4944432895090363,-2.10471518406648,0.47123889803846886,-1.4652324855792116,0.5235987755982987
8009,1787226489.5477712,2.1422108307663965,0.47123889803846886,-1.486614646977617,-2.04307651895658,0.47123889803846886,-1.4512976033200344,0.5235987755982987
8010,1787226489.6045737,2.1606270736995024,0.47123889803846886,-1.4875916656247614,-1.9999064455574587,0.47123889803846886,-1.4351459951009624,0.5235987755982987
8011,1787226489.6536689,2.181944355273884,0.47123889803846886,-1.4947061462639655,-1.9730691909018587,0.47123889803846886,-1.4253785744559497,0.5235987755982987
8012,1787226489.7098024,2.201459533433362,0.47123889803846886,-1.4965351421014668,-1.96735989406961,0.47123889803846886,-1.4298024938665619,0.5235987755982987
8013,1787226489.760462,2.2267704975765934,0.47123889803846886,-1.484467509310076,-1.9592547201124808,0.47123889803846886,-1.4459287139682442,0.5235987755982987
8014,1787226489.8066032,2.231535063329491,0.47123889803846886,-1.4739006529511063,-1.9659939698598943,0.47123889803846886,-1.467910832868835,0.5235987755982987
8015,1787226489.8533874,2.2322224876683965,0.47123889803846886,-1.467786979576399,-1.9918955676475973,0.47123889803846886,-1.4922761644129006,0.5235987755982987
8016,1787226489.896931,2.244902102014601,0.47123889803846886,-1.4612925846974163,-2.0232243655225077,0.47123889803846886,-1.5181068977927241,0.5235987755982987
8017,1787226489.9514666,2.2291569900657295,0.47123889803846886,-1.4572570034024002,-2.0404344298605315,0.47123889803846886,-1.533389417657597,0.5235987755982987
8018,1787226490.0067515,2.2203827141889523,0.47123889803846886,-1.4524922683032804,-2.0825822012450166,0.47123889803846886,-1.5324956578879658,0.5235987755982987
8019,1787226490.0561259,2.2079940670090967,0.47123889803846886,-1.4502114623827067,-2.1096024327966787,0.47123889803846886,-1.5262991679065552,0.5235987755982987
8020,1787226490.119975,2.2008454797231387,0.47123889803846886,-1.4502585686131264,-2.147358114100816,0.47123889803846886,-1.5185006987022431,0.5235987755982987
8021,1787226490.1695585,2.2115826092919892,0.47123889803846886,-1.4533401652968716,-2.2116162904252272,0.47123889803846886,-1.5075182918818442,0.5235987755982987
8022,1787226490.2236156,2.2330603047025637,0.47123889803846886,-1.4570811231295173,-2.262218660343718,0.47123889803846886,-1.4928209373027634,0.5235987755982987
8023,1787226490.2688544,2.244971423892283,0.47123889803846886,-1.4586959559946906,-2.260236551027797,0.47123889803846886,-1.4805345480566547,0.5235987755982987
8024,1787226490.312093,2.264929894462336,0.47123889803846886,-1.4758879967453211,-2.215579682900794,0.47123889803846886,-1.4703941091643897,0.5235987755982987
8025,1787226490.3545556,2.2731872510282223,0.47123889803846886,-1.4927260206171356,-2.181054342478678,0.47123889803846886,-1.4632090518048628,0.5235987755982987
8026,1787226490.4147818,2.2760122105320293,0.47123889803846886,-1.504405741000066,-2.16011799967272,0.47123889803846886,-1.4582544071975478,0.5235987755982987
8027,1787226490.4624064,2.284897862698971,0.47123889803846886,-1.5107502821977916,-2.1432628152052535,0.47123889803846886,-1.4547293874453657,0.5235987755982987
8028,1787226490.5075786,2.2814721760025183,0.47123889803846886,-1.513297258649336,-2.149361100699176,0.47123889803846886,-1.45326752350793,0.5235987755982987
8029,1787226490.5549772,2.2634425441403825,0.47123889803846886,-1.511773314836151,-2.1597506317084934,0.47123889803846886,-1.4563532986559582,0.5235987755982987
8030,1787226490.5993602,2.242539181731308,0.47123889803846886,-1.5041577359465248,-2.1762883358914005,0.47123889803846886,-1.4649380423284915,0.5235987755982987
8031,1787226490.645315,2.2238408891085144,0.47123889803846886,-1.4963815943241465,-2.1957968144273403,0.47123889803846886,-1.4789391131760246,0.5235987755982987
8032,1787226490.6912787,2.2214654911144933,0.47123889803846886,-1.4889497985640059,-2.2191720456944672,0.47123889803846886,-1.491490959554283,0.5235987755982987
8033,1787226490.7360919,2.219215994805934,0.47123889803846886,-1.4830407013457851,-2.2364599239501466,0.47123889803846886,-1.500278427774679,0.5235987755982987
8034,1787226490.7815523,2.2080191595381873,0.47123889803846886,-1.4775125005867666,-2.238252600539363,0.47123889803846886,-1.508350705651152,0.5235987755982987
8035,1787226490.835355,2.1769756734874157,0.47123889803846886,-1.4714543778804852,-2.231349865275285,0.47123889803846886,-1.5152204549135784,0.5235987755982987
8036,1787226490.8781788,2.1872623056901648,0.47123889803846886,-1.464689012312281,-2.2281038847162407,0.47123889803846886,-1.5209635763767222,0.5235987755982987
8037,1787226490.921362,2.226895272911214,0.47123889803846886,-1.4561712939161162,-2.247599963767514,0.47123889803846886,-1.5261383161164725,0.5235987755982987
8038,1787226490.9654274,2.2668831803670826,0.47123889803846886,-1.441276219861057,-2.2759752013196106,0.47123889803846886,-1.533155426337013,0.5235987755982987
8039,1787226491.0094595,2.2981421388059244,0.47123889803846886,-1.430994253089611,-2.3040519524250676,0.47123889803846886,-1.5327156540245133,0.5235987755982987
8040,1787226491.0521138,2.2913538201525534,0.47123889803846886,-1.4273873904864525,-2.3177877761857633,0.47123889803846886,-1.5255620660686338,0.5235987755982987
8041,1787226491.1025383,2.2674769413329194,0.47123889803846886,-1.4355389800279772,-2.2984130174480866,0.47123889803846886,-1.516436220212786,0.5235987755982987
8042,1787226491.147445,2.2618376785382805,0.47123889803846886,-1.4506327818827172,-2.318636532908577,0.47123889803846886,-1.5019107284320434,0.5235987755982987
8043,1787226491.190021,2.264137472625228,0.47123889803846886,-1.4686162585657825,-2.3085105031602358,0.47123889803846886,-1.4837785631522735,0.5235987755982987
8044,1787226491.2425401,2.2705136062790108,0.47123889803846886,-1.480510855724174,-2.227334784752142,0.47123889803846886,-1.4660439100663658,0.5235987755982987
8045,1787226491.2945106,2.2759044356190943,0.47123889803846886,-1.4852754198301483,-2.1501894636449324,0.47123889803846886,-1.4497066342319538,0.5235987755982987
8046,1787226491.3403828,2.304005954719732,0.47123889803846886,-1.4907834625749794,-2.1022596176661774,0.47123889803846886,-1.4374972328286977,0.5235987755982987
8047,1787226491.3830223,2.3222719421351465,0.47123889803846886,-1.4988323679985234,-2.0835605762507954,0.47123889803846886,-1.4197307522064593,0.5235987755982987
8048,1787226491.4262612,2.334144833955166,0.47123889803846886,-1.5006845413555723,-2.0773256286336705,0.47123889803846886,-1.3927800522935905,0.5235987755982987
8049,1787226491.4730446,2.3418622136381786,0.47123889803846886,-1.4986466063381931,-2.0760378767096,0.47123889803846886,-1.3658835166326395,0.5235987755982987
8050,1787226491.5177603,2.330544778756113,0.47123889803846886,-1.4877167190900333,-2.0467386004813393,0.47123889803846886,-1.3710912528717085,0.5235987755982987
8051,1787226491.5610795,2.318345209536038,0.47123889803846886,-1.4763008701846791,-2.068299458133144,0.47123889803846886,-1.3943538095291796,0.5235987755982987
8052,1787226491.6072865,2.3256611056477525,0.47123889803846886,-1.4611687567746254,-2.0830230718986837,0.47123889803846886,-1.4229138049848693,0.5235987755982987
8053,1787226491.6531165,2.320419641977935,0.47123889803846886,-1.4507384957519496,-2.1670665533819404,0.47123889803846886,-1.4444714460520607,0.5235987755982987
8054,1787226491.6951087,2.3031641740756204,0.47123889803846886,-1.429911501184748,-2.233261331265582,0.47123889803846886,-1.4681508831205146,0.5235987755982987
8055,1787226491.7466657,2.2876691307228514,0.47123889803846886,-1.3965376562924134,-2.274492050566732,0.47123889803846886,-1.4906280289343705,0.5235987755982987
8056,1787226491.7996187,2.2661801733913407,0.47123889803846886,-1.376335498409512,-2.294592681655544,0.47123889803846886,-1.4832574655850745,0.5235987755982987
8057,1787226491.84645,2.284112477337888,0.47123889803846886,-1.380162304944081,-2.3161533146434246,0.47123889803846886,-1.4665030048916232,0.5235987755982987
8058,1787226491.894979,2.2731804233250195,0.47123889803846886,-1.385990761806504,-2.3183582302296033,0.47123889803846886,-1.4435210177524231,0.5235987755982987
8059,1787226491.938293,2.2556953414332312,0.47123889803846886,-1.3951177782055737,-2.3183246221914757,0.47123889803846886,-1.4218700432374904,0.5235987755982987
8060,1787226491.981131,2.261157618043991,0.47123889803846886,-1.4069690712254082,-2.3197725520880232,0.47123889803846886,-1.405184921033709,0.5235987755982987
8061,1787226492.024185,2.2944205232959147,0.47123889803846886,-1.4189003441768195,-2.3046898221205345,0.47123889803846886,-1.399680191030916,0.5235987755982987
8062,1787226492.0743916,2.3160414117096653,0.47123889803846886,-1.4360126632544787,-2.2967756963353807,0.47123889803846886,-1.3823725248008016,0.5235987755982987
8063,1787226492.1386182,2.330094989178603,0.47123889803846886,-1.4619651981924757,-2.2489316738376917,0.47123889803846886,-1.357708828582631,0.5235987755982987
8064,1787226492.187841,2.3392298145334127,0.47123889803846886,-1.4730509894345503,-2.207058403064717,0.47123889803846886,-1.3435305473698793,0.5235987755982987
8065,1787226492.2353046,2.345167451014039,0.47123889803846886,-1.466130672740904,-2.1735326764826515,0.47123889803846886,-1.344263844687326,0.5235987755982987
8066,1787226492.2796266,2.349026914726446,0.47123889803846886,-1.45070225407772,-2.1534398882835593,0.47123889803846886,-1.3543413408302258,0.5235987755982987
8067,1787226492.3285544,2.3515355661395105,0.47123889803846886,-1.4370349412176022,-2.138794492161224,0.47123889803846886,-1.3673423737741777,0.5235987755982987
8068,1787226492.3792472,2.33497900260267,0.47123889803846886,-1.413247782094103,-2.1375975122323063,0.47123889803846886,-1.3961175966867212,0.5235987755982987
8069,1787226492.4251993,2.3117089498360945,0.47123889803846886,-1.3819245703003986,-2.1358683680953066,0.47123889803846886,-1.4390605630799937,0.5235987755982987
8070,1787226492.4684315,2.2716177113612908,0.47123889803846886,-1.362425762916331,-2.14015405289792,0.47123889803846886,-1.4785868288170556,0.5235987755982987
8071,1787226492.5125184,2.2556509746469033,0.47123889803846886,-1.3535420470620017,-2.1628663116511593,0.47123889803846886,-1.508109959754067,0.5235987755982987
8072,1787226492.557269,2.246017791132243,0.47123889803846886,-1.3518955845252487,-2.1813094569656686,0.47123889803846886,-1.5252612327031632,0.5235987755982987
8073,1787226492.600326,2.2533256162508364,0.47123889803846886,-1.3569465121112168,-2.222280454808407,0.47123889803846886,-1.524973538655098,0.5235987755982987
8074,1787226492.6505756,2.269719808411243,0.47123889803846886,-1.3661928592216446,-2.2590978681982485,0.47123889803846886,-1.5188609789757976,0.5235987755982987
8075,1787226492.6986375,2.282552759320715,0.47123889803846886,-1.373807587416635,-2.2647396246582208,0.47123889803846886,-1.5126765727205278,0.5235987755982987
8076,1787226492.748585,2.2999925691783947,0.47123889803846886,-1.3868436093438152,-2.229438077043155,0.47123889803846886,-1.501684274797812,0.5235987755982987
8077,1787226492.7960975,2.287034329377827,0.47123889803846886,-1.4173803205574038,-2.1935416553335254,0.47123889803846886,-1.4831513253057098,0.5235987755982987
8078,1787226492.837198,2.2813095259994824,0.47123889803846886,-1.4473905127798934,-2.151376482638607,0.47123889803846886,-1.4696446750875025,0.5235987755982987
8079,1787226492.8844795,2.246789789568968,0.47123889803846886,-1.475465907521355,-2.0799721064956604,0.47123889803846886,-1.4553104562530117,0.5235987755982987
8080,1787226492.934147,2.2091041845341834,0.47123889803846886,-1.4981726734156569,-2.037859598765661,0.47123889803846886,-1.4463029940408485,0.5235987755982987
8081,1787226492.983165,2.19280707123296,0.47123889803846886,-1.517052999353023,-2.0249068869776496,0.47123889803846886,-1.4351749234952256,0.5235987755982987
8082,1787226493.037129,2.169547723618045,0.47123889803846886,-1.5333944736607505,-2.0258456387852917,0.47123889803846886,-1.4329011662803954,0.5235987755982987
8083,1787226493.0822036,2.170393270248849,0.47123889803846886,-1.5430703400206491,-2.037451176637654,0.47123889803846886,-1.3965558833114466,0.5235987755982987
8084,1787226493.1272025,2.1630254057569736,0.47123889803846886,-1.5490766870573744,-2.0653287695957516,0.47123889803846886,-1.3600700163735768,0.5235987755982987
8085,1787226493.1715605,2.141652571415241,0.47123889803846886,-1.5502309379772723,-2.0453322462407617,0.47123889803846886,-1.3194693581380585,0.5235987755982987
8086,1787226493.22573,2.1386119495063483,0.47123889803846886,-1.544398921651916,-2.085757062452913,0.47123889803846886,-1.2704370253111235,0.5235987755982987
8087,1787226493.2747347,2.1544899296911564,0.47123889803846886,-1.532215437784377,-2.1532877567449287,0.47123889803846886,-1.2155188330249649,0.5235987755982987
8088,1787226493.3243177,2.1570364580824366,0.47123889803846886,-1.5094787909391267,-2.1746770661823036,0.47123889803846886,-1.157369981723455,0.5235987755982987
8089,1787226493.3702548,2.1374857801852176,0.47123889803846886,-1.4979563740743804,-2.166637328098624,0.47123889803846886,-1.122489336754763,0.5235987755982987
8090,1787226493.4186656,2.120110072497223,0.47123889803846886,-1.4851362565525257,-2.1493378620596806,0.47123889803846886,-1.1004779435733578,0.5235987755982987
8091,1787226493.4691417,2.119998651715644,0.47123889803846886,-1.4743838709156158,-2.15063323401821,0.47123889803846886,-1.0791477745713849,0.5235987755982987
8092,1787226493.5113325,2.1217670573479923,0.47123889803846886,-1.4671108616699977,-2.1236772016695737,0.47123889803846886,-1.0554602132246864,0.5235987755982987
8093,1787226493.5548122,2.1199448501948672,0.47123889803846886,-1.4639603927542781,-2.119677140210463,0.47123889803846886,-1.0344850788962348,0.5235987755982987
8094,1787226493.5972462,2.1233264951138153,0.47123889803846886,-1.460960711006614,-2.1609054255419773,0.47123889803846886,-1.0206784755916387,0.5235987755982987
8095,1787226493.6410527,2.1332818960837505,0.47123889803846886,-1.4598473938043346,-2.1791943496282036,0.47123889803846886,-1.0139002960078465,0.5235987755982987
8096,1787226493.6916199,2.148941768176673,0.47123889803846886,-1.4553624987499485,-2.175041219525215,0.47123889803846886,-1.0144553789589859,0.5235987755982987
8097,1787226493.7387807,2.1491814980322674,0.47123889803846886,-1.453998857994939,-2.1389386986375767,0.47123889803846886,-1.0151138131552753,0.5235987755982987
8098,1787226493.7835553,2.1642371192029257,0.47123889803846886,-1.4537619176521543,-2.11045067443444,0.47123889803846886,-1.0169415547228413,0.5235987755982987
8099,1787226493.8284774,2.1765465986505204,0.47123889803846886,-1.4571219685294432,-2.0671364406143105,0.47123889803846886,-1.0227936721616857,0.5235987755982987
8100,1787226493.8715444,2.202377800973016,0.47123889803846886,-1.4560047627741168,-2.0593726681608997,0.47123889803846886,-1.0250186635274043,0.5235987755982987
8101,1787226493.9207149,2.231492641696853,0.47123889803846886,-1.4519524583413093,-2.0292504864947194,0.47123889803846886,-1.0231563174235754,0.5235987755982987
8102,1787226493.9680488,2.2560745403657236,0.47123889803846886,-1.4498638811094873,-1.9938584053526416,0.47123889803846886,-1.0207197994323864,0.5235987755982987
8103,1787226494.0126226,2.260233545916357,0.47123889803846886,-1.4469841175454636,-1.9777520702537335,0.47123889803846886,-1.0153386150327295,0.5235987755982987
8104,1787226494.0565894,2.275102644867339,0.47123889803846886,-1.4446729414388415,-1.9761118826848065,0.47123889803846886,-1.0140659248908843,0.5235987755982987
8105,1787226494.1069813,2.279462167181814,0.47123889803846886,-1.4418394865424742,-1.9659087391964614,0.47123889803846886,-1.01343204455997,0.5235987755982987
8106,1787226494.153123,2.2722745518321066,0.47123889803846886,-1.4405193196248627,-1.9536430401254339,0.47123889803846886,-1.0129025006396395,0.5235987755982987
8107,1787226494.2018034,2.274332110423938,0.47123889803846886,-1.4400138934379023,-1.9763244201783414,0.47123889803846886,-1.0124125012667873,0.5235987755982987
8108,1787226494.2524576,2.2642492186029624,0.47123889803846886,-1.4408237775292272,-1.9936478016098538,0.47123889803846886,-1.0122334987339945,0.5235987755982987
8109,1787226494.2994196,2.248603207006578,0.47123889803846886,-1.4425008039405163,-2.0022897913713695,0.47123889803846886,-1.0133611458075424,0.5235987755982987
8110,1787226494.3450735,2.242687318643278,0.47123889803846886,-1.443873593308063,-2.047634928327037,0.47123889803846886,-1.0155164016916984,0.5235987755982987
8111,1787226494.3975558,2.2385967118231855,0.47123889803846886,-1.44587820643524,-2.0552530598897434,0.47123889803846886,-1.0189233688581771,0.5235987755982987
8112,1787226494.439617,2.225808591614334,0.47123889803846886,-1.4502476916948623,-2.0658647231058627,0.47123889803846886,-1.0255295286142585,0.5235987755982987
8113,1787226494.4826615,2.232758688703026,0.47123889803846886,-1.4569765669661838,-2.099084952937017,0.47123889803846886,-1.037402058092334,0.5235987755982987
8114,1787226494.5233338,2.235819448183344,0.47123889803846886,-1.4627768363634392,-2.1302258947625132,0.47123889803846886,-1.0494586927222689,0.5235987755982987
8115,1787226494.568128,2.245334954429471,0.47123889803846886,-1.4696479908928048,-2.1713740339472043,0.47123889803846886,-1.0629774062278323,0.5235987755982987
8116,1787226494.6129298,2.2393915379450693,0.47123889803846886,-1.4776828714476373,-2.1967633608542285,0.47123889803846886,-1.078258943742033,0.5235987755982987
8117,1787226494.654052,2.2306489096593225,0.47123889803846886,-1.4895840934396207,-2.219749177055834,0.47123889803846886,-1.094896510194844,0.5235987755982987
8118,1787226494.7035027,2.2284274869793084,0.47123889803846886,-1.5012105125220057,-2.253187544995554,0.47123889803846886,-1.1124295240357025,0.5235987755982987
8119,1787226494.748273,2.2232555332200663,0.47123889803846886,-1.5113652305484524,-2.258718690001038,0.47123889803846886,-1.132478044996093,0.5235987755982987
8120,1787226494.796382,2.222935002224672,0.47123889803846886,-1.529056596483377,-2.2562341317914107,0.47123889803846886,-1.1625311804763307,0.5235987755982987
8121,1787226494.8396835,2.2313892342242587,0.47123889803846886,-1.5412225030803768,-2.2537462731574607,0.47123889803846886,-1.1860022782254984,0.5235987755982987
8122,1787226494.8844242,2.235239575408898,0.47123889803846886,-1.5444485765490978,-2.245184971709226,0.47123889803846886,-1.2075449779441105,0.5235987755982987
8123,1787226494.9282272,2.2303659149912742,0.47123889803846886,-1.5383852514659604,-2.2262805827365186,0.47123889803846886,-1.2329784876809682,0.5235987755982987
8124,1787226494.9709845,2.2230936640511727,0.47123889803846886,-1.525777966613727,-2.2107090836244554,0.47123889803846886,-1.261603648125527,0.5235987755982987
8125,1787226495.0143385,2.2262968926613182,0.47123889803846886,-1.5145953428168637,-2.199453023683096,0.47123889803846886,-1.2921454106119945,0.5235987755982987
8126,1787226495.0625932,2.1971877055262854,0.47123889803846886,-1.4979172884389595,-2.166297159505901,0.47123889803846886,-1.3167703621375075,0.5235987755982987
8127,1787226495.1041288,2.1551951853824303,0.47123889803846886,-1.4848661167645416,-2.1583657350730268,0.47123889803846886,-1.3423636617484263,0.5235987755982987
8128,1787226495.1473424,2.1188542023407697,0.47123889803846886,-1.4687937238344344,-2.121980371515591,0.47123889803846886,-1.3859766564192983,0.5235987755982987
8129,1787226495.1912642,2.134737611422941,0.47123889803846886,-1.4242104637176634,-2.142357870049313,0.47123889803846886,-1.422362275424287,0.5235987755982987
8130,1787226495.2476127,2.1504575754483914,0.47123889803846886,-1.395774244689552,-2.164586650626164,0.47123889803846886,-1.4389400613126355,0.5235987755982987
8131,1787226495.2933,2.1751393859306356,0.47123889803846886,-1.36674178853769,-2.202614084073661,0.47123889803846886,-1.4583989095925762,0.5235987755982987
8132,1787226495.3353086,2.1876862325340998,0.47123889803846886,-1.3462674877177232,-2.243404350695199,0.47123889803846886,-1.469545812283252,0.5235987755982987
8133,1787226495.3978992,2.209452969287467,0.47123889803846886,-1.3323499620697168,-2.254286338427792,0.47123889803846886,-1.4732498490653259,0.5235987755982987
8134,1787226495.452678,2.21789134635379,0.47123889803846886,-1.3117007509634862,-2.2406159227703633,0.47123889803846886,-1.4694441067212383,0.5235987755982987
8135,1787226495.5054054,2.1620870839463335,0.47123889803846886,-1.2872819350848748,-2.1843982224452603,0.47123889803846886,-1.4629781894281046,0.5235987755982987
8136,1787226495.5575829,2.1054572271379204,0.47123889803846886,-1.263341052151115,-2.1409214817786637,0.47123889803846886,-1.465119050142857,0.5235987755982987
8137,1787226495.6023972,2.0605527757016255,0.47123889803846886,-1.2454919483764915,-2.098346953409594,0.47123889803846886,-1.463890202680966,0.5235987755982987
8138,1787226495.6431787,2.0283387610582624,0.47123889803846886,-1.2246244591845856,-2.0760598512997763,0.47123889803846886,-1.4664699128382357,0.5235987755982987
8139,1787226495.685749,2.0106380941078053,0.47123889803846886,-1.2055309492089066,-2.073731798072904,0.47123889803846886,-1.4691698104444588,0.5235987755982987
8140,1787226495.73146,1.9809342347422851,0.47123889803846886,-1.1908793805044913,-2.066968981497148,0.47123889803846886,-1.4774317049804835,0.5235987755982987
8141,1787226495.7805967,1.9645468334950884,0.47123889803846886,-1.1822409287505573,-2.061411390148582,0.47123889803846886,-1.488034480524048,0.5235987755982987
8142,1787226495.8233237,1.9676483488119692,0.47123889803846886,-1.1734269292162929,-2.068067280802985,0.47123889803846886,-1.4980605711127342,0.5235987755982987
8143,1787226495.8726132,1.9693173087481572,0.47123889803846886,-1.1759589249420532,-2.0770584996452537,0.47123889803846886,-1.5102285174213397,0.5235987755982987
8144,1787226495.9165754,1.980031834797983,0.47123889803846886,-1.1821108434470302,-2.091379829968188,0.47123889803846886,-1.5302692178569788,0.5235987755982987
8145,1787226495.9592009,1.9907924653641746,0.47123889803846886,-1.1833357271558247,-2.112648027535531,0.47123889803846886,-1.5437798739395825,0.5235987755982987
8146,1787226496.0038843,1.998435512734265,0.47123889803846886,-1.1786412127840349,-2.1336544166715026,0.47123889803846886,-1.552172553751603,0.5235987755982987
8147,1787226496.0481668,2.0059320169239507,0.47123889803846886,-1.1628381567170565,-2.145446144966497,0.47123889803846886,-1.5579907274605473,0.5235987755982987
8148,1787226496.0970333,2.0147061687593704,0.47123889803846886,-1.1472978327519927,-2.1551623829127973,0.47123889803846886,-1.5601684265645899,0.5235987755982987
8149,1787226496.1417642,2.030717905665042,0.47123889803846886,-1.1329369737299178,-2.1511837570110703,0.47123889803846886,-1.558468702503115,0.5235987755982987
8150,1787226496.1854324,2.0500974014505142,0.47123889803846886,-1.119512062745543,-2.148879305008226,0.47123889803846886,-1.5551955339934214,0.5235987755982987
8151,1787226496.2397432,2.0657528393156133,0.47123889803846886,-1.1077517999082829,-2.1473565674728707,0.47123889803846886,-1.5508479773320942,0.5235987755982987
8152,1787226496.2858427,2.0787564224188717,0.47123889803846886,-1.0968009536083916,-2.1429910511610415,0.47123889803846886,-1.5469867720728903,0.5235987755982987
8153,1787226496.3368416,2.097955020385238,0.47123889803846886,-1.089376020791441,-2.1322968983070147,0.47123889803846886,-1.5457209406113015,0.5235987755982987
8154,1787226496.3929377,2.1011833548469054,0.47123889803846886,-1.085910492537097,-2.122042255287787,0.47123889803846886,-1.5458480997923192,0.5235987755982987
8155,1787226496.445602,2.0934201234756675,0.47123889803846886,-1.0832858702499302,-2.0988514843030144,0.47123889803846886,-1.5468998592049021,0.5235987755982987
8156,1787226496.4942596,2.073964905369243,0.47123889803846886,-1.083971632411837,-2.079726846047897,0.47123889803846886,-1.5496102857916625,0.5235987755982987
8157,1787226496.545934,2.0608075033633906,0.47123889803846886,-1.0882480595063644,-2.0637942266660696,0.47123889803846886,-1.5521338320828666,0.5235987755982987
8158,1787226496.5928116,2.0717636239572466,0.47123889803846886,-1.0970417698936772,-2.0526634117676394,0.47123889803846886,-1.5537259913638009,0.5235987755982987
8159,1787226496.6422808,2.0884448087454075,0.47123889803846886,-1.1174306283323792,-2.028950835745687,0.47123889803846886,-1.5590674762904393,0.5235987755982987
8160,1787226496.6936374,2.1121753288518508,0.47123889803846886,-1.132742893493195,-2.0193912823952034,0.47123889803846886,-1.5592703061509998,0.5235987755982987
8161,1787226496.7446344,2.101665639313711,0.47123889803846886,-1.149089584511625,-2.0130341768272566,0.47123889803846886,-1.558395850697253,0.5235987755982987
8162,1787226496.791741,2.1059365429303085,0.47123889803846886,-1.1661706042703373,-2.006234221638715,0.47123889803846886,-1.5538010405605396,0.5235987755982987
8163,1787226496.841539,2.1467947340492493,0.47123889803846886,-1.1814321948768582,-2.025809214643073,0.47123889803846886,-1.5461669122633714,0.5235987755982987
8164,1787226496.8941193,2.186676380471218,0.47123889803846886,-1.196072242627948,-2.039761210450897,0.47123889803846886,-1.5361115852631622,0.5235987755982987
8165,1787226496.9426746,2.1922212340857223,0.47123889803846886,-1.2132175423856146,-2.0547965049215247,0.47123889803846886,-1.5267615103888286,0.5235987755982987
8166,1787226496.9916646,2.1946231118286064,0.47123889803846886,-1.2352664803738378,-2.0775558542890935,0.47123889803846886,-1.5178141419121491,0.5235987755982987
8167,1787226497.043514,2.1556487293847324,0.47123889803846886,-1.2676925676445008,-2.0754789136933147,0.47123889803846886,-1.503531659591434,0.5235987755982987
8168,1787226497.0878403,2.101643809683461,0.47123889803846886,-1.297985411416344,-2.0989617892377552,0.47123889803846886,-1.4862682807843495,0.5235987755982987
8169,1787226497.1336737,2.067962632680744,0.47123889803846886,-1.3192054053395033,-2.127655379434751,0.47123889803846886,-1.4720020281870063,0.5235987755982987
8170,1787226497.1786218,2.0679075349055043,0.47123889803846886,-1.3216652590440494,-2.1416252425064686,0.47123889803846886,-1.4585224343176888,0.5235987755982987
8171,1787226497.2244496,2.0636919615693152,0.47123889803846886,-1.3358629154609012,-2.141739146216401,0.47123889803846886,-1.4399684589120743,0.5235987755982987
8172,1787226497.2661843,2.0578936803163073,0.47123889803846886,-1.3457195773641561,-2.1478862950412236,0.47123889803846886,-1.4253513352786706,0.5235987755982987
8173,1787226497.309663,2.083574437010347,0.47123889803846886,-1.3435115903985284,-2.1466054437201114,0.47123889803846886,-1.419173296337685,0.5235987755982987
8174,1787226497.3550851,2.0690955939413085,0.47123889803846886,-1.3521081638627062,-2.1112472443705115,0.47123889803846886,-1.4233589430671538,0.5235987755982987
8175,1787226497.404589,2.0791657368664245,0.47123889803846886,-1.3496972484962555,-2.089914924484158,0.47123889803846886,-1.4366222000151716,0.5235987755982987
8176,1787226497.451743,2.1196574411383446,0.47123889803846886,-1.3528942143873952,-2.123427015949039,0.47123889803846886,-1.440131750882274,0.5235987755982987
8177,1787226497.4992642,2.090632554381836,0.47123889803846886,-1.3544615225910828,-2.1877766952462436,0.47123889803846886,-1.4384249093815913,0.5235987755982987
8178,1787226497.5431008,2.0934056857053425,0.47123889803846886,-1.3489163975222658,-2.2292638369672115,0.47123889803846886,-1.4417958728999622,0.5235987755982987
8179,1787226497.5852942,2.0983303699485107,0.47123889803846886,-1.3475868108600417,-2.2611787101034695,0.47123889803846886,-1.4437565650458968,0.5235987755982987
8180,1787226497.6320562,2.1059728566005713,0.47123889803846886,-1.3465976118995524,-2.294434233134576,0.47123889803846886,-1.4443566737940698,0.5235987755982987
8181,1787226497.679499,2.12799818793935,0.47123889803846886,-1.3527018165561804,-2.316050323104795,0.47123889803846886,-1.442048229528,0.5235987755982987
8182,1787226497.7257571,2.153482212084417,0.47123889803846886,-1.3596652643232658,-2.325704043802981,0.47123889803846886,-1.4407536770997285,0.5235987755982987
8183,1787226497.774455,2.1713771624458076,0.47123889803846886,-1.3755708120943406,-2.336375700039258,0.47123889803846886,-1.4342684860222195,0.5235987755982987
8184,1787226497.825658,2.18198311173032,0.47123889803846886,-1.3884122748519658,-2.3433122765928385,0.47123889803846886,-1.4320253663908087,0.5235987755982987
8185,1787226497.8720543,2.1913367116115703,0.47123889803846886,-1.4027293206440739,-2.347821051352666,0.47123889803846886,-1.42938610948742,0.5235987755982987
8186,1787226497.9177678,2.187624684603628,0.47123889803846886,-1.4088382407616689,-2.343643314536192,0.47123889803846886,-1.426542797245933,0.5235987755982987
8187,1787226497.958906,2.182301690229312,0.47123889803846886,-1.430992728566055,-2.343775999862875,0.47123889803846886,-1.4286566877886293,0.5235987755982987
8188,1787226498.0031395,2.2093287493605303,0.47123889803846886,-1.454798337792773,-2.3362364295203575,0.47123889803846886,-1.4255665488743026,0.5235987755982987
8189,1787226498.0477214,2.2230980486241374,0.47123889803846886,-1.475954032836849,-2.3211971994067873,0.47123889803846886,-1.42743941829466,0.5235987755982987
8190,1787226498.0977635,2.2470303667916394,0.47123889803846886,-1.4869174411857904,-2.279229076918068,0.47123889803846886,-1.432343167295671,0.5235987755982987
8191,1787226498.142922,2.2363972546509006,0.47123889803846886,-1.4921562965926705,-2.2672993521362867,0.47123889803846886,-1.441974441487227,0.5235987755982987
8192,1787226498.1877856,2.238571844208526,0.47123889803846886,-1.4921547138785254,-2.26693171873095,0.47123889803846886,-1.452172807021741,0.5235987755982987
8193,1787226498.2320578,2.2185864616819724,0.47123889803846886,-1.489397790287642,-2.240494998037842,0.47123889803846886,-1.4628413268570784,0.5235987755982987
8194,1787226498.2770236,2.217872546919402,0.47123889803846886,-1.489433147689351,-2.2213581936606013,0.47123889803846886,-1.4691556561830885,0.5235987755982987
8195,1787226498.326749,2.2132325666441783,0.47123889803846886,-1.4900876481281662,-2.2297796489179555,0.47123889803846886,-1.4686172026286002,0.5235987755982987
8196,1787226498.3766282,2.20558842210634,0.47123889803846886,-1.4852833968069965,-2.2181552866375935,0.47123889803846886,-1.4709188446473407,0.5235987755982987
8197,1787226498.4295325,2.2019867630080396,0.47123889803846886,-1.4766164027329851,-2.2346082781764203,0.47123889803846886,-1.4629083204961169,0.5235987755982987
8198,1787226498.4733255,2.1878080073247563,0.47123889803846886,-1.4760605845197516,-2.24504999129349,0.47123889803846886,-1.447700914726602,0.5235987755982987
8199,1787226498.5178788,2.1907087306223927,0.47123889803846886,-1.4783097879375262,-2.235406010573479,0.47123889803846886,-1.436224275908424,0.5235987755982987
8200,1787226498.5629013,2.2185024489226794,0.47123889803846886,-1.4835884282756635,-2.2201599145564628,0.47123889803846886,-1.4291540426243134,0.5235987755982987
8201,1787226498.606121,2.214137207174043,0.47123889803846886,-1.4892531213404552,-2.191355684035957,0.47123889803846886,-1.4212413247502491,0.5235987755982987
8202,1787226498.64676,2.197777916681065,0.47123889803846886,-1.4875416746329244,-2.1669429559616695,0.47123889803846886,-1.4143090967260306,0.5235987755982987
8203,1787226498.695706,2.1910350917379793,0.47123889803846886,-1.4850389561038062,-2.161585293103143,0.47123889803846886,-1.4124204398066584,0.5235987755982987
8204,1787226498.7420068,2.188480720589142,0.47123889803846886,-1.4814890396564704,-2.1657601245488305,0.47123889803846886,-1.412275625023935,0.5235987755982987
8205,1787226498.7884312,2.1825450156476687,0.47123889803846886,-1.4782372509810815,-2.1718089173349644,0.47123889803846886,-1.4154245841129751,0.5235987755982987
8206,1787226498.8294785,2.1799945501747757,0.47123889803846886,-1.4738203545667052,-2.1872922451930528,0.47123889803846886,-1.423010589081274,0.5235987755982987
8207,1787226498.871217,2.1932716168040765,0.47123889803846886,-1.4699683680897762,-2.211039358069169,0.47123889803846886,-1.4370207953491176,0.5235987755982987
8208,1787226498.914112,2.2139112530421268,0.47123889803846886,-1.470306413016187,-2.2288112987752875,0.47123889803846886,-1.4487530330678307,0.5235987755982987
8209,1787226498.956955,2.227511337420214,0.47123889803846886,-1.4735138458123331,-2.248030990207239,0.47123889803846886,-1.4600797792658295,0.5235987755982987
8210,1787226498.9980912,2.2329322644076033,0.47123889803846886,-1.477759304860541,-2.2714885013968797,0.47123889803846886,-1.4715598322924426,0.5235987755982987
8211,1787226499.0426064,2.233417256450615,0.47123889803846886,-1.480079827869235,-2.2848765180860813,0.47123889803846886,-1.4824720630608919,0.5235987755982987
8212,1787226499.0925913,2.2356312357624972,0.47123889803846886,-1.4800800549001363,-2.3072947145796583,0.47123889803846886,-1.4897603665538326,0.5235987755982987
8213,1787226499.1397128,2.2390503357781864,0.47123889803846886,-1.4787603846026585,-2.3244096360440984,0.47123889803846886,-1.4932523980457604,0.5235987755982987
8214,1787226499.1855035,2.249643740603656,0.47123889803846886,-1.4783797721183105,-2.3355343349959847,0.47123889803846886,-1.499447287758965,0.5235987755982987
8215,1787226499.2325945,2.249382054118897,0.47123889803846886,-1.4780397626620236,-2.33396267418429,0.47123889803846886,-1.5072679982933646,0.5235987755982987
8216,1787226499.2815695,2.2132680428848164,0.47123889803846886,-1.4775800370162493,-2.3334034319687422,0.47123889803846886,-1.5102156975170868,0.5235987755982987
8217,1787226499.3292184,2.1790467790198393,0.47123889803846886,-1.4754876510356434,-2.339864115733477,0.47123889803846886,-1.5104036032200492,0.5235987755982987
8218,1787226499.3703718,2.165679268449415,0.47123889803846886,-1.472455554787804,-2.345346879153899,0.47123889803846886,-1.508726408277909,0.5235987755982987
8219,1787226499.4165494,2.1864725302907813,0.47123889803846886,-1.469748356617269,-2.3491435430173553,0.47123889803846886,-1.5071222636544515,0.5235987755982987
8220,1787226499.4636319,2.2200941724165446,0.47123889803846886,-1.467726792412252,-2.3516113745286016,0.47123889803846886,-1.5057684976909897,0.5235987755982987
8221,1787226499.5070121,2.233891222188281,0.47123889803846886,-1.4637239924036214,-2.3393146355397114,0.47123889803846886,-1.5047722009169315,0.5235987755982987
8222,1787226499.556006,2.205271957660407,0.47123889803846886,-1.4518099940763642,-2.3032685117527665,0.47123889803846886,-1.498221242352712,0.5235987755982987
8223,1787226499.5997233,2.1526313903489473,0.47123889803846886,-1.4360586268019633,-2.242559116781465,0.47123889803846886,-1.4903817421728343,0.5235987755982987
8224,1787226499.6418927,2.1413886570307574,0.47123889803846886,-1.4153664957868881,-2.224875729254929,0.47123889803846886,-1.483990304328457,0.5235987755982987
8225,1787226499.6847126,2.1403146355731213,0.47123889803846886,-1.3874062166597612,-2.209481117892695,0.47123889803846886,-1.478493928016284,0.5235987755982987
8226,1787226499.7307699,2.1206915622457685,0.47123889803846886,-1.3560251894459052,-2.211682275734831,0.47123889803846886,-1.4734862082693905,0.5235987755982987
8227,1787226499.7759142,2.0910921920456276,0.47123889803846886,-1.328159621891088,-2.1885758028141638,0.47123889803846886,-1.4697751711364964,0.5235987755982987
8228,1787226499.8184452,2.050579370494446,0.47123889803846886,-1.3069866661509675,-2.2192866383627115,0.47123889803846886,-1.4641740871533264,0.5235987755982987
8229,1787226499.866002,1.9989560097090489,0.47123889803846886,-1.2738486967448535,-2.2672043865030833,0.47123889803846886,-1.459079658655534,0.5235987755982987
8230,1787226499.9157097,1.9728473681139684,0.47123889803846886,-1.229170294128835,-2.2983509227943246,0.47123889803846886,-1.4533016876867717,0.5235987755982987
8231,1787226499.9598827,1.9677707530108854,0.47123889803846886,-1.1804647736123277,-2.318596171383632,0.47123889803846886,-1.4480023601745557,0.5235987755982987
8232,1787226500.0082355,1.9821199588581364,0.47123889803846886,-1.139639996284188,-2.3317555829666814,0.47123889803846886,-1.4458323940956683,0.5235987755982987
8233,1787226500.0536587,1.9907228764025704,0.47123889803846886,-1.1091725910299242,-2.3403092004956636,0.47123889803846886,-1.4452696172371544,0.5235987755982987
8234,1787226500.105621,2.000979794032281,0.47123889803846886,-1.0902761040701783,-2.345869051889502,0.47123889803846886,-1.4454514022250766,0.5235987755982987
8235,1787226500.1518593,2.0129678406039635,0.47123889803846886,-1.083472040880474,-2.349482955295497,0.47123889803846886,-1.4440820474494898,0.5235987755982987
8236,1787226500.1938732,2.023172114912872,0.47123889803846886,-1.075976810337989,-2.3518319925093936,0.47123889803846886,-1.4394285758715992,0.5235987755982987
8237,1787226500.2377229,2.0392327178527454,0.47123889803846886,-1.0682422825412494,-2.353358866698427,0.47123889803846886,-1.4352869128344987,0.5235987755982987
8238,1787226500.2827399,2.050753162089921,0.47123889803846886,-1.0466373455353004,-2.354351334921298,0.47123889803846886,-1.4341390019298428,0.5235987755982987
8239,1787226500.3301694,2.0705924933889426,0.47123889803846886,-1.013449090681716,-2.3549964392661646,0.47123889803846886,-1.4350539910336404,0.5235987755982987
8240,1787226500.3746452,2.1142755091965335,0.47123889803846886,-0.9825809147741444,-2.355415757090328,0.47123889803846886,-1.4369911982915666,0.5235987755982987
8241,1787226500.4187984,2.1437671080013545,0.47123889803846886,-0.9583801544381094,-2.3556883136760343,0.47123889803846886,-1.4395982532986153,0.5235987755982987
8242,1787226500.4602265,2.1760492285474173,0.47123889803846886,-0.9459654658040431,-2.355865475456743,0.47123889803846886,-1.4406683716240087,0.5235987755982987
8243,1787226500.5055282,2.182871571807303,0.47123889803846886,-0.9297234998492366,-2.3559806306142037,0.47123889803846886,-1.4415892157505037,0.5235987755982987
8244,1787226500.563578,2.180089336591189,0.47123889803846886,-0.926103793541782,-2.3560554814665533,0.47123889803846886,-1.4394523406985995,0.5235987755982987
8245,1787226500.6068165,2.1865262408897026,0.47123889803846886,-0.9304622124566388,-2.3561041345205807,0.47123889803846886,-1.4393460596206271,0.5235987755982987
8246,1787226500.6517231,2.1626813466988137,0.47123889803846886,-0.9415605625537411,-2.3561357590056984,0.47123889803846886,-1.441679703847376,0.5235987755982987
8247,1787226500.70172,2.1357015915098305,0.47123889803846886,-0.9480709155384008,-2.3561563149210247,0.47123889803846886,-1.4404318840506924,0.5235987755982987
8248,1787226500.7526047,2.115274810860736,0.47123889803846886,-0.9497857168046293,-2.3561696762659867,0.47123889803846886,-1.4416512597302673,0.5235987755982987
8249,1787226500.7959394,2.1116738496328358,0.47123889803846886,-0.9616190257564697,-2.356178361140212,0.47123889803846886,-1.4435033899358323,0.5235987755982987
8250,1787226500.8439343,2.0899294838465936,0.47123889803846886,-1.0010577680185697,-2.3561840063084585,0.47123889803846886,-1.4473239876781299,0.5235987755982987
8251,1787226500.8977659,2.0594390738116752,0.47123889803846886,-1.0705543071496162,-2.356187675667819,0.47123889803846886,-1.4494741667594468,0.5235987755982987
8252,1787226500.9459512,2.0336440670972697,0.47123889803846886,-1.1209795795102906,-2.356190060751403,0.47123889803846886,-1.4533486453685145,0.5235987755982987
8253,1787226500.992526,2.016340538038947,0.47123889803846886,-1.1577716978891957,-2.3561916110557326,0.47123889803846886,-1.4555710336266214,0.5235987755982987
8254,1787226501.0386121,2.009039558629847,0.47123889803846886,-1.1881038654954754,-2.356192618753547,0.47123889803846886,-1.4585606067503916,0.5235987755982987
8255,1787226501.0867596,2.0108620591363175,0.47123889803846886,-1.199224245717062,-2.3561932737571265,0.47123889803846886,-1.4617309165320775,0.5235987755982987
8256,1787226501.1365428,1.9960048627307234,0.47123889803846886,-1.2005768908272472,-2.3561936995094532,0.47123889803846886,-1.4640152027217224,0.5235987755982987
8257,1787226501.186648,1.9214418515509482,0.47123889803846886,-1.198445041766978,-2.3561939762484654,0.47123889803846886,-1.4666866118966488,0.5235987755982987
8258,1787226501.232315,1.8265019403711855,0.47123889803846886,-1.1765421826509728,-2.356194156128823,0.47123889803846886,-1.4686802047384377,0.5235987755982987
8259,1787226501.2759936,1.6569346037031196,0.47123889803846886,-1.1497353551244252,-2.356194273051056,0.47123889803846886,-1.4680308077270356,0.5235987755982987
8260,1787226501.3210745,1.516103093096869,0.47123889803846886,-1.1232176543188226,-2.356194349050507,0.47123889803846886,-1.4648603332342298,0.5235987755982987
8261,1787226501.3651142,1.3269350473760175,0.47123889803846886,-1.099984056734108,-2.3561943984501506,0.47123889803846886,-1.4607457684844698,0.5235987755982987
8262,1787226501.4085252,1.1866377962316035,0.47123889803846886,-1.0789948597925312,-2.3561944305599187,0.47123889803846886,-1.4586758485399283,0.5235987755982987
8263,1787226501.4596577,1.0953141858353543,0.47123889803846886,-1.052154738532169,-2.356194451431268,0.47123889803846886,-1.4581932553232821,0.5235987755982987
8264,1787226501.5122054,1.0714176594429605,0.47123889803846886,-1.029148685423031,-2.3561944649976447,0.47123889803846886,-1.4586914359985514,0.5235987755982987
8265,1787226501.56601,0.9696815311776408,0.47123889803846886,-1.0100712783179941,-2.3561944738157896,0.47123889803846886,-1.4628761658004978,0.5235987755982987
8266,1787226501.6205924,0.8803062910254831,0.47123889803846886,-0.9988727505466986,-2.356194479547584,0.47123889803846886,-1.4645676030960653,0.5235987755982987
8267,1787226501.6812487,0.8133749408251711,0.47123889803846886,-0.9923570291938962,-2.35619448327325,0.47123889803846886,-1.4666133329713262,0.5235987755982987
8268,1787226501.7248836,0.8284690242156079,0.47123889803846886,-0.9849691730722026,-2.3561944856949335,0.47123889803846886,-1.4706058699746276,0.5235987755982987
8269,1787226501.7708766,0.8533403053378233,0.47123889803846886,-0.989484081338013,-2.3561944872690272,0.47123889803846886,-1.471044360526647,0.5235987755982987
8270,1787226501.8121579,0.7611655654425413,0.47123889803846886,-0.9849727684520797,-2.3561944882921884,0.47123889803846886,-1.4743795890155922,0.5235987755982987
8271,1787226501.8616774,0.7344491676266225,0.47123889803846886,-0.9753869146032723,-2.356194488957243,0.47123889803846886,-1.4773717537828959,0.5235987755982987
8272,1787226501.9092894,0.7856396801798018,0.47123889803846886,-0.9611923231652775,-2.356194489389529,0.47123889803846886,-1.4807487589593138,0.5235987755982987
8273,1787226501.9556005,0.8163373055776814,0.47123889803846886,-0.9448196701030991,-2.3561944896705143,0.47123889803846886,-1.4773995057063585,0.5235987755982987
8274,1787226502.0177777,0.8140456139936583,0.47123889803846886,-0.9403387541603647,-2.356194489853155,0.47123889803846886,-1.472357690461857,0.5235987755982987
8275,1787226502.072677,0.6769075953786495,0.47123889803846886,-0.9366895287717362,-2.3561944899718714,0.47123889803846886,-1.4671862540069458,0.5235987755982987
8276,1787226502.126385,0.5858055560176453,0.47123889803846886,-0.9401405438074006,-2.3561944900490372,0.47123889803846886,-1.4629899933373676,0.5235987755982987
8277,1787226502.177651,0.5470085293147473,0.47123889803846886,-0.937535295598585,-2.356194490099195,0.47123889803846886,-1.4582376687391605,0.5235987755982987
8278,1787226502.2271109,0.5481476877544331,0.47123889803846886,-0.9336133334058863,-2.3561944901317977,0.47123889803846886,-1.4539255510095757,0.5235987755982987
8279,1787226502.2727036,0.568213000278872,0.47123889803846886,-0.9239795253010563,-2.356194490152989,0.47123889803846886,-1.4516407312088475,0.5235987755982987
8280,1787226502.318695,0.6998805487176112,0.47123889803846886,-0.8878628812475164,-2.3561944901667635,0.47123889803846886,-1.4514476975309922,0.5235987755982987
8281,1787226502.3603852,0.7788361087756208,0.47123889803846886,-0.8267211709715231,-2.3561944901757172,0.47123889803846886,-1.4521110319813109,0.5235987755982987
8282,1787226502.412154,0.8064688949310228,0.47123889803846886,-0.7492700251110214,-2.356194490181537,0.47123889803846886,-1.4540955376756806,0.5235987755982987
8283,1787226502.4550905,0.9280893888844072,0.47123889803846886,-0.659167547920128,-2.35619449018532,0.47123889803846886,-1.4552060554730386,0.5235987755982987
8284,1787226502.499701,0.9844841371704104,0.47123889803846886,-0.5636231239676857,-2.3561944901877787,0.47123889803846886,-1.4578140479686053,0.5235987755982987
8285,1787226502.5441754,1.0316845103512966,0.47123889803846886,-0.4748799212798605,-2.356194490189377,0.47123889803846886,-1.4595341959154293,0.5235987755982987
8286,1787226502.5901525,1.0887551712143202,0.47123889803846886,-0.4079729779867942,-2.3561944901904157,0.47123889803846886,-1.459033508450207,0.5235987755982987
8287,1787226502.63907,1.1069568601946755,0.47123889803846886,-0.3674033531809296,-2.3561944901910907,0.47123889803846886,-1.4585297213051094,0.5235987755982987
8288,1787226502.7004874,1.1603328089296312,0.47123889803846886,-0.34076204145853106,-2.3561944901915295,0.47123889803846886,-1.461291173984516,0.5235987755982987
8289,1787226502.7675848,1.123835060270402,0.47123889803846886,-0.3366158732147365,-2.3561944901918146,0.47123889803846886,-1.4637594511210383,0.5235987755982987
8290,1787226502.8112416,1.10859561307448,0.47123889803846886,-0.34580332732290464,-2.3561944901920002,0.47123889803846886,-1.4667750245569544,0.5235987755982987
8291,1787226502.8522935,1.0705564049480003,0.47123889803846886,-0.3584064417558921,-2.356194490192121,0.47123889803846886,-1.4704455901578792,0.5235987755982987
8292,1787226502.8945065,1.1511180150803302,0.47123889803846886,-0.3905776352164762,-2.356194490192199,0.47123889803846886,-1.4743088212235493,0.5235987755982987
8293,1787226502.9402072,1.2571627532421323,0.47123889803846886,-0.42991303672534087,-2.3561944901922502,0.47123889803846886,-1.4782135729970691,0.5235987755982987
8294,1787226502.9857514,1.3569602726457788,0.47123889803846886,-0.4496490337934942,-2.3561944901922836,0.47123889803846886,-1.4817918287910197,0.5235987755982987
8295,1787226503.0328596,1.489871579131267,0.47123889803846886,-0.43542509551767195,-2.356194490192305,0.47123889803846886,-1.486591809728231,0.5235987755982987
8296,1787226503.0848699,1.5990434867769854,0.47123889803846886,-0.34306656060107765,-2.356194490192319,0.47123889803846886,-1.490085443144033,0.5235987755982987
8297,1787226503.1347916,1.7304062128182505,0.47123889803846886,-0.22001370334670467,-2.356194490192328,0.47123889803846886,-1.493080058713291,0.5235987755982987
8298,1787226503.1809993,1.8307893444134171,0.47123889803846886,-0.10444824365994781,-2.356194490192334,0.47123889803846886,-1.4958956637332728,0.5235987755982987
8299,1787226503.2298567,1.9292342173193542,0.47123889803846886,-0.011066788700486649,-2.3561944901923377,0.47123889803846886,-1.499153300850317,0.5235987755982987
8300,1787226503.2958581,1.9819119350366927,0.47123889803846886,0.09005095486441243,-2.3561944901923404,0.47123889803846886,-1.501566259906158,0.5235987755982987
8301,1787226503.3434124,2.0178241196038735,0.47123889803846886,0.1560856599104283,-2.356194490192342,0.47123889803846886,-1.502862848401374,0.5235987755982987
8302,1787226503.387055,1.9331946433483647,0.47123889803846886,0.18406080244820852,-2.356194490192343,0.47123889803846886,-1.503739299201532,0.5235987755982987
8303,1787226503.4301426,1.8480155721483678,0.47123889803846886,0.1830904462260327,-2.356194490192344,0.47123889803846886,-1.5040802398705566,0.5235987755982987
8304,1787226503.4760969,1.8078402131248663,0.47123889803846886,0.17190632208066273,-2.3561944901923444,0.47123889803846886,-1.5034632420732452,0.5235987755982987
8305,1787226503.524644,1.6941726604430882,0.47123889803846886,0.16333367339183444,-2.356194490192345,0.47123889803846886,-1.502713736597447,0.5235987755982987
8306,1787226503.5731034,1.6142298654033462,0.47123889803846886,0.15275564562332739,-2.356194490192345,0.47123889803846886,-1.5017943792817192,0.5235987755982987
8307,1787226503.6288805,1.6005527666667594,0.47123889803846886,0.11968065697433784,-2.356194490192345,0.47123889803846886,-1.5004182114393392,0.5235987755982987
8308,1787226503.686876,1.4786707861888675,0.47123889803846886,0.07271654683475623,-2.356194490192345,0.47123889803846886,-1.4989453365028371,0.5235987755982987
8309,1787226503.7312317,1.4252841272560879,0.47123889803846886,0.03168958216648396,-2.356194490192345,0.47123889803846886,-1.496997052575659,0.5235987755982987
8310,1787226503.7795517,1.3612757683433014,0.47123889803846886,0.011331299107983165,-2.356194490192345,0.47123889803846886,-1.4951153802036896,0.5235987755982987
8311,1787226503.8263736,1.3257145776917847,0.47123889803846886,0.009379788015937028,-2.356194490192345,0.47123889803846886,-1.4927076796621601,0.5235987755982987
8312,1787226503.8742368,1.3256179243409223,0.47123889803846886,0.033343245042417105,-2.356194490192345,0.47123889803846886,-1.4900664934680732,0.5235987755982987
8313,1787226503.9184504,1.4529820353816687,0.47123889803846886,0.11718087356682577,-2.356194490192345,0.47123889803846886,-1.4883563867810161,0.5235987755982987
8314,1787226503.9773655,1.6370404899158857,0.47123889803846886,0.21119372339101397,-2.356194490192345,0.47123889803846886,-1.4878137935068714,0.5235987755982987
8315,1787226504.020475,1.7891195573814582,0.47123889803846886,0.28164028499002547,-2.356194490192345,0.47123889803846886,-1.48792701809985,0.5235987755982987
8316,1787226504.0689046,1.8720265747502425,0.47123889803846886,0.3234029371992808,-2.356194490192345,0.47123889803846886,-1.4887441936651067,0.5235987755982987
8317,1787226504.1169941,1.8872048559848587,0.47123889803846886,0.34024808557015396,-2.356194490192345,0.47123889803846886,-1.4898057838179732,0.5235987755982987
8318,1787226504.1622279,1.817508236646559,0.47123889803846886,0.34351354581041743,-2.356194490192345,0.47123889803846886,-1.4907869161557703,0.5235987755982987
8319,1787226504.2065008,1.7429511998857392,0.47123889803846886,0.32008669023912206,-2.356194490192345,0.47123889803846886,-1.492189026074104,0.5235987755982987
8320,1787226504.2543552,1.6561117863363886,0.47123889803846886,0.2585686941906379,-2.356194490192345,0.47123889803846886,-1.49418781296476,0.5235987755982987
8321,1787226504.2951922,1.5282794933588646,0.47123889803846886,0.12313909465096685,-2.356194490192345,0.47123889803846886,-1.4970715134886197,0.5235987755982987
8322,1787226504.3376765,1.393647720734204,0.47123889803846886,-0.05503018887818484,-2.356194490192345,0.47123889803846886,-1.500768057626938,0.5235987755982987
8323,1787226504.3832428,1.2760719807051708,0.47123889803846886,-0.22190565852602712,-2.356194490192345,0.47123889803846886,-1.504567012768633,0.5235987755982987
8324,1787226504.4309082,1.1358702183662426,0.47123889803846886,-0.39482392062863725,-2.356194490192345,0.47123889803846886,-1.5076344795567076,0.5235987755982987
8325,1787226504.47586,0.9400582153738113,0.47123889803846886,-0.6431157241397323,-2.356194490192345,0.47123889803846886,-1.5073699367359137,0.5235987755982987
8326,1787226504.5208414,0.8326685595903154,0.47123889803846886,-0.8320730439567545,-2.356194490192345,0.47123889803846886,-1.5040821431116909,0.5235987755982987
8327,1787226504.568005,0.7828852822532536,0.47123889803846886,-0.9924034235234249,-2.356194490192345,0.47123889803846886,-1.4975102918540573,0.5235987755982987
8328,1787226504.6097047,1.3335435050319355,0.47123889803846886,-1.1851321716718597,-2.356194490192345,0.47123889803846886,-1.4880084319182179,0.5235987755982987
8329,1787226504.6571918,1.5753696677090367,0.47123889803846886,-1.3140934194177052,-2.356194490192345,0.47123889803846886,-1.4784395906205934,0.5235987755982987
8330,1787226504.7019591,1.7764386008219333,0.47123889803846886,-1.394267670745224,-2.356194490192345,0.47123889803846886,-1.465687183447672,0.5235987755982987
8331,1787226504.7474964,1.9793531621015774,0.47123889803846886,-1.4534911839732305,-2.356194490192345,0.47123889803846886,-1.450379860343702,0.5235987755982987
8332,1787226504.7926435,2.0793295934368086,0.47123889803846886,-1.483549352763966,-2.356194490192345,0.47123889803846886,-1.4305357874430944,0.5235987755982987
8333,1787226504.8409023,2.1607748431931277,0.47123889803846886,-1.5019600505443758,-2.356194490192345,0.47123889803846886,-1.4151823937066608,0.5235987755982987
8334,1787226504.8919985,2.0354769507796693,0.47123889803846886,-1.524351923891527,-2.356194490192345,0.47123889803846886,-1.4027079590203366,0.5235987755982987
8335,1787226504.9345338,2.0533437444037026,0.47123889803846886,-1.5268120904714477,-2.356194490192345,0.47123889803846886,-1.393481382637459,0.5235987755982987
8336,1787226504.9837708,2.1593415054297274,0.47123889803846886,-1.5245267237087727,-2.356194490192345,0.47123889803846886,-1.3853071826996803,0.5235987755982987
8337,1787226505.0274608,2.2282400500966437,0.47123889803846886,-1.5308573714530085,-2.356194490192345,0.47123889803846886,-1.3842761033540203,0.5235987755982987
8338,1787226505.0703092,2.1758355516232033,0.47123889803846886,-1.5173886973331894,-2.356194490192345,0.47123889803846886,-1.3862128990515457,0.5235987755982987
8339,1787226505.1136394,2.238961180122403,0.47123889803846886,-1.4980520448800452,-2.356194490192345,0.47123889803846886,-1.385403505500322,0.5235987755982987
8340,1787226505.1570497,2.2799928386468826,0.47123889803846886,-1.505857900028889,-2.356194490192345,0.47123889803846886,-1.3950015827122981,0.5235987755982987
8341,1787226505.2001753,2.276183354516589,0.47123889803846886,-1.5074972753265068,-2.356194490192345,0.47123889803846886,-1.391604967730788,0.5235987755982987
8342,1787226505.2470644,2.170882396567183,0.47123889803846886,-1.4202542678500383,-2.356194490192345,0.47123889803846886,-1.4026200326341924,0.5235987755982987
8343,1787226505.2949963,2.2357416293359895,0.47123889803846886,-1.449956944027766,-2.356194490192345,0.47123889803846886,-1.4157748078607844,0.5235987755982987
8344,1787226505.33992,2.2779001306357136,0.47123889803846886,-1.477689146889378,-2.356194490192345,0.47123889803846886,-1.4264925931781431,0.5235987755982987
8345,1787226505.3839781,2.2957210853375996,0.47123889803846886,-1.4710740015410513,-2.356194490192345,0.47123889803846886,-1.4351282575907875,0.5235987755982987
8346,1787226505.4259584,2.3168867770367605,0.47123889803846886,-1.4489361175638482,-2.356194490192345,0.47123889803846886,-1.436498950556298,0.5235987755982987
8347,1787226505.470168,2.330644476641215,0.47123889803846886,-1.4623503916990301,-2.356194490192345,0.47123889803846886,-1.4315416156530791,0.5235987755982987
8348,1787226505.517465,2.3395869813841106,0.47123889803846886,-1.4799591979386824,-2.356194490192345,0.47123889803846886,-1.4174864492534696,0.5235987755982987
8349,1787226505.5600977,1.8251269379029365,0.47123889803846886,-1.4848304953840568,-2.356194490192345,0.47123889803846886,-1.4019861845759725,0.5235987755982987
8350,1787226505.6005616,1.8051166803980756,0.47123889803846886,-1.4869430538598745,-2.356194490192345,0.47123889803846886,-1.3836680557161438,0.5235987755982987
8351,1787226505.644409,1.89783915150504,0.47123889803846886,-1.4669703878386504,-2.356194490192345,0.47123889803846886,-1.3683190589040979,0.5235987755982987
8352,1787226505.6853745,1.929242323145433,0.47123889803846886,-1.4705209340720327,-2.356194490192345,0.47123889803846886,-1.3532883030861869,0.5235987755982987
8353,1787226505.7285223,2.03783162097688,0.47123889803846886,-1.4554618936023604,-2.356194490192345,0.47123889803846886,-1.3332938802799796,0.5235987755982987
8354,1787226505.7956538,2.1492586252022927,0.47123889803846886,-1.4563809635277871,-2.356194490192345,0.47123889803846886,-1.3039172723863874,0.5235987755982987
8355,1787226505.843143,2.2216861779488113,0.47123889803846886,-1.4514355888592418,-2.356194490192345,0.47123889803846886,-1.2904290372082545,0.5235987755982987
8356,1787226505.8870842,2.268764087234048,0.47123889803846886,-1.4723803324472933,-2.356194490192345,0.47123889803846886,-1.2990302690056235,0.5235987755982987
8357,1787226505.9298513,2.299364728269452,0.47123889803846886,-1.4675895368526342,-2.356194490192345,0.47123889803846886,-1.315949975002547,0.5235987755982987
8358,1787226505.9733846,2.3192551449424643,0.47123889803846886,-1.397633656809115,-1.9296752959023773,0.47123889803846886,-1.382968739793483,0.5235987755982987
8359,1787226506.0175416,2.3321839157799227,0.47123889803846886,-1.4343512549082498,-2.0494832880554625,0.47123889803846886,-1.4463064254636322,0.5235987755982987
8360,1787226506.066846,2.3405876168242705,0.47123889803846886,-1.4695321598651638,-2.1568322088033716,0.47123889803846886,-1.476455287786087,0.5235987755982987
8361,1787226506.1092663,2.3460500225030967,0.47123889803846886,-1.477713794711741,-2.226609007289512,0.47123889803846886,-1.5022975783349595,0.5235987755982987
8362,1787226506.1521246,2.3496005861943337,0.47123889803846886,-1.5095510602711881,-2.271963926305504,0.47123889803846886,-1.501649380171513,0.5235987755982987
8363,1787226506.1953201,2.3519084525936376,0.47123889803846886,-1.5231710437359898,-2.3014446236658985,0.47123889803846886,-1.4944832956908836,0.5235987755982987
8364,1787226506.253668,2.353408565753185,0.47123889803846886,-1.524086641358859,-2.3206070769501546,0.47123889803846886,-1.5049757568753537,0.5235987755982987
8365,1787226506.3065736,2.3543836393068913,0.47123889803846886,-1.5300197032580027,-2.333062671584921,0.47123889803846886,-1.5250503424420794,0.5235987755982987
8366,1787226506.3504555,2.3550174371168,0.47123889803846886,-1.534646014553124,-2.3411588080975196,0.47123889803846886,-1.537663323793251,0.5235987755982987
8367,1787226506.3977232,2.3554294056932408,0.47123889803846886,-1.5049625952227297,-2.3464212968307088,0.47123889803846886,-1.5030685683382594,0.5235987755982987
8368,1787226506.4403515,2.3556971852679274,0.47123889803846886,-1.4587257632848512,-2.332556663584527,0.47123889803846886,-1.4667220092726472,0.5235987755982987
8369,1787226506.483326,2.3558712419914736,0.47123889803846886,-1.4557237332021629,-2.307073948136185,0.47123889803846886,-1.4474991532285242,0.5235987755982987
8370,1787226506.5276456,2.3559843788617787,0.47123889803846886,-1.466117376120558,-2.315068452959363,0.47123889803846886,-1.4502496273217669,0.5235987755982987
8371,1787226506.577393,2.356057917827477,0.47123889803846886,-1.453950347127013,-2.2807677809968143,0.47123889803846886,-1.4537163901770898,0.5235987755982987
8372,1787226506.6204307,2.356105718155181,0.47123889803846886,-1.4586033357581112,-2.30716712921525,0.47123889803846886,-1.4607570939512486,0.5235987755982987
8373,1787226506.6746006,2.3561367883681883,0.47123889803846886,-1.4900763050775907,-2.324326705557233,0.47123889803846886,-1.4717947228907113,0.5235987755982987
8374,1787226506.7267513,2.356156984006643,0.47123889803846886,-1.4805712370408655,-2.3354804301795222,0.47123889803846886,-1.4947242880261502,0.5235987755982987
8375,1787226506.7778244,2.3561701111716387,0.47123889803846886,-1.4634459771272779,-2.3427303511840103,0.47123889803846886,-1.5100182295821913,0.5235987755982987
8376,1787226506.8275526,2.356178643828886,0.47123889803846886,-1.4721154604435924,-2.3474427998369274,0.47123889803846886,-1.5170430949723017,0.5235987755982987
8377,1787226506.877773,2.085411311043261,0.47123889803846886,-1.4428043934272734,-2.337036873640747,0.47123889803846886,-1.5320458907510586,0.5235987755982987
8378,1787226506.924526,2.1801854237454403,0.47123889803846886,-1.4571164371129164,-2.343742039433806,0.38260251142557183,-1.5320725159042925,0.5235987755982987
8379,1787226506.9766314,2.241788597001857,0.47123889803846886,-1.4577793898825473,-2.348100397199295,0.41362524674008583,-1.513217354059185,0.5235987755982987
8380,1787226507.0194712,2.281830659618528,0.47123889803846886,-1.4849681747911792,-2.350933329746862,0.4337900246945199,-1.4886298302721443,0.5235987755982987
8381,1787226507.0653982,2.307858000319364,0.47123889803846886,-1.501277047885303,-2.352774735902781,0.4468971303649021,-1.4756163449359778,0.5235987755982987
8382,1787226507.1126947,2.2893691908716858,0.47123889803846886,-1.4911383007428878,-2.3539716499041283,0.45541674905065044,-1.4688476014111307,0.5235987755982987
8383,1787226507.1563036,2.1194612331229647,0.47123889803846886,-1.4938374478521599,-2.354749644005004,0.4609545011963869,-1.4638399561148787,0.5235987755982987
9051,1787226534.7829385,2.2023178730972477,0.47123889803846886,-1.5077543178015635,-2.15997436089389,0.46455404009111567,-1.4970074627815522,0.5235987755982987
9052,1787226534.8700657,1.840291742060256,0.47123889803846886,-1.4416612378105595,-1.9384260066289603,0.46689374037268927,-1.486812095808161,0.5235987755982987
9053,1787226534.9312747,1.9995252886081984,0.47123889803846886,-1.349262330964241,-1.779214616751154,0.46841454555571216,-1.4442067701859251,0.5235987755982987
9054,1787226534.980885,2.0524558484902977,0.47123889803846886,-1.3156767081297454,-1.828745162741535,0.469403068924677,-1.4479653090164422,0.5235987755982987
9055,1787226535.0337634,2.058875631753944,0.47123889803846886,-1.314154892771316,-2.0133524273493184,0.4700456091145042,-1.4886312614482253,0.5235987755982987
9056,1787226535.0844212,2.070858408615166,0.47123889803846886,-1.3245147600790035,-2.108971912750729,0.47046326023789187,-1.506032716912949,0.5235987755982987
9057,1787226535.1295595,2.100362588502297,0.47123889803846886,-1.3145725530557053,-2.1476178596691087,0.4707347334680938,-1.5270437615059635,0.5235987755982987
9058,1787226535.1770322,2.1283517567215435,0.47123889803846886,-1.2674669356715937,-2.1421275388920358,0.47091119106772505,-1.5318174317123887,0.5235987755982987
9059,1787226535.2213786,2.2048701631829966,0.1814585101881137,-1.1948549004151074,-2.0693758277319945,0.40753188205065244,-1.5245905428242539,0.5235987755982987
9060,1787226535.2686095,2.177020172178847,0.06056644251570777,-1.2000486696727597,-2.033281084505073,0.4298293376463882,-1.5258794598623937,0.5235987755982987
9061,1787226535.316109,2.222114801113774,0.20430180194867417,-1.2330743283398362,-2.1214490620408855,0.4443226837836165,-1.5291371321815932,0.5235987755982987
9062,1787226535.3630207,2.261567031763298,0.22971934405804256,-1.2512948767717313,-2.171208206333518,0.4537433587728149,-1.5321944349669945,0.5235987755982987
9063,1787226535.4298556,2.294686642213464,-0.19736158077676888,-1.2504263033241256,-2.1665137988323755,0.04572195291338138,-1.537905118445929,0.5235987755982987
9064,1787226535.4768496,2.3162143890060722,-0.5542637594946402,-1.1950718541049359,-2.0748769084993217,-0.2911201365751808,-1.4930731454040507,0.5235987755982987
9065,1787226535.528569,2.3302074244212676,-0.8438279075997112,-1.1207396982163345,-2.0760393495783784,-0.6222746906871439,-1.4234359676791435,0.5235987755982987
9066,1787226535.5792434,2.3393028974411445,-1.0058578884596425,-1.1474648414250455,-2.1740936487932667,-0.793259384957213,-1.449033537843702,0.5235987755982987
9067,1787226535.6255422,2.3452149549040646,-1.0214720574237461,-0.5948853497514219,-2.1740198551664434,-0.8912381163387881,-1.4146884754055644,0.5235987755982987
9068,1787226535.6728005,2.3490577922549627,-0.9967791181183474,-0.30811364642304834,-2.134510359690979,-0.8899167492601594,-1.0335495722615182,0.5235987755982987
9069,1787226535.7255373,2.297817829123369,-1.0001382214633445,-0.1982162926440373,-1.77788178053049,-0.6279936512651256,-0.8332716578544278,0.5235987755982987
9070,1787226535.7984219,2.3182496604975107,-0.48788695839715285,-0.14442302892411826,-1.8923419240158466,-0.24326225900886753,-0.9310975484508717,0.5235987755982987
9071,1787226535.8400133,2.3315303508907026,-0.5316860070522812,-0.04973626797154103,-1.7500894643211466,0.006813145957700217,-0.9054803059480807,0.5235987755982987
9072,1787226535.8856618,2.3401627996462775,-0.7874627008649852,0.1395478882335987,-1.7838516780176055,-0.3026058674505522,-0.9563056151567926,0.5235987755982987
9073,1787226535.9315333,2.345773891337401,-0.9520257330913607,-0.2316392376897182,-1.89960499430438,-0.5601453808365463,-1.1177355200220354,0.5235987755982987
9074,1787226535.97421,2.3494211009366315,-0.9056251493058312,-0.5290349752645956,-1.9389725257245112,-0.395327085907486,-1.2392184588049093,0.5235987755982987
9075,1787226536.0156882,2.3421721028389983,-0.8605808156514037,-0.7625436838270656,-1.708865482116944,-0.346185617742747,-1.311088424482147,0.5235987755982987
9076,1787226536.056149,2.337691550885798,-0.9271624837752175,-0.9589062297617089,-1.5990839292291879,-0.5005896620484263,-1.343042042214668,0.5235987755982987
9077,1787226536.098226,2.3441675796430896,-1.0213849762606255,-1.1214289528028587,-1.7028002162462483,-0.6837408561377745,-1.3729307829458341,0.5235987755982987
9078,1787226536.1386302,2.348376998335329,-1.0777846705265048,-1.2119336055513408,-1.7256128216016957,-0.7860742833498315,-1.3863368663942746,0.5235987755982987
9079,1787226536.18428,2.3511131204852846,-1.0974076281041558,-1.261180479557146,-1.6020825655157434,-0.8228043261813626,-1.387970476513392,0.5235987755982987
9080,1787226536.2262254,2.245179286340241,-1.091831486586569,-1.2513074716632588,-1.565155493876251,-0.8296896611916997,-1.2627143287996156,0.5235987755982987
9081,1787226536.269188,2.0442040721965764,-1.0833063661461835,-0.9551421490058662,-1.3753349695518797,-0.757957182974325,-1.0442682143002926,0.5235987755982987
9082,1787226536.3121042,1.8956200140574553,-0.977414081365684,-0.7942157553193937,-1.3764739453469306,-0.5832670363296476,-0.8749909942260823,0.5235987755982987
9083,1787226536.357009,1.8167788751767557,-0.964353194998389,-0.6086951124702507,-1.333927255748113,-0.5377569473177456,-0.727963980937122,0.5235987755982987
9084,1787226536.4013143,2.005574340432212,-0.6584482073516478,-0.2006987693343946,-1.5273277277611077,-0.2865754618180498,-0.6458079371324268,0.5235987755982987
9085,1787226536.46228,2.1282913928482587,-0.7887180081781251,0.10895027765275975,-1.5426753226064527,-0.3393526705279728,-0.4734137150149979,0.5235987755982987
9086,1787226536.5118587,2.057097473079354,-0.8635288862247988,-0.07837525899180205,-1.4109499641086307,-0.21649838155974477,-0.45919034310258333,0.5235987755982987
9087,1787226536.5627182,1.9990805110202203,-0.8304010594762194,-0.42375875442308786,-1.049371993959378,0.024209666299630006,-0.710771409630067,0.5235987755982987
9088,1787226536.6073928,1.9169507201088178,-0.37482707434607854,-0.6939238960356051,-1.0937774850760333,0.18066989740822362,-0.9505604319169507,0.5235987755982987
9089,1787226536.6513462,1.9277440047294834,-0.07870398401148693,-0.908056714585153,-1.3248455548328089,0.2823690476288095,-1.1388215949540479,0.5235987755982987
9090,1787226536.6980093,2.077701674641485,0.11377602470599762,-1.103282417208559,-1.6122867673953414,0.3484734952721903,-1.2760558956851185,0.5235987755982987
9091,1787226536.7442808,2.1468904316047435,0.2388880303723626,-1.2570939611371421,-1.7957259158564962,0.3914413862403878,-1.3777265419766516,0.5235987755982987
9092,1787226536.7858608,2.220146852110404,0.32021083405549977,-1.336925924261021,-1.855641364237707,0.41937051536971626,-1.4438791317534068,0.5235987755982987
9093,1787226536.8357594,2.220800703082929,0.37307065644953896,-1.3851809345572617,-1.861646418935895,0.43752444930377965,-1.4787808640653248,0.5235987755982987
9094,1787226536.8885171,2.1650898287613107,0.4074295410056644,-1.400792428554369,-1.8482516502359565,0.4493245063609209,-1.4904725256130487,0.5235987755982987
9095,1787226536.934243,1.8168572836821861,0.42976281596714605,-1.3766967219027575,-1.7310893315319233,0.3293103557720647,-1.471294850122438,0.5235987755982987
9096,1787226536.9757,1.7598248424197434,-0.20030996421490382,-1.3685158837618272,-1.6458690373353144,-0.10264593906028965,-1.4544202568793327,0.5235987755982987
9097,1787226537.0202672,1.4463172333538687,-0.6364983393686174,-1.352741755240516,-1.5971763443845073,-0.4643805023218874,-1.4395597075302362,0.5235987755982987
9098,1787226537.0731852,1.1127773055162085,-0.918803093603956,-1.3386453901118383,-1.5617657550214064,-0.7357393583253833,-1.4235810133257796,0.5235987755982987
9099,1787226537.1187334,0.9398402131757428,-1.0888829553225903,-1.3163359805766046,-1.5904183544527595,-0.8788068493190333,-1.3832391513429008,0.5235987755982987
9100,1787226537.168648,0.7432705305466979,-1.1885427111425413,-1.2871778129434355,-1.568888065006558,-0.9601071683257052,-1.3502478642720965,0.5235987755982987
9101,1787226537.2132685,0.6308510215094746,-1.250171648938117,-1.2627025386031323,-1.5653069109164472,-1.0124124202834694,-1.3255460880275174,0.5235987755982987
9102,1787226537.2571173,0.6194089655874715,-1.2846842916327565,-1.2535288907678166,-1.5576047889856408,-1.0443587123454166,-1.3059571909347045,0.5235987755982987
9103,1787226537.314944,0.6735825620420226,-1.3105947902567314,-1.2547397776361247,-1.5494998284291248,-1.0676683897217338,-1.2926528033840359,0.5235987755982987
9104,1787226537.3608067,0.5791822276835518,-1.3351484874146382,-1.2419967112478223,-1.569004109658334,-1.088538251494171,-1.283708090689653,0.5235987755982987
9105,1787226537.4041235,0.5265369592222172,-1.3508191170378117,-1.2456300082245617,-1.5512036605789574,-1.1026936430330299,-1.2752202659246263,0.5235987755982987
9106,1787226537.4504983,0.8530980298967483,-1.3366999265865904,-1.2607241499259751,-1.5235351677989386,-1.0830360084437622,-1.270893675278466,0.5235987755982987
9107,1787226537.5009573,1.1038074664785649,-1.3493691794470875,-1.2649512798758331,-1.5074381937292847,-1.0795411117203575,-1.2701978233162192,0.5235987755982987
9108,1787226537.545438,1.200308970179442,-1.2834200787829595,-1.2630132444473174,-1.4918036155248342,-0.9625275944801737,-1.2564130706142511,0.5235987755982987
9109,1787226537.5870261,1.268094895532137,-0.7235586649848007,-1.2501399092886127,-1.4181701690046467,-0.5411139756467276,-1.2249066760037803,0.5235987755982987
9110,1787226537.6307735,1.46806890175579,-0.6378480450241194,-1.2309176829429915,-1.3764019528458813,-0.47151472941556105,-1.2055166474639876,0.5235987755982987
9111,1787226537.6741936,1.4458442411991663,-0.8656334584474377,-1.216390199653718,-1.4661520077113095,-0.6579939256293508,-1.1953350735890427,0.5235987755982987
9112,1787226537.7225502,1.6299864581208352,-0.9624410920460609,-1.2096528276870266,-1.4888369896480829,-0.7376921460744805,-1.1855342553916448,0.5235987755982987
9113,1787226537.766436,1.827178083435644,-0.8528144557763222,-1.210733639943636,-1.4023026426786263,-0.7214732123141977,-1.2038056172385119,0.5235987755982987
9114,1787226537.8245337,1.9707015475183793,-0.584013756221031,-1.2105203930910353,-1.2924299459811244,-0.45974070730265876,-1.2162339263170991,0.5235987755982987
9115,1787226537.8723822,2.1056240774542676,-0.23588966049013702,-1.2196971069311635,-1.0168209742430356,-0.2334781916109951,-1.2405477204006636,0.5235987755982987
9116,1787226537.9143536,2.193323721912595,-0.28522293454862513,-1.2360053252979295,-1.0289589059249238,-0.3153334334041845,-1.2677241660431142,0.5235987755982987
9117,1787226537.9655628,2.2503284908105075,-0.020461293143142212,-1.2350715475761422,-0.8444163760825348,-0.08178983225915695,-1.2836591866987623,0.5235987755982987
9118,1787226538.0135758,2.252326659147584,-0.09689770056837538,-1.227701363145128,-1.0247201904125198,-0.15687495321491557,-1.2639463040294474,0.5235987755982987
9119,1787226538.0574093,2.2624886476218276,-0.42971599642582514,-1.221624632949461,-1.0707818284193273,-0.40502861631133746,-1.2472889278012214,0.5235987755982987
9120,1787226538.0984488,2.2460382890587645,-0.7364830758313102,-1.2225360365569062,-1.1078786773543012,-0.6241927801757936,-1.2299906065411301,0.5235987755982987
9121,1787226538.1432757,2.222150854405365,-0.9678025189297336,-1.2241589010204081,-1.1540954334450788,-0.8171773026024516,-1.2124267484624163,0.5235987755982987
9122,1787226538.1864467,2.125931553473783,-1.1538881298547246,-1.218318892417067,-1.2776620578297844,-0.999156605865168,-1.1979485262695022,0.5235987755982987
9123,1787226538.2348852,2.016358669980936,-1.2789722670532728,-1.2061598485768539,-1.3782586119117881,-1.1118858888490175,-1.168351799339383,0.5235987755982987
9124,1787226538.2797291,1.9720543114683897,-1.358577657293901,-1.179392507900916,-1.479331591421798,-1.1797999488200008,-1.136647734498123,0.5235987755982987
9125,1787226538.3265252,2.046657950532181,-1.4139110882947237,-1.1324323942947054,-1.588435767182614,-1.2459408570557486,-1.117821234165971,0.5235987755982987
9126,1787226538.3721967,2.1205484786795266,-1.4400015633684982,-1.0239854251904703,-1.6486449824272142,-1.262949831659988,-1.040063434070488,0.5235987755982987
9127,1787226538.4207084,1.7114328138047676,-1.4405630685904125,-0.6758492312734805,-1.7356468346314378,-1.2856507458353432,-0.6814653507120287,0.5235987755982987
9128,1787226538.4639819,1.7554092002329058,-1.4363465166444271,-0.5619276838995412,-1.8466135700870063,-1.3011493641079246,-0.5339339783918657,0.5235987755982987
9129,1787226538.5053513,1.5711304053357216,-1.4171813265200939,-0.5030843290476477,-1.9477104353349266,-1.2908392625229,-0.4904729446128396,0.5235987755982987
9130,1787226538.5504081,1.6325677804696404,-1.3961811695014772,-0.4625959983354503,-1.9230784377624484,-1.2810877921202146,-0.5174904729009763,0.5235987755982987
9131,1787226538.5925019,1.511325282406604,-1.3809408806098427,-0.5844379394942114,-1.915902363602862,-1.2686447439870312,-0.7374120705234399,0.5235987755982987
9132,1787226538.6386836,1.7797159539997849,-1.3766802623315564,-0.7542446291349376,-1.8407681364800954,-1.265595149974455,-0.9408021878523907,0.5235987755982987
9133,1787226538.6819358,1.981483441667181,-1.3564034958862474,-0.8716680948568678,-1.6652505415890182,-1.2394653505453588,-1.0986069472203868,0.5235987755982987
9134,1787226538.729182,2.1126323086509884,-1.3450664631618219,-0.9724408254215338,-1.687968803981439,-1.2243116645704868,-1.189643021126344,0.5235987755982987
9135,1787226538.7756488,2.1978790721904633,-1.3403473676147575,-0.9945136359956912,-1.6463768519782986,-1.2134819866905613,-1.2328085167456904,0.5235987755982987
9136,1787226538.8216555,2.1917195631877053,-1.3381595906281851,-0.9892907984023407,-1.5421261705560383,-1.2165733865690986,-1.2364430488019231,0.5235987755982987
9137,1787226538.8685687,2.1608902615664216,-1.337502512956257,-0.9648501968614147,-1.499581688690807,-1.2228141044751912,-1.2212851721144817,0.5235987755982987
9138,1787226538.9238083,2.0669829456181823,-1.3239126825122765,-0.9996173275946498,-1.4892076312768083,-1.1985245161030567,-1.1950467271311378,0.5235987755982987
9139,1787226538.9805534,1.9396913136438565,-1.3091343030193943,-0.978823897318776,-1.499866702487117,-1.1761537056489366,-1.1548101246837768,0.5235987755982987
9140,1787226539.0262828,1.7302262939594082,-1.2873085995622162,-0.9905436639975236,-1.5117498630067376,-1.1503596880201181,-1.1126949106066928,0.5235987755982987
9141,1787226539.0765858,1.8063337209303905,-1.2834975283116843,-1.0144899167348458,-1.5230532855391636,-1.1453730523453718,-1.0856854846466624,0.5235987755982987
9142,1787226539.120948,1.972231681432346,-1.2793495022589045,-1.0341033335245737,-1.5732380620863475,-1.144911528123326,-1.0809132930330212,0.5235987755982987
9143,1787226539.1703877,1.958493820874065,-1.2723618826996193,-1.031943230925382,-1.5885821970914797,-1.142079878822472,-1.0811694971041952,0.5235987755982987
9144,1787226539.2206295,2.0123666535446505,-1.270508084778586,-1.0065373886267857,-1.5982813096282042,-1.1455145347694766,-1.083100843469571,0.5235987755982987
9145,1787226539.2685213,2.1327063963713435,-1.2726828545862703,-0.7274452117938154,-1.675826307982546,-1.1497412076504028,-1.0892957985125125,0.5235987755982987
9146,1787226539.3172774,2.210927229208694,-1.2937067988840625,-0.132820339742503,-1.7402629786621095,-1.1816730243021225,-1.0898380326960635,0.5235987755982987
9147,1787226539.3600507,2.230369667303888,-1.3000251737277357,-0.4971667556709314,-1.7188621000276356,-1.2069778091877414,-1.0906878186218412,0.5235987755982987
9148,1787226539.402716,2.274408355314848,-1.2952834475304418,-0.714511648814161,-1.6965901307249942,-1.2197128595644149,-1.1040804015417387,0.5235987755982987
9149,1787226539.4466562,2.3030335025219717,-1.2925780754537666,-0.860519647920702,-1.7256808867955502,-1.2300978379814618,-1.1373615349569333,0.5235987755982987
9150,1787226539.487662,2.321639848206602,-1.3041409689038137,-0.9586994142781218,-1.7465541173235968,-1.2404962564667943,-1.1950027418611644,0.5235987755982987
9151,1787226539.5338209,2.2951392111413007,-1.3274377278161036,-1.0690383879864285,-1.7914386945765786,-1.266038233454659,-1.2723950722060287,0.5235987755982987
9152,1787226539.5851476,2.3165085588091663,-1.3457399579682523,-1.147488805304965,-1.8385246077905728,-1.285278056311218,-1.318295473289943,0.5235987755982987
9153,1787226539.6299107,2.330398634793279,-1.341563172992024,-1.2790639254328362,-1.8544184416628466,-1.2796939842570603,-1.3372849303214807,0.5235987755982987
9154,1787226539.6755562,2.339427184182952,-1.3467313452261749,-1.3743051244432531,-1.8671610801758822,-1.2850095085577125,-1.3533563403219142,0.5235987755982987
9155,1787226539.7196703,2.285325785820103,-1.3416213782786741,-1.4092246551643453,-1.8721628236058474,-1.2752915300818919,-1.3612436091036342,0.5235987755982987
9156,1787226539.7672,2.282303231420943,-1.3376147166731114,-1.4330710398532818,-1.877087913386306,-1.2696768126859153,-1.3682232515541746,0.5235987755982987
9157,1787226539.813761,2.3081651719909337,-1.3277192018205246,-1.4365537402218465,-1.8903931353591974,-1.256826384105974,-1.3727622776316268,0.5235987755982987
9158,1787226539.8632872,2.324975433361428,-1.3220123106141148,-1.432587311869959,-1.8912390785431619,-1.254133683903821,-1.3740017123072406,0.5235987755982987
9159,1787226539.9081206,2.3297994353861387,-1.3154238700176244,-1.403363032622022,-1.8830798956369694,-1.2529902412347869,-1.3719375523056205,0.5235987755982987
9160,1787226539.9530976,2.3101804231920227,-1.3090672526679463,-1.3848194792337285,-1.8821236294350154,-1.2481731263967781,-1.3729107569703234,0.5235987755982987
9161,1787226540.0022054,2.3262853466421354,-1.3043746839288812,-1.3655853686733301,-1.8804877627272534,-1.237770133005263,-1.3750766540032289,0.5235987755982987
9162,1787226540.0508595,2.336753546884709,-1.295533430742982,-1.341757903962349,-1.8969766160196984,-1.2312816182189936,-1.3763115546944633,0.5235987755982987
9163,1787226540.0949376,2.3435578770423815,-1.2927527604898787,-1.3059326011734467,-1.8948782939148385,-1.2280558558460077,-1.3738839145955364,0.5235987755982987
9164,1787226540.138348,2.3479806916448687,-1.2932497856604233,-1.2882620332519692,-1.8779064322398917,-1.2276347957864882,-1.3755901563666608,0.5235987755982987
9165,1787226540.1875646,2.350855521136485,-1.3001807602666433,-1.3259594122977247,-1.8765710839298126,-1.23814285227616,-1.3799677172052747,0.5235987755982987
9166,1787226540.237881,2.3527241603060363,-1.305793538869227,-1.3572244585102025,-1.8793556747367348,-1.2454015569020023,-1.3850698222727755,0.5235987755982987
9167,1787226540.2812326,2.3539387757662444,-1.3104720702742245,-1.396313483525981,-1.8550758610505782,-1.2493420432663194,-1.375489811141732,0.5235987755982987
9168,1787226540.3268657,2.3547282758153796,-1.3114369724875878,-1.4127016509585224,-1.8403036247490538,-1.2456459472369108,-1.3780075407022534,0.5235987755982987
9169,1787226540.3706386,2.355241450847317,-1.3134094039620028,-1.4230776678652592,-1.8189984036623779,-1.242808499014046,-1.3844086905092998,0.5235987755982987
9170,1787226540.414551,2.355575014618077,-1.312897379605153,-1.4373226528382859,-1.7924459135274113,-1.2381661173093599,-1.38817258163967,0.5235987755982987
9171,1787226540.4636986,2.186996462960702,-1.3057869528890413,-1.3965295382037566,-1.7666111898709398,-1.2227320343409178,-1.4001867002048984,0.5235987755982987
9172,1787226540.5108252,2.149227569571061,-1.2888732203732716,-1.36304591726875,-1.697507627830752,-1.1896879412860928,-1.360634767638236,0.5235987755982987
9173,1787226540.5597715,2.128730372761799,-1.264631338088564,-1.3175251070350944,-1.6288767760974914,-1.154880592345964,-1.3453214405235001,0.5235987755982987
9174,1787226540.605492,1.893907601075104,-1.2500916734160834,-1.3073285332244025,-1.6213193757500304,-1.1437089388842714,-1.34057604659727,0.5235987755982987
9175,1787226540.6516898,1.9860389834138255,-1.2192024065316853,-1.3289208517147293,-1.7379449011581607,-1.099292080081872,-1.375575810015944,0.5235987755982987
9176,1787226540.693282,1.944302176785837,-1.221316243049013,-1.316314712616444,-1.7793377065855918,-1.107939736582078,-1.4142268279753891,0.5235987755982987
9177,1787226540.7371166,1.8917530459213228,-1.1876319328388445,-1.3127496162818033,-1.8111387082986363,-1.051678244701303,-1.4307141372038397,0.5235987755982987
9178,1787226540.784082,1.7456732219435513,-1.1838317346494736,-1.2922419837810424,-1.8387468232313595,-1.0383676504343282,-1.453547142873798,0.5235987755982987
9179,1787226540.8260903,1.4000407901880405,-1.1813824765189689,-1.2634739269055686,-1.8542517207994762,-1.0236766532753945,-1.457529487599421,0.5235987755982987
9180,1787226540.8723629,1.2901122252719144,-1.2607802979449771,-1.2347199993790765,-1.8181289094476003,-1.0994578346818273,-1.4546701234847936,0.5235987755982987
9181,1787226540.925889,1.2309555160786885,-1.297087786318602,-1.2212159651729404,-1.7911587099453974,-1.128873374314824,-1.4375148009264063,0.5235987755982987
9182,1787226540.9700835,1.2332703166621868,-1.2941206341058609,-1.226154620853596,-1.7858134226974587,-1.1206276147089524,-1.4009183323555894,0.5235987755982987
9183,1787226541.0126188,1.430398156236814,-1.2902023278362957,-1.223704352379756,-1.7870527429222045,-1.1131437905398824,-1.3669828608084422,0.5235987755982987
9184,1787226541.0628145,1.6699764838374622,-1.2723513253784124,-1.2359164641689409,-1.8162184729609732,-1.1044632026277807,-1.3687737595526004,0.5235987755982987
9185,1787226541.1147897,1.6937976274950046,-1.2710285644269774,-1.2318371189408777,-1.7895063728221965,-1.1096035843169605,-1.368975060204968,0.5235987755982987
9186,1787226541.1587505,1.7830095338079492,-1.2715813094220327,-1.2335476787077342,-1.7641055306570514,-1.1160641461700416,-1.3703292415661648,0.5235987755982987
9187,1787226541.2166436,1.835529798426561,-1.2658480609329226,-1.2322982908857252,-1.7489191229215981,-1.1122907257629535,-1.3756491990840511,0.5235987755982987
9188,1787226541.2586815,1.7906151931335994,-1.2617803372243566,-1.2499592466986118,-1.744131418808446,-1.104685488839641,-1.3781158741520985,0.5235987755982987
9189,1787226541.304054,1.5316792183802292,-1.290949166513446,-1.2489793125611997,-1.6988765197676736,-1.1325692479841105,-1.3812925458238503,0.5235987755982987
9190,1787226541.3458242,1.5411023832053763,-1.3097647367824699,-1.2176284113117684,-1.647364300422835,-1.150661151668329,-1.3560920068150977,0.5235987755982987
9191,1787226541.3927445,1.5681631939980871,-1.3183423886223962,-1.2021270466909308,-1.6461722318489427,-1.1637510256196466,-1.3365296441833434,0.5235987755982987
9192,1787226541.4340618,1.5290901904666885,-1.323670572842596,-1.180292135945065,-1.6323926469458558,-1.1741479220391657,-1.3254077661050607,0.5235987755982987
9193,1787226541.485198,1.6732875007384767,-1.3278246749501366,-1.127976362167622,-1.6249512302521412,-1.178136438560888,-1.2996907646652693,0.5235987755982987
9194,1787226541.528242,1.7874653271556014,-1.3218508897607169,-1.027179222104507,-1.5705990587154557,-1.155366214767941,-1.2469870041139377,0.5235987755982987
9195,1787226541.5722756,1.9865205342184615,-1.314231346409351,-0.5101939102842706,-1.5504580840119297,-1.1420941939715854,-0.9587318418854436,0.5235987755982987
9196,1787226541.6296132,2.1159064188093204,-1.2742710954975875,0.09006800176726926,-1.3752847921970712,-1.0785473654780708,-0.9387943285765359,0.5235987755982987
9197,1787226541.671913,2.200007243793379,-1.2485471712375493,0.5314000262602367,-1.3282126764361113,-1.058980147616331,-0.8406367988639178,0.5235987755982987
9198,1787226541.7167094,2.254672780033017,-1.2293085890751037,0.8622270332999948,-1.4315226992548284,-1.0548355138131222,-0.7546508636377744,0.5235987755982987
9199,1787226541.7602384,2.290205378588782,-1.2119925554262423,1.10188881806274,-1.5709181150847935,-1.0815078833392888,-0.9574052425774033,0.5235987755982987
9200,1787226541.8145795,2.3133015676500293,-1.1892411598043262,1.1181495598001918,-1.5924847740921582,-1.1262965978955108,-1.0235851314397622,0.5235987755982987
9201,1787226541.876543,2.32831409053984,-1.2072608195013819,0.7690356435634434,-1.5315551086584651,-1.1897355119911541,-0.9924082769966271,0.5235987755982987
9202,1787226541.9232054,2.3380722304182164,-1.2296115694876022,0.45609148061433863,-1.5177803215194974,-1.234942891304068,-0.9509210232193517,0.5235987755982987
9203,1787226541.9687304,2.3444150213391612,-1.2470211932201796,0.2480802625931418,-1.526125650618107,-1.2622597162420102,-0.8970568350337299,0.5235987755982987
9204,1787226542.0122225,2.3485378354377753,-1.2616164243954937,0.11502158812197705,-1.606049531933491,-1.2797253947568614,-0.8521337261994457,0.5235987755982987
9205,1787226542.0560665,2.351217664601875,-1.2696174265484634,0.08628587656617799,-1.643951670018465,-1.2735041206580282,-0.7983386053682197,0.5235987755982987
9206,1787226542.103832,2.3529595535585397,-1.2682667173305655,0.5218891850723153,-1.6741272071481186,-1.2657782679306602,-0.7704496648700782,0.5235987755982987
9207,1787226542.1490717,2.3540917813803715,-1.2594909821295406,0.8783807003102837,-1.6730097715470011,-1.2505097716271434,-0.7356449615591713,0.5235987755982987
9208,1787226542.195051,2.354827729464562,-1.2550444369888378,0.8292885748886786,-1.7106993702623776,-1.2447215913396115,-0.6475569382259301,0.5235987755982987
9209,1787226542.2394023,2.355306095719286,-1.2627547982889686,0.7569186152361556,-1.7435258315098503,-1.2481274796993258,-0.552541647851025,0.5235987755982987
9210,1787226542.2835755,2.3556170337848563,-1.279953080081111,0.7159915885181424,-1.763222567018532,-1.2748526709873214,-0.48986995999127825,0.5235987755982987
9211,1787226542.329833,2.3558191435274773,-1.2907517505268884,0.5732579918877788,-1.7731809933009504,-1.2979556878740397,-0.505234943849299,0.5235987755982987
9212,1787226542.3751922,2.355950514860181,-1.2924457870953805,0.40785767351852104,-1.7265280180704217,-1.3034406612246043,-0.5437564124393478,0.5235987755982987
9213,1787226542.4194834,2.356035906226438,-1.2975183225637148,0.32070858060669116,-1.7148548636961505,-1.3194397977534287,-0.5878003514260937,0.5235987755982987
9214,1787226542.4715917,2.3560914106145057,-1.2926930178700147,0.31604150052051333,-1.7103067690111318,-1.3159160690329843,-0.5976599450372801,0.5235987755982987
9215,1787226542.5305088,2.3561274884667496,-1.2920727504689555,0.2903676354233345,-1.6950194221947763,-1.314835075273035,-0.5971109453299018,0.5235987755982987
9216,1787226542.5787225,2.356150939070708,-1.2930699976048692,0.305027219738404,-1.7055051534523367,-1.3138872384999862,-0.5872132675778492,0.5235987755982987
9217,1787226542.6287522,2.356166181963281,-1.3035569316408648,0.22654136761166166,-1.6995352696666455,-1.3254391629419051,-0.5991903444134338,0.5235987755982987
9218,1787226542.6770191,2.356176089843453,-1.3169331426261954,0.049058914987038196,-1.7207241234237007,-1.34979620124771,-0.6546795223196369,0.5235987755982987
9219,1787226542.718758,2.356182529965565,-1.3233300982432352,-0.28577861137282623,-1.8035954595216968,-1.3649440768688317,-0.7288533289173166,0.5235987755982987
9220,1787226542.7601597,2.356186716044938,-1.3264150154672376,-0.5521785981776595,-1.851872037855043,-1.3690427318542326,-0.8135673291431631,0.5235987755982987
9221,1787226542.8024075,2.3561894369965306,-1.3293437407792963,-0.7649092596777705,-1.8857340314831992,-1.370295583761738,-0.8685742621751069,0.5235987755982987
9222,1787226542.8543615,2.3561912056150653,-1.3114514786987395,-0.8086154948466027,-1.845528752953563,-1.3482226778970396,-0.9055412269830372,0.5235987755982987
9223,1787226542.8992422,2.356192355217113,-1.3004825089459304,-0.7778411052714962,-1.8002618687209617,-1.3280180394944758,-0.9260648829698728,0.5235987755982987
9224,1787226542.9482398,2.3561931024584446,-1.2720373032412517,-0.7607087464721777,-1.7558845488954566,-1.2847864736178427,-0.9647370275759213,0.5235987755982987
9225,1787226542.994104,2.0898089049183683,-1.2554053540282366,-0.7855784970872567,-1.689874828591143,-1.2392746176204452,-0.9890736936134985,0.5235987755982987
9226,1787226543.0378375,1.760324470604409,-1.2413162496702532,-0.8715407375839912,-1.6565539458524623,-1.1801331655088827,-1.0120841040639426,0.5235987755982987
9227,1787226543.087886,1.3585089143035356,-1.2010475468656496,-0.9332775125807351,-1.6427208565164761,-1.054703084556921,-1.0355531127694722,0.5235987755982987
9228,1787226543.138097,1.216221745465768,-1.0290374107081783,-0.9762335656081262,-1.6460651302408236,-0.8798283473373237,-1.045392780561012,0.5235987755982987
9229,1787226543.1795294,0.9546188701220699,-0.8377345974943735,-1.0121177776475696,-1.6478497758547528,-0.7525057653818618,-1.0513996802532866,0.5235987755982987
9230,1787226543.2222703,0.8260245432873772,-0.5789101985763699,-1.059976983131874,-1.6384515420197023,-0.5919918141077302,-1.0633987388599053,0.5235987755982987
9231,1787226543.2667115,0.9251492479895409,-0.21135801476117635,-1.108900484473374,-1.6278416386301098,-0.2198610648565605,-1.0689073804134028,0.5235987755982987
9232,1787226543.3246086,1.0980019822843992,0.027550904718699476,-1.1562297310952436,-1.6100016190227113,0.022023922156699793,-1.0816399421854954,0.5235987755982987
9233,1787226543.3706305,1.2235022312270498,0.18284170238061878,-1.1724393882007873,-1.5966093541026358,0.179249163715319,-1.0901146777834783,0.5235987755982987
9234,1787226543.4137416,1.3123520518903837,0.28378072086086636,-1.1738017205059128,-1.596964738180104,0.28144557072842147,-1.0957367490891523,0.5235987755982987
9235,1787226543.457396,1.4026833829797583,0.2282783129268209,-1.167306102577216,-1.6127716585113019,0.3391083543386372,-1.0943626219367106,0.5235987755982987
9236,1787226543.5080442,1.4940438309124815,-0.03615258040081831,-1.1656218513173147,-1.6385650002554935,0.29789332589923434,-1.0851750075685114,0.5235987755982987
9237,1787226543.5592463,1.5767193410382117,-0.2414611852959123,-1.1655351363696895,-1.661941151821308,0.18118692952264043,-1.078112697457906,0.5235987755982987
9238,1787226543.6026723,1.6383364962592908,-0.3681916540158613,-1.1643968425230278,-1.6843778538535301,0.10054758865311322,-1.063475698617315,0.5235987755982987
9239,1787226543.6755404,1.7192850036209792,-0.41116192528181444,-1.160900668622106,-1.7006597522098885,0.013188755596259642,-1.0581078713705823,0.5235987755982987
9240,1787226543.7465258,1.7838609548785929,-0.43570094130313086,-1.1670290297597479,-1.715188016746398,-0.061357945037772255,-1.0571162137160643,0.5235987755982987
9241,1787226543.7966795,1.8172536953405467,-0.11827199753357096,-1.1881416000118297,-1.7309058882163235,0.08970360159263818,-1.0893383195780504,0.5235987755982987
9242,1787226543.845494,1.828467194833664,0.088056815916643,-1.2193958587120162,-1.7491115340295784,0.1259505537088913,-1.1133969444564824,0.5235987755982987
9243,1787226543.8890767,1.8467659656421138,0.12192813267712209,-1.2518242716682837,-1.753549043346517,0.027190375578065973,-1.1366443783525004,0.5235987755982987
9244,1787226543.9334633,1.8530444263519597,0.21959143190708708,-1.2780051107099042,-1.7737032159075254,-0.027314660597170737,-1.1577574092784881,0.5235987755982987
9245,1787226543.9875207,1.8778403082133388,0.10537650714568814,-1.2943117981447023,-1.7854837064424822,-0.11810056991798183,-1.1689072065954897,0.5235987755982987
9246,1787226544.0415952,1.901877567120997,0.019896964318839257,-1.2995735393421777,-1.7944197498704502,-0.19606498006754033,-1.175605348117449,0.5235987755982987
9247,1787226544.0859418,1.9303239979738231,-0.19608684467658244,-1.2882000927120116,-1.7960581066962082,-0.2625289095533031,-1.1753737157196766,0.5235987755982987
9248,1787226544.133397,1.973405857605219,-0.32985556276308525,-1.2753296988189582,-1.7917606309939547,-0.3068283659831381,-1.1756791584517505,0.5235987755982987
9249,1787226544.1759093,1.9530772852918585,-0.373256890921692,-1.2727690199319968,-1.7778562309805328,-0.3134116724108456,-1.1797357424757984,0.5235987755982987
9250,1787226544.2200913,1.9051653693624413,-0.36290003320485664,-1.2812735780858029,-1.7676455248056298,-0.31820245480029297,-1.1892294062409547,0.5235987755982987
9251,1787226544.2675803,1.8481670845779083,-0.42484179912264053,-1.2849255333722067,-1.7560715865804828,-0.3657999693199676,-1.193065209768145,0.5235987755982987
9252,1787226544.3133707,1.7581168596545393,-0.5697155286081956,-1.2869336921633416,-1.7364593126538201,-0.39037970226709495,-1.1926417210644442,0.5235987755982987
9253,1787226544.3562534,1.709018822904631,-0.4488411780416184,-1.2837162653436702,-1.7227620536337915,-0.37024143993889874,-1.1908215037959708,0.5235987755982987
9254,1787226544.40399,1.687442067364858,-0.12681315141358782,-1.2771538031210676,-1.7185992134634405,-0.29025066609159067,-1.187487416504026,0.5235987755982987
9255,1787226544.4526196,1.6648930913670927,0.08250506589463204,-1.280546896750398,-1.6912156384101913,-0.21559350768423877,-1.190266042471722,0.5235987755982987
9256,1787226544.494668,1.5995024142632184,-0.18515478840582117,-1.2726584864704689,-1.6762892464285999,-0.3226687506314597,-1.1898395728369529,0.5235987755982987
9257,1787226544.540808,1.5681101943333453,-0.31616327629300645,-1.266409027910123,-1.682400275808941,-0.37855779384121857,-1.1843158692838873,0.5235987755982987
9258,1787226544.5853827,1.555993118706174,-0.4894218111602324,-1.2578060708040266,-1.685849142379284,-0.45835635430122057,-1.1776329093479352,0.5235987755982987
9259,1787226544.629809,1.5638481927867678,-0.5984377765685805,-1.2432902753037922,-1.692581844272583,-0.5068532159756383,-1.1705940786397169,0.5235987755982987
9260,1787226544.678655,1.544579320936629,-0.7544821807299629,-1.2302111672757057,-1.722490189595743,-0.5944063423510778,-1.182176297258839,0.5235987755982987
9261,1787226544.729824,1.4683106532912795,-0.837344496488496,-1.2170436745268751,-1.7186493435060661,-0.6445177196871374,-1.1871972316764317,0.5235987755982987
9262,1787226544.779713,1.412971575905728,-0.932468610070686,-1.2044158980871222,-1.7166340472073256,-0.68534334800845,-1.183500363000618,0.5235987755982987
9263,1787226544.8230495,1.343523565605408,-1.0031821399630658,-1.187840707544574,-1.714451003971078,-0.7265476326069439,-1.1687085163497857,0.5235987755982987
9264,1787226544.8681872,1.2487847798883744,-1.0660391121425024,-1.151498108457204,-1.732432746199152,-0.7947357922797671,-1.1612612712485233,0.5235987755982987
9265,1787226544.909874,1.1868055261763248,-1.1336390267356196,-1.118230658248259,-1.7593199779868,-0.8896206197854892,-1.1641607176027717,0.5235987755982987
9266,1787226544.9535415,1.2224923651274109,-1.1706061510869914,-1.0632212928297813,-1.7552870973656929,-0.9378029671378039,-1.1496559486650209,0.5235987755982987
9267,1787226544.994335,1.3474455991213197,-1.189430314272904,-1.0183666138753122,-1.7600011884978963,-0.9569288908993152,-1.1255205252442695,0.5235987755982987
9268,1787226545.0365577,1.4536034290119322,-1.200890249422735,-0.9953152725505278,-1.7552869320979396,-0.9740344047416872,-1.0918315662533558,0.5235987755982987
9269,1787226545.0905983,1.450554958232448,-1.216433315067123,-0.9635044787747521,-1.739316231076002,-1.0258342449960012,-1.0628608548322154,0.5235987755982987
9270,1787226545.1357322,1.3935139300955985,-1.2305997295083602,-0.924990376873122,-1.7467760494690494,-1.0667123340746727,-1.0331716414314855,0.5235987755982987
9271,1787226545.1845303,1.4921315866169573,-1.245598945044723,-0.8855419450573878,-1.7407511765344275,-1.1060189984425595,-0.9829704942055106,0.5235987755982987
9272,1787226545.229001,1.543233952508176,-1.2542982022404483,-0.8580141140198104,-1.7376089404480177,-1.1427026818402983,-0.9295356703121976,0.5235987755982987
9273,1787226545.2747357,1.8277701406976352,-1.2810665849980967,-0.661347151484898,-1.8544051382571582,-1.1899197652874993,-0.87558548505579,0.5235987755982987
9274,1787226545.3215356,1.75938234190523,-1.2932984053343686,-0.42763644420683183,-1.9184714791703874,-1.2199523355897959,-0.6620739113498431,0.5235987755982987
9275,1787226545.3986645,1.728681783762198,-1.3030029059524417,-0.3000691360225363,-1.942633142941105,-1.2467781232911008,-0.506578687725414,0.5235987755982987
9276,1787226545.4466171,1.9483112310127495,-1.319122330866791,-0.3448915259397607,-1.8454297853825785,-1.2793446144735288,-0.4621248006404717,0.5235987755982987
9277,1787226545.4910965,2.091070371725608,-1.3421803473172709,-0.376954379342591,-1.910338971772345,-1.32066771676332,-0.43602777151689864,0.5235987755982987
9278,1787226545.5341785,2.1838638131889656,-1.3529589452399031,-0.26440308518620936,-1.9047972689075783,-1.334570513809496,-0.36546536779328925,0.5235987755982987
9279,1787226545.5774608,2.2441795501401485,-1.3395894154634962,-0.33325135100175696,-1.9434000995930982,-1.318326498361348,-0.36443125032484636,0.5235987755982987
9280,1787226545.6199088,2.283384779158417,-1.334598017333203,-0.31962162853487647,-1.9756718218212423,-1.3307660336803355,-0.17062338958141,0.5235987755982987
9281,1787226545.6628208,2.308868178020292,-1.3331416309779123,-0.45106848764039575,-1.991013689605952,-1.3544796739230813,-0.2383319689777434,0.5235987755982987
9282,1787226545.7065957,2.325432387280511,-1.3750798699262705,-0.8127359325360275,-2.073293381003782,-1.401117975696963,-0.15740159706958357,0.5235987755982987
9283,1787226545.7624745,2.336199123299653,-1.389019430764866,-1.064998341176119,-2.1723087692197787,-1.4260752539493993,-0.14660136620070335,0.5235987755982987
9284,1787226545.8080375,2.343197501712095,-1.3615717019526148,-1.1936292626610165,-2.1118196293537794,-1.403192322007181,-0.265690485594004,0.5235987755982987
9285,1787226545.8624678,2.212010911841961,-1.3768265528053525,-1.3186727317230469,-1.6346687445737185,-1.4060045354086579,-0.6370319963299691,0.5235987755982987
9286,1787226545.9097495,2.168728099976393,-1.415074056016206,-1.3722745276466464,-1.3077296879751272,-1.4240027286879213,-0.8879605416479793,0.5235987755982987
9287,1787226545.9563928,2.234341336551976,-0.7548645220970699,-1.3870047396173446,-1.6746923687511535,-0.7606681593336848,-1.0437865795529275,0.5235987755982987
9288,1787226546.007713,2.2196215355275277,-1.028223348977349,-1.437716719155567,-1.7869869083365675,-1.0044096812714984,-1.0629015477934,0.5235987755982987
9289,1787226546.0543242,2.136872338499406,-1.186738416071886,-1.4194812508000438,-1.9862095619860896,-1.169913688578983,-1.047103510065024,0.5235987755982987
9290,1787226546.1035454,2.213635091591935,-1.230577814023177,-1.293760203845906,-2.115704286858279,-1.2980053071905924,-1.1007738027407827,0.5235987755982987
9291,1787226546.154486,2.2635308811020787,-1.3186250899520304,-1.2609019740067986,-2.199875858025202,-1.37640448652011,-1.1659415330790468,0.5235987755982987
9292,1787226546.2026515,2.2959631442836717,-1.3943479022819592,-1.2647386793828719,-2.254587379283702,-1.4188743609985857,-1.2116143955197214,0.5235987755982987
9293,1787226546.2495635,2.3170441153517074,-1.4430980048776216,-1.3081179305706667,-2.290149868101727,-1.4598297442633341,-1.231346218482789,0.5235987755982987
9294,1787226546.2967062,2.3307467465459304,-1.4618212226116192,-1.2534404241857446,-2.313265485833443,-1.4864507433854208,-1.2401431497512652,0.5235987755982987
9295,1787226546.341166,2.3396534568221754,-1.4690473474693766,-1.0718564898046592,-2.328290637359059,-1.4984893247811741,-1.2428907315968696,0.5235987755982987
9296,1787226546.3815072,2.345442818501735,-1.4889535667547782,-0.9811183785661277,-2.338056985850709,-1.4787694455370146,-1.2424354548063827,0.5235987755982987
9297,1787226546.4247677,2.3492059035934485,-1.504086023392043,-0.934230349123556,-2.3444051123702816,-1.4451502303406125,-1.2330921653526465,0.5235987755982987
9298,1787226546.470125,2.3516519089030625,-1.4771137207033291,-0.8443595950294434,-2.3485313946080035,-1.3733232369688166,-1.2155156054928762,0.5235987755982987
9299,1787226546.515068,2.3532418123543115,-1.4733280749503264,-0.8012278039398022,-2.3512134780625233,-1.1465838761246179,-1.2159529281642119,0.5235987755982987
9300,1787226546.5604386,2.354275249597623,-1.440137811693834,-0.7778072243096659,-2.352956832307961,-0.7877701785436951,-1.2228195075647075,0.5235987755982987
9301,1787226546.6075819,2.3549469838057755,-1.4095610218051597,-0.7202444217086911,-2.3540900125674957,-0.6271758901065069,-1.2249543977505866,0.5235987755982987
9302,1787226546.6515286,2.355383611041075,-0.7512810498598897,-0.5089599607248682,-2.354826579736193,-0.24273071425576534,-1.2263922300723409,0.5235987755982987
9303,1787226546.698459,2.3483275115659317,-0.32339906809546426,-0.5257262750099944,-2.355305348395846,0.007158650047216636,-1.2289974621773885,0.45681777010516056
9304,1787226546.7417383,2.3510809540851763,-0.04527577994858764,-0.6041068791646211,-2.3556165480246207,0.16958673684415493,-1.235929878498363,0.21737239757200294
9305,1787226546.7831483,2.3528706917226856,0.13550435734688215,-0.6491069227706873,-2.3558188277833243,0.2751649932621648,-1.2395616972345642,0.09855998470163799
10713,1787226604.383848,2.3540340211870663,-0.4458141228122081,0.08755415811477846,-2.179595059430727,0.023182287925942374,-0.40184442925659014,-0.11919558140333988
10714,1787226604.488857,2.354790185338914,-0.4244764229319671,0.5879979578287879,-2.241404860197293,0.18000210146532666,0.20740717638605505,-0.2607366993715755
10715,1787226604.5441778,2.3552816920376145,-0.39575354819510433,0.9254325644063051,-2.2815812306955614,0.28193498026592645,0.6132993732200411,-0.35273842605092864
10716,1787226604.5938191,2.35560117139177,-0.545185814993665,1.151039987958777,-2.3076958715194356,0.3481913514863163,0.8938731571109282,-0.41253954839250817
10717,1787226604.637743,2.355808832971971,-0.6069118097787516,1.2949323807132855,-2.3246703880549537,0.39125799277956974,1.0873352823762592,-0.4514102779145349
10718,1787226604.681448,2.3559438129991017,-0.42626744876238437,1.3861681884522756,-2.0141091198729635,0.4192513096201844,1.253497642486329,-0.4766762521038523
10719,1787226604.725863,2.3468542908070553,-0.37372010756837193,1.439361894221865,-1.8993552650820698,0.437446965566584,1.1822240402323123,-0.4930991353269086
10720,1787226604.772733,2.0303955414902566,-0.2893129974886518,1.4437613732020367,-2.049752307629103,0.44927414193174375,0.9127710321491989,-0.5037740094218952
10721,1787226604.8206394,1.8208500640725505,-0.023119834054159544,1.4571139032132052,-1.8633237840148305,0.4569618065690976,0.9498065663042097,-0.5107126775836365
10722,1787226604.8811536,2.0082206132144784,0.14990572217826043,1.4923422498908754,-2.0358285311769606,0.4619587885833776,1.1248768273812582,-0.5152228118887683
10723,1787226604.9375582,2.130011470156732,0.22102872048079678,1.5126493872319968,-2.147956616832345,0.4652068268926596,1.2407260834216292,-0.518154399187104
10724,1787226604.984666,2.2091755271691964,0.2806836514302335,1.5317642662999233,-2.220839872508345,0.4673180517936929,1.309085330206635,-0.5200599309310222
10725,1787226605.0285616,2.2606321642272986,0.1599237590845848,1.5423958615991757,-2.2682139886977453,0.4686903479793645,1.343516300150952,-0.5212985265645691
10735,1787226605.760351,2.294078978315065,-0.0115938063438535,1.5045183179158657,-2.299007164220855,0.4695823405000511,1.306904086401896,-0.5221036137263745
10736,1787226605.8636706,2.315819407472113,0.15739764018995936,1.4537065667099685,-2.319022728310877,0.4701621356384973,1.2870695248709454,-0.522626920381548
10737,1787226605.9146056,2.329950686424194,0.2672420804369377,1.4092440719201988,-2.332032844969391,0.47053900247848734,1.2829430033615126,-0.5229670697074108
10738,1787226605.9628088,2.339136017743047,0.33864096659747367,1.3498078654653587,-2.3404894207974247,0.4707839659244809,1.2747165902786342,-0.5231881667692216
10739,1787226606.0112832,2.3451064831003015,0.385050242601822,1.31689191871968,-2.345986195085647,0.47094319216437674,1.2792348816506083,-0.5233318798593987
10740,1787226606.0636976,2.348987285582517,0.4152162720046485,1.3101712081663297,-2.3495590983729913,0.471046689220309,1.2824571651884384,-0.5234252933680137
10741,1787226606.1071758,2.351509807195957,0.4348241911164856,1.29471942884858,-2.3518814855097654,0.471113962306665,1.2848605218031395,-0.5234860121486136
10742,1787226606.1516042,2.353149446244693,0.4475693385391798,1.2912294213621323,-2.3533910371486684,0.4711576898127964,1.3017371232210215,-0.5235254793560034
10743,1787226606.1967344,2.354215211626371,0.45585368436393103,1.2995728731662959,-2.354372245713955,0.4711861126917818,1.3124932965724345,-0.5235511330408067
10744,1787226606.2388673,2.354907959124462,0.4612385091500193,1.3035121677340735,-2.3550100312813917,0.47120458756312233,1.3172514119694987,-0.5235678079359289
10745,1787226606.2805686,2.355358244998221,0.46473864526097663,1.3145702261555492,-2.3554245919002255,0.47121659622949363,1.3175975973791934,-0.5235786466177583
10746,1787226606.3245146,2.3556509308161644,0.46701373373309896,1.3599392676199913,-2.3556940563024673,0.47122440186263503,1.3214618351827863,-0.5235856917609475
10747,1787226606.3682182,2.3558411765978278,0.4684925412399784,1.3967406273696867,-2.3558692081639245,0.47122947552417693,1.3239666133980856,-0.5235902711040205
10748,1787226606.4112802,2.3559648363559087,0.4694537661194501,1.4286664000820157,-2.355983056873872,0.47123277340417913,1.3354324263638928,-0.5235932476770179
10749,1787226606.4662435,2.3560452151986615,0.47007856229110667,1.4429990113736624,-2.3560570585353373,0.4712349170261806,1.3427743249738386,-0.5235951824494662
10750,1787226606.509186,2.356097461446451,0.4704846798026835,1.4355906487449812,-2.35610515961529,0.4712363103804815,1.342442739507561,-0.5235964400515576
10751,1787226606.5566187,2.274291838560538,0.47074865618520845,1.4063981916697164,-2.3561364253172594,0.4712372160607772,1.3338725816878894,-0.5235972574929171
10752,1787226606.6054907,2.3029577666316703,0.47092024083384965,0.5297789052206221,-2.3561567480235395,0.4712378047529693,1.3904410237535403,-0.5235977888298007
10753,1787226606.653923,2.170485754013945,0.47103177085546644,-0.08393883973037208,-1.908112854378007,0.47123818740289414,1.4272433843020988,-0.523598134198775
10754,1787226606.6981456,1.9629555756271841,0.4711042653695173,-0.3752365834520932,-2.064941426913025,0.47123843612534533,1.393797273979587,-0.5235983586886084
10755,1787226606.7454958,1.77423172692411,0.47115138680365043,-0.40822508247582556,-2.1668799990607868,0.4712385977949386,1.3874174257224203,-0.523598504607
10756,1787226606.7920716,1.5412857063705654,0.47118201573583696,-0.2204274057221839,-2.233140070956832,0.4712387028801742,1.4323581276126396,-0.5235985994539546
10757,1787226606.8346405,1.6014777938385767,0.47120192454175813,0.3799106840444022,-2.2762091176892616,0.47123877118557733,1.4099039792980008,-0.5235986611044751
10758,1787226606.878788,1.8656286375623956,0.47121486526560696,0.730875492272133,-2.304203998065341,0.4712388155840894,1.4027650675774992,-0.5235987011773133
10759,1787226606.9307437,2.037326685982878,0.47122327673610864,0.9633439504820367,-2.3224006703097926,0.47123884444312225,1.4212321987113403,-0.5235987272246583
10760,1787226606.9786139,2.1489304174561914,0.4712287441919347,1.1429883154488383,-2.334228507268686,0.47123886320149355,1.42549968531593,-0.5235987441554324
10787,1787226609.1351957,2.221472842913845,0.47123229803822175,0.27994939216628933,-2.3419166012919668,0.471238875394435,0.4181723643267484,-0.15707961224162648
10788,1787226609.2442565,2.26862541946132,0.4712346080383083,-0.27954016628078526,-2.3469138624070993,0.47123888331984687,-0.22683982717768997,0.08115782350234736
10789,1787226609.2894382,2.299274594217179,0.4712361095383645,-0.6492687086868292,-2.350162082131935,0.47123888847136464,-0.6403430244873138,0.23601215673593037
10790,1787226609.3419263,2.319196557808487,0.47123708551340104,-0.8893191284806341,-2.3522734249530783,0.4712388918198511,-0.911748717873861,0.3366674733377593
10791,1787226609.40336,2.332145834142837,0.4712377198971748,-1.0317622253888556,-2.3536457977868217,0.4712388939963673,-1.0862690936719563,0.40209342912894813
10792,1787226609.4495347,2.340562863760165,0.4712381322466277,-1.1465852021706882,-2.3545378401287547,0.47123889541110286,-1.1868280396165933,0.44462030039322087
10793,1787226609.5048974,2.346033933011428,0.4712384002737722,-1.2257574821714075,-2.3551176676510113,0.47123889633068095,-1.2534545041615863,0.4722627667149982
10794,1787226609.5549471,2.349590128024749,0.47123857449141604,-1.2740370275940132,-2.355494555540478,0.4712388969284067,-1.2967412330055148,0.4902303698241534
10795,1787226609.602234,2.3519016547834077,0.4712386877328846,-1.3082371964896047,-2.237785302046121,0.4712388973169285,-1.3466168894362727,0.5019093118451043
10796,1787226609.6483428,2.3534041471765357,0.4712387613398391,-1.331438343000105,-2.2792285178972995,0.4712388975694677,-1.3774518755669203,0.5095006241587224
10797,1787226609.6913428,2.354380767232069,0.47123880918435956,-1.345397529259033,-2.3061666082005656,0.47123889773361816,-1.389532920223119,0.5144349771625742
10798,1787226609.7431562,2.3550155702681654,0.4712388402832979,-1.3568054883254548,-2.3137827124455987,0.4712388978403159,-1.4010374074471574,0.5176423066150779
10799,1787226609.7925477,2.3554281922416282,0.47123886049760777,-1.3700683607764892,-2.32862683465696,0.47123889790966944,-1.4050987338019363,0.5197270707592052
10800,1787226609.8404725,2.355696396524379,0.4712388736369092,-1.3638442243905495,-2.2793558896378956,0.47123889795474927,-1.4266694110374871,0.521082167452888
10801,1787226609.888899,2.355870729308167,0.47123888217745513,-1.3610589343044466,-2.3062493998319527,0.47123889798405116,-1.4414640574400313,0.5219629803037817
10802,1787226609.9333248,2.355984045617629,0.47123888772880995,-1.3562226527348924,-2.3237301814580897,0.4712388980030974,-1.451557675939773,0.5225355086568627
10803,1787226609.97757,2.3560577012187798,0.47123889133719055,-1.3523192782936748,-2.3079528240847855,0.47123889801547747,-1.4611790272306826,0.5229076520863654
10804,1787226610.022403,2.3561055773595276,0.47123889368263794,-1.3500051110542208,-2.3064936879913613,0.4712388980235245,-1.4700988865978504,0.5231495453155421
10805,1787226610.0672603,2.3561366968510136,0.47123889520717877,-1.3424952561028094,-2.3238889687617057,0.47123889802875507,-1.4730823172601695,0.5233067759145069
10806,1787226610.1195931,2.3561569245204796,0.4712388961981303,-1.3445676917246947,-2.3351959012624297,0.4712388980321549,-1.458143694136635,0.523408975803834
10807,1787226610.1651292,2.3561700725056323,0.47123889684224884,-1.354792706664559,-2.2931092241932998,0.4712388980343648,-1.4527823629436922,0.5234754057318967
10808,1787226610.2089508,2.3561786186959814,0.4712388972609258,-1.359942549616063,-2.2326061032226336,0.4712388980358012,-1.4476437710674819,0.5235185851851374
10809,1787226610.2580104,2.3561841737197087,0.4712388975330659,-1.3675644192514935,-2.2758620386620327,0.4712388980367349,-1.4380504085660517,0.5235466518297439
10810,1787226610.3024187,2.3561877844851313,0.47123889770995697,-1.373489668612772,-2.3039783966976417,0.47123889803734187,-1.4342679794131796,0.5235648951487382
10811,1787226610.3752778,2.356190131482656,0.4712388978249361,-1.3769496707515632,-2.3222540294207876,0.47123889803773633,-1.432891487121063,0.5235767533060844
10812,1787226610.4297276,2.3561916570310473,0.47123889789967255,-1.379347796278384,-2.3341331906908325,0.4712388980379928,-1.4266206572639542,0.5235844611083595
10813,1787226610.4886935,2.3561926486375016,0.47123889794825125,-1.379793561435726,-2.341854645516362,0.47123889803815944,-1.4293005832897552,0.5235894711798383
10814,1787226610.5469093,2.356193293181697,0.47123889797982743,-1.3794376359469926,-2.344796361379512,0.4712388980382678,-1.4309471322650178,0.5235927277262995
10815,1787226610.5982637,2.3561937121354237,0.471238898000352,-1.3825875148607052,-2.337078407212599,0.4712388980383382,-1.4313292957955819,0.5235948444814993
10816,1787226610.647654,2.356193984455346,0.4712388980136929,-1.3814152052785262,-2.3046318671830726,0.4712388980383839,-1.4352021420178518,0.5235962203723792
10817,1787226610.6919806,2.3561941614632955,0.4712388980223645,-1.3756765088573708,-2.2664804150256446,0.4712388980384137,-1.448060401742267,0.5235971147014511
10818,1787226610.7390347,2.3561942765184627,0.4712388980280011,-1.3660991282819333,-2.213298546208649,0.471238898038433,-1.4585740972539967,0.5235976960153478
10819,1787226610.7892525,2.3561943513043215,0.47123889803166485,-1.354699640983548,-2.1512725604762992,0.47123889803844554,-1.466713233915178,0.5235980738693806
10820,1787226610.8380623,2.35619439991513,0.4712388980340463,-1.3507594581892481,-2.177591415427716,0.47123889803845376,-1.4580943340365522,0.523598319474502
10821,1787226610.887756,2.3561944315121552,0.47123889803559427,-1.3480084767641,-2.210908355743592,0.4712388980384591,-1.4528007202912874,0.5235984791178309
10822,1787226610.9309838,2.3561944520502216,0.47123889803660035,-1.3465861196038063,-2.252888430866234,0.47123889803846253,-1.4529824746542985,0.5235985828859946
10823,1787226610.9752853,2.3561944653999647,0.4712388980372544,-1.3535277196386881,-2.2890455516303727,0.47123889803846475,-1.452787189815909,0.5235986503353011
10824,1787226611.0173073,2.3561944740772978,0.4712388980376795,-1.3648168067609123,-2.312547680127063,0.4712388980384662,-1.4404152238414438,0.5235986941773503
10825,1787226611.062929,2.3561944797175642,0.4712388980379558,-1.3712745659091623,-2.3278240636499117,0.4712388980384672,-1.4317811424717526,0.5235987226746823
10826,1787226611.1159847,2.356194483383738,0.47123889803813546,-1.3754061495831742,-2.3377537129397634,0.47123889803846786,-1.4261096871198273,0.5235987411979481
10827,1787226611.1696944,2.3561944857667503,0.47123889803825214,-1.3809149497908075,-2.344207984978167,0.4712388980384682,-1.4203057388559175,0.5235987532380708
10828,1787226611.21677,2.356194487315708,0.47123889803832797,-1.3839087109649268,-2.348403261803129,0.4712388980384684,-1.416812928147031,0.5235987610641506
10829,1787226611.2623372,2.356194488322531,0.47123889803837726,-1.3858203906536044,-2.3511301917393546,0.47123889803846863,-1.41381671169925,0.5235987661511025
10830,1787226611.3095894,2.356194488976966,0.47123889803840935,-1.3886646898069155,-2.3529026961979014,0.47123889803846875,-1.4123465471032535,0.5235987694576212
10831,1787226611.3591924,2.3561944894023483,0.4712388980384302,-1.3929815580893417,-2.3540548240959565,0.47123889803846886,-1.4105472400257137,0.5235987716068584
10832,1787226611.4076924,2.356194489678847,0.47123889803844377,-1.3854925240443818,-2.354803707229692,0.47123889803846886,-1.4087405437672584,0.5235987730038625
10833,1787226611.4605746,2.3561944898585714,0.47123889803845254,-1.378369303987201,-2.3552904812666204,0.47123889803846886,-1.4105613042355425,0.5235987739119152
10834,1787226611.5069215,2.356194489975392,0.4712388980384583,-1.3751812511857564,-2.3556068843906237,0.47123889803846886,-1.4144357930260458,0.5235987745021495
10835,1787226611.5582416,2.3561944900513256,0.4712388980384621,-1.3736934230971007,-2.355812546421226,0.47123889803846886,-1.4173047654615933,0.5235987748858018
10836,1787226611.6053126,2.356194490100682,0.4712388980384645,-1.3730730552875632,-2.3559462267411178,0.47123889803846886,-1.4192320063673622,0.5235987751351757
10837,1787226611.6496947,2.356194490132764,0.4712388980384661,-1.3748167388554118,-2.356033118949047,0.47123889803846886,-1.4243066004123994,0.5235987752972688
10838,1787226611.7023861,2.3561944901536176,0.4712388980384671,-1.370423112791966,-2.3560895988842017,0.47123889803846886,-1.4413223601641054,0.5235987754026293
10839,1787226611.7500386,2.356194490167172,0.47123889803846775,-1.3698923921064936,-2.356126310842052,0.47123889803846886,-1.4488427925295284,0.5235987754711137
10840,1787226611.8028104,2.356194490175983,0.4712388980384682,-1.3787948864297712,-2.3561501736146546,0.47123889803846886,-1.4493613550041236,0.5235987755156285
10841,1787226611.851201,2.35619449018171,0.4712388980384684,-1.393719556011551,-2.3457002875120407,0.47123889803846886,-1.4476008575562416,0.5235987755445631
10842,1787226611.9004688,2.356194490185432,0.47123889803846863,-1.409462261710476,-2.294123883344427,0.47123889803846886,-1.4450661695042015,0.5235987755633706
10843,1787226611.9465055,2.3561944901878515,0.47123889803846875,-1.426307816250833,-2.084273427995244,0.47123889803846886,-1.456090887363212,0.5235987755755955
10844,1787226611.9898894,2.3561944901894245,0.47123889803846886,-1.4504490284666702,-2.0430436753693413,0.47123889803846886,-1.4605005987339528,0.5235987755835416
10845,1787226612.0327945,2.356194490190447,0.47123889803846886,-1.4779583819864623,-2.1526464605573925,0.47123889803846886,-1.4398198812747267,0.5235987755887066
10846,1787226612.083124,2.356194490191111,0.47123889803846886,-1.4993071394375006,-2.223888270929626,0.47123889803846886,-1.4271847883379827,0.5235987755920639
10847,1787226612.1270382,2.356194490191543,0.47123889803846886,-1.4890886862737647,-2.2701954476715773,0.47123889803846886,-1.4222433534776295,0.5235987755942462
10848,1787226612.1782684,2.3561944901918235,0.47123889803846886,-1.4955621008181874,-2.300295112553846,0.47123889803846886,-1.4199805573021562,0.5235987755956646
10849,1787226612.221924,2.356194490192006,0.47123889803846886,-1.5040352116253053,-2.319859894727321,0.47123889803846886,-1.4263251645838624,0.5235987755965865
10850,1787226612.2668338,2.3561944901921246,0.47123889803846886,-1.5151089172538073,-2.332577003140079,0.47123889803846886,-1.4508584315408344,0.5235987755971858
10851,1787226612.3185542,2.356194490192202,0.47123889803846886,-1.507532979325009,-1.873025421953605,0.47123889803846886,-1.4865044264621718,0.5235987755975754
14327,1787226756.1246572,2.356194490192252,0.08342305789413554,-0.5324037467911787,-2.042134595837164,0.12388221592057333,-0.49907935092494765,0.15707963267901942
14328,1787226756.2005942,2.3561944901922844,-0.3585161455917437,0.1151233191365959,-2.1520555588614774,-0.38233166913198524,0.1307863167310374,-0.08115781021804196
14329,1787226756.244356,2.1352454337094655,-0.6180834510942468,0.47938856589155393,-1.6234729333677478,-0.6440874671167282,0.46364980929352884,-0.23601214810113186
14331,1787226756.3301418,2.2125776034784734,-0.2368206288977963,-0.13941394696001919,-1.8799254782563568,-0.25372323931240914,-0.1262428989867963,0.02985167519366888
14332,1787226756.3956811,2.2628435138283285,0.011000205529896528,-0.5937135855316593,-2.046619632433953,1.3508760398184272e-05,-0.5097426933005802,0.20266316033528936
14333,1787226756.4404893,2.2955163555557343,0.17208374790789688,-0.8763056762324406,-2.15497083264939,0.16494239500772295,-0.7498761331965595,0.3149906256773427
14334,1787226756.4895735,2.316753702678548,0.2767880504535971,-1.0507475831994033,-2.2253991127894244,0.27214617106848404,-0.9021443682453533,0.38800347814967734
14335,1787226756.5356953,2.330557978308377,0.34484584710830224,-1.1631163403089633,-2.2711774948804466,0.34182862550797877,-0.996255605475929,0.4354618322566949
14336,1787226756.5811338,2.3395307574677657,0.38908341493386056,-1.176896622888356,-2.300933443239611,0.38712222089365034,-1.053873400215254,0.46630976242625627
14337,1787226756.6505623,2.28209563079413,0.4178378340204735,-1.1966066096526005,-2.3202748096730677,0.4165630578943369,-1.084041941304382,0.48636091703647116
14338,1787226756.694873,2.308030231583505,0.4365282064267719,-1.2146806342135992,-2.332846697854815,0.4356996019447831,-1.1025371820327314,0.49939416753311083
14339,1787226756.746843,2.324887722096599,0.4486769484908659,-1.2321280469856721,-2.3410184251729502,0.4481383555775731,-1.1227775810171619,0.5078657803559266
14340,1787226756.7995903,2.33584509093011,0.456573630832527,-1.2533575707599558,-2.3463300479297384,0.45622354543888666,-1.1415155252383289,0.5133723286907568
14341,1787226756.8516676,2.342967380671892,0.46170647435460666,-1.2758096757511073,-2.3497826027216506,0.4614789188487405,-1.1565750829885313,0.5169515851083966
14342,1787226756.8991623,2.3475968690040503,0.46504282264395846,-1.3020055100305492,-2.3520267633363936,0.4648949115651454,-1.1659626987776477,0.5192781017798623
14343,1787226756.9423943,2.3506060364199532,0.46721144903203715,-1.3207709663983316,-2.3534854677359767,0.4671153068308086,-1.1730812208733026,0.5207903376163151
14344,1787226756.9872656,2.3525619952402903,0.4686210561842883,-1.3335170759782609,-2.3544336255957057,0.4685585637534897,-1.176214761709689,0.5217732909100095
14345,1787226757.029765,2.2765452375615647,0.4695373008332515,-1.321016662586641,-2.3550499282045294,0.4694966807532325,-1.193598264130472,0.5224122105509108
14346,1787226757.071326,2.184095896215638,0.4701328598550776,-1.3051193058961121,-2.355450524900265,0.4701064568030653,-1.2000637709401298,0.5228275083174967
14347,1787226757.1134913,1.888450735171589,0.47051997321926453,-1.2817252367269099,-2.355710912752493,0.47050281123545656,-1.198910977417158,0.5230974518657774
14348,1787226757.160168,1.87315729325974,0.470771596905986,-1.2999180631192264,-2.3558801648564414,0.47076044161651087,-1.1973699792523482,0.5232729151721599
14349,1787226757.2044015,1.8567397697985357,0.47093515230235505,-1.26499413721624,-2.3559901787240074,0.47092790136419616,-1.1914142729818367,0.5233869663213085
14350,1787226757.2456727,1.4924750343511028,0.47104146330999497,-1.227514906878364,-2.3560616877379257,0.47103675020019165,-1.1973438514044983,0.5234610995682552
14351,1787226757.3016205,1.2666516286214762,0.4711105654649609,-1.1207047418547917,-2.3561081685969727,0.47110750194358875,-1.2084367262942977,0.5235092861787705
14352,1787226757.3454921,1.1963442036539136,0.4711554818656887,-1.1055614515679342,-2.356138381155353,0.4711534905767968,-1.233314758180626,0.5235406074756054
14353,1787226757.3893182,1.2571153946459834,0.4711846775261618,-1.1350935187760278,-2.3561580193183005,0.47118338318838204,-1.2651544822315723,0.5235609663185481
14354,1787226757.432169,1.44303652078964,-0.1859795965787674,-1.18610317239568,-2.356170784124216,-0.2187535394366672,-1.296340298565325,0.5235741995664609
14355,1787226757.4748545,1.2504458997460748,-0.49437507792272506,-1.2094536885420597,-2.3561790812480607,-0.5730428719343116,-1.3212359434654943,0.5235828011776043
14356,1787226757.5172622,1.4044307809616003,-0.15641018633630718,-1.2399583549770004,-2.3517602777049165,-0.20754425244383842,-1.345703477969633,0.5235883922248474
14357,1787226757.566211,1.6200453573226197,0.06326699319486445,-1.2588497880909724,-2.3533122520755168,0.03002985022496915,-1.3588471358343883,0.5235920264055554
14358,1787226757.6082313,1.7794355411221172,0.20605715989012602,-1.2678559821678381,-2.2982365746897186,0.18445301695969407,-1.3672857558903644,0.5235943886230155
14359,1787226757.6519048,1.7877235902609248,0.29887076824204606,-1.2862034773853375,-2.2537609712599815,0.2848280753372653,-1.3586140299276437,0.5235959240643647
14360,1787226757.6945002,1.7672648326423546,0.35919961367079406,-1.3087007490527924,-2.2896127028863087,0.3500718632826866,-1.3466670623419712,0.5235969221012416
14361,1787226757.7419517,1.810040927847251,0.3984133631994803,-1.3678341171764812,-2.3129163284434213,0.3924803254472104,-1.3228545549047015,0.5235975708252116
14362,1787226757.7843926,1.3183350698386471,0.42390230039312626,-1.3987205702344863,-2.3280636850555445,0.42004582585415084,-1.2943631863296101,0.5235979924957921
14363,1787226757.829224,1.005348200011574,0.44047010956899624,-1.378854475825539,-2.327895723310835,0.43796340111866217,-1.2657962613595455,0.5235982665816694
14364,1787226757.8732805,0.918123274412685,0.45123918553331166,-1.431698676178996,-2.3304653766534615,0.44960982504059455,-1.2030360946723002,0.5235984447374897
14365,1787226757.9182086,1.1823802056921928,0.45823908491011667,-1.4548019977636106,-2.267163358029889,0.45718000058985053,-1.139714585741369,0.523598560538773
14366,1787226757.960204,1.4663972366586036,0.4627890195050399,-1.4730590065576528,-2.2154054461746093,0.46210061469686703,-1.0825439159076549,0.523598635809607
14367,1787226758.0068119,1.697219342587134,0.4657464769917401,-1.5059719828754563,-2.2646816115808166,0.4652990138664277,-1.0518059473161672,0.5235986847356491
14368,1787226758.048213,1.9278606442489579,0.4676688243580952,-1.498548835166205,-2.2967111190948515,0.4673779733266421,-1.0380530382335098,0.5235987165375765
14369,1787226758.0893083,2.0777774903291433,0.46891835014622596,-1.4762797096556215,-2.317530298978974,0.4687292969757815,-1.0668014255344367,0.5235987372088293
14371,1787226758.1849554,2.175223440281264,0.46973054190851105,-1.4573487631587647,-2.331062765903654,0.46960765734772214,-1.029578223899753,0.5235987506451436
14374,1787226758.376222,2.238563307750142,0.4702584665539963,-1.4762456837961735,-2.339858869404696,0.4701785915894835,-1.1702224189108406,0.5235987593787479
14375,1787226758.4536932,2.268817702131162,0.47060161757356167,-1.4150969606662531,-2.345576336680373,0.47054969884662845,-1.301073923979862,0.5235987650555907
14397,1787226760.157772,1.9492762920414382,0.47082466573627924,-1.0713167958650558,-2.320078409317426,0.47079091856377264,-1.09822964082722,0.5235987687455386
14398,1787226760.239076,1.9396864983857354,0.4709696470420456,-1.187881346668866,-2.300797013155287,0.4709477113799163,-0.9828843694718266,0.5235987711440047
14399,1787226760.2928207,1.9795331025218756,0.47106388489079376,-1.3011828400851273,-2.320186130118257,0.47104962671040973,-0.947238837886351,0.5235987727030076
14400,1787226760.3480098,1.9010256373133319,0.47112513949248,-1.388671187422875,-2.332789056144188,0.4711158716752305,-0.9480193242990588,0.5235987737163595
14401,1787226760.4006712,1.938433284508001,0.47116495498357613,-1.4447638869402475,-2.340980958061043,0.47115893090236394,-0.9630287780750083,0.5235987743750383
14402,1787226760.4518733,2.025931337682179,0.4711908350527886,-1.4803039469004808,-2.3463056943069986,0.4711869194000007,-0.9894475903871731,0.5235987748031795
14403,1787226760.5049891,2.0362322152026056,0.4712076570977767,-1.507883244985337,-2.34976677286687,0.4712051119234646,-1.0277063967923852,0.5235987750814712
14404,1787226760.5712643,2.0976336557626465,0.47121859142701894,-1.528514925861497,-2.352016473930786,0.47121693706371615,-1.067777732455456,0.5235987752623609
14405,1787226760.6257644,2.1486487572998154,0.4712256987410265,-1.5411513093351292,-2.353478779622332,0.4712246234048796,-1.125827184874549,0.5235987753799392
14406,1787226760.6858065,2.209284234946121,0.4712303184951313,-1.5499359727074182,-2.3544292783218363,0.4712296195266359,-1.1724978375784434,0.523598775456365
14407,1787226760.7417312,2.2607028242822995,0.4712333213352995,-1.5467769864146903,-2.3550471024765143,0.4712328670057775,-1.2172674870876246,0.5235987755060418
14408,1787226760.7926886,2.2941249073508154,0.4712352731814088,-1.54931138207017,-2.355448688177055,0.47123497786721946,-1.2523597588143458,0.5235987755383318
14409,1787226760.8359349,2.3140186694507,0.47123654188137987,-1.5463206735433872,-2.355709718882406,0.4712363499271568,-1.2842768264310975,0.5235987755593203
14410,1787226760.8825836,2.284802658483882,0.47123736653636106,-1.5397544846884539,-2.3558793888408847,0.47123724176611603,-1.3118650414655337,0.5235987755729627
14411,1787226760.937601,2.2222002262802456,0.47123790256209885,-1.528948963020017,-2.3559896743138955,0.47123782146143955,-1.327436360255849,0.5235987755818303
14412,1787226760.9911237,2.160275029437213,0.47123825097882843,-1.5148102906727083,-2.3560613598713527,0.47123819826339985,-1.3392505579907437,0.5235987755875944
14413,1787226761.0344493,2.130700084638012,0.4712384774497026,-1.496934858158153,-2.351103104168198,0.471238443184674,-1.3474640302942191,0.5235987755913409
14414,1787226761.085904,2.1406948550466476,0.4712386246557708,-1.4825693308855543,-2.3528850892766493,0.47123860238350224,-1.350603483745354,0.5235987755937762
14415,1787226761.139686,2.145208950780038,0.47123872033971514,-1.4707586603022573,-2.346945103776336,0.47123870586274064,-1.3511798851703156,0.5235987755953591
14416,1787226761.1873384,2.154169942191985,0.471238782534279,-1.4644487510588586,-2.3433953916827712,0.47123877312424556,-1.3463012805750334,0.523598775596388
14417,1787226761.2416897,2.1947421817243833,0.4712388229607455,-1.4561614365264495,-2.347875076161122,0.47123881684422375,-1.355138875721052,0.5235987755970568
14418,1787226761.2942605,2.215488759856843,0.4712388492379487,-1.4440954775509138,-2.3507868710720503,0.4712388452622096,-1.3701614488751581,0.5235987755974916
14419,1787226761.3349457,2.21109723581255,0.4712388663181307,-1.4287920933100753,-2.3526795377641534,0.47123886373390034,-1.3857995317907577,0.5235987755977741
14420,1787226761.3774192,2.2234421175744075,0.47123887742024906,-1.4119505602648457,-2.3539097711140204,0.4712388757404994,-1.3979816449348474,0.5235987755979578
14421,1787226761.4186008,2.2480625097398654,0.471238884636626,-1.3954993183881697,-2.354709422791434,0.4712388835447887,-1.407286737710582,0.5235987755980771
14422,1787226761.4605625,2.2703432024232075,0.471238889327271,-1.3838323846835785,-2.355229196381753,0.4712388886175768,-1.415890627601627,0.5235987755981547
14423,1787226761.503142,2.249739139476195,0.4712388923761903,-1.3733904513978172,-2.3555670492154603,0.471238891914889,-1.422954848641834,0.5235987755982052
14424,1787226761.5479903,2.2351475704695147,0.4712388943579878,-1.3763421249597836,-2.35578665355737,0.471238894058142,-1.4254679446672127,0.523598775598238
14425,1787226761.5921066,2.1549478060666862,0.4712388956461562,-1.3811951259644493,-2.3559293963796115,0.4712388954512564,-1.4335426964045843,0.5235987755982593
14426,1787226761.6467357,2.103617508018978,0.4712388964834656,-1.3865814700849752,-2.3560221792140683,0.47123889635678085,-1.4392208185366568,0.5235987755982732
14427,1787226761.6896806,2.036731149038142,0.4712388970277168,-1.3963479647142825,-2.3560824880564653,0.4712388969453717,-1.4467892341195168,0.5235987755982822
14428,1787226761.7320545,1.94247197572173,0.47123889738148006,-1.4122840693541274,-2.356121688804023,0.47123889732795576,-1.445832927336158,0.523598775598288
14429,1787226761.7824032,1.8895315159423398,0.4712388976114261,-1.4212247445523385,-2.334946166962853,0.4712388975766354,-1.4434731388363042,0.5235987755982918
14430,1787226761.8282647,1.8483589355351806,0.4712388977608911,-1.4254760312881167,-2.283003127272973,0.4712388977382771,-1.4367147824975235,0.5235987755982943
14431,1787226761.887156,1.8296732008313255,0.4712388978580434,-1.4240764960758199,-2.2311769741621226,0.4712388978433443,-1.4323346716686647,0.5235987755982958
14432,1787226761.9422052,1.8208761267863451,0.47123889792119233,-1.4237532882237702,-2.1824000943297714,0.47123889791163787,-1.4280059363402877,0.5235987755982969
14433,1787226761.984729,1.8225521471917903,0.47123889796223917,-1.4229076787638444,-2.1141284804980396,0.4712388979560287,-1.42349008465027,0.5235987755982976
14434,1787226762.0268207,1.8346513262390818,0.4712388979889196,-1.421668397972671,-2.109955532629984,0.47123889798488283,-1.4187945174408871,0.523598775598298
14435,1787226762.0692003,1.887935133040181,0.47123889800626184,-1.4163533816440066,-2.1407744920137044,0.47123889800363794,-1.4230790076822102,0.5235987755982983
14436,1787226762.1129608,1.9515869531548296,0.4712388980175344,-1.412459278843613,-2.1824403481920105,0.47123889801582874,-1.4281279981393753,0.5235987755982985
14437,1787226762.155432,1.9870820399911848,0.4712388980248615,-1.4098616750348336,-2.209313358172605,0.47123889802375285,-1.4325381968222848,0.5235987755982986
14438,1787226762.196522,1.9883082850775038,0.47123889802962415,-1.4089713270268864,-2.2031662812219377,0.4712388980289035,-1.4363229599386549,0.5235987755982987
14439,1787226762.2383184,1.9971276896720893,0.4712388980327198,-1.4108118966848961,-2.2003738004043987,0.4712388980322514,-1.4410666175949025,0.5235987755982987
14440,1787226762.284074,2.0783343046116807,0.47123889803473196,-1.4137750163956877,-2.2290590115479345,0.47123889803442753,-1.4488471137066874,0.5235987755982987
14441,1787226762.3341675,2.110727450375225,0.4712388980360399,-1.4156802039573573,-2.2516479341909763,0.47123889803584207,-1.4570615489468268,0.5235987755982987
14442,1787226762.3783958,2.137022355491582,0.4712388980368901,-1.4171351711686986,-2.288239228791455,0.47123889803676144,-1.4638450781681724,0.5235987755982987
14443,1787226762.446607,2.132860534253522,0.4712388980374427,-1.4186737839008976,-2.311846549995762,0.4712388980373591,-1.470134828538027,0.5235987755982987
14444,1787226762.4960175,2.1224010252026018,0.47123889803780183,-1.4197706836030903,-2.3273683290645657,0.47123889803774754,-1.4768354837913846,0.5235987755982987
14445,1787226762.541587,2.1186410858130467,0.4712388980380353,-1.4235447493949744,-2.3374574854592884,0.471238898038,-1.4805904851880545,0.5235987755982987
14446,1787226762.5867844,2.1193214907728106,0.4712388980381871,-1.4297121526950018,-2.344015437115858,0.4712388980381641,-1.4829645725999647,0.5235987755982987
14447,1787226762.6307652,2.1258412044740655,0.4712388980382858,-1.4356491223023815,-2.3482781056926285,0.4712388980382708,-1.484372279779129,0.5235987755982987
14448,1787226762.67281,2.15354953380993,0.47123889803834984,-1.4429683004461848,-2.3510488402675294,0.4712388980383402,-1.4854084527690836,0.5235987755982987
14449,1787226762.7140155,2.179405757098889,0.4712388980383915,-1.449114271931054,-2.352849817741215,0.47123889803838526,-1.4860648390530053,0.5235987755982987
14450,1787226762.762889,2.193855318997902,0.47123889803841856,-1.4553571655264363,-2.3540204530991105,0.47123889803841457,-1.4862662910792452,0.5235987755982987
14451,1787226762.8118136,2.216733146383218,0.4712388980384362,-1.4601754519909953,-2.3547813660817427,0.47123889803843355,-1.4862999995182853,0.5235987755982987
14452,1787226762.8543377,2.1902179500984986,0.47123889803844765,-1.4635616440306172,-2.3547279104886836,0.471238898038446,-1.4862905498530292,0.5235987755982987
14453,1787226762.898159,2.184000024025859,0.4712388980384551,-1.4657767363706333,-2.355241213384965,0.471238898038454,-1.48516644916716,0.5235987755982987
14454,1787226762.9452581,2.17429364491084,0.47123889803846,-1.4673163348442535,-2.355574860267548,0.4712388980384592,-1.4837370229227882,0.5235987755982987
14455,1787226762.9882047,2.1707885966478697,0.4712388980384631,-1.4682724375892882,-2.355791730741227,0.47123889803846264,-1.482779530206326,0.5235987755982987
14456,1787226763.0379226,2.142650969755446,0.4712388980384651,-1.4704882041447016,-2.338216786063038,0.47123889803846486,-1.480643061535329,0.5235987755982987
14457,1787226763.0835223,2.1269021736877294,0.4712388980384664,-1.4731042220104276,-2.318943370060121,0.4712388980384663,-1.4766753864387099,0.5235987755982987
14458,1787226763.1416519,2.117655122659425,0.4712388980384673,-1.474356273893188,-2.303484622113886,0.4712388980384672,-1.472447218894622,0.5235987755982987
14459,1787226763.1896212,2.110410643865344,0.47123889803846786,-1.4762217966485571,-2.2846920109234548,0.47123889803846786,-1.468520133497211,0.5235987755982987
14460,1787226763.238664,2.0991435967456225,0.4712388980384682,-1.481761133066444,-2.2910089709119283,0.4712388980384682,-1.4625411395125838,0.5235987755982987
14461,1787226763.2810338,2.087334117338428,0.4712388980384684,-1.4884894820231682,-2.2826490138648525,0.4712388980384684,-1.4557205803888529,0.5235987755982987
14462,1787226763.3238342,2.0692201314880467,0.47123889803846863,-1.4956240628095214,-2.275028452203883,0.47123889803846863,-1.4466577457838214,0.5235987755982987
14463,1787226763.3873477,2.071563716294849,0.47123889803846875,-1.5006614433564978,-2.2756436981131576,0.47123889803846875,-1.4402393035980976,0.5235987755982987
14464,1787226763.4295492,2.092964118092663,0.47123889803846886,-1.5076457344679017,-2.287088154023812,0.47123889803846886,-1.4352548548468618,0.5235987755982987
14465,1787226763.477444,2.095435550859546,0.47123889803846886,-1.512665738729143,-2.278655083564183,0.47123889803846886,-1.430257437838696,0.5235987755982987
14466,1787226763.5258758,2.0881256913957102,0.47123889803846886,-1.5168186603638136,-2.2883339651420886,0.47123889803846886,-1.4220272305524284,0.5235987755982987
14467,1787226763.5706246,2.0890932028378177,0.47123889803846886,-1.521866021193902,-2.312085148909678,0.47123889803846886,-1.4161580990709226,0.5235987755982987
14468,1787226763.6307995,2.084943898504978,0.47123889803846886,-1.5272926049859479,-2.3192512713215123,0.47123889803846886,-1.41348000575794,0.5235987755982987
14469,1787226763.6945784,2.083285907281114,0.47123889803846886,-1.5343013761016575,-2.314423043835084,0.47123889803846886,-1.4097870577530518,0.5235987755982987
14470,1787226763.739367,2.0854470395384435,0.47123889803846886,-1.5386408660525914,-2.3110318217170764,0.47123889803846886,-1.4066797721882154,0.5235987755982987
14471,1787226763.7922783,2.0882637932889536,0.47123889803846886,-1.5374807483955366,-2.3268387556834202,0.47123889803846886,-1.406926997775152,0.5235987755982987
14472,1787226763.8391845,2.095656118507714,0.47123889803846886,-1.5356549650918956,-2.3371132627615436,0.47123889803846886,-1.4080673401269674,0.5235987755982987
14473,1787226763.8912818,2.0907602552993874,0.47123889803846886,-1.5321699477116975,-2.3437916923623243,0.47123889803846886,-1.4085069874840976,0.5235987755982987
14474,1787226763.9452353,2.0605757384513472,0.47123889803846886,-1.5300064935022886,-2.3411864245493144,0.47123889803846886,-1.4094004739445265,0.5235987755982987
14475,1787226764.0058258,2.040703837747785,0.47123889803846886,-1.5280443230580292,-2.3464392475243754,0.47123889803846886,-1.4095929475837432,0.5235987755982987
14476,1787226764.0545597,2.066953115660621,0.47123889803846886,-1.5218178107750768,-2.349853582458165,0.47123889803846886,-1.4204361981642513,0.5235987755982987
14477,1787226764.0970116,2.0962357656719997,0.47123889803846886,-1.5182076622298861,-2.352072900165128,0.47123889803846886,-1.429630698256577,0.5235987755982987
14478,1787226764.1425452,2.105779474635727,0.47123889803846886,-1.514154647956678,-2.353515456674654,0.47123889803846886,-1.4398867630853864,0.5235987755982987
14479,1787226764.1880734,2.096401285274622,0.47123889803846886,-1.5104499137805711,-2.3544531184058455,0.47123889803846886,-1.4439039713204833,0.5235987755982987
14480,1787226764.2376428,2.0325059399985848,0.47123889803846886,-1.513500305575957,-2.35506259853112,0.47123889803846886,-1.4507289141582689,0.5235987755982987
14481,1787226764.2840657,1.9889835024529132,0.47123889803846886,-1.527165103963899,-2.3554587606125486,0.47123889803846886,-1.4558788360196422,0.5235987755982987
14482,1787226764.3414953,1.9651741425873064,0.47123889803846886,-1.5399460982729312,-2.3557162659654773,0.47123889803846886,-1.4529156772996683,0.5235987755982987
14483,1787226764.3887777,1.9517757934141726,0.47123889803846886,-1.5491631023116672,-2.355883644444881,0.47123889803846886,-1.441288734292701,0.5235987755982987
14484,1787226764.4367895,1.9692873009802188,0.47123889803846886,-1.551334237192055,-2.355992440456493,0.47123889803846886,-1.4327474363640464,0.5235987755982987
14485,1787226764.485662,1.9810891617799533,0.47123889803846886,-1.5473172846215655,-2.356063157864041,0.47123889803846886,-1.421483021655416,0.5235987755982987
14486,1787226764.5345712,2.0109191980244256,0.47123889803846886,-1.5345196655328812,-2.347523396115543,0.47123889803846886,-1.4076898286684123,0.5235987755982987
14487,1787226764.5893378,2.0621955584902247,0.47123889803846886,-1.5239236305061716,-2.3298586578108664,0.47123889803846886,-1.394960797009718,0.5235987755982987
14488,1787226764.6392715,2.103611145930877,0.47123889803846886,-1.5100758612565635,-2.2956468700035852,0.47123889803846886,-1.3880114282644007,0.5235987755982987
14489,1787226764.6880927,2.1293617176013186,0.47123889803846886,-1.4882546222827946,-2.2723778415523848,0.47123889803846886,-1.3816785878777227,0.5235987755982987
14490,1787226764.7315605,2.1703091637796885,0.47123889803846886,-1.4599421198470353,-2.283995031465888,0.47123889803846886,-1.3691514371491382,0.5235987755982987
14491,1787226764.7786758,2.2049624400303074,0.47123889803846886,-1.4392065949730075,-2.2724122119422354,0.47123889803846886,-1.3682749025436833,0.5235987755982987
14492,1787226764.821797,2.19174120084209,0.47123889803846886,-1.4237095050169823,-2.2714693687654033,0.47123889803846886,-1.3812825341988773,0.5235987755982987
14493,1787226764.8940022,2.183876152883631,0.47123889803846886,-1.4110203392700653,-2.2766601519309217,0.47123889803846886,-1.4005080764344902,0.5235987755982987
14494,1787226764.9462824,2.1484186804447103,0.47123889803846886,-1.4048130985139555,-2.3022312298081973,0.47123889803846886,-1.4260638125780032,0.5235987755982987
14495,1787226765.000632,2.130953761523102,0.47123889803846886,-1.399660134544336,-2.3211183709426493,0.47123889803846886,-1.4484746239430937,0.5235987755982987
14496,1787226765.045485,2.1212343537741685,0.47123889803846886,-1.4047977570008596,-2.3333950126800427,0.47123889803846886,-1.4673909260197984,0.5235987755982987
14497,1787226765.0946476,2.108454152917435,0.47123889803846886,-1.4156941641175929,-2.3413748298093484,0.47123889803846886,-1.481364869947607,0.5235987755982987
14498,1787226765.1405246,2.109262466837003,0.47123889803846886,-1.427616474017105,-2.346561710943397,0.47123889803846886,-1.4901775568095932,0.5235987755982987
14499,1787226765.1865711,2.129417140851719,0.47123889803846886,-1.43779618545806,-2.3499331836805286,0.47123889803846886,-1.4956579486148813,0.5235987755982987
14500,1787226765.2306485,2.141997627720098,0.47123889803846886,-1.4466788429945179,-2.3521246409596643,0.47123889803846886,-1.498968339483966,0.5235987755982987
14501,1787226765.2729726,2.14857151147124,0.47123889803846886,-1.4518535632314578,-2.3535490881911025,0.47123889803846886,-1.5019646009796304,0.5235987755982987
14502,1787226765.3150508,2.1533986290718947,0.47123889803846886,-1.4535167701693554,-2.3544749788915373,0.47123889803846886,-1.5031675487530431,0.5235987755982987
14503,1787226765.3611205,2.160341668716277,0.47123889803846886,-1.448698123824619,-2.35507680784682,0.47123889803846886,-1.5028513942076058,0.5235987755982987
14504,1787226765.4039445,2.171488261065563,0.47123889803846886,-1.4382272922733876,-2.3554679966677536,0.47123889803846886,-1.5007790356708821,0.5235987755982987
14505,1787226765.4458153,2.184675860637552,0.47123889803846886,-1.4258101380336987,-2.355722269401361,0.47123889803846886,-1.4973646928851658,0.5235987755982987
14506,1787226765.490711,2.194641363065258,0.47123889803846886,-1.4120559313527368,-2.355887546678205,0.47123889803846886,-1.4944134835232359,0.5235987755982987
14507,1787226765.5385344,2.2096728714474576,0.47123889803846886,-1.3996482928618244,-2.3559949769081543,0.47123889803846886,-1.4906681695468809,0.5235987755982987
14508,1787226765.5874882,2.2109369182033283,0.47123889803846886,-1.3894375473827605,-2.349224397861822,0.47123889803846886,-1.4867563159781856,0.5235987755982987
14509,1787226765.6365783,2.2109422859240677,0.47123889803846886,-1.3749445862357776,-2.336872496093636,0.47123889803846886,-1.485671386739536,0.5235987755982987
14510,1787226765.686605,2.198563935839255,0.47123889803846886,-1.358583758951352,-2.341258326493705,0.47123889803846886,-1.489807912952498,0.5235987755982987
14511,1787226765.7374778,2.192292320790259,0.47123889803846886,-1.3445994333791003,-2.3189449023372686,0.47123889803846886,-1.5017743048292125,0.5235987755982987
14512,1787226765.789677,2.157454893193302,0.47123889803846886,-1.335237073776638,-2.305821302684356,0.47123889803846886,-1.5152540281805718,0.5235987755982987
14513,1787226765.836658,2.126327007259918,0.47123889803846886,-1.3254474491199644,-2.323451918312152,0.47123889803846886,-1.529077862838954,0.5235987755982987
14514,1787226765.8806956,2.1077248594475506,0.47123889803846886,-1.3182558709473513,-2.3349118184702196,0.47123889803846886,-1.5404265487913098,0.5235987755982987
14515,1787226765.9245627,2.1090036481066265,0.47123889803846886,-1.3221234553959362,-2.3423607535729634,0.47123889803846886,-1.5448214360855637,0.5235987755982987
14516,1787226765.9663498,2.1095935681205997,0.47123889803846886,-1.3287583077198775,-2.347202561389747,0.47123889803846886,-1.5518769568323283,0.5235987755982987
14517,1787226766.0105407,2.1040640589640267,0.47123889803846886,-1.3425895067379143,-2.3503497364706565,0.47123889803846886,-1.541991012935676,0.5235987755982987
14518,1787226766.0576956,2.089678027969144,0.47123889803846886,-1.354805526845699,-2.3523954002732474,0.47123889803846886,-1.5248142788891643,0.5235987755982987
14519,1787226766.101739,2.091660593764205,0.47123889803846886,-1.3713107754859621,-2.3537250817449316,0.47123889803846886,-1.5091977009856943,0.5235987755982987
14520,1787226766.1486866,2.127887604221997,0.47123889803846886,-1.3915243978051293,-2.3545893747015265,0.47123889803846886,-1.4935902682657929,0.5235987755982987
14521,1787226766.1953313,2.1618498082925264,0.47123889803846886,-1.4213916941989915,-2.355151165123313,0.47123889803846886,-1.4786795600913776,0.5235987755982987
14522,1787226766.2526417,2.1826251788182045,0.47123889803846886,-1.441147238436916,-2.3555163288974743,0.47123889803846886,-1.4638700738703796,0.5235987755982987
14523,1787226766.3025637,2.1934469772064844,0.47123889803846886,-1.4507151283729214,-2.352603498769688,0.47123889803846886,-1.4474464783760985,0.5235987755982987
14524,1787226766.349848,2.201938498505322,0.47123889803846886,-1.4570446866428268,-2.3476333088402477,0.47123889803846886,-1.4323456286372684,0.5235987755982987
14525,1787226766.3950157,2.2112275037436193,0.47123889803846886,-1.461063713236332,-2.348911328482684,0.47123889803846886,-1.4205676653636659,0.5235987755982987
14526,1787226766.441334,2.2117839721727672,0.47123889803846886,-1.4632875591150254,-2.340676896242076,0.47123889803846886,-1.4143113984406275,0.5235987755982987
14527,1787226766.4908278,2.21457809061227,0.47123889803846886,-1.4637570540408542,-2.3451485396956686,0.47123889803846886,-1.4148691074662598,0.5235987755982987
14528,1787226766.5340254,2.2155240122703175,0.47123889803846886,-1.4637519065282447,-2.3490146223695056,0.47123889803846886,-1.4216825424660784,0.5235987755982987
14529,1787226766.580021,2.213514029614083,0.47123889803846886,-1.46405435890149,-2.3515275761074994,0.47123889803846886,-1.432484337177062,0.5235987755982987
14530,1787226766.6278803,2.2047680700403425,0.47123889803846886,-1.4656420393764429,-2.3531609960371953,0.47123889803846886,-1.4440738268517495,0.5235987755982987
14531,1787226766.6796834,2.2018672743991408,0.47123889803846886,-1.4689194878474905,-2.3542227189914975,0.47123889803846886,-1.4515349026797275,0.5235987755982987
14532,1787226766.726059,2.19593885786435,0.47123889803846886,-1.47229827776277,-2.354912838911794,0.47123889803846886,-1.455715836319793,0.5235987755982987
14533,1787226766.775778,2.19097890828357,0.47123889803846886,-1.4748406489674992,-2.355361416859987,0.47123889803846886,-1.457264249390394,0.5235987755982987
14534,1787226766.817495,2.1922874536916064,0.47123889803846886,-1.4767617579061665,-2.355652992526312,0.47123889803846886,-1.4578885991474528,0.5235987755982987
14535,1787226766.8600779,2.199458175331562,0.47123889803846886,-1.4777655690019307,-2.3558425167094237,0.47123889803846886,-1.4579535982882388,0.5235987755982987
14536,1787226766.900125,2.209028564608543,0.47123889803846886,-1.478230911466798,-2.355965707428446,0.47123889803846886,-1.4578902356708916,0.5235987755982987
14537,1787226766.942934,2.209217308749656,0.47123889803846886,-1.4781955730920195,-2.3560457813958107,0.47123889803846886,-1.4577544249914254,0.5235987755982987
14538,1787226766.9858549,2.2089754253679574,0.47123889803846886,-1.4768424716645832,-2.3560978294745976,0.47123889803846886,-1.4581249456875884,0.5235987755982987
14539,1787226767.030769,2.21588528990477,0.47123889803846886,-1.4729939512217136,-2.356131660725809,0.47123889803846886,-1.4592337649314466,0.5235987755982987
14540,1787226767.0723948,2.2204594043976145,0.47123889803846886,-1.4594345241100588,-2.316736894601063,0.47123889803846886,-1.467932658041304,0.5235987755982987
14541,1787226767.1181793,2.208598877117834,0.47123889803846886,-1.4430152102503944,-2.2679568385655307,0.47123889803846886,-1.4791845873948684,0.5235987755982987
14542,1787226767.1661413,2.208210932073363,0.47123889803846886,-1.423909082512989,-2.244002176710635,0.47123889803846886,-1.490363477633891,0.5235987755982987
14543,1787226767.2132761,2.209486031329842,0.47123889803846886,-1.4107210053309058,-2.2262536768741055,0.47123889803846886,-1.5010525244409687,0.5235987755982987
14544,1787226767.2630725,2.2067101258451016,0.47123889803846886,-1.4022042998227868,-2.215393027777341,0.47123889803846886,-1.5139560744334748,0.5235987755982987
14545,1787226767.304164,2.196357376844297,0.47123889803846886,-1.3965556724381094,-2.2163978352231224,0.47123889803846886,-1.5206197751459039,0.5235987755982987
14546,1787226767.3505762,2.1716472821619197,0.47123889803846886,-1.3884477941912472,-2.200037045112434,0.47123889803846886,-1.5209358654707477,0.5235987755982987
14547,1787226767.3955662,2.1530499576674678,0.47123889803846886,-1.3837545374378937,-2.2283745195758113,0.47123889803846886,-1.5182868171361892,0.5235987755982987
14548,1787226767.4400644,2.126960980838778,0.47123889803846886,-1.382439308843589,-2.2329018853326517,0.47123889803846886,-1.5158890929580116,0.5235987755982987
14549,1787226767.4878483,2.0962553546754616,0.47123889803846886,-1.3879588101132696,-2.2207777201168457,0.47123889803846886,-1.508782757682841,0.5235987755982987
14550,1787226767.53265,2.0700730073633293,0.47123889803846886,-1.3959749007019129,-2.2084635605893563,0.47123889803846886,-1.5004040314506981,0.5235987755982987
14551,1787226767.577236,2.050319035811081,0.47123889803846886,-1.3974114093019672,-2.1941332076847,0.47123889803846886,-1.4979266015030623,0.5235987755982987
14552,1787226767.6245694,2.073230967878892,0.47123889803846886,-1.4078083287895427,-2.222562457909249,0.47123889803846886,-1.4912989932748806,0.5235987755982987
14553,1787226767.689799,2.102191001665184,0.47123889803846886,-1.414300933604521,-2.2542973451547548,0.47123889803846886,-1.4876282805122831,0.5235987755982987
14554,1787226767.736153,2.106360101641686,0.47123889803846886,-1.4246665010747086,-2.2739427723140713,0.47123889803846886,-1.4910270889180217,0.5235987755982987
14555,1787226767.7790048,2.1089786931603887,0.47123889803846886,-1.4344994324894222,-2.2675976888505502,0.47123889803846886,-1.4941104946879977,0.5235987755982987
14556,1787226767.8212125,2.1025914817902938,0.47123889803846886,-1.4410902632580946,-2.2747909181904453,0.47123889803846886,-1.495865677422022,0.5235987755982987
14557,1787226767.8647907,2.116429709287701,0.47123889803846886,-1.4441867010853673,-2.30328216839111,0.47123889803846886,-1.4975013534881163,0.5235987755982987
14558,1787226767.9099507,2.1000988760280084,0.47123889803846886,-1.445155322460543,-2.3218014810215424,0.47123889803846886,-1.5002188647549972,0.5235987755982987
14559,1787226767.9523559,2.091863100813848,0.47123889803846886,-1.4516506766183679,-2.3338390342313233,0.47123889803846886,-1.491202743609906,0.5235987755982987
14560,1787226767.9994638,2.1217902739913805,0.47123889803846886,-1.459070914495763,-2.341663443817681,0.47123889803846886,-1.4865689594810962,0.5235987755982987
14561,1787226768.0440693,2.1293057498892027,0.47123889803846886,-1.4636575161295562,-2.3432767543378463,0.47123889803846886,-1.4858927159349786,0.5235987755982987
14562,1787226768.0982451,2.106026444467275,0.47123889803846886,-1.4689847577927888,-2.347338530162693,0.47123889803846886,-1.4838770137437343,0.5235987755982987
14563,1787226768.1459455,2.102756506774476,0.47123889803846886,-1.473480040478814,-2.350438116173071,0.47123889803846886,-1.4776723405078775,0.5235987755982987
14564,1787226768.1951194,2.102289393601472,0.47123889803846886,-1.4768884616920461,-2.352452847079817,0.47123889803846886,-1.4719514339174753,0.5235987755982987
14565,1787226768.254338,2.0997088000060584,0.47123889803846886,-1.479727400603816,-2.342454292190848,0.47123889803846886,-1.464979081746278,0.5235987755982987
14566,1787226768.3039775,2.1069402199941787,0.47123889803846886,-1.480713356400949,-2.346948125729226,0.47123889803846886,-1.4600507487411527,0.5235987755982987
14567,1787226768.34774,2.120871855882303,0.47123889803846886,-1.4798362499279554,-2.345642653033936,0.47123889803846886,-1.4568254592637861,0.5235987755982987
14568,1787226768.3925583,2.130765387863215,0.47123889803846886,-1.476177426877805,-2.3469864084773766,0.47123889803846886,-1.4545205482780812,0.5235987755982987
14569,1787226768.4428256,2.126849660805088,0.47123889803846886,-1.4684617985001105,-2.349685201031267,0.47123889803846886,-1.4517963732394201,0.5235987755982987
14570,1787226768.4902868,2.129110017746908,0.47123889803846886,-1.4622399522910943,-2.345762318192039,0.47123889803846886,-1.4525481855167806,0.5235987755982987
14571,1787226768.5330539,2.13504591291443,0.47123889803846886,-1.4553659788880733,-2.3446831442825697,0.47123889803846886,-1.4552722784250904,0.5235987755982987
14572,1787226768.5772896,2.1417551621087694,0.47123889803846886,-1.4497243693266892,-2.3371666489200287,0.47123889803846886,-1.4625061330531914,0.5235987755982987
14573,1787226768.6248646,2.1452933829286946,0.47123889803846886,-1.4476923493187892,-2.331624204855731,0.47123889803846886,-1.4702142071457027,0.5235987755982987
14574,1787226768.6777797,2.142420438777207,0.47123889803846886,-1.445854287597982,-2.328507112005795,0.47123889803846886,-1.478264790464213,0.5235987755982987
14575,1787226768.722156,2.1409931494529215,0.47123889803846886,-1.446342377989291,-2.331608586578504,0.47123889803846886,-1.4865953257146616,0.5235987755982987
14576,1787226768.767605,2.1409939042581603,0.47123889803846886,-1.4480269686070444,-2.3402136528433486,0.47123889803846886,-1.495696413125472,0.5235987755982987
14577,1787226768.8159385,2.1281518800501686,0.47123889803846886,-1.4511849018346665,-2.3458069459154975,0.47123889803846886,-1.5036072087824748,0.5235987755982987
14578,1787226768.8604016,2.1320393930409756,0.47123889803846886,-1.4548490778337007,-2.343944144496117,0.47123889803846886,-1.5078691171629495,0.5235987755982987
14579,1787226768.9053793,2.145234335643555,0.47123889803846886,-1.4576342720521733,-2.3482317654897966,0.47123889803846886,-1.5116254808807366,0.5235987755982987
14580,1787226768.948658,2.154160900233918,0.47123889803846886,-1.4590042999588115,-2.3510187191356886,0.47123889803846886,-1.5118558473758157,0.5235987755982987
14581,1787226768.9985688,2.1581496573638432,0.47123889803846886,-1.4588390866874774,-2.3528302390055185,0.47123889803846886,-1.510801704026428,0.5235987755982987
14582,1787226769.0483649,2.1587934721698834,0.47123889803846886,-1.4586976600003378,-2.3540077269209077,0.47123889803846886,-1.5085171943788196,0.5235987755982987
14583,1787226769.1009374,2.1558384204026853,0.47123889803846886,-1.4596984849276335,-2.349843256262443,0.47123889803846886,-1.506103982418073,0.5235987755982987
14584,1787226769.1506145,2.151414287606614,0.47123889803846886,-1.4618664761207802,-2.337916719793363,0.47123889803846886,-1.5033608715479079,0.5235987755982987
14585,1787226769.1932032,2.1387463633492216,0.47123889803846886,-1.4633514005769528,-2.312049800796958,0.47123889803846886,-1.4996693785277453,0.5235987755982987
14586,1787226769.2373526,2.134084322292864,0.47123889803846886,-1.4641323463867955,-2.292466106850122,0.47123889803846886,-1.4966260166425505,0.5235987755982987
14587,1787226769.2809591,2.1314899220784134,0.47123889803846886,-1.4646604678938737,-2.279910485577011,0.47123889803846886,-1.492472418910836,0.5235987755982987
14588,1787226769.3289301,2.1300171471669964,0.47123889803846886,-1.4651594365071219,-2.2728599783595773,0.47123889803846886,-1.487153814078158,0.5235987755982987
14589,1787226769.3795433,2.121966396938815,0.47123889803846886,-1.4661155688391008,-2.2685474633398406,0.47123889803846886,-1.479886133178642,0.5235987755982987
14590,1787226769.4278748,2.111371157197323,0.47123889803846886,-1.4675816178976782,-2.2698007812668655,0.47123889803846886,-1.4740160837633334,0.5235987755982987
14591,1787226769.475099,2.1050102393289007,0.47123889803846886,-1.4682268957344395,-2.2742980028610438,0.47123889803846886,-1.470304881154961,0.5235987755982987
14592,1787226769.518058,2.1160071022061184,0.47123889803846886,-1.4682289362455565,-2.299170385874306,0.47123889803846886,-1.4685522476117447,0.5235987755982987
14593,1787226769.5835252,2.121237459170809,0.47123889803846886,-1.4682373565767564,-2.3150679269144483,0.47123889803846886,-1.4678284792477325,0.5235987755982987
14594,1787226769.6367826,2.1302560062941702,0.47123889803846886,-1.4683406181622323,-2.325999882434695,0.47123889803846886,-1.4688879174167497,0.5235987755982987
14595,1787226769.692525,2.1385797401139985,0.47123889803846886,-1.4674280211077533,-2.3332166143079096,0.47123889803846886,-1.4733638574217447,0.5235987755982987
14596,1787226769.7425349,2.137208908410888,0.47123889803846886,-1.4664035979106713,-2.341258870867462,0.47123889803846886,-1.4790171166089179,0.5235987755982987
14597,1787226769.7970784,2.138084498397626,0.47123889803846886,-1.4649593753192165,-2.3463303576478793,0.47123889803846886,-1.484085293104786,0.5235987755982987
14598,1787226769.8425581,2.136557845723889,0.47123889803846886,-1.463735292355745,-2.33034908545754,0.47123889803846886,-1.4860037319271036,0.5235987755982987
14599,1787226769.8907368,2.130439577386101,0.47123889803846886,-1.4629577193968242,-2.3016526654779765,0.47123889803846886,-1.4871757875981508,0.5235987755982987
14600,1787226769.939576,2.127317105433295,0.47123889803846886,-1.4629742222005904,-2.3032968190117393,0.47123889803846886,-1.489374706617486,0.5235987755982987
14601,1787226769.9880235,2.1260568110336235,0.47123889803846886,-1.463357124838153,-2.3172510718527777,0.47123889803846886,-1.4917172196634532,0.5235987755982987
14602,1787226770.0338166,2.116986527953966,0.47123889803846886,-1.4618209551075902,-2.3201600545152936,0.47123889803846886,-1.4948119618339075,0.5235987755982987
14603,1787226770.0753043,2.11429326094306,0.47123889803846886,-1.4584291663138327,-2.3327721070022616,0.47123889803846886,-1.5001641703513884,0.5235987755982987
14604,1787226770.115563,2.1118744225042683,0.47123889803846886,-1.4531025559760713,-2.3409699411187908,0.47123889803846886,-1.5066809939348105,0.5235987755982987
14605,1787226770.158057,2.1078683518737673,0.47123889803846886,-1.4477230390621887,-2.3431431290351203,0.47123889803846886,-1.5093530889944378,0.5235987755982987
14606,1787226770.204636,2.101597082188067,0.47123889803846886,-1.4433145081477965,-2.347711105440149,0.47123889803846886,-1.5085413015493914,0.5235987755982987
14607,1787226770.2555642,2.076182610106527,0.47123889803846886,-1.4455230484728996,-2.347671162885715,0.47123889803846886,-1.5065380296892208,0.5235987755982987
14608,1787226770.3004768,2.0721816965037356,0.47123889803846886,-1.449804770369943,-2.331595799779101,0.47123889803846886,-1.5034585217057772,0.5235987755982987
14609,1787226770.3416934,2.1006073546377904,0.47123889803846886,-1.4466585180222484,-2.3402053414237365,0.47123889803846886,-1.493110281369689,0.5235987755982987
14610,1787226770.3840783,2.0811414206744048,0.47123889803846886,-1.4398037371273973,-2.3152625353337624,0.47123889803846886,-1.4884825510253252,0.5235987755982987
14611,1787226770.4267304,2.0557694889577043,0.47123889803846886,-1.438779006354634,-2.32274667434387,0.47123889803846886,-1.4907715249057572,0.5235987755982987
14612,1787226770.475871,2.0599094937774174,0.47123889803846886,-1.445718475305768,-2.3344534098908363,0.47123889803846886,-1.491515987149405,0.5235987755982987
14613,1787226770.5254643,2.0612955379052593,0.47123889803846886,-1.462213797978935,-2.3420627879963645,0.47123889803846886,-1.493405111218094,0.5235987755982987
14614,1787226770.5728204,2.0955776645270676,0.47123889803846886,-1.4704574520804816,-2.347008883764958,0.47123889803846886,-1.491026748244328,0.5235987755982987
14615,1787226770.6323316,2.0641692067208828,0.47123889803846886,-1.4722300204872263,-2.3382388435170736,0.47123889803846886,-1.4817146795076714,0.5235987755982987
14616,1787226770.6833224,2.0578475772901696,0.47123889803846886,-1.4658290116789705,-2.333516149978901,0.47123889803846886,-1.4648899841512297,0.5235987755982987
14617,1787226770.7615304,2.1049812238600714,0.47123889803846886,-1.4665958629724059,-2.334959288754739,0.47123889803846886,-1.447648514698571,0.5235987755982987
14618,1787226770.8225615,2.1898058636377686,0.47123889803846886,-1.4332376686598738,-2.3331770507736715,0.47123889803846886,-1.4279715322839894,0.5235987755982987
14619,1787226770.8782215,2.239672264442322,0.47123889803846886,-1.3967980017588344,-2.307038627248387,0.47123889803846886,-1.4065686774610922,0.5235987755982987
14620,1787226770.921035,2.256967587239994,0.47123889803846886,-1.349733261153113,-2.275859389136083,0.47123889803846886,-1.3927318667824027,0.5235987755982987
14621,1787226770.9744794,2.271132470555813,0.47123889803846886,-1.3234691452193759,-2.257561298953429,0.47123889803846886,-1.388802666054236,0.5235987755982987
14622,1787226771.021053,2.2705151375087325,0.47123889803846886,-1.3126291441306728,-2.2541741456168616,0.47123889803846886,-1.389889130944891,0.5235987755982987
14623,1787226771.067227,2.2901149761542907,0.47123889803846886,-1.297114922992907,-2.2759078708745757,0.47123889803846886,-1.3987462523343734,0.5235987755982987
14624,1787226771.1108623,2.265345079813031,0.47123889803846886,-1.2895299083185567,-2.304008187635795,0.47123889803846886,-1.4290641180217922,0.5235987755982987
14625,1787226771.1563525,2.2049904029540848,0.47123889803846886,-1.2900899768677996,-2.3108701250680417,0.47123889803846886,-1.4524436755858936,0.5235987755982987
14626,1787226771.2096963,2.13938853597364,0.47123889803846886,-1.30369841484972,-2.3116984846734674,0.47123889803846886,-1.464228536773843,0.5235987755982987
14627,1787226771.272668,2.105929632541239,0.47123889803846886,-1.3228681359139853,-2.3272720866050745,0.47123889803846886,-1.472880058472009,0.5235987755982987
14628,1787226771.3188856,2.0805569053134043,0.47123889803846886,-1.3454880044202213,-2.3154044420516633,0.47123889803846886,-1.47788964651394,0.5235987755982987
14629,1787226771.3744848,2.0498266954066704,0.47123889803846886,-1.3616671141145988,-2.3033699861838373,0.47123889803846886,-1.4821815874564197,0.5235987755982987
14630,1787226771.4168675,2.0135586061512134,0.47123889803846886,-1.3694814801996398,-2.2902326398502395,0.47123889803846886,-1.4823482983174956,0.5235987755982987
14631,1787226771.4587135,1.990819911143451,0.47123889803846886,-1.3705398381549423,-2.261254278761548,0.47123889803846886,-1.4839210067526931,0.5235987755982987
14632,1787226771.5019994,1.964195276802881,0.47123889803846886,-1.3663348576264138,-2.238480027700186,0.47123889803846886,-1.4869935038858837,0.5235987755982987
14633,1787226771.5475404,1.9876660795371084,0.47123889803846886,-1.356104150247782,-2.2427451405173993,0.47123889803846886,-1.4880440032366562,0.5235987755982987
14634,1787226771.595346,2.0254273896669552,0.47123889803846886,-1.335387020610087,-2.254143686606418,0.47123889803846886,-1.4879884038141986,0.5235987755982987
14635,1787226771.6392906,2.0428208328364788,0.47123889803846886,-1.3178842105083821,-2.270400852967246,0.47123889803846886,-1.4845993953966183,0.5235987755982987
14636,1787226771.693492,2.0558559289645335,0.47123889803846886,-1.3037503501349499,-2.2767415019564283,0.47123889803846886,-1.4835114848255135,0.5235987755982987
14637,1787226771.7434175,2.0768319597387226,0.47123889803846886,-1.2857310377678475,-2.255871422410823,0.47123889803846886,-1.4845353309865628,0.5235987755982987
14638,1787226771.8027537,2.0931420290961844,0.47123889803846886,-1.262539144626397,-2.238431777920901,0.47123889803846886,-1.4797306167221318,0.5235987755982987
14639,1787226771.851093,2.135414126790724,0.47123889803846886,-1.239180061443252,-2.246008222889149,0.47123889803846886,-1.497374506166246,0.5235987755982987
14640,1787226771.907744,2.1770953852980757,0.47123889803846886,-1.2242946632606393,-2.268545383226824,0.47123889803846886,-1.5195295982098715,0.5235987755982987
14641,1787226771.953187,2.205457301431614,0.47123889803846886,-1.2132649646262585,-2.298368893340853,0.47123889803846886,-1.5256296543917318,0.5235987755982987
14642,1787226771.993758,2.210372681604289,0.47123889803846886,-1.2121699515067805,-2.293072958241803,0.47123889803846886,-1.5303017481271763,0.5235987755982987
14643,1787226772.043523,2.219529175589515,0.47123889803846886,-1.2179392595455458,-2.2966133947951812,0.47123889803846886,-1.5335840191795067,0.5235987755982987
14644,1787226772.0877326,2.232067978896114,0.47123889803846886,-1.2234613389000288,-2.3143191693060086,0.47123889803846886,-1.536608216360472,0.5235987755982987
14645,1787226772.1340415,2.214984639465667,0.47123889803846886,-1.230969724796945,-2.3289755316162264,0.47123889803846886,-1.5446096695384162,0.5235987755982987
14646,1787226772.1827128,2.184542637790605,0.47123889803846886,-1.2357666565041363,-2.3159100685622604,0.47123889803846886,-1.553278974301302,0.5235987755982987
14647,1787226772.2335742,2.130395097482883,0.47123889803846886,-1.2355044071663512,-2.289954645781525,0.47123889803846886,-1.556172230428726,0.5235987755982987
14648,1787226772.281739,2.115397230285174,0.47123889803846886,-1.2360243998642173,-2.2834362832746873,0.47123889803846886,-1.5556553903421848,0.5235987755982987
14649,1787226772.3274727,2.091162163102794,0.47123889803846886,-1.2465683852990166,-2.2956684095918747,0.47123889803846886,-1.5541233782128216,0.5235987755982987
14650,1787226772.3703783,2.0481887808345327,0.47123889803846886,-1.266582241166914,-2.304889535479918,0.47123889803846886,-1.5436832458918093,0.5235987755982987
14651,1787226772.4125834,1.9629793305254912,0.47123889803846886,-1.2883431207935572,-2.283093625923197,0.47123889803846886,-1.536365747824941,0.5235987755982987
14652,1787226772.4552083,1.8873117918178703,0.47123889803846886,-1.3088862133651646,-2.2720475451146207,0.47123889803846886,-1.527023033781813,0.5235987755982987
14653,1787226772.4991608,1.854813326742007,0.47123889803846886,-1.3316821367213654,-2.2575381126235943,0.47123889803846886,-1.5184274738887957,0.5235987755982987
14654,1787226772.5441625,1.8464153433254706,0.47123889803846886,-1.3455067414390567,-2.2586798713123506,0.47123889803846886,-1.5132760759969734,0.5235987755982987
14655,1787226772.58976,1.8605286307241995,0.47123889803846886,-1.350564634380977,-2.2750779864356208,0.47123889803846886,-1.507882541872509,0.5235987755982987
14656,1787226772.6352618,1.8765292905552822,0.47123889803846886,-1.3555066586129783,-2.29903888277978,0.47123889803846886,-1.5045782297544166,0.5235987755982987
14657,1787226772.6865861,1.8774273575282519,0.47123889803846886,-1.3566096491150517,-2.315552795339503,0.47123889803846886,-1.5003823191393613,0.5235987755982987
14658,1787226772.729862,1.8705243792426773,0.47123889803846886,-1.3571995645354542,-2.318312672413726,0.47123889803846886,-1.500347558708269,0.5235987755982987
14659,1787226772.7752454,1.8666091276014993,0.47123889803846886,-1.3586262225155643,-2.3272543739167246,0.47123889803846886,-1.5047773848480692,0.5235987755982987
14660,1787226772.8237607,1.9472619062733765,0.47123889803846886,-1.3585646474259185,-2.3373834146131918,0.47123889803846886,-1.5101225620007874,0.5235987755982987
14661,1787226772.8795395,1.989395402414658,0.47123889803846886,-1.3467504738729663,-2.343967291065895,0.47123889803846886,-1.5140427822119191,0.5235987755982987
14662,1787226772.9337742,1.9613719445416975,0.47123889803846886,-1.333641117424822,-2.3051706594887893,0.47123889803846886,-1.5187612919130244,0.5235987755982987
14663,1787226772.979576,1.9108590566162973,0.47123889803846886,-1.3217491233956893,-2.263351530602965,0.47123889803846886,-1.5219026706109926,0.5235987755982987
14664,1787226773.032925,1.8781409317235547,0.47123889803846886,-1.3002657815692622,-2.2179237682300124,0.47123889803846886,-1.5242545832122238,0.5235987755982987
14665,1787226773.0780926,1.885730156612503,0.47123889803846886,-1.2740426301924939,-2.1871414998183765,0.47123889803846886,-1.5311433189873536,0.5235987755982987
14666,1787226773.1264713,1.8898437669562227,0.47123889803846886,-1.2681323527714687,-2.157440763831013,0.47123889803846886,-1.5321359949301003,0.5235987755982987
14667,1787226773.1678877,1.8861812150478365,0.47123889803846886,-1.2811404299583762,-2.1421225156112174,0.47123889803846886,-1.5202837175613126,0.5235987755982987
14668,1787226773.2098112,1.907586208589287,0.47123889803846886,-1.3005515637530818,-2.133384465865008,0.47123889803846886,-1.5044057677437608,0.5235987755982987
14669,1787226773.25455,1.9259631115721254,0.47123889803846886,-1.3132223707307185,-2.1223264575743603,0.47123889803846886,-1.4885151404078312,0.5235987755982987
14670,1787226773.297771,1.9517654316205189,0.47123889803846886,-1.317502714670873,-2.121066421603925,0.47123889803846886,-1.478199144485251,0.5235987755982987
14671,1787226773.347543,1.9694078119335028,0.47123889803846886,-1.3229333168323258,-2.1388892579659027,0.47123889803846886,-1.469858173629483,0.5235987755982987
14672,1787226773.392458,2.0072833693680887,0.47123889803846886,-1.3263615084544436,-2.1737357351928663,0.47123889803846886,-1.4728066597738452,0.5235987755982987
14673,1787226773.4334972,2.040196999738728,0.47123889803846886,-1.3321289326912134,-2.2350888658899155,0.47123889803846886,-1.4821277961650237,0.5235987755982987
14674,1787226773.474848,2.0345565329022923,0.47123889803846886,-1.3330279973658508,-2.2754962764032327,0.47123889803846886,-1.4916226276640676,0.5235987755982987
14675,1787226773.5178728,2.024491847160554,0.47123889803846886,-1.3304915707384926,-2.303740651229422,0.47123889803846886,-1.503417223856954,0.5235987755982987
14676,1787226773.5634124,2.0171967216411963,0.47123889803846886,-1.3280240976227171,-2.322099494866445,0.47123889803846886,-1.5143458991394056,0.5235987755982987
14677,1787226773.6119728,2.011136827771009,0.47123889803846886,-1.3230918004090886,-2.3340327432305097,0.47123889803846886,-1.5200647481534844,0.5235987755982987
14678,1787226773.6561718,2.009573672241128,0.47123889803846886,-1.3225977553381394,-2.341789354667152,0.47123889803846886,-1.5247055699011112,0.5235987755982987
14679,1787226773.6984704,1.9958125231087864,0.47123889803846886,-1.3242831738881968,-2.3468311521009695,0.47123889803846886,-1.5251470781343972,0.5235987755982987
14680,1787226773.7455099,1.966131969852662,0.47123889803846886,-1.3260511239400135,-2.350108320432951,0.47123889803846886,-1.5229072466389748,0.5235987755982987
14681,1787226773.7921822,1.9791935115177965,0.47123889803846886,-1.3265712673112091,-2.352238479848739,0.47123889803846886,-1.5200272951630345,0.5235987755982987
14682,1787226773.8391616,2.009506112730549,0.47123889803846886,-1.3179016240724952,-2.3536230834690013,0.47123889803846886,-1.502513538285721,0.5235987755982987
14683,1787226773.8846385,2.0505297259386235,0.47123889803846886,-1.3018381733128515,-2.3545230758221716,0.47123889803846886,-1.490695319852481,0.5235987755982987
14684,1787226773.934636,2.10571653140701,0.47123889803846886,-1.2846244189699696,-2.355108070851732,0.47123889803846886,-1.4933096933912318,0.5235987755982987
14685,1787226773.978806,2.1079299960391,0.47123889803846886,-1.2662570205182608,-2.3554883176209467,0.47123889803846886,-1.4878925022105207,0.5235987755982987
14686,1787226774.0220413,2.081654496823571,0.47123889803846886,-1.2450368168934298,-2.350157227763697,0.47123889803846886,-1.4866626684043562,0.5235987755982987
14687,1787226774.0671043,2.032988035662186,0.47123889803846886,-1.2206686915721914,-2.3512055180166604,0.47123889803846886,-1.4881399382003873,0.5235987755982987
14688,1787226774.1132655,1.9704142722369722,0.47123889803846886,-1.1946330061919586,-2.3506913647580725,0.47123889803846886,-1.4929258640390475,0.5235987755982987
14689,1787226774.1824863,1.9059380360192992,0.47123889803846886,-1.180377184977528,-2.336248426057352,0.47123889803846886,-1.4973246229485513,0.5235987755982987
14690,1787226774.229163,1.8549889311907453,0.47123889803846886,-1.1805002850624873,-2.319492150258875,0.47123889803846886,-1.5019162954653942,0.5235987755982987
14691,1787226774.2847726,1.848038229837886,0.47123889803846886,-1.1815002196201978,-2.285459409753799,0.47123889803846886,-1.5139067768205083,0.5235987755982987
14692,1787226774.32846,1.8366895078797798,0.47123889803846886,-1.1791446070508234,-2.2656814180443092,0.47123889803846886,-1.5302622836066688,0.5235987755982987
14693,1787226774.3726895,1.849417286093489,0.47123889803846886,-1.1716921777103357,-2.2560811482789385,0.47123889803846886,-1.5416245638203723,0.5235987755982987
14694,1787226774.4148664,1.8614079832474997,0.47123889803846886,-1.160586035596871,-2.248790103862735,0.47123889803846886,-1.5456919843566945,0.5235987755982987
14695,1787226774.460006,1.8667197760102043,0.47123889803846886,-1.1526063045705062,-2.241298381461957,0.47123889803846886,-1.543842440483588,0.5235987755982987
14696,1787226774.5106947,1.872729020161152,0.47123889803846886,-1.143938643990008,-2.2317766499672054,0.47123889803846886,-1.5402996778505278,0.5235987755982987
14697,1787226774.5786927,1.893001903074309,0.47123889803846886,-1.132582054211635,-2.237176460389001,0.47123889803846886,-1.5336732683419054,0.5235987755982987
14698,1787226774.632181,1.8729157743119154,0.47123889803846886,-1.1261988324243688,-2.2172294705044027,0.47123889803846886,-1.5262515062590278,0.5235987755982987
14699,1787226774.6988714,1.8579602935362374,0.47123889803846886,-1.1183461660875276,-2.1970101122517276,0.47123889803846886,-1.5217862768040646,0.5235987755982987
14700,1787226774.7561002,1.8470448347111592,0.47123889803846886,-1.1184518850433647,-2.1750867390950757,0.47123889803846886,-1.5215308801884189,0.5235987755982987
14701,1787226774.809709,1.8434799484531021,0.47123889803846886,-1.113791024228557,-2.130898257682503,0.47123889803846886,-1.5212584647532414,0.5235987755982987
14702,1787226774.8534546,1.8564275086512805,0.47123889803846886,-1.1076229233405983,-2.1142561774023387,0.47123889803846886,-1.5282818194920047,0.5235987755982987
14703,1787226774.9012544,1.8366126040897375,0.47123889803846886,-1.1120513332074569,-2.10219076453086,0.47123889803846886,-1.5431020022391821,0.5235987755982987
14704,1787226774.950837,1.8425532873881068,0.47123889803846886,-1.1235824502128549,-2.1109831264396255,0.47123889803846886,-1.5427478933520171,0.5235987755982987
14705,1787226774.9960856,1.8536422704504303,0.47123889803846886,-1.155222330028124,-2.1134333029114583,0.47123889803846886,-1.5276827781874704,0.5235987755982987
14706,1787226775.0445812,1.861886956277895,0.47123889803846886,-1.1721225951816119,-2.129330472111384,0.47123889803846886,-1.5096401594790556,0.5235987755982987
14707,1787226775.099878,1.8997113933338747,0.47123889803846886,-1.179736851724427,-2.167634441352383,0.47123889803846886,-1.4910333247353793,0.5235987755982987
14708,1787226775.1495414,1.9251691773320636,0.47123889803846886,-1.1929961870422285,-2.1850976630932766,0.47123889803846886,-1.4723127265226135,0.5235987755982987
14709,1787226775.1963735,1.9438357547447755,0.47123889803846886,-1.2002764211872738,-2.209793183431046,0.47123889803846886,-1.4692774988935542,0.5235987755982987
14710,1787226775.2390747,1.9514597953810267,0.47123889803846886,-1.2079721843186413,-2.224109897975659,0.47123889803846886,-1.4645140826430092,0.5235987755982987
14711,1787226775.281709,1.9536139576312086,0.47123889803846886,-1.219925742242661,-2.2372472801052727,0.47123889803846886,-1.4589978075631578,0.5235987755982987
14712,1787226775.324189,1.9506103422519685,0.47123889803846886,-1.2337270478256153,-2.2537147906207933,0.47123889803846886,-1.4607108668632707,0.5235987755982987
14713,1787226775.367621,1.967123307834982,0.47123889803846886,-1.2466641762114254,-2.2753310996002143,0.47123889803846886,-1.4671951641180632,0.5235987755982987
14714,1787226775.4157248,1.9719634430080846,0.47123889803846886,-1.2618187804632401,-2.302656710965479,0.47123889803846886,-1.475804677183886,0.5235987755982987
14715,1787226775.463353,1.9736734864249907,0.47123889803846886,-1.2795133129270275,-2.3190786393065057,0.47123889803846886,-1.4808382705047247,0.5235987755982987
14716,1787226775.5074172,1.9831806525841658,0.47123889803846886,-1.2943967683296176,-2.3320691871165495,0.47123889803846886,-1.4826770577059447,0.5235987755982987
14717,1787226775.554557,2.00179299286143,0.47123889803846886,-1.3178818047982637,-2.340513043193078,0.47123889803846886,-1.4808766267707958,0.5235987755982987
14718,1787226775.5970204,1.993554847045031,0.47123889803846886,-1.3371505855993742,-2.3437314881642517,0.47123889803846886,-1.4794354878632319,0.5235987755982987
14719,1787226775.6444244,1.9984570916405324,0.47123889803846886,-1.3533665887924855,-2.3480935388740845,0.47123889803846886,-1.4751076992349148,0.5235987755982987
14720,1787226775.6926174,2.000558472251023,0.47123889803846886,-1.3658783077275198,-2.3509288718354755,0.47123889803846886,-1.4669627618057244,0.5235987755982987
14721,1787226775.7364047,2.0038204430666084,0.47123889803846886,-1.3773161493102961,-2.35277183826038,0.47123889803846886,-1.4567867323463426,0.5235987755982987
14722,1787226775.7830298,2.0104939938212643,0.47123889803846886,-1.3869288889655331,-2.34572371202397,0.47123889803846886,-1.4468334266056542,0.5235987755982987
14723,1787226775.8289108,1.9997471251789496,0.47123889803846886,-1.394708952571599,-2.2948447575594266,0.47123889803846886,-1.4385938046053013,0.5235987755982987
14724,1787226775.8720627,2.002912408323206,0.47123889803846886,-1.4012961434204874,-2.280403074318539,0.47123889803846886,-1.432582296721593,0.5235987755982987
14725,1787226775.914124,2.0222674088846984,0.47123889803846886,-1.4063752923431803,-2.2884009713933198,0.47123889803846886,-1.4287782395501725,0.5235987755982987
14726,1787226775.9554005,2.036832518793939,0.47123889803846886,-1.4110387758629666,-2.290312730625463,0.47123889803846886,-1.424374355936551,0.5235987755982987
14727,1787226776.0047169,2.0442486286422095,0.47123889803846886,-1.4167428098798964,-2.2869724952838197,0.47123889803846886,-1.4208576981413836,0.5235987755982987
14728,1787226776.0515597,2.0440501821472825,0.47123889803846886,-1.4233782292733579,-2.2834352100154502,0.47123889803846886,-1.4173557731812587,0.5235987755982987
14729,1787226776.09387,2.046710691782551,0.47123889803846886,-1.4301649592627528,-2.292045848911988,0.47123889803846886,-1.4126170020520066,0.5235987755982987
14730,1787226776.13874,2.055266115451431,0.47123889803846886,-1.4357158586222276,-2.2929606091032815,0.47123889803846886,-1.4036455454178536,0.5235987755982987
14731,1787226776.181143,2.0834362474916515,0.47123889803846886,-1.4422117316103278,-2.30570232297926,0.47123889803846886,-1.3904992658774737,0.5235987755982987
14732,1787226776.2236457,2.1415457451031568,0.47123889803846886,-1.4434102551721577,-2.32337458150384,0.47123889803846886,-1.3721091559474337,0.5235987755982987
14733,1787226776.266158,2.1723287512801885,0.47123889803846886,-1.4387373605979574,-2.32196749684938,0.47123889803846886,-1.3491606375909704,0.5235987755982987
14734,1787226776.3155324,2.1562367566411664,0.47123889803846886,-1.431793237442078,-2.3025541930359137,0.47123889803846886,-1.3199162279546366,0.5235987755982987
14735,1787226776.3645048,2.1471621235453564,0.47123889803846886,-1.4232306892988542,-2.2734724007523646,0.47123889803846886,-1.2709945952756851,0.5235987755982987
14736,1787226776.407975,2.1525200821619945,0.47123889803846886,-1.413932077271156,-2.273404755282117,0.47123889803846886,-1.214697592801106,0.5235987755982987
14737,1787226776.451343,2.1526414064704014,0.47123889803846886,-1.404618131741437,-2.266814398828439,0.47123889803846886,-1.1499378839835281,0.5235987755982987
14738,1787226776.4971728,2.175058030369047,0.47123889803846886,-1.4020297282366012,-2.277335852920186,0.47123889803846886,-1.0813505769637337,0.5235987755982987
14739,1787226776.5541217,2.1825670888932214,0.47123889803846886,-1.3976045724020547,-2.2691812796753235,0.47123889803846886,-1.0095483377609002,0.5235987755982987
14740,1787226776.5987334,2.231174946568869,0.47123889803846886,-1.3941990414030985,-2.2836423478829,0.47123889803846886,-0.9154657712233897,0.5235987755982987
14741,1787226776.6580677,2.2615537147566904,0.47123889803846886,-1.389955137890783,-2.2720243114541683,0.47123889803846886,-0.8212588624126875,0.5235987755982987
14742,1787226776.7184849,2.2640848002775726,0.47123889803846886,-1.3780799457464363,-2.254241120816908,0.47123889803846886,-0.7462451193961566,0.5235987755982987
14743,1787226776.7826822,2.260595482112926,0.47123889803846886,-1.3780767631511834,-2.2465354166785643,0.47123889803846886,-0.673554886526933,0.5235987755982987
14744,1787226776.8314304,2.272513484781352,0.47123889803846886,-1.3781664528310178,-2.2265406065365054,0.47123889803846886,-0.6150740318293131,0.5235987755982987
14745,1787226776.8983493,2.2809570628333926,0.47123889803846886,-1.3844162806106444,-2.213485575496993,0.47123889803846886,-0.5619974810532392,0.5235987755982987
14746,1787226776.9444401,2.2898594037054405,0.47123889803846886,-1.391783408156523,-2.2111698523441095,0.47123889803846886,-0.5202393888546235,0.5235987755982987
14747,1787226777.0028696,2.2934627425375687,0.47123889803846886,-1.3975791722421882,-2.2038596466370786,0.47123889803846886,-0.4914005210832517,0.5235987755982987
14748,1787226777.0469785,2.2980131317419024,0.47123889803846886,-1.4041351342116266,-2.212202885826636,0.47123889803846886,-0.4667914076491783,0.5235987755982987
14749,1787226777.096825,2.297394608275909,0.47123889803846886,-1.4083423391765881,-2.1962812326297745,0.47123889803846886,-0.44317411674119356,0.5235987755982987
14750,1787226777.1393805,2.2876708290682135,0.47123889803846886,-1.41155714968914,-2.193206227820223,0.47123889803846886,-0.42965326843829527,0.5235987755982987
14751,1787226777.180241,2.2840341628951966,0.47123889803846886,-1.4152732761414926,-2.195785898577202,0.47123889803846886,-0.4202904316006866,0.5235987755982987
14752,1787226777.2262397,2.2829868500445256,0.47123889803846886,-1.4174362370602276,-2.1883776083782243,0.47123889803846886,-0.4111641381935236,0.5235987755982987
14753,1787226777.2695296,2.2809600491112247,0.47123889803846886,-1.4186809302238577,-2.177911189451575,0.47123889803846886,-0.4059562602239379,0.5235987755982987
14754,1787226777.3119955,2.27611189029737,0.47123889803846886,-1.4199556488559435,-2.1753973813656313,0.47123889803846886,-0.4029977619030154,0.5235987755982987
14755,1787226777.3569677,2.273591716921989,0.47123889803846886,-1.420773790970256,-2.169647465262278,0.47123889803846886,-0.4026643504297158,0.5235987755982987
14756,1787226777.40505,2.268383452853699,0.47123889803846886,-1.4213562087873348,-2.176452877650841,0.47123889803846886,-0.40384850217227664,0.5235987755982987
14757,1787226777.451573,2.2632755334123607,0.47123889803846886,-1.4216958325035554,-2.181285984025064,0.47123889803846886,-0.4057301501675456,0.5235987755982987
14758,1787226777.5019302,2.258809190865736,0.47123889803846886,-1.4218688161286919,-2.1793984868547147,0.47123889803846886,-0.40768836784441725,0.5235987755982987
14759,1787226777.5458891,2.2565563922469245,0.47123889803846886,-1.4219902166594913,-2.1782494209492063,0.47123889803846886,-0.40968269929982926,0.5235987755982987
14760,1787226777.5906496,2.256385825020923,0.47123889803846886,-1.4222055534183866,-2.179024437156653,0.47123889803846886,-0.4112447017158133,0.5235987755982987
14761,1787226777.6346445,2.2553330390437267,0.47123889803846886,-1.4228852834011125,-2.179899558998164,0.47123889803846886,-0.41135135218992414,0.5235987755982987
14762,1787226777.6888986,2.258036363620678,0.47123889803846886,-1.4239090023649803,-2.183612486197895,0.47123889803846886,-0.41067336172346114,0.5235987755982987
14763,1787226777.7449498,2.2649215846651916,0.47123889803846886,-1.425073462224444,-2.191533282142826,0.47123889803846886,-0.4100425376572534,0.5235987755982987
14764,1787226777.7985115,2.2729378943946434,0.47123889803846886,-1.4263918350220124,-2.19311962820601,0.47123889803846886,-0.4097527287070325,0.5235987755982987
14765,1787226777.8537772,2.277985848011482,0.47123889803846886,-1.4280039806384672,-2.181535363243033,0.47123889803846886,-0.4144982628736854,0.5235987755982987
14766,1787226777.8993108,2.2621311617944575,0.47123889803846886,-1.4295693632378912,-2.187307112357681,0.47123889803846886,-0.4241754708390274,0.5235987755982987
14767,1787226777.9529884,2.207076650930939,0.47123889803846886,-1.432685017982367,-2.2035730980244823,0.47123889803846886,-0.43967317410715856,0.5235987755982987
14768,1787226777.9954247,2.193777210799128,0.47123889803846886,-1.4464970741524796,-2.2144194145232237,0.47123889803846886,-0.4658379104209882,0.5235987755982987
14769,1787226778.0531082,2.210355783235874,0.47123889803846886,-1.465703486493751,-2.2223617131357485,0.47123889803846886,-0.5121656623105879,0.5235987755982987
14770,1787226778.1006207,2.2249703266727026,0.47123889803846886,-1.4864212682945888,-2.2197678229760007,0.47123889803846886,-0.5597487013462972,0.5235987755982987
14771,1787226778.1490655,2.2249719400296897,0.47123889803846886,-1.5076415930714564,-2.214301954952086,0.47123889803846886,-0.625414131857521,0.5235987755982987
14772,1787226778.1939933,2.205114685182705,0.47123889803846886,-1.5280743318647823,-2.2168402830806935,0.47123889803846886,-0.7157029720384549,0.5235987755982987
14773,1787226778.23817,2.1904509228801023,0.47123889803846886,-1.5414084580829805,-2.2355822027510572,0.47123889803846886,-0.8111089949198369,0.5235987755982987
14774,1787226778.2800481,2.1955658561770512,0.47123889803846886,-1.5500723694265692,-2.273809983450819,0.47123889803846886,-0.8900843687317862,0.5235987755982987
14775,1787226778.3225012,2.202986321284352,0.47123889803846886,-1.5561170816194978,-2.302644560810353,0.47123889803846886,-0.9636863907422,0.5235987755982987
14776,1787226778.3639536,2.208206490889723,0.47123889803846886,-1.5578686610283694,-2.32138703609405,0.47123889803846886,-1.0215181275411085,0.5235987755982987
14777,1787226778.4099185,2.208214004279407,0.47123889803846886,-1.5547244450623938,-2.3273915683995883,0.47123889803846886,-1.0654205175149967,0.5235987755982987
14778,1787226778.46051,2.202063363056799,0.47123889803846886,-1.554986456931349,-2.31100594992641,0.47123889803846886,-1.1080601503891803,0.5235987755982987
14779,1787226778.5036974,2.1999474077918784,0.47123889803846886,-1.5591079912720214,-2.2869491908883086,0.47123889803846886,-1.1444900320040239,0.5235987755982987
14780,1787226778.544163,2.202364655772343,0.47123889803846886,-1.5586997572255963,-2.260105558698293,0.47123889803846886,-1.179119856966667,0.5235987755982987
14781,1787226778.5887115,2.2142911146944475,0.47123889803846886,-1.5527896739221931,-2.2618511857146086,0.47123889803846886,-1.2115576060592543,0.5235987755982987
14782,1787226778.6395748,2.1733663331369426,0.47123889803846886,-1.537897157359724,-2.201256947400086,0.47123889803846886,-1.2463056540676074,0.5235987755982987
14783,1787226778.6856952,2.144760292856958,0.47123889803846886,-1.5258670070885452,-2.1844235945497523,0.47123889803846886,-1.2744350857117122,0.5235987755982987
14784,1787226778.7353063,2.1377530346223423,0.47123889803846886,-1.5175765510418493,-2.1841997518702017,0.47123889803846886,-1.2983711096772494,0.5235987755982987
14785,1787226778.7791557,2.1440156218188298,0.47123889803846886,-1.5087616414346607,-2.1893496521151175,0.47123889803846886,-1.3166616543916774,0.5235987755982987
14786,1787226778.8255596,2.195003081009167,0.47123889803846886,-1.4976915598919236,-2.2273839826241817,0.47123889803846886,-1.3382408722424959,0.5235987755982987
14787,1787226778.8737333,2.2300406650186337,0.47123889803846886,-1.4898680278905756,-2.2724676602730387,0.47123889803846886,-1.3637394028382444,0.5235987755982987
14788,1787226778.9230688,2.274194503829433,0.47123889803846886,-1.4881868908721587,-2.3017720507447956,0.47123889803846886,-1.389625052747777,0.5235987755982987
14789,1787226778.9716861,2.3028944990564524,0.47123889803846886,-1.4891912867856272,-2.320819904551438,0.47123889803846886,-1.4115044648210517,0.5235987755982987
14790,1787226779.012695,2.321549495954015,0.47123889803846886,-1.4932245114751908,-2.333201009525755,0.47123889803846886,-1.4293852146966375,0.5235987755982987
14791,1787226779.0545545,2.3336752439374306,0.47123889803846886,-1.4959373331980892,-2.3412487277590617,0.47123889803846886,-1.4395372004697031,0.5235987755982987
14792,1787226779.0962706,2.3415569801266507,0.47123889803846886,-1.5005665814786013,-2.346479744610711,0.47123889803846886,-1.4424678831093312,0.5235987755982987
14793,1787226779.1399724,2.3466801086496436,0.47123889803846886,-1.503252787222849,-2.3498799055642827,0.47123889803846886,-1.4412611551453054,0.5235987755982987
14794,1787226779.1855264,2.350010142189589,0.47123889803846886,-1.5073737424824318,-2.3520900101841047,0.47123889803846886,-1.4380339142845835,0.5235987755982987
14795,1787226779.237509,2.352174663990554,0.47123889803846886,-1.5109972552799906,-2.3535265781869885,0.47123889803846886,-1.4367638517568966,0.5235987755982987
14796,1787226779.2830393,2.3535816031611807,0.47123889803846886,-1.512039621990592,-2.354460347388863,0.47123889803846886,-1.4368916011990083,0.5235987755982987
14797,1787226779.3303714,2.354496113622088,0.47123889803846886,-1.5093639832891288,-2.3550672973700815,0.47123889803846886,-1.4356971609983225,0.5235987755982987
14798,1787226779.3790553,2.355090545421678,0.47123889803846886,-1.5069221066559153,-2.3554618148578736,0.47123889803846886,-1.4341629726699008,0.5235987755982987
14799,1787226779.4264274,2.3554769260914115,0.47123889803846886,-1.5056933609658145,-2.3557182512249386,0.47123889803846886,-1.4338044130066183,0.5235987755982987
14800,1787226779.4699707,2.3557280735267385,0.47123889803846886,-1.5039580603260374,-2.355884934863531,0.47123889803846886,-1.4325511276983822,0.5235987755982987
14801,1787226779.5193584,2.355891319359701,0.47123889803846886,-1.5030281598193298,-2.355993279228616,0.47123889803846886,-1.4331981114394556,0.5235987755982987
14802,1787226779.5603201,2.3559974291511265,0.47123889803846886,-1.5021757725258924,-2.356063703065921,0.47123889803846886,-1.4343049038454834,0.5235987755982987
14803,1787226779.612605,2.356066400515553,0.47123889803846886,-1.5016420198638754,-2.3561094785601693,0.47123889803846886,-1.4344244287977252,0.5235987755982987
14804,1787226779.6582468,2.35611123190243,0.47123889803846886,-1.5005647549448096,-2.3561392326314308,0.47123889803846886,-1.43412131390176,0.5235987755982987
14805,1787226779.700954,2.3561403723039005,0.47123889803846886,-1.4993237636215773,-2.3561585727777508,0.47123889803846886,-1.4344368485735974,0.5235987755982987
14806,1787226779.745633,2.3561593135648558,0.47123889803846886,-1.498708925038715,-2.3561711438728588,0.47123889803846886,-1.4344994935171353,0.5235987755982987
14807,1787226779.788207,2.356171625384477,0.47123889803846886,-1.498121951156267,-2.3561793150846793,0.47123889803846886,-1.4349357004269145,0.5235987755982987
14808,1787226779.839146,2.3561796280672307,0.47123889803846886,-1.4994506490528146,-2.3561846263723623,0.47123889803846886,-1.4389412595978934,0.5235987755982987
14809,1787226779.8843753,2.3561848298110206,0.47123889803846886,-1.5007926667513563,-2.3561880787093563,0.47123889803846886,-1.4439487293631088,0.5235987755982987
14810,1787226779.9339619,2.356188210944484,0.47123889803846886,-1.5014991506527933,-2.3561903227284025,0.47123889803846886,-1.448656953138448,0.5235987755982987
14811,1787226779.987565,2.3561904086812353,0.47123889803846886,-1.5021863455289917,-2.356191781340782,0.47123889803846886,-1.4538981238692013,0.5235987755982987
14812,1787226780.040587,2.3561918372101234,0.47123889803846886,-1.5039592306090883,-2.3561927294388294,0.47123889803846886,-1.4603294450621978,0.5235987755982987
14813,1787226780.0881355,2.3561927657539012,0.47123889803846886,-1.505680115425477,-2.35619334570256,0.47123889803846886,-1.4668616822252294,0.5235987755982987
14814,1787226780.1317859,2.3561933693073565,0.47123889803846886,-1.50737847064967,-2.356193746273985,0.47123889803846886,-1.472693709060798,0.5235987755982987
14815,1787226780.1768901,2.3561937616171025,0.47123889803846886,-1.5085172325778569,-2.356194006645411,0.47123889803846886,-1.477515331575376,0.5235987755982987
14816,1787226780.2191017,2.3561940166184376,0.47123889803846886,-1.5093198291665537,-2.356194175886838,0.47123889803846886,-1.4812118831081302,0.5235987755982987
14817,1787226780.2683861,2.356194182369305,0.47123889803846886,-1.5100880257566263,-2.3561942858937654,0.47123889803846886,-1.4836817110765297,0.5235987755982987
14818,1787226780.317257,2.3561942901073687,0.47123889803846886,-1.5112239152590594,-2.356194357398268,0.47123889803846886,-1.4856363963185386,0.5235987755982987
14819,1787226780.36901,2.3561943601371107,0.47123889803846886,-1.5129231001433467,-2.356194403876195,0.47123889803846886,-1.4882358042695563,0.5235987755982987
14820,1787226780.4138021,2.356194405656443,0.47123889803846886,-1.5161775132800723,-2.3561944340868477,0.47123889803846886,-1.4914580642888449,0.5235987755982987
14821,1787226780.458022,2.3561944352440087,0.47123889803846886,-1.5226502156236785,-2.356194453723772,0.47123889803846886,-1.4985366282202977,0.5235987755982987
14822,1787226780.5136583,2.3561944544759266,0.47123889803846886,-1.526851294032598,-2.3561944664877723,0.47123889803846886,-1.505404272748458,0.5235987755982987
14823,1787226780.5739555,2.356194466976673,0.47123889803846886,-1.5273552133088828,-2.356040066358467,0.47123889803846886,-1.5127571314034562,0.5235987755982987
14824,1787226780.6217694,2.344068895024095,0.47123889803846886,-1.525895506027838,-2.344822277419267,0.47123889803846886,-1.5203794632083545,0.5235987755982987
14825,1787226780.6670582,2.3429523030429302,0.47123889803846886,-1.5231670606728294,-2.340686291597832,0.47123889803846886,-1.524587583447008,0.5235987755982987
14826,1787226780.711214,2.2986221618962572,0.47123889803846886,-1.5126818711518886,-2.2912361206333993,0.47123889803846886,-1.5232247971654602,0.5235987755982987
14827,1787226780.7528768,2.2831363032400236,0.47123889803846886,-1.4994961174079497,-2.271930173387894,0.47123889803846886,-1.517001955891276,0.5235987755982987
14828,1787226780.8022342,2.2746305970638483,0.47123889803846886,-1.4799780480289644,-2.2693574872028925,0.47123889803846886,-1.5060511036544986,0.5235987755982987
14829,1787226780.8518848,2.277666753463097,0.47123889803846886,-1.4663472148797356,-2.2883707549668335,0.47123889803846886,-1.4920717280765017,0.5235987755982987
14830,1787226780.9069943,2.2768021851781723,0.47123889803846886,-1.455282720554011,-2.3068695287339738,0.47123889803846886,-1.479903614921656,0.5235987755982987
14831,1787226780.9546056,2.2646344558675118,0.47123889803846886,-1.4487731174531022,-2.310322445288679,0.47123889803846886,-1.4715962195341428,0.5235987755982987
14832,1787226781.0154736,2.2336451138303612,0.47123889803846886,-1.4479733379279416,-2.2802122809597174,0.47123889803846886,-1.4704529434581817,0.5235987755982987
14833,1787226781.0697598,2.207494357312869,0.47123889803846886,-1.4497399261664201,-2.2507891362092414,0.47123889803846886,-1.4722178639878614,0.5235987755982987
14834,1787226781.1205778,2.2052637881168726,0.47123889803846886,-1.453597870034212,-2.2260775241145407,0.47123889803846886,-1.4742988627024962,0.5235987755982987
14835,1787226781.173536,2.2042381014356343,0.47123889803846886,-1.4572973808717227,-2.19964661959746,0.47123889803846886,-1.474785538723342,0.5235987755982987
14836,1787226781.2155645,2.2084881849238993,0.47123889803846886,-1.461445107510279,-2.1747783881720117,0.47123889803846886,-1.4738762180867342,0.5235987755982987
14837,1787226781.2610288,2.2129341371707367,0.47123889803846886,-1.4649513848050153,-2.1509666625741284,0.47123889803846886,-1.472919363410147,0.5235987755982987
14838,1787226781.3061707,2.2091582257075255,0.47123889803846886,-1.4695472196073518,-2.143659308559357,0.47123889803846886,-1.4716141300896686,0.5235987755982987
14839,1787226781.3538847,2.210547161468017,0.47123889803846886,-1.4752294432470436,-2.135054915771771,0.47123889803846886,-1.4702873250506607,0.5235987755982987
14840,1787226781.3961847,2.2088985173642977,0.47123889803846886,-1.480695723286281,-2.134317334593298,0.47123889803846886,-1.4706747294205806,0.5235987755982987
14841,1787226781.4389076,2.205815104239785,0.47123889803846886,-1.4848931518853048,-2.138352301065199,0.47123889803846886,-1.472049685259948,0.5235987755982987
14842,1787226781.4829266,2.209926601339019,0.47123889803846886,-1.4879081510862053,-2.150602518861894,0.47123889803846886,-1.4748148189105774,0.5235987755982987
14843,1787226781.5261827,2.213114623944734,0.47123889803846886,-1.4897808564222361,-2.171054514458383,0.47123889803846886,-1.476789952186076,0.5235987755982987
14844,1787226781.5705268,2.217359114221924,0.47123889803846886,-1.489915430277373,-2.1936148366628148,0.47123889803846886,-1.478486774310247,0.5235987755982987
14845,1787226781.6247072,2.2218009856847116,0.47123889803846886,-1.4893214084986477,-2.214191266457369,0.47123889803846886,-1.4795992001150937,0.5235987755982987
14846,1787226781.6714716,2.2236483628824164,0.47123889803846886,-1.4879867879435844,-2.225296622917174,0.47123889803846886,-1.480678106700976,0.5235987755982987
14847,1787226781.7145972,2.2215214841926536,0.47123889803846886,-1.4870020952805882,-2.239507245927474,0.47123889803846886,-1.4818881804644577,0.5235987755982987
14848,1787226781.7635355,2.221864578674834,0.47123889803846886,-1.4862792801609834,-2.249361765185104,0.47123889803846886,-1.482879635263982,0.5235987755982987
14849,1787226781.80919,2.220725088716009,0.47123889803846886,-1.4857210909884366,-2.2521785938253385,0.47123889803846886,-1.4837006614055146,0.5235987755982987
14850,1787226781.8563504,2.2266455261395315,0.47123889803846886,-1.4852627134442171,-2.2527720352991474,0.47123889803846886,-1.4842453460392728,0.5235987755982987
14851,1787226781.8971229,2.230598900596786,0.47123889803846886,-1.4849830242953348,-2.2582007083446873,0.47123889803846886,-1.4845318906918359,0.5235987755982987
14852,1787226781.946713,2.2382366627575516,0.47123889803846886,-1.485087270241968,-2.2697348928030285,0.47123889803846886,-1.484595238951941,0.5235987755982987
14853,1787226781.9957964,2.241329200613485,0.47123889803846886,-1.4848107648580608,-2.2926712437447145,0.47123889803846886,-1.4845225118129695,0.5235987755982987
14854,1787226782.042744,2.2429335254200966,0.47123889803846886,-1.4851710336228465,-2.3149043800013853,0.47123889803846886,-1.4841584944340356,0.5235987755982987
14855,1787226782.0865262,2.2452535078838,0.47123889803846886,-1.486383239890945,-2.329355918568221,0.47123889803846886,-1.4806652368364701,0.5235987755982987
14856,1787226782.1385896,2.248624165547576,0.47123889803846886,-1.4883084528871244,-2.3387494186366644,0.47123889803846886,-1.4778435185649044,0.5235987755982987
14857,1787226782.187417,2.260646678655643,0.47123889803846886,-1.4887510384782836,-2.344855193681153,0.47123889803846886,-1.4720528265912658,0.5235987755982987
14858,1787226782.2329557,2.2388676170528354,0.47123889803846886,-1.4915597727786631,-2.337300397482122,0.47123889803846886,-1.4638626527861602,0.5235987755982987
14859,1787226782.2838352,2.2289700295425847,0.47123889803846886,-1.4958263150093452,-2.2806482010691203,0.47123889803846886,-1.4576301646450625,0.5235987755982987
14860,1787226782.326881,2.232395820798579,0.47123889803846886,-1.498298235748655,-2.2103630669275196,0.47123889803846886,-1.4477413243057686,0.5235987755982987
14861,1787226782.3768609,2.248157093086954,0.47123889803846886,-1.498600870354526,-2.1626694404650153,0.47123889803846886,-1.4392568792544942,0.5235987755982987
14862,1787226782.4336796,2.2675171433954096,0.47123889803846886,-1.4968391878223604,-2.1446309909696195,0.47123889803846886,-1.4365698166061245,0.5235987755982987
14863,1787226782.4837363,2.298554214774337,0.47123889803846886,-1.4914055670522188,-2.218535987461783,0.47123889803846886,-1.4368037966809588,0.5235987755982987
14864,1787226782.527453,2.3187283111706396,0.47123889803846886,-1.4861099968709193,-2.26671646341748,0.47123889803846886,-1.4374162475017869,0.5235987755982987
14865,1787226782.5695891,2.3318414738282365,0.47123889803846886,-1.4839055306016304,-2.298033772788683,0.47123889803846886,-1.4357201868924407,0.5235987755982987
14866,1787226782.6168616,2.3403650295556746,0.47123889803846886,-1.4851610217921176,-2.3183900238799646,0.47123889803846886,-1.4349398668776958,0.5235987755982987
14867,1787226782.6601586,2.3459053407785095,0.47123889803846886,-1.4921564902646791,-2.331621587089298,0.47123889803846886,-1.4360015520339138,0.5235987755982987
14868,1787226782.7087915,2.349506543073352,0.47123889803846886,-1.500384227306596,-2.340222103175364,0.47123889803846886,-1.4376046988827949,0.5235987755982987
14869,1787226782.7640712,2.3518473245649996,0.47123889803846886,-1.5085333586286713,-2.3458124386313073,0.47123889803846886,-1.4421705205034683,0.5235987755982987
14870,1787226782.8073552,2.3533688325345707,0.47123889803846886,-1.5133389601222227,-2.3494461566776703,0.47123889803846886,-1.4485820548512192,0.5235987755982987
14871,1787226782.8526638,2.3543578127147917,0.47123889803846886,-1.5137838539118036,-2.351808073407806,0.47123889803846886,-1.4526046700254818,0.5235987755982987
14872,1787226782.895399,2.3550006498319354,0.47123889803846886,-1.5105703830543882,-2.353343319282395,0.47123889803846886,-1.4548523606113757,0.5235987755982987
14873,1787226782.9465265,2.3554184939580787,0.47123889803846886,-1.5074369162749837,-2.3543412291008776,0.47123889803846886,-1.4539606515998218,0.5235987755982987
14874,1787226782.9924455,2.3556900926400717,0.47123889803846886,-1.504944236635242,-2.354989870482891,0.47123889803846886,-1.4519865289811327,0.5235987755982987
14875,1787226783.0370593,2.3558666317833676,0.47123889803846886,-1.499127121214117,-2.3554114873811995,0.47123889803846886,-1.4477448019394155,0.5235987755982987
14876,1787226783.0795486,2.35598138222651,0.47123889803846886,-1.4916571485581573,-2.3556855383651003,0.47123889803846886,-1.4433971628046685,0.5235987755982987
14877,1787226783.1250925,2.3560559700145522,0.47123889803846886,-1.480980532744168,-2.355863671504636,0.47123889803846886,-1.438987850668944,0.5235987755982987
14878,1787226783.1661396,2.3561044520767798,0.47123889803846886,-1.4728021772606126,-2.355979458045334,0.47123889803846886,-1.4363435223113834,0.5235987755982987
14879,1787226783.2135968,2.3561359654172276,0.47123889803846886,-1.4664780804997033,-2.356054719296788,0.47123889803846886,-1.4349633580053403,0.5235987755982987
14880,1787226783.2580214,2.3561564490885187,0.47123889803846886,-1.4617318044675205,-2.356103639110233,0.47123889803846886,-1.4342675249690169,0.5235987755982987
14881,1787226783.3009431,2.356169763474858,0.47123889803846886,-1.4581120721156076,-2.356135436988972,0.47123889803846886,-1.4331714032406753,0.5235987755982987
14882,1787226783.3506603,2.356178417825978,0.47123889803846886,-1.45557210012376,-2.356156105610153,0.47123889803846886,-1.4317071825386694,0.5235987755982987
14883,1787226783.3929646,2.3561840431542063,0.47123889803846886,-1.4537888270967632,-2.35616954021392,0.47123889803846886,-1.4299164178465846,0.5235987755982987
14884,1787226783.437983,2.356187699617555,0.47123889803846886,-1.4520257736927231,-2.356178272706369,0.47123889803846886,-1.4282089837116774,0.5235987755982987
14885,1787226783.4819696,2.3561900763187316,0.47123889803846886,-1.4492359864719164,-2.3561839488264607,0.47123889803846886,-1.4263840598364004,0.5235987755982987
14886,1787226783.5237315,2.356191621174496,0.47123889803846886,-1.4461243391872816,-2.35618763830452,0.47123889803846886,-1.425057567347418,0.5235987755982987
14887,1787226783.576154,2.3561926253307433,0.47123889803846886,-1.440866987633711,-2.356190036465259,0.47123889803846886,-1.4234586787475814,0.5235987755982987
14888,1787226783.6246576,2.356193278032304,0.47123889803846886,-1.4356545493926212,-2.356191595269739,0.47123889803846886,-1.4221563633552396,0.5235987755982987
14889,1787226783.6705048,2.354959681456222,0.47123889803846886,-1.4324823840554248,-2.356192608492651,0.47123889803846886,-1.421450688527781,0.5235987755982987
14890,1787226783.7163026,2.3445644363361895,0.47123889803846886,-1.4288141413615523,-2.356193267087544,0.47123889803846886,-1.420996630890762,0.5235987755982987
14891,1787226783.7637074,2.348634955185844,0.47123889803846886,-1.4265302178936454,-2.356193695174224,0.47123889803846886,-1.4204841242904434,0.5235987755982987
14892,1787226783.808015,2.3483574300455623,0.47123889803846886,-1.4259732117267336,-2.3561939734305666,0.47123889803846886,-1.4210603620949493,0.5235987755982987
14893,1787226783.858143,2.3511004010969363,0.47123889803846886,-1.4275432622719397,-2.3561941542971887,0.47123889803846886,-1.4222811140653666,0.5235987755982987
14894,1787226783.901035,2.3528833322803293,0.47123889803846886,-1.4297882127576171,-2.3561942718604936,0.47123889803846886,-1.4258709280853417,0.5235987755982987
14895,1787226783.950912,2.354042237549535,0.47123889803846886,-1.4349701911630612,-2.3561943482766416,0.47123889803846886,-1.4322687116003985,0.5235987755982987
14896,1787226783.9980192,2.3547955259745184,0.47123889803846886,-1.4435906591545198,-2.356194397947138,0.47123889803846886,-1.4376716084937256,0.5235987755982987
14897,1787226784.043817,2.3552851634507577,0.47123889803846886,-1.4538733782647886,-2.3561944302329603,0.47123889803846886,-1.4478731607088746,0.5235987755982987
14898,1787226784.0836172,2.3556034278103133,0.47123889803846886,-1.466308564357932,-2.356194451218745,0.47123889803846886,-1.4654960146367526,0.5235987755982987
14899,1787226784.1254418,2.355810299644024,0.47123889803846886,-1.48062294692748,-2.356194464859505,0.47123889803846886,-1.486347231182032,0.5235987755982987
14900,1787226784.1658125,2.3559447663359365,0.47123889803846886,-1.488885602575202,-2.356194473725999,0.47123889803846886,-1.5069797068678354,0.5235987755982987
14901,1787226784.2208056,2.3560321696856796,0.47123889803846886,-1.4908651100049635,-2.3561944794892202,0.47123889803846886,-1.5256783502339553,0.5235987755982987
14902,1787226784.2769165,2.3560889818630124,0.47123889803846886,-1.4908391331851654,-2.356194483235314,0.47123889803846886,-1.5414482747808784,0.5235987755982987
14903,1787226784.3265584,2.334545224353283,0.47123889803846886,-1.4859456904802961,-2.313482283806359,0.47123889803846886,-1.548351871615106,0.5235987755982987
14904,1787226784.3701313,2.3017732045648556,0.47123889803846886,-1.4743860257829002,-2.284604123306023,0.47123889803846886,-1.5531162621599348,0.5235987755982987
14905,1787226784.4101942,2.2750987083784633,0.47123889803846886,-1.4637331763677317,-2.2818588559777027,0.47123889803846886,-1.5511797115461081,0.5235987755982987
14906,1787226784.4523985,2.2377001719222314,0.47123889803846886,-1.4525896336967974,-2.277234726442718,0.47123889803846886,-1.541059803802184,0.5235987755982987
14907,1787226784.496652,2.2163625066712114,0.47123889803846886,-1.4419294435696237,-2.2904496835836015,0.47123889803846886,-1.52251760978737,0.5235987755982987
14908,1787226784.5507774,2.189686848572601,0.47123889803846886,-1.4315407622831304,-2.3053169995888134,0.47123889803846886,-1.5004155809330224,0.5235987755982987
14909,1787226784.5932667,2.173194872379085,0.47123889803846886,-1.4286365274438293,-2.3072062244463516,0.47123889803846886,-1.485547493213899,0.5235987755982987
14910,1787226784.6374438,2.171841376516137,0.47123889803846886,-1.4334639487432155,-2.2891949108380762,0.47123889803846886,-1.4698455108021324,0.5235987755982987
14911,1787226784.6811554,2.182294822798762,0.47123889803846886,-1.4418245782750794,-2.248048374457748,0.47123889803846886,-1.4564758508655817,0.5235987755982987
14912,1787226784.7242231,2.182609885058057,0.47123889803846886,-1.4534113600357563,-2.230013950321975,0.47123889803846886,-1.4495720597111377,0.5235987755982987
14913,1787226784.7679431,2.178087732580461,0.47123889803846886,-1.4646926190840996,-2.2093622325105224,0.47123889803846886,-1.445224671784582,0.5235987755982987
14914,1787226784.8178592,2.1884390247315855,0.47123889803846886,-1.4738636324566226,-2.1824654736305167,0.47123889803846886,-1.4481519351242296,0.5235987755982987
14915,1787226784.8675797,2.187013133118232,0.47123889803846886,-1.4746673285591245,-2.1547686508692943,0.47123889803846886,-1.4479336612571663,0.5235987755982987
14916,1787226784.916268,2.151585096100395,0.47123889803846886,-1.469810915977314,-2.1481687837746044,0.47123889803846886,-1.4420977879855577,0.5235987755982987
14917,1787226784.9592268,2.1575222334768167,0.47123889803846886,-1.4612713933632353,-2.1444567529065433,0.47123889803846886,-1.4408329734822054,0.5235987755982987
14918,1787226785.0001886,2.1576485683930686,0.47123889803846886,-1.4551193553347446,-2.1329773769653064,0.47123889803846886,-1.4431668179291006,0.5235987755982987
14919,1787226785.0456302,2.1758767625277,0.47123889803846886,-1.451613789796835,-2.1558916023957764,0.47123889803846886,-1.448455695843088,0.5235987755982987
14920,1787226785.0931838,2.188666895859674,0.47123889803846886,-1.4506099215278518,-2.2125265930879783,0.47123889803846886,-1.4535460357938488,0.5235987755982987
14921,1787226785.1350899,2.1725245095204366,0.47123889803846886,-1.4478071001584687,-2.259520004517399,0.47123889803846886,-1.4565927904521363,0.5235987755982987
14922,1787226785.187737,2.158884362263111,0.47123889803846886,-1.4439834661680069,-2.2746614679494797,0.47123889803846886,-1.4598451367293,0.5235987755982987
14923,1787226785.233623,2.160601189963589,0.47123889803846886,-1.442418799741413,-2.3031980257344826,0.47123889803846886,-1.461590413174942,0.5235987755982987
14924,1787226785.282153,2.1276119942484017,0.47123889803846886,-1.4421768780950204,-2.3217467882947345,0.47123889803846886,-1.462729830573073,0.5235987755982987
14925,1787226785.327692,2.0947354652180765,0.47123889803846886,-1.439511193198801,-2.3338034839588984,0.47123889803846886,-1.4551756660483968,0.5235987755982987
14926,1787226785.3825974,2.052256706555119,0.47123889803846886,-1.4340131930218822,-2.3416403361406046,0.47123889803846886,-1.44637824131217,0.5235987755982987
14927,1787226785.4317408,2.0770995526764504,0.47123889803846886,-1.4342978578254026,-2.3467342900587136,0.47123889803846886,-1.4320391557317103,0.5235987755982987
14928,1787226785.475911,2.0326752204712,0.47123889803846886,-1.4428031350164736,-2.3500453601054847,0.47123889803846886,-1.4252059504012673,0.5235987755982987
14929,1787226785.5192251,1.991464948246474,0.47123889803846886,-1.4525974574528377,-2.352197555635886,0.47123889803846886,-1.423891156863658,0.5235987755982987
14930,1787226785.5606973,1.9764705261996023,0.47123889803846886,-1.4622001914975322,-2.3535964827306466,0.47123889803846886,-1.4249038108706389,0.5235987755982987
14931,1787226785.6257277,1.971784897980298,0.47123889803846886,-1.4626573402187553,-2.354505785342241,0.47123889803846886,-1.426722328926611,0.5235987755982987
14932,1787226785.6833484,1.9637519627607736,0.47123889803846886,-1.462892534434439,-2.355096832039777,0.47123889803846886,-1.4263001170596068,0.5235987755982987
14933,1787226785.7346687,1.9850405939606466,0.47123889803846886,-1.462891258616747,-2.355481012393176,0.47123889803846886,-1.4214574093913048,0.5235987755982987
14934,1787226785.7915978,1.995134330628281,0.47123889803846886,-1.4621557799235645,-2.355730729622885,0.47123889803846886,-1.4146494651300034,0.5235987755982987
14935,1787226785.8527453,2.009099795122544,0.47123889803846886,-1.4608216262308933,-2.355893045822196,0.47123889803846886,-1.3977151029436583,0.5235987755982987
14936,1787226785.8962657,2.0269184233598074,0.47123889803846886,-1.4590553869372156,-2.355998551351748,0.47123889803846886,-1.3740787386471887,0.5235987755982987
14937,1787226785.9381025,2.080050178199013,0.47123889803846886,-1.4577726957612618,-2.3560671299459566,0.47123889803846886,-1.3451011798938428,0.5235987755982987
14938,1787226785.9834876,2.120845068465969,0.47123889803846886,-1.4557766607855935,-2.3561117060321926,0.47123889803846886,-1.3163461646683616,0.5235987755982987
14939,1787226786.0297523,2.1402827549327923,0.47123889803846886,-1.4543030655608944,-2.356140680488246,0.47123889803846886,-1.2929306681593307,0.5235987755982987
14940,1787226786.0833602,2.151485538835393,0.47123889803846886,-1.4512865108619373,-2.3561595138846805,0.47123889803846886,-1.2689488021808115,0.5235987755982987
14941,1787226786.1286564,2.1544663508538866,0.47123889803846886,-1.4478226335127875,-2.356171755592363,0.47123889803846886,-1.251653577733347,0.5235987755982987
14942,1787226786.177707,2.1605850827814432,0.47123889803846886,-1.4446588063828212,-2.3561797127023567,0.47123889803846886,-1.243752407384871,0.5235987755982987
14943,1787226786.2241688,2.154935928346997,0.47123889803846886,-1.4417866328561866,-2.350772428318315,0.47123889803846886,-1.2312026036951642,0.5235987755982987
14944,1787226786.269078,2.1564175269052304,0.47123889803846886,-1.4384902016398824,-2.3463253399254924,0.47123889803846886,-1.2299381696148994,0.5235987755982987
14945,1787226786.314524,2.1599234821337836,0.47123889803846886,-1.4343981089566349,-2.32250051989839,0.47123889803846886,-1.2568203024390137,0.5235987755982987
14946,1787226786.3584824,2.153397502192428,0.47123889803846886,-1.4292081909109182,-2.3095380225410214,0.47123889803846886,-1.281328169423812,0.5235987755982987
14947,1787226786.4030552,2.1525296781777543,0.47123889803846886,-1.4305560150917387,-2.3153616012275835,0.47123889803846886,-1.3008165736924993,0.5235987755982987
14948,1787226786.4489787,2.125431104336697,0.47123889803846886,-1.4353901849278914,-2.2800077729459316,0.47123889803846886,-1.3204676159941071,0.5235987755982987
14949,1787226786.4900715,2.1067668754423647,0.47123889803846886,-1.436518389595801,-2.2600347397394343,0.47123889803846886,-1.3314210550017667,0.5235987755982987
14950,1787226786.5311582,2.1165404724744494,0.47123889803846886,-1.4367480082158688,-2.248281988998499,0.47123889803846886,-1.3445964880236234,0.5235987755982987
14951,1787226786.5775764,2.127218541321123,0.47123889803846886,-1.4355138586913134,-2.2389090154681917,0.47123889803846886,-1.3458959438396763,0.5235987755982987
14952,1787226786.6207948,2.1540535093255233,0.47123889803846886,-1.4423567877668084,-2.2456846179062295,0.47123889803846886,-1.3372406498722005,0.5235987755982987
14953,1787226786.6613388,2.1617974371523534,0.47123889803846886,-1.4536253493374667,-2.255693847734181,0.47123889803846886,-1.3260221051995058,0.5235987755982987
14954,1787226786.7070098,2.185932333305028,0.47123889803846886,-1.4603757861856128,-2.271441527211053,0.47123889803846886,-1.3125976606289522,0.5235987755982987
14955,1787226786.752685,2.1388694975313327,0.47123889803846886,-1.4593210422288254,-2.239591729401091,0.47123889803846886,-1.2878168118589535,0.5235987755982987
14956,1787226786.794533,2.145174227731307,0.47123889803846886,-1.4579015110420759,-2.2312769561856682,0.47123889803846886,-1.2749362338806969,0.5235987755982987
14957,1787226786.838413,2.149067083000644,0.47123889803846886,-1.4564707487534592,-2.229871386402481,0.47123889803846886,-1.2766319653703389,0.5235987755982987
14958,1787226786.8813655,2.1392072872468275,0.47123889803846886,-1.4601135028610335,-2.225679202773313,0.47123889803846886,-1.2804187303739516,0.5235987755982987
14959,1787226786.9314194,2.131328049798298,0.47123889803846886,-1.4633451571124376,-2.2133556981510956,0.47123889803846886,-1.273089685454505,0.5235987755982987
14960,1787226786.9787455,2.146773569796084,0.47123889803846886,-1.4743238799177596,-2.2566499187650493,0.47123889803846886,-1.2657501387689374,0.5235987755982987
14961,1787226787.025524,2.148632662412764,0.47123889803846886,-1.478306666284138,-2.2905767419088527,0.47123889803846886,-1.2569153560783244,0.5235987755982987
14962,1787226787.0808098,2.1520178914494488,0.47123889803846886,-1.4836390025363686,-2.313542953808075,0.47123889803846886,-1.2458052309335756,0.5235987755982987
14963,1787226787.1366413,2.1562117744479044,0.47123889803846886,-1.4887140224634594,-2.3284709915425696,0.47123889803846886,-1.2397698723734367,0.5235987755982987
14964,1787226787.1841042,2.146264516091473,0.47123889803846886,-1.4881941306568602,-2.3381742160699908,0.47123889803846886,-1.2380340115957162,0.5235987755982987
14965,1787226787.2270744,2.188620236063577,0.47123889803846886,-1.509457529265279,-2.3444813120128147,0.47123889803846886,-1.2364264993229612,0.5235987755982987
14966,1787226787.2715518,2.2184251258041368,0.47123889803846886,-1.5306039352438958,-2.3485809243756504,0.47123889803846886,-1.2410093022277562,0.5235987755982987
14967,1787226787.3512228,2.1919081551887754,0.47123889803846886,-1.5412459290531795,-2.351245672411493,0.47123889803846886,-1.2464799970096903,0.5235987755982987
14968,1787226787.3971639,2.153709654840275,0.47123889803846886,-1.5382548599283097,-2.3529777586347915,0.47123889803846886,-1.247213221751068,0.5235987755982987
14969,1787226787.4472349,2.0832860187583777,0.47123889803846886,-1.5417259600917947,-2.3541036146799352,0.47123889803846886,-1.2451854378524434,0.5235987755982987
14970,1787226787.4923513,2.0518011776833234,0.47123889803846886,-1.543594909059152,-2.3548354211092786,0.47123889803846886,-1.2403205985429961,0.5235987755982987
14971,1787226787.5455458,2.0349148355799387,0.47123889803846886,-1.5476903602590437,-2.355311095288352,0.47123889803846886,-1.2175170945958453,0.5235987755982987
14972,1787226787.5937355,2.029885245480767,0.47123889803846886,-1.5536757161641574,-2.3481808169508556,0.47123889803846886,-1.195249911053041,0.5235987755982987
14973,1787226787.6457362,2.0531027742993393,0.47123889803846886,-1.5555717624990228,-2.350985602585377,0.47123889803846886,-1.1782289635252143,0.5235987755982987
14974,1787226787.6934304,2.06872718371564,0.47123889803846886,-1.5558544325153028,-2.331344317764191,0.47123889803846886,-1.1803891572873597,0.5235987755982987
14975,1787226787.7354727,2.146221882749218,0.47123889803846886,-1.5504078720612273,-2.340041878114045,0.47123889803846886,-1.1734085147233329,0.5235987755982987
14976,1787226787.7823334,2.2000548213813023,0.47123889803846886,-1.5435298160564637,-2.3203498388853685,0.47123889803846886,-1.1592254353162188,0.5235987755982987
14977,1787226787.8270602,2.2346623834298693,0.47123889803846886,-1.5357653679953065,-2.2528804502142576,0.47123889803846886,-1.1483745757059105,0.5235987755982987
14978,1787226787.8756688,2.266850659515645,0.47123889803846886,-1.5333310542631682,-2.18190995164242,0.47123889803846886,-1.1096088207694088,0.5235987755982987
14979,1787226787.9191322,2.29812100025249,0.47123889803846886,-1.5184412233802096,-2.1530502399440223,0.47123889803846886,-1.030656245313924,0.5235987755982987
14980,1787226787.963062,2.3184467217314393,0.47123889803846886,-1.4999439612731882,-2.1373248026439837,0.47123889803846886,-0.9016519047849495,0.5235987755982987
14981,1787226788.006155,2.331658440692756,0.47123889803846886,-1.483240792239699,-2.1642744754221845,0.47123889803846886,-0.7741473389335425,0.5235987755982987
14982,1787226788.0622065,2.340246058017612,0.47123889803846886,-1.4677284103432933,-2.2314464805917407,0.47123889803846886,-0.6545987331454756,0.5235987755982987
14983,1787226788.1050208,2.345828009278769,0.47123889803846886,-1.452544919073817,-2.275108283951952,0.47123889803846886,-0.5285314949184952,0.5235987755982987
14984,1787226788.1451452,2.3494562775985206,0.47123889803846886,-1.4284280182447704,-2.3034884561360895,0.47123889803846886,-0.3525459360289791,0.5235987755982987
14985,1787226788.1919973,2.351814652006359,0.47123889803846886,-1.415835032768427,-2.321935568055779,0.47123889803846886,-0.182561695019627,0.5235987755982987
14986,1787226788.244608,2.353347595371454,0.47123889803846886,-1.40627576041743,-2.3339261908035773,0.47123889803846886,-0.03053334999729629,0.5235987755982987
14987,1787226788.2943301,2.354344008558766,0.47123889803846886,-1.4059403179909626,-2.341720095589646,0.47123889803846886,0.0414965047122967,0.5235987755982987
14988,1787226788.3392384,2.354991677130519,0.47123889803846886,-1.4092950525450676,-2.346786133700591,0.47123889803846886,0.09383828733343522,0.5235987755982987
14989,1787226788.3819296,2.3554126617021582,0.47123889803846886,-1.4150890299731689,-2.350079058472705,0.47123889803846886,0.15488891974589528,0.5235987755982987
14990,1787226788.4266663,2.3556863016737237,0.47123889803846886,-1.4234606058026489,-2.352219459574579,0.47123889803846886,0.18036574273665446,0.5235987755982987
14991,1787226788.4734151,2.355864167655241,0.47123889803846886,-1.43518096377427,-2.3536107202907974,0.47123889803846886,0.19159326973355942,0.5235987755982987
14992,1787226788.5175946,2.3559797805432274,0.47123889803846886,-1.4489474942400264,-2.354515039756339,0.47123889803846886,0.22336831773135518,0.5235987755982987
14993,1787226788.5816815,2.3560549289204187,0.47123889803846886,-1.4590133011277189,-2.355102847408941,0.47123889803846886,0.2486714342649824,0.5235987755982987
14994,1787226788.6396856,2.356103775365593,0.47123889803846886,-1.4648193788300365,-2.3554849223831322,0.47123889803846886,0.2702951495803948,0.5235987755982987
14995,1787226788.6820421,2.356135525554956,0.47123889803846886,-1.477459370337085,-2.348644531543461,0.47123889803846886,0.4174712507065189,0.5235987755982987
14996,1787226788.7283008,2.356156163178042,0.47123889803846886,-1.4896436368837334,-2.3512870170705704,0.47123889803846886,0.5789374776929807,0.5235987755982987
14997,1787226788.7894192,2.356169577633048,0.47123889803846886,-1.5012341923950976,-2.3530046326631915,0.47123889803846886,0.7054013783998716,0.5235987755982987
14998,1787226788.835118,2.356178297028802,0.47123889803846886,-1.510798754834541,-2.354121082798395,0.47123889803846886,0.7801067230525942,0.5235987755982987
14999,1787226788.895871,2.356183964636042,0.47123889803846886,-1.517927847748379,-2.354846775386277,0.47123889803846886,0.8256425767561405,0.5235987755982987
15000,1787226788.9408102,2.356187648580748,0.47123889803846886,-1.5229691908079652,-2.355318475568401,0.47123889803846886,0.8557349349126863,0.5235987755982987
15001,1787226788.9852543,2.356190043144807,0.47123889803846886,-1.5264325582697285,-2.3556250806867816,0.47123889803846886,0.8849005237655303,0.5235987755982987
15002,1787226789.0449982,2.3561915996114453,0.47123889803846886,-1.530282363356885,-2.3558243740137286,0.47123889803846886,0.8962032141871574,0.5235987755982987
15003,1787226789.0910964,2.35619261131476,0.47123889803846886,-1.5362226377052588,-2.3559539146762445,0.47123889803846886,0.8896143476629501,0.5235987755982987
15004,1787226789.142583,2.356193268921915,0.47123889803846886,-1.5406058446744324,-2.3560381161068795,0.47123889803846886,0.8503608753273236,0.5235987755982987
15005,1787226789.1898558,2.3561936963665655,0.47123889803846886,-1.5380486458481024,-2.356092847036792,0.47123889803846886,0.8368509948383724,0.5235987755982987
15006,1787226789.2317023,2.3561939742055884,0.47123889803846886,-1.5363130018952273,-2.3561284221412357,0.47123889803846886,0.8272175120418541,0.5235987755982987
15007,1787226789.2784407,2.3561941548009533,0.47123889803846886,-1.5358405172065879,-2.356151545959124,0.47123889803846886,0.8367047525921545,0.5235987755982987
15008,1787226789.3292034,2.35619427218794,0.47123889803846886,-1.5357517158415448,-2.356166576440751,0.47123889803846886,0.8789279058461157,0.5235987755982987
15009,1787226789.3788998,2.356194348489482,0.47123889803846886,-1.5332330860808945,-2.3561763462538092,0.47123889803846886,0.9303561642812792,0.5235987755982987
15010,1787226789.429146,2.356194398085484,0.47123889803846886,-1.5285820214971386,-2.3561826966322967,0.47123889803846886,0.9745843049975578,0.5235987755982987
15011,1787226789.4712312,2.3561944303228852,0.47123889803846886,-1.5188152553983438,-2.3561868243783137,0.47123889803846886,1.0246308413049485,0.5235987755982987
15012,1787226789.5121124,2.3561944512771964,0.47123889803846886,-1.5146248808228133,-2.356189507413225,0.47123889803846886,1.0955389288079638,0.5235987755982987
15013,1787226789.557331,2.3561944648974986,0.47123889803846886,-1.5124126765121133,-2.356191251385917,0.47123889803846886,1.1389237633099352,0.5235987755982987
15014,1787226789.6044292,2.356194473750695,0.47123889803846886,-1.5134186709323476,-2.3561923849681667,0.47123889803846886,1.1631029306997496,0.5235987755982987
15015,1787226789.6569047,2.3561944795052723,0.47123889803846886,-1.5139213285613193,-2.356193121796629,0.47123889803846886,1.1669445618782655,0.5235987755982987
15016,1787226789.7065976,2.3561944832457478,0.47123889803846886,-1.5141159737044223,-2.3561936007351294,0.47123889803846886,1.1749424268176694,0.5235987755982987
15017,1787226789.7539032,2.3561944856770567,0.47123889803846886,-1.5175126345130292,-2.356193912045155,0.47123889803846886,1.1672617373342857,0.5235987755982987
15018,1787226789.7977562,2.3561944872574077,0.47123889803846886,-1.5262007251770269,-2.3561941143966716,0.47123889803846886,0.5760435527534271,0.5235987755982987
15019,1787226789.8436182,2.3561944882846357,0.47123889803846886,-1.5286134066117936,-2.34188557657837,0.47123889803846886,-0.04310570963064375,0.5235987755982987
15020,1787226789.8965433,2.356194488952334,0.47123889803846886,-1.5221808474969512,-2.268242922056914,0.47123889803846886,-0.533165403164386,0.5235987755982987
15021,1787226789.943023,2.356194489386338,0.47123889803846886,-1.5191575966518562,-2.2254469009213507,0.47123889803846886,-0.8700661936326765,0.5235987755982987
15022,1787226789.9893343,2.3561944896684404,0.47123889803846886,-1.5256598417887095,-2.213142327480523,0.47123889803846886,-1.0636098636677782,0.5235987755982987
15023,1787226790.033212,2.356194489851807,0.47123889803846886,-1.5309105404459449,-1.8730241749855108,0.47123889803846886,-1.1819101926305131,0.5235987755982987
15024,1787226790.0816176,2.1231651691321316,0.47123889803846886,-1.534239344743654,-1.5986470274430933,0.47123889803846886,-1.2603053402642825,0.5235987755982987
15025,1787226790.129129,2.156857808679888,0.47123889803846886,-1.5410901072291692,-1.6662156323271915,0.47123889803846886,-1.312950119115596,0.5235987755982987
15026,1787226790.1751266,2.226625647209248,0.47123889803846886,-1.5341037441910998,-1.828365869473784,0.47123889803846886,-1.3555106811221607,0.5235987755982987
15027,1787226790.223641,2.271974742253332,0.47123889803846886,-1.5250408320765982,-1.9716350804060228,0.47123889803846886,-1.3853328787601447,0.5235987755982987
15028,1787226790.2685945,2.3014516540319865,0.47123889803846886,-1.5245575278800914,-2.063426609317667,0.47123889803846886,-1.3969076640194298,0.5235987755982987
15029,1787226790.3291786,2.320611646688112,0.47123889803846886,-1.5203200303084816,-2.0988053831364084,0.47123889803846886,-1.3931120043721656,0.5235987755982987
15030,1787226790.3967876,2.3330656419145934,0.47123889803846886,-1.512729266948058,-2.102599909288717,0.47123889803846886,-1.3772295577202331,0.5235987755982987
15031,1787226790.4576447,2.3069368590732617,0.47123889803846886,-1.4966648560981466,-2.0430780396611445,0.47123889803846886,-1.3488738193863876,0.5235987755982987
15032,1787226790.510608,2.2295817144306684,0.47123889803846886,-1.4836272731503346,-1.9667336119546457,0.47123889803846886,-1.316536798632831,0.5235987755982987
15033,1787226790.558701,2.1577501634633203,0.47123889803846886,-1.5033033968922,-1.942830253886739,0.47123889803846886,-1.2786562715428489,0.5235987755982987
15034,1787226790.6066697,2.2272056778184792,0.47123889803846886,-1.5139179060158967,-1.9287533832525598,0.47123889803846886,-1.2496514367146379,0.5235987755982987
15035,1787226790.6621087,2.2723517621493325,0.47123889803846886,-1.524344400028428,-1.9141942891860109,0.47123889803846886,-1.2160053093874517,0.5235987755982987
15036,1787226790.7172718,2.2889601251343104,0.47123889803846886,-1.5286276435271788,-1.9189922913355009,0.47123889803846886,-1.1924405025987643,0.5235987755982987
15038,1787226790.8117611,2.3124921529046225,0.47123889803846886,-1.533397062641476,-2.0720130609353964,0.47123889803846886,-1.2976407922731226,0.5235987755982987
15039,1787226790.897682,2.3277879709553253,0.4006293270604524,-1.5428231444000076,-2.133392700090469,0.31283560702687785,-1.3353929310836241,0.5235987755982987
15040,1787226790.9434392,2.3377302526882824,0.4253426769027582,-1.4965027352944884,-2.2113733266261253,0.3676934075292829,-1.375105873165666,0.5235987755982987
15041,1787226790.9911747,2.3441927358147043,0.441406354300257,-1.4645454493182786,-2.262060733874302,0.40393432920749806,-1.419370829481479,0.5235987755982987
15042,1787226791.0485752,2.3170641279245925,0.4518477446086312,-1.4874979090909262,-2.295007548585617,0.4274909282983379,-1.4626015410791924,0.5235987755982987
15043,1787226791.0992837,1.9443364454701182,0.4586346483090744,-1.223461791652424,-1.9372834458294477,0.4428027177073838,-1.3205273232544534,0.5235987755982987
15044,1787226791.144069,1.6693486804224993,0.4630461357143625,-0.9132340935791221,-1.8171690057042698,0.4527553808232636,-1.2336527735743843,0.5235987755982987
15045,1787226791.1848576,1.6095460290308694,0.4659136025277998,-1.0715022807034125,-2.005827925275096,0.45922461184858543,-1.316288297567994,0.5235987755982987
15046,1787226791.2268434,1.8100029422343127,0.46777745595653397,-1.2326049444854603,-2.122071720728722,0.4634296120150446,-1.4036221117364711,0.5235987755982987
15047,1787226791.2719986,2.001169984019624,0.46898896068521123,-1.3333152699155066,-2.1793958424394457,0.4661628621232431,-1.4408742285626492,0.5235987755982987
15049,1787226791.3680456,2.125428561180076,0.46977643875885144,-0.729841290079993,-2.178010834538808,0.4679394746935721,-1.2445799944543947,0.4449002718322379
15050,1787226791.4522524,2.1467018996155103,0.4702882995067176,-0.3915752746026331,-2.1200026751088736,0.46909427286428595,-1.10585525313305,0.3978575884852626
15055,1787226791.795482,2.220024306317402,0.3639289458601901,-0.6076631224630615,-2.2026698103880884,0.46984489167525,-0.9281986633119618,0.44186700397482526
15058,1787226791.9743617,2.267683870673632,0.4014874291225877,-0.5722704582661053,-1.6352032131169325,0.4703327939023766,-1.0604709483363703,0.470473124043041
15063,1787226792.3597567,1.9983146083089265,0.42590044324314613,-0.8114798957525025,-1.8875501600933269,0.4706499303500089,-0.636158808054981,0.48906710208738124
15066,1787226792.578844,2.123572566968123,0.4417689024215091,-0.6806666349193146,-1.966953039186683,0.4708560690409699,-0.817511552644506,0.5011531878162023
15068,1787226792.7050004,2.204990240096601,0.45208340088744503,-0.4923942577411887,-1.9864836401056287,0.4709900591900945,-0.8712818071854851,0.5090091435399361
15070,1787226792.832194,2.2579117276301113,0.45878782489030345,-0.38425273326922194,-2.1158824376359795,0.47107715278702555,-0.9038963888797683,0.5141155147603631
15072,1787226792.9670835,2.2923106945268934,-0.02302796923835798,-0.07002295036311126,-2.137959902604244,-0.2005632178131988,-0.88725671250736,0.38989647642686825
15073,1787226793.0355678,2.3146700230098016,-0.31523801494405757,0.10311752563315035,-2.1409948265903878,-0.44340797327165293,-0.8564137447243297,0.31251141768215307
15074,1787226793.0983799,2.3292035865236915,-0.19192690509425614,0.309972417982719,-2.0409907289177056,-0.3518339403557781,-0.8886581209687838,0.2655516578243392
15075,1787226793.141232,2.33865040280772,-0.2174335527953784,0.40165751225647994,-2.103002668556346,-0.3900414178464049,-0.8983139514274863,0.23683996325928067
15076,1787226793.2155554,2.344790833392339,-0.2913858999205006,0.44197552405844964,-2.1916198061289456,-0.4704153187534157,-0.8846073898992064,0.21093305093416673
15078,1787226793.3098907,2.3487821132723408,-0.024467220634861286,0.17828860403602084,-2.234955019695539,-0.1408363428762561,-1.0403186172765722,0.32036605456661293
15080,1787226793.447114,2.351376445194342,0.14902992090080427,-0.35739408630467284,-2.2399299204609164,0.07338999144389766,-1.044939199699004,0.391497506927703
15081,1787226793.5195107,2.3530627609436428,0.2618030628989869,-0.7059496654625286,-2.2806225198669163,0.2126371087519976,-1.0801204256916603,0.43773295096241155
15082,1787226793.5658646,2.309720658773347,0.33510560519780563,-0.9510057687423186,-2.307072709480816,0.30314773500226255,-1.0581408759406497,0.4677859895849721
15083,1787226793.608543,2.3259864997699964,0.3827522576920378,-1.109448995672061,-2.3242653327298513,0.3619796420649348,-1.0245575105374338,0.48732046468963647
15084,1787226793.6509364,2.2636324207638423,0.4137225818132887,-1.215154186210884,-2.3354405378417242,0.40022038165567175,-1.0313352676802634,0.5000178735076684
15085,1787226793.692897,2.296029145063818,0.4338532924921018,-1.2536596065216017,-2.3427044211644414,0.4250768623896508,-1.0439667048178831,0.508271189239389
15086,1787226793.738498,2.3170870158588026,0.44693825443333035,-1.2820464685385615,-2.3474259453242077,0.4412335748667372,-0.9894081929495318,0.5136358444650074
15087,1787226793.7947774,2.3307746318755425,0.4554434796951289,-1.3130259287043495,-2.350494936028056,0.45173543797684335,-0.9828620525782836,0.4799304854793154
15088,1787226793.8478527,2.31710059850798,0.4609718761152979,-1.3322629715977035,-2.3524897799855573,0.45856164899841234,-0.7901341996150711,0.4952143870209596
15089,1787226793.8968363,2.2524578707180183,0.4645653337884078,-1.3450174446896341,-2.353786428557933,0.4629986861624321,-0.7020611931600462,0.5051489230230284
15090,1787226793.9475014,2.115583887961585,0.4669010812759292,-1.3513601230330106,-2.1191570901187204,0.46588276031904496,-0.5770454823691056,0.511606371424373
15091,1787226793.9978611,2.197133831758735,0.46841931714281815,-1.3539792859455884,-1.9366937906195796,0.46775740852084335,-0.472708817830932,0.5158037128852471
15092,1787226794.043762,2.2528050622104985,0.46940617045629596,-1.3184257352072604,-1.880310026791534,0.4689759298520123,-0.43788624829689016,0.5185319848348151
15093,1787226794.0851436,2.2889913620041447,0.4700476251100565,-1.3014137157787373,-1.8682103355961488,0.4697679687172721,-0.42688965497437614,0.5203053616020343
15094,1787226794.1358411,2.3125124568700146,0.4704645706350008,-1.2928871420070245,-1.8976987023475356,0.47028279397969097,-0.5355945783085474,0.521458056500727
15095,1787226794.1918507,2.3278011685328304,0.4707355852262146,-1.2911335902842827,-2.0349357876276937,0.47061743040026327,-0.5408393004341484,0.42452342124364045
15096,1787226794.2401385,2.3377388311136604,0.4709117447105037,-1.2492542596348044,-2.1473763335253215,0.47083494407363524,-0.5991469349171019,0.3598034024586957
15097,1787226794.2881737,2.3441983117912,0.4710262483752915,-1.172636520443855,-2.2204626883587797,0.47097632796132705,-0.7816338019978679,0.3685427174107474
15098,1787226794.329081,2.3483969742316004,0.47110067575740355,-1.1607918273266145,-2.2419186082545024,0.47106822748832666,-0.7956157910351491,0.35244648909544984
15099,1787226794.3727152,2.351126104817861,0.4711490535557764,-1.164482102631133,-1.9915600689062258,0.4711279621808765,-0.7948092061461192,0.41234978937144695
15100,1787226794.4154925,2.3529000396989304,0.4711804991247188,-1.1598403019588186,-2.1191821163563676,0.4711667897310339,-0.7768885573673192,0.4512869345508451
15101,1787226794.4655962,2.3540530973716254,0.4712009387445314,-1.114680606604857,-2.20213644719896,0.4711920276386361,-0.7698887586857007,0.4765960789174539
15102,1787226794.5130737,2.243198990091841,0.4712142244974096,-1.1349020590405092,-2.2560567622466445,0.47120843227857756,-0.6290350898382746,0.3706184898770858
15103,1787226794.5622942,2.2303853395116997,0.4712228602367804,-1.168746691738841,-2.29110496702764,0.47121909529453954,-0.5389357197158446,0.34984843190580744
15104,1787226794.6077027,2.2744185422499257,0.4712284734673714,-1.2019115100094269,-2.3138863001352865,0.47122602625491483,-0.5149386363742421,0.3775736084820059
15105,1787226794.658838,2.3030401240297724,0.4712321220672555,-1.2169877047138058,-2.328694166655257,0.4712305313791588,-0.5009279733575868,0.4286824169727084
15106,1787226794.702058,2.321644152186673,0.4712344936571802,-1.2268398451946783,-2.3383192798932377,0.47123345970991737,-0.5571529853069103,0.45764124147252994
15107,1787226794.7547414,2.3337367704886582,0.4712360351906313,-0.8402453891667173,-2.3445756034979253,0.47123536312491043,-0.6150364564044005,0.480726378416549
15108,1787226794.7991626,2.3415969723849486,0.4712370371873744,-0.7083938257316142,-2.3486422138409724,0.47123660034465586,-0.4971004740676367,0.38657675273214204
15109,1787226794.8411324,2.3467061036175374,0.4712376884852575,-0.788183352298117,-2.3512855105639527,0.4712374045374904,-0.3870065663847252,0.32064596834592146
15110,1787226794.8852582,2.35002703891872,0.47123811182888153,-0.9247092841079713,-2.3530036534338903,0.47123792726283287,-0.2887233216466349,0.21259498251885983
15111,1787226794.9295492,2.3521856468644886,0.4712383870022371,-1.0380051039493607,-2.3541204462993495,0.4712382670343055,-0.25417337375053295,0.1564220732855413
15112,1787226794.979595,2.3535887420292383,0.4712385658649182,-1.1260320311709215,-2.354846361661898,0.4712384878857627,-0.30823057348236005,0.10861225688513075
15113,1787226795.0351493,2.3545007538863256,0.471238682125661,-1.1934713918446311,-2.3553182066475546,0.47123863143920985,-0.4779281516781987,-0.0014491099859967604
15114,1787226795.0880718,2.3550935615934323,0.4712387576951438,-1.239758987251867,-2.3092581540517054,0.47123872474895057,-0.6969411498949931,-0.18420149295030247
15115,1787226795.1321995,2.355478886603052,0.4712388068153076,-1.2709104183562456,-2.325685871700929,0.47123878540028197,-0.838309188803029,-0.26915380246182613
15116,1787226795.1724722,2.3557293478593047,0.4712388387434141,-1.261384134361316,-2.336363888172925,0.47123882482364743,-0.9691829729272887,-0.3582095430595916
15117,1787226795.2302334,2.3558921476758687,0.4712388594966833,-1.2575405673638271,-2.3433045988797216,0.47123885044883496,-1.0307774388680244,-0.4160957744481391
15118,1787226795.2771602,2.355997967556635,0.4712388729863083,-1.2398539465537906,-2.34781606083914,0.4712388671052069,-1.0822117557986333,-0.453721824850695
15119,1787226795.325527,2.3560667504791333,0.4712388817545645,-1.2656903116950968,-2.3507485111127617,0.4712388779318486,-1.1427041290358495,-0.47817875761235634
15120,1787226795.3697093,2.3561114593787575,0.47123888745393105,-1.3143989372355622,-2.2972211639320577,0.47123888496916577,-1.2036572623231796,-0.49407576390743624
15121,1787226795.4169672,2.356140520163513,0.47123889115851936,-1.3877580558933604,-2.317861828123158,0.47123888954342186,-1.1801668880690315,-0.5044088179992381
15122,1787226795.4678783,2.3561594096736043,0.4712388935665017,-1.4444314011772796,-2.2949403072544055,0.4712388925166884,-1.1555364223156848,-0.5036067745478038
15123,1787226795.5177083,2.3561716878551637,0.47123889513169026,-1.4880691582506782,-2.3085578390478996,0.47123889444931155,-1.1068522428823169,-0.44731573586433376
15124,1787226795.5687084,2.3561796686731773,0.4712388961490628,-1.5082282501393964,-2.3252306669484555,0.4712388957055167,-1.1105674761667252,-0.43208816869493616
15125,1787226795.6187866,2.356184856204886,0.4712388968103549,-1.518261792631908,-2.243105352831234,0.47123889652205,-1.1507634019589372,-0.3779807735840435
15126,1787226795.6656194,2.3561882281004967,0.47123889724019485,-1.5305555730509763,-2.2826865509076226,0.47123889705279665,-1.2405230232037239,-0.23886521076119915
15127,1787226795.723563,2.3561904198326435,0.4712388975195908,-1.4971792295110864,-2.3084143296572757,0.4712388973977819,-1.3241041922104162,-0.1652709391561299
15128,1787226795.7766697,2.356191844458539,0.4712388977011982,-1.4846423752458358,-2.32513738584455,0.4712388976220224,-1.3789177567847473,-0.09253432568866128
15129,1787226795.823277,2.356192770465371,0.471238897819243,-1.4893034857992098,-2.336007372366278,0.4712388977677787,-1.4023881330922812,0.005274304239080624
15130,1787226795.8693883,2.356193372369812,0.47123889789597206,-1.4884566615494756,-2.3430728636054017,0.47123889786252027,-1.4305988469712205,0.16056143707645731
15131,1787226795.9151235,2.3561937636076986,0.47123889794584595,-1.4801317300773085,-2.3476654329108317,0.47123889792410234,-1.4350067348547964,0.28762450555910185
15132,1787226795.9639893,2.356194017912325,0.471238897978264,-1.4742066266190732,-2.3506506029593615,0.47123889796413065,-1.4740271073081241,0.3702155000728208
15133,1787226796.0122745,2.3561941832103317,0.4712388979993357,-1.480065386338355,-2.352590963490906,0.47123889799014906,-1.4773843061421545,0.42389964650673806
15134,1787226796.0567205,2.3561942906540363,0.4712388980130323,-1.4951692310684406,-2.3538521978364093,0.471238898007061,-1.4894958828160205,0.4587943416887843
15135,1787226796.1044476,2.3561943604924442,0.4712388980219351,-1.503305024095976,-2.3546720001609867,0.47123889801805374,-1.4847769241593776,0.4814758935571144
15136,1787226796.1482048,2.3561944058874094,0.4712388980277219,-1.5184651363048436,-2.355204871671962,0.471238898025199,-1.5001439232096432,0.4962189022715289
15137,1787226796.1946576,2.356194435394137,0.47123889803148333,-1.5213900829033458,-2.3555512381540957,0.47123889802984353,-1.512451396320352,0.5058018579358984
15153,1787226797.1691701,2.35619445457351,0.47123889803392827,-1.5279514014916602,-2.2914560000462156,0.47123889803286245,-1.4062261575923622,0.5120307791177385
15154,1787226797.2661386,2.356194467040102,0.47123889803551755,-1.4678192539488424,-2.265291942585927,0.47123889803482477,-1.3384655342705325,0.5160795778859346
15155,1787226797.3119526,2.356194475143387,0.4712388980365505,-1.4288987138047538,-2.297107834248173,0.4712388980361002,-1.328883009075693,0.5187112970852621
15156,1787226797.3586552,2.3561944804105224,0.47123889803722196,-1.4446741342028995,-2.014359755046585,0.4391654057807114,-1.4037100319399793,0.520421914564825
15277,1787226802.8662345,2.3438011813774136,0.4712388980376584,-0.8674192237095952,-2.0959958472841964,0.4503911280709265,-0.8285532042263674,0.5215338159265408
15300,1787226803.8937852,1.9958814620512888,0.47123889803794206,-0.9463199533861266,-2.092123194412817,0.4576878475595664,-0.33317710074519125,0.5222565518116561
15301,1787226803.9641314,1.658698713361546,0.47123889803812646,-0.89800939965526,-2.130475693029169,0.46243071522718227,-0.2465755494325481,0.5227263301369811
15322,1787226805.191177,1.9028222352523256,0.47123889803824637,-0.43358775537061245,-2.1864326026456613,0.46551357921113257,0.05777222405115684,0.5230316860484423
15398,1787226810.0298934,1.7777770908193642,0.4712388980383243,-0.2298369397454107,-2.1273663883446607,0.46751744080070035,0.25546350439957805,0.5232301673908921
15417,1787226811.5688267,1.3745404754183295,0.47123889803837493,-0.6164311801197203,-1.7242575914903786,0.46881995083391936,-0.15884487920288726,0.5233591802634845
15428,1787226812.505985,1.4696877072460572,0.4712388980384078,-0.05017406655622325,-1.5423104946515542,0.2523844367511495,0.42102278012906325,0.5234430386306694
15440,1787226813.5157928,1.4439614595744288,0.4712388980384292,-0.4341275235716905,-1.8113833711760419,0.32898349820171136,-0.101798679928573,0.5234975465693397
15441,1787226813.609458,1.7632430202906995,0.4712388980384431,-0.7444144109317623,-1.818144021937054,0.37877288814457655,-0.4516504552235898,0.5235329767294754
15472,1787226815.9877467,1.9707760347562753,0.4712388980384521,-0.9216984006342765,-1.8996543818467104,0.41113599160743886,-0.7134482428331261,0.5235560063335636
