frame_index,timestamp_s,LElbowRoll,LHipPitch,LShoulderPitch,RElbowRoll,RHipPitch,RShoulderPitch,TorsoPitch
159,1787224251.655564,2.356194490192345,0.47123889803846897,-1.4878905319239883,-2.284664735760183,0.47123889803846897,-1.4003860049343486,0.5235987755982988
167,1787224252.3348014,2.356194490192345,0.47123889803846897,-1.4918141696143343,-2.2759472855398046,0.47123889803846897,-1.3919393917511862,0.5235987755982988
168,1787224252.431718,1.8494939148254335,0.47123889803846897,-1.5039168651690284,-2.134487908886532,0.47123889803846897,-1.4299121036454459,0.5235987755982988
215,1787224256.6095276,1.6742594238378037,0.47123889803846897,-1.4971492605142096,-1.6680042010178149,0.47123889803846897,-1.453230441521375,0.5235987755982988
237,1787224257.764641,1.912936697061893,0.47123889803846897,-1.5139522810374269,-1.9088708022289005,0.47123889803846897,-1.449635082629761,0.3252558427497405
238,1787224257.829351,2.068076924657551,0.47123889803846897,-1.4713159384599483,-2.065434093016106,0.47123889803846897,-1.4046893872448216,0.2091593395206615
239,1787224257.8912187,2.168918072594729,0.39382504289492976,-1.445736658125022,-2.1672002320277897,0.47123889803846897,-1.3828395688537645,0.11524530974556049
240,1787224257.9368646,2.234464818753895,0.42091989219516845,-1.4837639535921237,-2.233348222385384,0.47123889803846897,-1.4127818802047662,0.06925827079233261
241,1787224257.9813917,2.246977719896754,0.4385315442403236,-1.509952244934261,-2.2763444161178206,0.47123889803846897,-1.388192939031057,0.024352349816708713
242,1787224258.0335515,2.2723774974857744,0.4499791180696745,-1.5118554145540921,-2.3042919420439043,0.47123889803846897,-1.3666370444741802,0.0009618117888923732
243,1787224258.0776277,2.2732188123506547,0.45742004105875256,-1.532427981758504,-2.3224578338958586,0.47123889803846897,-1.3846154744673087,-0.0028958426238185255
244,1787224258.1252844,2.2652797732437273,0.4622566410016533,-1.5402832979718877,-2.1235365596140188,0.47123889803846897,-1.3771428877260914,-0.020427028155551415
245,1787224258.1703882,2.1335971978319126,0.46540043096453876,-1.541871071327328,-2.2049668353164327,0.47123889803846897,-1.383319443670178,-0.026499078071594864
246,1787224258.2135458,2.1110597287972506,0.46744389444041434,-1.528476623413253,-2.250257292799211,0.47123889803846897,-1.4344697655705168,-0.030986637135668384
247,1787224258.258803,2.1589734385516923,0.46877214569973347,-1.5252862768564046,-2.2873353118868076,0.47123889803846897,-1.4173740133630792,-0.0780095189853776
248,1787224258.3085742,1.9483930844348052,0.4696355090182909,-1.4623208088462079,-2.285205013209737,0.47123889803846897,-1.407022236043956,-0.08770780196933625
249,1787224258.3601053,2.0911235764499443,0.47019669517535323,-1.4084636751939397,-2.2689742673749898,0.47123889803846897,-1.3898841279879466,-0.07828259844209458
251,1787224258.4529574,2.183898396259784,0.2081562717667256,-1.3940440374209033,-2.299501345361064,0.36624315029915483,-1.449630566426222,0.1323758824720431
252,1787224258.5213656,2.24420202913618,0.06533354848438405,-1.4431773795863359,-2.3193439460520127,0.4029916620079148,-1.3030656122620587,0.2693038950662326
253,1787224258.5944421,2.2833993905058376,0.20740042082831375,-1.469590810605208,-2.332241636501129,0.42687819461860876,-1.2381098257694545,0.35830710325245574
254,1787224258.6546516,2.308877675396115,0.29974388785186806,-1.4771038934418037,-2.3406251352930543,0.44240444081555985,-1.2419983540314443,0.4161591885735008
255,1787224258.7095852,2.3254385605747956,0.35976714141717836,-1.479871446337887,-2.346074409507806,0.45249650084357806,-1.3269864308586365,0.4537630440321801
256,1787224258.7539861,2.336203135940938,0.39878225623463004,-1.4923100853317752,-2.349616437747395,0.45905633986178984,-1.3992204960270485,0.4782055500803217
257,1787224258.7999153,2.3432001099289304,0.4241420808659736,-1.5058300436965422,-2.351918756103127,0.46332023522362753,-1.447616824021508,0.4940931790116137
258,1787224258.8420832,2.3477481430211258,0.4406259668763469,-1.5103770968914605,-2.3488415000863205,0.46609176720882206,-1.485709523403803,0.5044201378169535
259,1787224258.8895419,2.350704364531053,0.45134049278308963,-1.5070187209224852,-2.3302570004457186,0.4678932629991984,-1.511374076271182,0.5111326610404243
260,1787224258.9366047,2.352625908512505,0.45830493462247235,-1.494971461820041,-2.2723036312991924,0.46906423526294305,-1.529936081169364,0.5154958011356804
261,1787224258.992614,2.3538749121004487,0.46283182181807114,-1.4862185316890568,-2.236889980791605,0.46982536723437707,-1.541650197045686,0.5183318421975969
262,1787224259.0449138,2.3546867644326124,0.46577429849521035,-1.482893026737837,-2.219522962273398,0.4703201030158092,-1.5415512061534453,0.5201752688878425
263,1787224259.0910602,2.355214468448519,0.46768690833535087,-1.4840374398382958,-2.156607745009568,0.47064168127374006,-1.5430905825716525,0.5213734962365022
264,1787224259.154994,2.3555574760588582,0.46893010473144214,-1.485776010291283,-2.1106038432873997,0.4708507071413952,-1.5418934792300925,0.522152344013131
265,1787224259.2028499,2.3557804310055785,0.4697381823889015,-1.4898403506711908,-2.0686235883651674,0.470986573955371,-1.5405186915036424,0.5226585950679398
266,1787224259.2499247,2.3559253517209466,0.47026343286625016,-1.4941692623181428,-2.020161667552907,0.47107488738445524,-1.5357577744325854,0.5229876582535655
267,1787224259.2966168,2.356019550185936,0.4706048456765267,-1.500404274927476,-2.0270385777387094,0.4711322911133601,-1.5326684722672341,0.5232015493242221
268,1787224259.3497503,2.3560807791881793,0.47082676400320644,-1.503743275647687,-2.0573512177293307,0.4711696035371482,-1.52824720011809,0.523340578520149
269,1787224259.4123995,2.3561205780396373,0.47097101091554827,-1.5044290986847737,-2.118615416875066,0.4711938566126105,-1.5057998642158092,0.5234309474975014
270,1787224259.4636734,2.356146447293085,0.4710647714085705,-1.4977823761050397,-2.122819215939079,0.471209621111661,-1.4936343074393594,0.5234896873327806
271,1787224259.5093598,2.356163262307826,0.47112571572903494,-1.4902533642715854,-2.10714057036433,0.47121986803604377,-1.4774882269423726,0.523527868225712
272,1787224259.5545077,2.324190728121442,0.4711653295373368,-1.4825780918630556,-2.0807412592082253,0.4712265285368926,-1.4433251178388578,0.5235526858061174
273,1787224259.5989842,2.317170718945581,0.471191078512733,-1.476121915871096,-2.0877118177455616,0.47123085786244434,-1.4140590107505953,0.5235688172333809
274,1787224259.6436574,2.3308290388819484,0.4712078153467406,-1.470370200635047,-2.1324361771936364,0.47123367192405297,-1.3940746312907542,0.5235793026611022
275,1787224259.6890523,2.3268453305228487,0.47121869428884555,-1.4651701127724728,-2.1337186419826937,0.4712355010640985,-1.3794543530792798,0.523586118189121
276,1787224259.7300296,2.299215451338348,0.47122576560121376,-1.4597593488121834,-2.135549614936114,0.47123669000512813,-1.3612451308485654,0.5235905482823333
277,1787224259.7711504,2.2726440005275093,0.47123036195425305,-1.4544675560327787,-2.1178211121864274,0.47123746281679746,-1.3472209384017562,0.5235934278429213
278,1787224259.8159344,2.2532468563456027,0.47123334958372864,-1.4513788544588881,-2.1287085272716704,0.47123796514438243,-1.336021124762996,0.5235952995573034
279,1787224259.8630474,2.2606485971656882,0.4712352915428878,-1.4463580696545058,-2.14215143625746,0.4712382916573127,-1.3318788342141312,0.5235965161716518
280,1787224259.9052572,2.287203945226678,0.4712365538163412,-1.4504320669349984,-2.1906302871478034,0.4712385038907174,-1.3352988727638122,0.5235973069709783
281,1787224259.9596534,2.294013984543066,0.47123737429408596,-1.456941537468128,-2.238843436716612,0.4712386418424305,-1.3367883763039954,0.5235978209905405
282,1787224260.009912,2.288274990313921,0.47123790760462003,-1.4655234125787449,-2.2680573118785565,0.4712387315110439,-1.3442339092154747,0.5235981551032559
283,1787224260.0657694,2.2886223055856956,0.47123825425646715,-1.4721930331476305,-2.28838940713157,0.4712387897956427,-1.3518321896527097,0.523598372276521
284,1787224260.1188467,2.275272416197433,0.47123847958016774,-1.472943917757499,-2.2947309982504995,0.47123882768063186,-1.3474688968819615,0.5235985134391432
285,1787224260.166761,2.2714351973111686,0.4712386260405732,-1.471359973492313,-2.303145903098463,0.4712388523058748,-1.3391139173480529,0.5235986051948477
286,1787224260.212668,2.2543696312710484,0.4712387212398367,-1.462096368460005,-2.2850031779532682,0.4712388683122828,-1.3342742673461785,0.5235986648360555
287,1787224260.2541845,2.227543014847875,0.47123878311935796,-1.4519957775954149,-2.2607920176799667,0.471238878716448,-1.3290275713329363,0.5235987036028407
288,1787224260.2963514,2.263252507756365,0.47123882334104683,-1.4418404035011165,-2.289944844906194,0.47123888547915527,-1.3257219992948557,0.523598728801251
289,1787224260.3396719,2.295782201608958,0.4712388494851446,-1.4328021856724706,-2.3063309695671745,0.471238889874915,-1.318728898732947,0.5235987451802178
290,1787224260.384575,2.3169265026131436,0.4712388664788081,-1.4243532643113452,-2.317686217500756,0.4712388927321589,-1.3085311429346986,0.5235987558265461
291,1787224260.4313812,2.330670298265864,0.4712388775246894,-1.4165262353269867,-2.318169193172908,0.4712388945893674,-1.2878939486013121,0.5235987627466596
292,1787224260.476465,2.339603765440132,0.47123888470451225,-1.4100399516824211,-2.2870199945838214,0.471238895796553,-1.2631430259244427,0.5235987672447333
293,1787224260.5247347,2.315095821935374,0.47123888937139713,-1.404952702935695,-2.271501790211108,0.47123889658122353,-1.245861127235643,0.5235987701684812
294,1787224260.5698195,2.3086884867305555,0.47123889240487227,-1.404558329980706,-2.2724749534843243,0.47123889709125943,-1.2353686703347382,0.5235987720689174
295,1787224260.6196015,2.3132445256399357,0.47123889437663113,-1.4063593502363267,-2.2638425270826312,0.4712388974227828,-1.2286045989484018,0.5235987733042009
296,1787224260.6626997,2.3273999416745363,0.47123889565827437,-1.4073185758669557,-2.2484796834273766,0.471238897638273,-1.2279090423099563,0.5235987741071352
297,1787224260.705782,2.3374780336557697,0.47123889649134243,-1.406890613967477,-2.2555528154017956,0.4712388977783416,-1.2283505188085622,0.5235987746290425
298,1787224260.7493193,2.344028793443571,0.4712388970328367,-1.4080533554505381,-2.27965074437698,0.4712388978693862,-1.2341462816985591,0.5235987749682822
299,1787224260.7930844,2.348286787305642,0.47123889738480795,-1.4086839632786652,-2.2710954125662424,0.4712388979285652,-1.2574089446041274,0.5235987751887881
300,1787224260.8342211,2.3510544833159877,0.4712388976135893,-1.4082963609653734,-2.2280183712228614,0.47123889796703156,-1.2947813744824992,0.5235987753321169
301,1787224260.878485,2.352853485722713,0.4712388977622972,-1.4075311091511038,-2.20900091822935,0.47123889799203467,-1.3318306450989632,0.5235987754252805
302,1787224260.9244044,2.354022837287084,0.47123889785895734,-1.4067589213295317,-2.2323383498386438,0.47123889800828667,-1.3609910510566525,0.5235987754858369
303,1787224260.9679167,2.3547829158039253,0.4712388979217864,-1.4050876444591662,-2.262469528935928,0.47123889801885044,-1.386295902725511,0.5235987755251985
304,1787224261.0144758,2.3550269319382866,0.4712388979626253,-1.4031473497376465,-2.2600049129223776,0.47123889802571695,-1.406505960070703,0.5235987755507836
305,1787224261.059475,2.3475455341144276,0.4712388979891706,-1.4006673412762227,-2.257709545912596,0.47123889803018015,-1.4213920841150685,0.5235987755674139
306,1787224261.1087658,2.3256006312504587,0.47123889800642504,-1.3986168415357536,-2.255689949326029,0.4712388980330813,-1.4289674233154295,0.5235987755782237
307,1787224261.162397,2.3129080002976465,0.4712388980176404,-1.3986506326186903,-2.2550147847717983,0.471238898034967,-1.4299919624513193,0.52359877558525
308,1787224261.2083628,2.2846791771639783,0.47123889802493035,-1.4002873811942416,-2.242944726913591,0.4712388980361927,-1.429291638648132,0.523598775589817
309,1787224261.264685,2.271856606672583,0.4712388980296689,-1.4037409116450013,-2.2413050902909593,0.4712388980369894,-1.426044211412381,0.5235987755927857
310,1787224261.3169434,2.2621435750727255,0.4712388980327489,-1.4087176766868317,-2.235855733561778,0.4712388980375072,-1.4221732491929133,0.5235987755947153
311,1787224261.3688796,2.2506459549297753,0.47123889803475094,-1.4151454350613086,-2.232428206852422,0.4712388980378438,-1.4159985561711648,0.5235987755959696
312,1787224261.4126673,2.240864027449223,0.47123889803605223,-1.4213932999358578,-2.2246861854803366,0.4712388980380626,-1.4094478387178568,0.5235987755967848
313,1787224261.4640946,2.225971541299501,0.4712388980368981,-1.4265569677356078,-2.2003907617412297,0.47123889803820485,-1.403204560259025,0.5235987755973147
314,1787224261.5073493,2.2012476250891413,0.4712388980374479,-1.431173371889477,-2.1686889199922446,0.4712388980382973,-1.3977914231310338,0.5235987755976592
315,1787224261.5557978,2.1928609759237467,0.4712388980378053,-1.4350565721326949,-2.172350726484627,0.4712388980383574,-1.3944063890620233,0.523598775597883
316,1787224261.602381,2.171916796980213,0.47123889803803753,-1.4369218431051785,-2.178939644301739,0.47123889803839647,-1.3943963298556037,0.5235987755980286
317,1787224261.6481514,2.155193553981512,0.4712388980381885,-1.4387644293189603,-2.169344742774817,0.4712388980384218,-1.39558136108491,0.5235987755981232
318,1787224261.709622,2.1415375669802583,0.47123889803828667,-1.4415689109323044,-2.1560499758614378,0.4712388980384383,-1.3973318235235452,0.5235987755981847
319,1787224261.764311,2.1311309301434296,0.4712388980383505,-1.446218541715433,-2.1779745890555526,0.4712388980384491,-1.4003348742953208,0.5235987755982247
320,1787224261.8077602,2.0839737378530017,0.4712388980383919,-1.4505491622969522,-2.1896829350955045,0.4712388980384561,-1.4026609371133871,0.5235987755982506
321,1787224261.8708172,2.0391211162571343,0.4712388980384189,-1.4538251180705593,-2.202844786013295,0.47123889803846064,-1.4040682223380512,0.5235987755982675
322,1787224261.9140265,2.005423984304406,0.47123889803843644,-1.4555423222672088,-2.2196506234252027,0.4712388980384635,-1.4065509850067883,0.5235987755982785
323,1787224261.963598,1.9682446400335776,0.47123889803844776,-1.4568132753820215,-2.223585247025816,0.4712388980384654,-1.411499694107865,0.5235987755982856
324,1787224262.0113912,1.959774575377687,0.4712388980384552,-1.4582179563766346,-2.2235996425849276,0.47123889803846664,-1.4148128728505043,0.5235987755982903
325,1787224262.0555575,1.9614777954503109,0.47123889803846,-1.4601137655424004,-2.2228400820509915,0.4712388980384674,-1.417289835945726,0.5235987755982933
326,1787224262.1001189,1.9502567431582842,0.4712388980384631,-1.4648365958329936,-2.2383138641445193,0.47123889803846797,-1.419311292119351,0.5235987755982952
327,1787224262.145327,1.940248859622832,0.4712388980384651,-1.4716563943224181,-2.2451820167613983,0.4712388980384683,-1.4223897793416105,0.5235987755982965
328,1787224262.1900253,1.924772383574104,0.4712388980384664,-1.4784800597996948,-2.2608933768076405,0.4712388980384685,-1.4257132965790487,0.5235987755982974
329,1787224262.2406712,1.9624789924897856,0.4712388980384673,-1.4854738585651233,-2.284190530527947,0.47123889803846863,-1.4271506119373023,0.5235987755982978
330,1787224262.2859275,2.025543121472269,0.47123889803846786,-1.4936351819838605,-2.3093919164104864,0.47123889803846875,-1.4254734724427989,0.5235987755982981
331,1787224262.3316453,2.0763457405015284,0.4712388980384682,-1.5048165600298367,-2.325772817234137,0.47123889803846886,-1.422388517815334,0.5235987755982984
332,1787224262.38149,2.1300443159538407,0.4712388980384684,-1.5171919146350898,-2.3364204027695097,0.47123889803846886,-1.417647180733715,0.5235987755982985
333,1787224262.42868,2.133253795497099,0.47123889803846863,-1.5293441402906391,-2.343341333367502,0.47123889803846886,-1.4108088940611736,0.5235987755982986
334,1787224262.4764812,2.133812791995323,0.47123889803846875,-1.5341113180435257,-2.347839938256197,0.47123889803846886,-1.4127805195647238,0.5235987755982987
335,1787224262.5189993,2.149347753933972,0.47123889803846886,-1.5342206771590803,-2.350764031433849,0.47123889803846886,-1.4209675220766322,0.5235987755982987
336,1787224262.562186,2.184762017976203,0.47123889803846886,-1.5353882080535033,-2.3526646919993226,0.47123889803846886,-1.4388310249509693,0.5235987755982987
337,1787224262.608871,2.1741972946779833,0.47123889803846886,-1.5306772446665278,-2.3539001213668804,0.47123889803846886,-1.4524340800614972,0.5235987755982987
338,1787224262.6533413,2.176618820463034,0.47123889803846886,-1.5188527455214733,-2.354703150455793,0.47123889803846886,-1.4613544941065277,0.5235987755982987
339,1787224262.696089,2.1894475766935315,0.47123889803846886,-1.5090061429374857,-2.3552251193635865,0.47123889803846886,-1.4664951077447483,0.5235987755982987
340,1787224262.7410598,2.0792938579264946,0.47123889803846886,-1.5005141694518644,-2.3555643991536517,0.47123889803846886,-1.4744124098994815,0.5235987755982987
341,1787224262.7872238,1.978580806857514,0.47123889803846886,-1.4888605823396768,-2.3557849310171943,0.47123889803846886,-1.478908568194054,0.5235987755982987
342,1787224262.8305504,1.9358956676885968,0.47123889803846886,-1.445348979567517,-2.355928276728497,0.47123889803846886,-1.4753284867247083,0.5235987755982987
343,1787224262.8898609,1.9311791197785677,0.47123889803846886,-1.4051463296836233,-2.356021451440844,0.47123889803846886,-1.4692874806999225,0.5235987755982987
344,1787224262.952972,1.960003499115976,0.47123889803846886,-1.365451393575664,-2.352732692389483,0.47123889803846886,-1.4636816516606603,0.5235987755982987
345,1787224263.00936,1.951425676792059,0.47123889803846886,-1.3179916189162681,-2.3539443216204847,0.47123889803846886,-1.4548514495388516,0.5235987755982987
346,1787224263.0585918,1.9311310292380623,0.47123889803846886,-1.2778705391717529,-2.354731880620636,0.47123889803846886,-1.4500628831437874,0.5235987755982987
347,1787224263.1076818,1.931995181722489,0.47123889803846886,-1.2494878343600238,-2.3552437939707342,0.47123889803846886,-1.448756911557179,0.5235987755982987
348,1787224263.1524265,1.8928055627491425,0.47123889803846886,-1.2256378370450394,-2.355576537648298,0.47123889803846886,-1.4457247949487044,0.5235987755982987
349,1787224263.1944592,1.85772106224231,0.47123889803846886,-1.2061019375572553,-2.3557928210387145,0.47123889803846886,-1.4430287116455582,0.5235987755982987
350,1787224263.2383938,1.8024249658816358,0.47123889803846886,-1.1942384089220508,-2.355933405242485,0.47123889803846886,-1.441155871289955,0.5235987755982987
351,1787224263.2851996,1.809364470002396,0.47123889803846886,-1.184859832541384,-2.3560247849749363,0.47123889803846886,-1.4420939002700381,0.5235987755982987
352,1787224263.3391764,1.8664243254323472,0.47123889803846886,-1.1744870309232138,-2.3560841818010294,0.47123889803846886,-1.4335687013246974,0.5235987755982987
353,1787224263.381387,1.8084097345849637,0.47123889803846886,-1.165569382651876,-2.3561227897379897,0.47123889803846886,-1.407912378966522,0.5235987755982987
354,1787224263.4232838,1.7741713251331719,0.47123889803846886,-1.1541986330079774,-2.3561478848970143,0.47123889803846886,-1.3808067007162315,0.5235987755982987
355,1787224263.4696295,1.742313844461447,0.47123889803846886,-1.1454006642674717,-2.35616419675038,0.47123889803846886,-1.3686274621082934,0.5235987755982987
356,1787224263.5173528,1.6709183621240211,0.47123889803846886,-1.160079683171716,-2.333432982487996,0.47123889803846886,-1.3636658481313162,0.5235987755982987
357,1787224263.558402,1.6474832062577507,0.47123889803846886,-1.1819005298981788,-2.303219838253081,0.47123889803846886,-1.360801151308674,0.5235987755982987
358,1787224263.6167808,1.6076657501909903,0.47123889803846886,-1.1934405619021,-2.2707217571947935,0.47123889803846886,-1.368186612370879,0.5235987755982987
359,1787224263.6772525,1.6907962984506368,0.47123889803846886,-1.2167593262093643,-2.2353350652355295,0.47123889803846886,-1.3879975677841307,0.5235987755982987
360,1787224263.7183342,1.8364310658994856,0.47123889803846886,-1.254028233294638,-2.154928595975444,0.47123889803846886,-1.4346532868054285,0.5235987755982987
361,1787224263.762189,2.018348264401986,0.47123889803846886,-1.3490416292150669,-2.0215121369111664,0.47123889803846886,-1.4800413817237639,0.5235987755982987
362,1787224263.8042455,2.1365944434286117,0.47123889803846886,-1.4262907671295406,-1.9442932074773829,0.47123889803846886,-1.4953256488279218,0.5235987755982987
363,1787224263.8472197,2.2134544597959183,0.47123889803846886,-1.4768613606017476,-1.8916566436649134,0.47123889803846886,-1.5105114171782517,0.5235987755982987
364,1787224263.893874,2.2516362611595286,0.47123889803846886,-1.5069234570412338,-1.8227163402085393,0.47123889803846886,-1.5193570262552014,0.5235987755982987
365,1787224263.9354472,1.8993073704799786,0.47123889803846886,-1.5185012669730922,-1.776879079199333,0.47123889803846886,-1.53664102609679,0.5235987755982987
366,1787224263.980628,1.8311003196651596,0.47123889803846886,-1.5334213171738686,-1.780315131910268,0.47123889803846886,-1.5402755889631767,0.5235987755982987
367,1787224264.026221,1.743940243734495,0.47123889803846886,-1.5285698314746883,-1.8425814023079727,0.47123889803846886,-1.5404087082286035,0.5235987755982987
368,1787224264.0711274,1.6114213080059911,0.47123889803846886,-1.5276014153211137,-1.927909964614622,0.47123889803846886,-1.5283852715319277,0.5235987755982987
370,1787224264.1619904,1.872091921771215,0.47123889803846886,-0.8599919326920198,-2.077809548566825,0.47123889803846886,-0.949218123446975,0.1570796326794896
371,1787224264.2317448,2.0415278207186107,0.47123889803846886,-0.41742041303621136,-2.1752442781357573,0.47123889803846886,-0.6217798972113743,-0.08115781021773634
372,1787224264.2800653,2.128979240380715,0.47123889803846886,-0.12468920758202395,-2.238576852355563,0.47123889803846886,-0.42795532585525825,-0.2360121481009332
373,1787224264.3286338,2.208504577814786,0.47123889803846886,0.02462148570683298,-2.279743025598437,0.47123889803846886,-0.26888758045821703,-0.33666746772501116
374,1787224264.38024,2.2601960471469313,0.47123889803846886,0.08142257962769733,-2.3065010382063047,0.47123889803846886,-0.16331526622752385,-0.40209342548066185
375,1787224264.427438,2.2937955022128262,0.47123889803846886,0.04497016295146152,-2.323893746401419,0.47123889803846886,-0.10158309850506825,-0.4446202980218348
376,1787224264.4712048,2.315635148005658,0.47123889803846886,-0.003762249142499327,-2.335199006728243,0.47123889803846886,-0.07855643531662472,-0.4722627651735972
377,1787224264.5135317,2.329830917770998,0.47123889803846886,-0.05310481938079617,-2.342547425940679,0.47123889803846886,-0.07772155494013228,-0.4902303688222428
378,1787224264.554527,2.3390581681184694,0.47123889803846886,-0.0710885335397072,-2.347323898428762,0.47123889803846886,-0.060123365999994564,-0.5019093111938624
379,1787224264.5955455,2.345055880844326,0.47123889803846886,-0.09252896000362221,-2.350428605546016,0.47123889803846886,-0.05214107784044565,-0.5095006237354152
380,1787224264.6419494,2.3489543941161326,0.47123889803846886,-0.10210052263408922,-2.352446665172231,0.47123889803846886,-0.037171005255267855,-0.5144349768874245
381,1787224264.695195,2.351488427742807,0.47123889803846886,-0.10382132953792284,-2.353758403929271,0.47123889803846886,0.01929224318844959,-0.5176423064362305
382,1787224264.7376645,2.3531355496001454,0.47123889803846886,-0.10723772180819989,-2.354611034121347,0.47123889803846886,0.026161548640174392,-0.5197270706429544
383,1787224264.7867143,2.2659775142118717,0.47123889803846886,-0.10156118102106772,-2.355165243746196,0.47123889803846886,-0.006174860424304568,-0.5210821673773249
384,1787224264.8348494,2.297553455805037,0.47123889803846886,-0.09466515733604594,-2.355525480002348,0.47123889803846886,-0.04050905057364104,-0.5219629802546658
385,1787224264.8795161,2.318077817840595,0.47123889803846886,-0.08672693650650808,-2.355759633568847,0.47123889803846886,-0.056603762555445164,-0.5225355086249374
386,1787224264.920729,2.3314186531637073,0.47123889803846886,-0.0652798659180535,-2.355911833387071,0.47123889803846886,-0.06700308261744717,-0.522907652065614
387,1787224264.9629278,2.3400901961237306,0.47123889803846886,-0.03916247895070409,-2.356010763268917,0.47123889803846886,-0.05695662730593272,-0.5231495453020536
388,1787224265.0062141,2.342511198756843,0.47123889803846886,-0.00864094341481668,-2.3560750676921165,0.47123889803846886,-0.052482601795185393,-0.5233067759057395
389,1787224265.0501046,2.3473003507592685,0.47123889803846886,0.013342781585804729,-2.3561168655671967,0.47123889803846886,-0.04519557422627179,-0.5234089757981353
390,1787224265.0903826,2.350413299560845,0.47123889803846886,0.0276235479705014,-2.3561440341859985,0.47123889803846886,-0.028990453046774372,-0.5234754057281925
391,1787224265.131925,2.3524367162818702,0.47123889803846886,0.036665330857286335,-2.35616169378822,0.47123889803846886,-0.03000663712986496,-0.5235185851827298
392,1787224265.1846275,2.3537519371505367,0.47123889803846886,0.04158659806486361,-2.3561731725296635,0.47123889803846886,-0.03463858600467432,-0.5235466518281789
393,1787224265.2325196,2.3546068307151695,0.47123889803846886,0.051014519272003164,-2.356180633711602,0.47123889803846886,0.006779596861342718,-0.523564895147721
394,1787224265.280818,2.355162511532181,0.47123889803846886,0.10940789418685565,-2.3561854834798623,0.47123889803846886,0.06150269071657905,-0.5235767533054232
395,1787224265.3316603,2.3555237040632386,0.47123889803846886,0.1489423879868561,-2.3561886358292314,0.47123889803846886,0.0549810626102928,-0.5235844611079297
396,1787224265.376888,2.3557584792084256,0.47123889803846886,0.17133169199138418,-2.356190684856321,0.47123889803846886,0.07654153268208115,-0.5235894711795589
397,1787224265.4187386,2.3559110830527974,0.47123889803846886,0.18093120747160807,-2.35619201672393,0.47123889803846886,0.08998105367467005,-0.5235927277261179
398,1787224265.4631805,2.3560102755516388,0.47123889803846886,0.25946800938580267,-2.356192882437875,0.47123889803846886,0.12358478930863874,-0.5235948444813812
399,1787224265.5154874,2.356074750675886,0.47123889803846886,0.28176746559844984,-2.3561934451519395,0.47123889803846886,0.07809003916447108,-0.5235962203723024
400,1787224265.5596132,2.3561166595066467,0.47123889803846886,0.2641412416598927,-2.356193810916081,0.47123889803846886,0.0322824471687083,-0.5235971147014011
401,1787224265.6041386,2.356143900246641,0.47123889803846886,0.2334946998797651,-2.3561940486627737,0.47123889803846886,0.03255060678434973,-0.5235976960153153
402,1787224265.6463606,2.356161606727637,0.47123889803846886,0.2611886292461624,-2.3561942031981236,0.47123889803846886,0.05322217986995548,-0.5235980738693595
403,1787224265.6893883,2.354516802023422,0.47123889803846886,0.28396648435456884,-2.356194303646101,0.47123889803846886,0.06559847532530277,-0.5235983194744882
404,1787224265.7415366,2.354086731222411,0.47123889803846886,0.3011151257048624,-2.3561943689372864,0.47123889803846886,0.07195836223608947,-0.5235984791178219
405,1787224265.786885,2.3548244468618877,0.47123889803846886,0.33689415064614836,-2.356194411376557,0.47123889803846886,0.07881003688962804,-0.5235985828859888
406,1787224265.8310258,2.3553039620275475,0.47123889803846886,0.40323855190749947,-2.356194438962083,0.47123889803846886,0.09449451166276268,-0.5235986503352974
407,1787224265.8821287,2.3556156468852265,0.47123889803846886,0.4451812728381503,-2.3561944568926747,0.47123889803846886,0.11191593625008645,-0.5235986941773478
408,1787224265.9327486,2.355818242042718,0.47123889803846886,0.46315569000808776,-2.3561944685475593,0.47123889803846886,0.13083259846038287,-0.5235987226746807
409,1787224265.9775114,2.355949928895088,0.47123889803846886,0.4738969392713326,-2.3561944761232345,0.47123889803846886,0.15501933740994892,-0.523598741197947
410,1787224266.0228374,2.356035525349128,0.47123889803846886,0.5067788965658739,-2.356194481047423,0.47123889803846886,0.17379980504444278,-0.5235987532380701
411,1787224266.0687602,2.356091163044254,0.47123889803846886,0.5391088747216473,-2.356194484248146,0.47123889803846886,0.20623873390520026,-0.5235987610641502
412,1787224266.1102204,2.3561273275460857,0.47123889803846886,0.5626214715943816,-2.3561944863286155,0.47123889803846886,0.23520695251755594,-0.5235987661511021
413,1787224266.1527185,2.3539081873571295,0.47123889803846886,0.5689565878362617,-2.356194487680921,0.47123889803846886,0.2505711694591886,-0.523598769457621
414,1787224266.203766,2.354708393349455,0.47123889803846886,0.5509860411592982,-2.356194488559919,0.47123889803846886,0.2529107295914171,-0.5235987716068582
415,1787224266.2490654,2.355228527244466,0.47123889803846886,0.5350004820229324,-2.3561944891312683,0.47123889803846886,0.25036448077873724,-0.5235987730038625
416,1787224266.2956054,2.3555666142762237,0.47123889803846886,0.5156396881919412,-2.356194489502645,0.47123889803846886,0.2440866592841005,-0.5235987739119152
417,1787224266.3437605,2.3557863708468663,0.47123889803846886,0.5287682498538122,-2.35619448974404,0.47123889803846886,0.24813295404435798,-0.5235987745021495
418,1787224266.3932216,2.3559292126177835,0.47123889803846886,0.5433738249658013,-2.356194489900947,0.47123889803846886,0.246263364806397,-0.5235987748858018
419,1787224266.4373863,2.35602205976888,0.47123889803846886,0.5587988384946995,-2.3561944900029363,0.47123889803846886,0.2596596276178162,-0.5235987751351757
420,1787224266.4801056,2.356082410417093,0.47123889803846886,0.5639616161027792,-2.356194490069229,0.47123889803846886,0.30098732015667196,-0.5235987752972688
421,1787224266.5233543,2.356121638338431,0.47123889803846886,0.5649913660160641,-2.35619449011232,0.47123889803846886,0.32501072029573375,-0.5235987754026293
422,1787224266.575404,2.3561471364873006,0.47123889803846886,0.5639816879807735,-2.3561944901403287,0.47123889803846886,0.33727615836586194,-0.5235987754711137
423,1787224266.6190722,2.356163710284066,0.47123889803846886,0.5605974319722048,-2.3561944901585345,0.47123889803846886,0.3397955722974589,-0.5235987755156285
424,1787224266.665269,2.3561744832519635,0.47123889803846886,0.5385966829793241,-2.356194490170368,0.47123889803846886,0.3779898321066725,-0.5235987755445631
425,1787224266.714819,2.356181485681097,0.47123889803846886,0.5446884765738402,-2.3561944901780603,0.47123889803846886,0.3521771185050828,-0.5235987755633706
426,1787224266.7640092,2.356186037260034,0.47123889803846886,0.5331517868459765,-2.35619449018306,0.47123889803846886,0.33501468656995026,-0.5235987755755955
427,1787224266.8071048,2.3561889957863427,0.47123889803846886,0.5243851658387888,-2.3561944901863097,0.47123889803846886,0.3164512998101525,-0.5235987755835416
428,1787224266.8584898,2.3561909188284433,0.47123889803846886,0.5164909503972317,-2.3561944901884218,0.47123889803846886,0.300557091951423,-0.5235987755887066
429,1787224266.904085,2.356192168805809,0.47123889803846886,0.5052807916202637,-2.356194490189795,0.47123889803846886,0.2865301161218128,-0.5235987755920639
430,1787224266.945207,2.3561929812910964,0.47123889803846886,0.5380923314981012,-2.3561944901906875,0.47123889803846886,0.3274521229975442,-0.5235987755942462
431,1787224266.9880836,2.356193509406533,0.47123889803846886,0.5733245156781067,-2.3561944901912675,0.47123889803846886,0.3497049213187922,-0.5235987755956646
432,1787224267.0311205,2.3561938526815673,0.47123889803846886,0.5981258948348491,-2.3561944901916445,0.47123889803846886,0.35334979903222136,-0.5235987755965865
433,1787224267.0921357,2.3561940758103397,0.47123889803846886,0.6055676123011945,-2.3561944901918896,0.47123889803846886,0.316869687637539,-0.5235987755971858
434,1787224267.1471004,2.3561942208440416,0.47123889803846886,0.5992611044231462,-2.356194490192049,0.47123889803846886,0.2840028555106803,-0.5235987755975754
435,1787224267.2007015,2.356194315115948,0.47123889803846886,0.5926533108023884,-2.3561944901921525,0.47123889803846886,0.23861912409477562,-0.5235987755978286
436,1787224267.25499,2.356194376392687,0.47123889803846886,0.5781707920254193,-2.3561944901922196,0.47123889803846886,0.2067964171481688,-0.5235987755979932
437,1787224267.3096757,2.3561944162225674,0.47123889803846886,0.5722292349057843,-2.3561944901922636,0.47123889803846886,0.19369069298040326,-0.5235987755981002
438,1787224267.3627005,2.3561944421119896,0.47123889803846886,0.5674698722813462,-2.356194490192292,0.47123889803846886,0.18907759719125544,-0.5235987755981697
439,1787224267.4155178,2.356194458940114,0.47123889803846886,0.5721376716377558,-2.3561944901923106,0.47123889803846886,0.18969252712238094,-0.5235987755982149
440,1787224267.466881,2.3561944698783948,0.47123889803846886,0.5726138384574035,-2.3561944901923226,0.47123889803846886,0.18602785566784924,-0.5235987755982443
441,1787224267.5200183,2.3561944769882777,0.47123889803846886,0.584189695554293,-2.3561944901923306,0.47123889803846886,0.18776706128220366,-0.5235987755982634
442,1787224267.5837142,2.356194481609701,0.47123889803846886,0.6206552747478066,-2.356194490192336,0.47123889803846886,0.1968428573992877,-0.5235987755982758
443,1787224267.6396098,2.356194484613626,0.47123889803846886,0.6191254756490202,-2.356194490192339,0.47123889803846886,0.21689046248979452,-0.5235987755982838
444,1787224267.694649,2.356194486566178,0.47123889803846886,0.6591458300201058,-2.3561944901923413,0.47123889803846886,0.2780256136056507,-0.5235987755982892
445,1787224267.7527914,2.3561944878353365,0.47123889803846886,0.6900861015402056,-2.3561944901923426,0.47123889803846886,0.3438554709732484,-0.5235987755982925
448,1787224267.9506571,2.3561944886602895,0.47123889803846886,-0.04340511806540026,-2.1652101683779392,0.47123889803846886,-0.2107301653909433,-0.15707963267948555
449,1787224268.0284421,2.2391608301768096,0.47123889803846886,-0.5074145664552199,-1.9670787367770166,0.47123889803846886,-0.5652435146947888,0.08115781021773898
450,1787224268.0846264,2.0990038612623754,0.47123889803846886,-0.8725335187985684,-1.974865652316467,0.47123889803846886,-0.8740172749831873,0.2360121481009349
451,1787224268.13271,1.9561025992565044,0.47123889803846886,-1.1110715214168585,-2.0538120995516733,0.47123889803846886,-1.0998905262064136,0.33666746772501227
452,1787224268.179769,1.7438765364608237,0.47123889803846886,-1.260388319671366,-2.040764240982817,0.47123889803846886,-1.2073405162231539,0.40209342548066257
453,1787224268.227236,1.8437532116041293,0.47123889803846886,-1.3443666253350015,-2.1511648282061517,0.47123889803846886,-1.282823530264387,0.4446202980218353
454,1787224268.2724774,1.8514962196367735,0.47123889803846886,-1.4110791715882698,-2.2229252099013195,0.47123889803846886,-1.3710378905057974,0.4722627651735975
455,1787224268.3227036,2.0281406143312237,0.47123889803846886,-1.4446693124546997,-2.269569458003178,0.47123889803846886,-1.4374128971253501,0.49023036882224297
456,1787224268.3689966,2.0970543905668784,0.47123889803846886,-1.4606950024221326,-2.299888219269387,0.47123889803846886,-1.47398327969875,0.5019093111938625
457,1787224268.4095132,2.035456162289422,0.47123889803846886,-1.4583599340885174,-2.319595414092422,0.47123889803846886,-1.4855947709931907,0.5095006237354152
458,1787224268.4557903,2.039337558371533,0.47123889803846886,-1.4515424886164943,-2.332405090727395,0.47123889803846886,-1.4812201767767519,0.5144349768874245
459,1787224268.5055473,2.042513706317447,0.47123889803846886,-1.4437694898593647,-2.3407313805401273,0.47123889803846886,-1.466250685127359,0.5176423064362305
460,1787224268.548086,2.042581979468502,0.47123889803846886,-1.433020564325813,-2.3461434689184033,0.47123889803846886,-1.441114455227341,0.5197270706429544
461,1787224268.5913866,2.0901131095038954,0.47123889803846886,-1.4176162195413262,-2.344233359551998,0.47123889803846886,-1.41105581008277,0.5210821673773249
462,1787224268.6369827,2.1273617516679812,0.47123889803846886,-1.4076908198034859,-2.3484197552761197,0.47123889803846886,-1.3874003666177974,0.5219629802546658
463,1787224268.6784139,2.142996866950612,0.47123889803846886,-1.4032741053077349,-2.337331589687072,0.47123889803846886,-1.3577080370876322,0.5225355086249374
464,1787224268.7187736,2.2176160350852188,0.47123889803846886,-1.4065563214564436,-2.3439336048639174,0.47123889803846886,-1.330157613427874,0.522907652065614
465,1787224268.7987268,2.266118494372713,0.47123889803846886,-1.4121183810189506,-2.348224914728867,0.47123889803846886,-1.3054799769490903,0.5231495453020536
466,1787224268.8534968,2.297645092909584,0.47123889803846886,-1.4228240059166184,-2.3510142661410844,0.47123889803846886,-1.288164608872982,0.5233067759057395
467,1787224268.9017441,2.3181373819585502,0.47123889803846886,-1.4260911758721293,-2.3528273445590253,0.47123889803846886,-1.2768989696281863,0.5234089757981353
468,1787224268.9450843,2.331457369840378,0.47123889803846886,-1.4266547515758232,-2.354005845530687,0.47123889803846886,-1.269737675472246,0.5234754057281925
469,1787224268.9862905,2.3401153619635666,0.47123889803846886,-1.4219504314709899,-2.354771871162267,0.47123889803846886,-1.2602918147399578,0.5235185851827298
470,1787224269.0326538,2.2688640327973513,0.47123889803846886,-1.4173756112249358,-2.3552697878227944,0.47123889803846886,-1.253828129446115,0.5235466518281789
471,1787224269.0758288,2.2084981629496303,0.47123889803846886,-1.4165559321435337,-2.2937259624820947,0.47123889803846886,-1.2488819533646676,0.523564895147721
472,1787224269.116484,2.1765762648134337,0.47123889803846886,-1.4161213272466318,-2.2848537029152087,0.47123889803846886,-1.2400000003834102,0.5235767533054232
473,1787224269.1598437,2.1602467562110075,0.47123889803846886,-1.420304461146259,-2.2878170767417014,0.47123889803846886,-1.231057440840137,0.5235844611079297
474,1787224269.205626,2.220747119269629,0.47123889803846886,-1.4267599082018392,-2.311749171449427,0.47123889803846886,-1.2131327399369924,0.5235894711795589
475,1787224269.2542024,2.207205993380826,0.47123889803846886,-1.4223024605995436,-2.290939469245938,0.47123889803846886,-1.18889744345138,0.5235927277261179
476,1787224269.301192,2.173301264853091,0.47123889803846886,-1.419301881502869,-2.2624299064522835,0.47123889803846886,-1.1673314468229556,0.5235948444813812
477,1787224269.3449376,2.1500872001776643,0.47123889803846886,-1.4134879164773029,-2.2355546518161673,0.47123889803846886,-1.1412983252929223,0.5235962203723024
478,1787224269.389981,2.134318575411405,0.47123889803846886,-1.4063447873274295,-2.216167685652531,0.47123889803846886,-1.1197477356346248,0.5235971147014011
479,1787224269.4336696,2.128053267581506,0.47123889803846886,-1.392741560397729,-2.2042042106057913,0.47123889803846886,-1.0875698250804875,0.5235976960153153
480,1787224269.4816616,2.1354182536908963,0.47123889803846886,-1.3763505651592536,-2.200433149194082,0.47123889803846886,-1.0652811617572526,0.5235980738693595
481,1787224269.525231,2.132605134746947,0.47123889803846886,-1.3605855412296197,-2.1792780303311585,0.47123889803846886,-1.0466809640111172,0.5235983194744882
482,1787224269.569647,2.116312964209226,0.47123889803846886,-1.3466531023088837,-2.103731471237492,0.47123889803846886,-1.028763992555139,0.5235984791178219
483,1787224269.6133506,2.126092854187557,0.47123889803846886,-1.3314925108127378,-2.074906207801808,0.47123889803846886,-1.014582031054318,0.5235985828859888
484,1787224269.657084,2.163162812488167,0.47123889803846886,-1.3108536895975764,-2.075683525821794,0.47123889803846886,-1.006818485458957,0.5235986503352974
485,1787224269.6990697,2.2114174854574946,0.47123889803846886,-1.2846067678331767,-2.0829509554202836,0.47123889803846886,-1.0037954653997212,0.5235986941773478
486,1787224269.7504268,2.226934237381576,0.47123889803846886,-1.2575096446931344,-2.0751370443239723,0.47123889803846886,-1.003209513582169,0.5235987226746807
487,1787224269.8083153,2.234284197097428,0.47123889803846886,-1.225502265622489,-2.0798101249367296,0.47123889803846886,-1.0075323993562957,0.523598741197947
488,1787224269.8543403,2.2231464079903516,0.47123889803846886,-1.1994713815006313,-2.08875145182375,0.47123889803846886,-1.0137066630278355,0.5235987532380701
489,1787224269.8991916,2.2020977075229844,0.47123889803846886,-1.18039994736528,-2.097238375986346,0.47123889803846886,-1.022877462375819,0.5235987610641502
490,1787224269.9600346,2.1797701039011756,0.47123889803846886,-1.1677288943218835,-2.09010805405972,0.47123889803846886,-1.031464714386497,0.5235987661511021
491,1787224270.007363,2.1231382537276073,0.47123889803846886,-1.1557550196037196,-2.1431243499670605,0.47123889803846886,-1.0378428176662975,0.523598769457621
492,1787224270.0542471,2.135040204454487,0.47123889803846886,-1.1493593918938885,-2.152204825746457,0.47123889803846886,-1.0427742175471808,0.5235987716068582
493,1787224270.1035874,2.144160486553739,0.47123889803846886,-1.146291066610049,-2.157576870730642,0.47123889803846886,-1.0511248574154866,0.5235987730038625
494,1787224270.145501,2.1694224409683693,0.47123889803846886,-1.1467886150995108,-2.162298657401677,0.47123889803846886,-1.0562064628407921,0.5235987739119152
495,1787224270.1873987,2.183646052077389,0.47123889803846886,-1.1445837094990945,-2.1872433496577965,0.47123889803846886,-1.0571706682365112,0.5235987745021495
496,1787224270.230874,2.177182588823988,0.47123889803846886,-1.1473192737574291,-2.222151274243208,0.47123889803846886,-1.057721619427195,0.5235987748858018
497,1787224270.3076057,2.12596098070435,0.47123889803846886,-1.151342489024033,-2.1565219565433438,0.47123889803846886,-1.0556507085882938,0.5235987751351757
498,1787224270.3574166,2.116290804995055,0.47123889803846886,-1.1600652746791225,-2.142472683912227,0.47123889803846886,-1.0529370818974184,0.5235987752972688
499,1787224270.4106162,2.1257970515777505,0.47123889803846886,-1.165993843411919,-2.1519356370126097,0.47123889803846886,-1.0507963998409209,0.5235987754026293
500,1787224270.4586055,2.126163061802984,0.47123889803846886,-1.1698770967213592,-2.154193788525553,0.47123889803846886,-1.0495590808344293,0.5235987754711137
501,1787224270.522773,2.1378529122957195,0.47123889803846886,-1.173061089152435,-2.162116589027087,0.47123889803846886,-1.048563623083579,0.5235987755156285
502,1787224270.5766823,2.121915570918025,0.47123889803846886,-1.1741756497457057,-2.1424251372314655,0.47123889803846886,-1.048665114183854,0.5235987755445631
503,1787224270.6477911,2.1106291512547024,0.47123889803846886,-1.174415671727497,-2.1253670889484577,0.47123889803846886,-1.0491250944874024,0.5235987755633706
504,1787224270.693944,2.1106634134339424,0.47123889803846886,-1.1753825313260866,-2.1351211521676654,0.47123889803846886,-1.049513121603738,0.5235987755755955
505,1787224270.7358086,2.102108156402899,0.47123889803846886,-1.1759189385599107,-2.1358810404665918,0.47123889803846886,-1.0497917913706674,0.5235987755835416
506,1787224270.7855978,2.0879014357636025,0.47123889803846886,-1.1761579293376216,-2.1419327165012665,0.47123889803846886,-1.0496077859741328,0.5235987755887066
507,1787224270.8316,2.081721174680704,0.47123889803846886,-1.1773581691970267,-2.1414025735539735,0.47123889803846886,-1.0488189015906881,0.5235987755920639
508,1787224270.8806646,2.093656161913526,0.47123889803846886,-1.1783400261714645,-2.0914622992650926,0.47123889803846886,-1.0478310568405838,0.5235987755942462
509,1787224270.9309978,2.105289207207924,0.47123889803846886,-1.1784912585450076,-2.0614141492693947,0.47123889803846886,-1.0468016942159093,0.5235987755956646
510,1787224270.9829407,2.117956999378091,0.47123889803846886,-1.1788315540492085,-2.043693055810902,0.47123889803846886,-1.045830483020483,0.5235987755965865
511,1787224271.0281599,2.1345027322038677,0.47123889803846886,-1.1792003090284378,-2.0421669045649535,0.47123889803846886,-1.0453552301661952,0.5235987755971858
512,1787224271.069869,2.1502087850709883,0.47123889803846886,-1.1801275818310286,-2.0564747678807014,0.47123889803846886,-1.0448542420888742,0.5235987755975754
513,1787224271.11076,2.16548912024027,0.47123889803846886,-1.181386165501318,-2.054318320798743,0.47123889803846886,-1.0447474863665274,0.5235987755978286
514,1787224271.152175,2.194447090903361,0.47123889803846886,-1.1828743663151076,-2.057537606377643,0.47123889803846886,-1.0452730026907855,0.5235987755979932
515,1787224271.19366,2.1917205052346964,0.47123889803846886,-1.1846993512407253,-2.0667120784381483,0.47123889803846886,-1.0460888984372174,0.5235987755981002
516,1787224271.238038,2.190205538038891,0.47123889803846886,-1.1860663104324218,-2.0652153676171667,0.47123889803846886,-1.0477837306268787,0.5235987755981697
517,1787224271.281834,2.1898646884440764,0.47123889803846886,-1.187325494047345,-2.0823426181124938,0.47123889803846886,-1.050654384356835,0.5235987755982149
518,1787224271.32628,2.1897722266918835,0.47123889803846886,-1.1882234363489366,-2.098218230229264,0.47123889803846886,-1.0548382016897824,0.5235987755982443
519,1787224271.3717318,2.205150765632908,0.47123889803846886,-1.1856955767218107,-2.1106977198279484,0.47123889803846886,-1.0604179592746485,0.5235987755982634
520,1787224271.4180617,2.216840647664142,0.47123889803846886,-1.1828304936687868,-2.1312810782890903,0.47123889803846886,-1.0705304141619267,0.5235987755982758
521,1787224271.4698327,2.210902414510926,0.47123889803846886,-1.179901293780413,-2.1485175217911383,0.47123889803846886,-1.0860513034926145,0.5235987755982838
522,1787224271.5125735,2.176709922785232,0.47123889803846886,-1.1768159223872328,-2.1361637942331146,0.47123889803846886,-1.113473476429534,0.5235987755982892
523,1787224271.5576024,2.1411807863727894,0.47123889803846886,-1.1735011391974175,-2.147159855732442,0.47123889803846886,-1.1423901751443317,0.5235987755982925
524,1787224271.6016824,2.1436702029619537,0.47123889803846886,-1.1711502700481262,-2.1648271798797603,0.47123889803846886,-1.1677640445382014,0.5235987755982947
525,1787224271.6454034,2.103435748869743,0.47123889803846886,-1.171985461265113,-2.1501505566632355,0.47123889803846886,-1.1920993182301685,0.5235987755982962
526,1787224271.694593,2.0571036122307165,0.47123889803846886,-1.1745002899154966,-2.147638127896323,0.47123889803846886,-1.2170388220457489,0.5235987755982972
527,1787224271.7426243,2.0468262411867673,0.47123889803846886,-1.1800036419995865,-2.161803439570413,0.47123889803846886,-1.2444702412758883,0.5235987755982978
528,1787224271.7873487,2.0463600062373355,0.47123889803846886,-1.1859758574015125,-2.1897062335247877,0.47123889803846886,-1.2719947668318266,0.5235987755982981
529,1787224271.831754,2.040522812411796,0.47123889803846886,-1.2007269317532618,-2.2259760423046213,0.47123889803846886,-1.3020988067102366,0.5235987755982984
530,1787224271.8786047,2.0395726690416627,0.47123889803846886,-1.218996811212009,-2.266444112515866,0.47123889803846886,-1.3352330162325772,0.5235987755982985
531,1787224271.9230306,2.0425502950436822,0.47123889803846886,-1.2362763277580648,-2.2883402199110767,0.47123889803846886,-1.3681272485590443,0.5235987755982986
532,1787224271.9660232,2.0585718634088463,0.47123889803846886,-1.253634621412311,-2.3120892145095207,0.47123889803846886,-1.4043541567418,0.5235987755982987
533,1787224272.010043,2.0801253851699917,0.47123889803846886,-1.265447677346278,-2.327526060998509,0.47123889803846886,-1.4400181288908902,0.5235987755982987
534,1787224272.0506544,2.0960784486829542,0.47123889803846886,-1.280077421331182,-2.3375600112163517,0.47123889803846886,-1.469618743361306,0.5235987755982987
535,1787224272.0930681,2.114107153546975,0.47123889803846886,-1.3059924320268195,-2.3440820788579493,0.47123889803846886,-1.4893672467161383,0.5235987755982987
536,1787224272.1339073,2.1262344194070235,0.47123889803846886,-1.3343192820882686,-2.348321422824988,0.47123889803846886,-1.494033559195382,0.5235987755982987
537,1787224272.174933,2.1340369896681555,0.47123889803846886,-1.3586722714523485,-2.3510769964035627,0.47123889803846886,-1.4911237408995839,0.5235987755982987
538,1787224272.2158759,2.1132416008034762,0.47123889803846886,-1.3752954786278775,-2.352868119229637,0.47123889803846886,-1.4834817460932634,0.5235987755982987
539,1787224272.2566094,2.098064621641422,0.47123889803846886,-1.3959338305498463,-2.3540323490665847,0.47123889803846886,-1.473790778090256,0.5235987755982987
540,1787224272.3004577,2.071970533634129,0.47123889803846886,-1.414496053052749,-2.354789098460601,0.47123889803846886,-1.4681780434450329,0.5235987755982987
541,1787224272.3435044,2.058945221207867,0.47123889803846886,-1.4211370209998178,-2.3552809855667114,0.47123889803846886,-1.4592494636241526,0.5235987755982987
542,1787224272.3883255,2.046994335349971,0.47123889803846886,-1.4250118097606501,-2.3556007121856832,0.47123889803846886,-1.4528512106604299,0.5235987755982987
543,1787224272.43159,2.054996124932874,0.47123889803846886,-1.4193991862018416,-2.355808534488015,0.47123889803846886,-1.4404684607485112,0.5235987755982987
544,1787224272.480812,2.044630391929913,0.47123889803846886,-1.417318956329631,-2.35594361898453,0.47123889803846886,-1.4351313219225634,0.5235987755982987
545,1787224272.5213997,2.0635076184555263,0.47123889803846886,-1.4165240236854748,-2.3560314239072655,0.47123889803846886,-1.4247371472285706,0.5235987755982987
546,1787224272.5618625,2.051898326314688,0.47123889803846886,-1.410109255549011,-2.3560884971070433,0.47123889803846886,-1.4144089644004483,0.5235987755982987
547,1787224272.6052241,2.0376965579002237,0.47123889803846886,-1.3999588947486405,-2.356125594686899,0.47123889803846886,-1.406946294163149,0.5235987755982987
548,1787224272.6506908,1.9967714551909146,0.47123889803846886,-1.3903569715403443,-2.356149708113805,0.47123889803846886,-1.4045159128432823,0.5235987755982987
549,1787224272.6916826,1.9576593210531479,0.47123889803846886,-1.3848640015491704,-2.3561653818412944,0.47123889803846886,-1.40519727922791,0.5235987755982987
550,1787224272.7332816,1.9427511461995497,0.47123889803846886,-1.378749403803237,-2.3561755697641624,0.47123889803846886,-1.4123603919211885,0.5235987755982987
551,1787224272.7873385,1.9519511171104602,0.47123889803846886,-1.3725085137761415,-2.3561821919140264,0.47123889803846886,-1.421227893201805,0.5235987755982987
552,1787224272.8360755,1.99125875810196,0.47123889803846886,-1.3713856190290161,-2.356186496311438,0.47123889803846886,-1.426782004126248,0.5235987755982987
553,1787224272.8866217,2.0135091076861316,0.47123889803846886,-1.3902568691122004,-2.3561892941697553,0.47123889803846886,-1.432808310144571,0.5235987755982987
554,1787224272.9326355,1.9983307950386209,0.47123889803846886,-1.4068601559014011,-2.356191112777662,0.47123889803846886,-1.4360634335655766,0.5235987755982987
555,1787224273.0016015,1.984518767980897,0.47123889803846886,-1.4241508947910662,-2.356192294872801,0.47123889803846886,-1.437390850718126,0.5235987755982987
556,1787224273.0656998,1.9337290828512785,0.47123889803846886,-1.4311168268006969,-2.3561930632346413,0.47123889803846886,-1.4334889015053898,0.5235987755982987
557,1787224273.1173544,1.94522543387999,0.47123889803846886,-1.4339871062185936,-2.3561935626698376,0.47123889803846886,-1.4242302029434046,0.5235987755982987
558,1787224273.165425,1.9552097579774594,0.47123889803846886,-1.4045582780944281,-2.356193887302715,0.47123889803846886,-1.391337589494406,0.5235987755982987
559,1787224273.218668,1.9056645529268283,0.47123889803846886,-1.3742258457005525,-2.356194098314085,0.47123889803846886,-1.352014693242675,0.5235987755982987
560,1787224273.2727077,1.8699322704963246,0.47123889803846886,-1.351638832204203,-2.3561942354714764,0.47123889803846886,-1.3128548831218882,0.5235987755982987
561,1787224273.322145,1.825543656417171,0.47123889803846886,-1.3098006999394416,-2.3561943246237806,0.47123889803846886,-1.2764222763508182,0.5235987755982987
562,1787224273.367321,1.5572627547729643,0.47123889803846886,-1.355363564809273,-2.3561943825727782,0.47123889803846886,-1.2351790102434435,0.5235987755982987
563,1787224273.4093246,1.3343400431923,0.47123889803846886,-1.4299936134772182,-2.3561944202396266,0.47123889803846886,-1.1901350822413255,0.5235987755982987
564,1787224273.4536583,1.0696644209921753,0.47123889803846886,-1.4572907079292685,-2.3561944447230783,0.47123889803846886,-1.1577224488760742,0.5235987755982987
565,1787224273.5075204,0.9282917838714411,0.47123889803846886,-1.4348404415052933,-2.3561944606373215,0.47123889803846886,-1.1319802424267944,0.5235987755982987
566,1787224273.560021,0.8255591404944967,0.47123889803846886,-1.4026725978239067,-2.3561944709815794,0.47123889803846886,-1.1137379225518167,0.5235987755982987
567,1787224273.6288102,0.9467339738447516,0.47123889803846886,-1.413864500521097,-2.3561944777053476,0.47123889803846886,-1.105992529661095,0.5235987755982987
568,1787224273.682181,1.408492632424299,0.47123889803846886,-1.4639401222557555,-2.3561944820757965,0.47123889803846886,-1.0977571953478515,0.5235987755982987
569,1787224273.7294824,1.740188282643115,0.47123889803846886,-1.4453614428014694,-2.3561944849165886,0.47123889803846886,-1.0775791204361693,0.5235987755982987
574,1787224274.0085657,1.8152806656060059,0.47123889803846886,-1.427361178790159,-2.356194486763103,0.47123889803846886,-1.117344634093112,0.5235987755982987
575,1787224274.0791714,1.631813518083276,0.47123889803846886,-1.472831496509459,-1.9882980444818414,0.47123889803846886,-1.1570161441947837,0.5235987755982987
576,1787224274.1319864,1.3284136398717632,0.47123889803846886,-1.300402209865189,-1.8329991108666561,0.47123889803846886,-1.1172263088053294,0.5235987755982987
581,1787224274.4739559,1.5959422320891927,0.47123889803846886,-1.3550303463449531,-2.016117493630647,0.47123889803846886,-1.0795771118422892,0.5235987755982987
582,1787224274.5614629,1.5558272173370202,0.47123889803846886,-1.3935541712068549,-2.135144442427241,0.47123889803846886,-1.0724859062112728,0.5235987755982987
583,1787224274.6280909,1.6616293772877635,0.47123889803846886,-1.4266651688083278,-2.2125119591450275,0.47123889803846886,-1.0435088831172952,0.5235987755982987
584,1787224274.683697,1.8764686988011086,0.47123889803846886,-1.4599118355757077,-2.2628008450115886,0.47123889803846886,-1.0392350341929617,0.5235987755982987
585,1787224274.737586,2.0443727257880413,0.47123889803846886,-1.4652307756569747,-2.2954886208248535,0.47123889803846886,-1.0431804542705287,0.5235987755982987
586,1787224274.7909088,2.11350464300635,0.47123889803846886,-1.434706755801081,-2.3167356751034758,0.47123889803846886,-1.04578386033754,0.5235987755982987
587,1787224274.8542407,2.022964006767039,0.47123889803846886,-1.4257123252293973,-2.3164173714332597,0.47123889803846886,-1.0669946384687035,0.5235987755982987
588,1787224274.9133136,2.0591497284405147,0.47123889803846886,-1.4172727796799152,-2.3303393629989397,0.47123889803846886,-1.0959186911488463,0.5235987755982987
589,1787224274.9804962,2.0475069266281074,0.47123889803846886,-1.4081737882075227,-2.339388657516632,0.47123889803846886,-1.1224353413406287,0.5235987755982987
590,1787224275.0298705,2.047302033169206,0.47123889803846886,-1.3985099572777036,-2.345270698953131,0.47123889803846886,-1.1482903881130666,0.5235987755982987
591,1787224275.0749998,2.038547131354674,0.47123889803846886,-1.3817707292904697,-2.3490940258868562,0.47123889803846886,-1.1706649661945039,0.5235987755982987
592,1787224275.1269403,2.0521761455222896,0.47123889803846886,-1.3575797519315873,-2.351579188393777,0.47123889803846886,-1.188582306546122,0.5235987755982987
593,1787224275.1785316,2.112622979174062,0.47123889803846886,-1.3289414652901124,-2.3531945440232755,0.47123889803846886,-1.2043926467286936,0.5235987755982987
594,1787224275.224657,2.1316168042703056,0.47123889803846886,-1.310173764015692,-2.35424452518245,0.47123889803846886,-1.2260533782031422,0.5235987755982987
595,1787224275.2661316,2.1591106426869935,0.47123889803846886,-1.299922745434305,-2.354927012935913,0.47123889803846886,-1.2420916065909653,0.5235987755982987
596,1787224275.328971,2.1920213838199993,0.47123889803846886,-1.2946115356247772,-2.3553706299756643,0.47123889803846886,-1.260792835357018,0.5235987755982987
597,1787224275.3835287,2.2494819710503204,0.47123889803846886,-1.30402269942689,-2.3556589810515023,0.47123889803846886,-1.2844303023213386,0.5235987755982987
598,1787224275.4391227,2.284895633012292,0.47123889803846886,-1.3096133367917866,-2.340546579027413,0.47123889803846886,-1.3174215538162253,0.5235987755982987
599,1787224275.4887636,2.3098502330253106,0.47123889803846886,-1.3298885083267291,-2.346023347935139,0.47123889803846886,-1.3462217865321615,0.5235987755982987
600,1787224275.535367,2.326070723033773,0.47123889803846886,-1.353539527511659,-2.3495832477251613,0.47123889803846886,-1.366586105511346,0.5235987755982987
601,1787224275.5788906,2.3366140415392733,0.47123889803846886,-1.3739520237267366,-2.351897182588676,0.47123889803846886,-1.383137985430169,0.5235987755982987
602,1787224275.6223426,2.316907725206544,0.47123889803846886,-1.390040844746761,-2.3106792501621247,0.47123889803846886,-1.3954012460878227,0.5235987755982987
603,1787224275.670153,2.2647875778735296,0.47123889803846886,-1.4018807220005622,-2.2663888801430336,0.47123889803846886,-1.410852443758007,0.5235987755982987
604,1787224275.7175152,2.24088284515424,0.47123889803846886,-1.4218297805367848,-2.2458434187172265,0.47123889803846886,-1.4182864130019963,0.5235987755982987
605,1787224275.7601075,2.2244235316749417,0.47123889803846886,-1.4343708854135178,-2.2486982364072676,0.47123889803846886,-1.4209789976723963,0.5235987755982987
606,1787224275.8018253,2.1809252850171004,0.47123889803846886,-1.442625970083892,-2.2047510137269084,0.47123889803846886,-1.4267256480590782,0.5235987755982987
607,1787224275.8496535,2.169591163692686,0.47123889803846886,-1.453900747060775,-2.167845089622025,0.47123889803846886,-1.4300744532131562,0.5235987755982987
608,1787224275.8952696,2.148833750555809,0.47123889803846886,-1.4651131469637375,-2.1490106665219537,0.47123889803846886,-1.4262745697546855,0.5235987755982987
609,1787224275.9374335,2.1662347251008827,0.47123889803846886,-1.4777744966236679,-2.1327195741688065,0.47123889803846886,-1.423818327889415,0.5235987755982987
610,1787224275.9811258,2.165130160618376,0.47123889803846886,-1.4871585571689103,-2.1245080262222804,0.47123889803846886,-1.4215996631862737,0.5235987755982987
611,1787224276.022041,2.1645721435395764,0.47123889803846886,-1.493411827516936,-2.113227371620808,0.47123889803846886,-1.4192831698811914,0.5235987755982987
612,1787224276.063059,2.1642100782487703,0.47123889803846886,-1.4970369472414222,-2.1453796652583366,0.47123889803846886,-1.41723032154011,0.5235987755982987
613,1787224276.107128,2.167205330754373,0.47123889803846886,-1.4985610309018607,-2.1724419337171432,0.47123889803846886,-1.4151175214037814,0.5235987755982987
614,1787224276.1477582,2.1541343095228793,0.47123889803846886,-1.4927537877763744,-2.182610261652833,0.47123889803846886,-1.4156672085265103,0.5235987755982987
615,1787224276.1905122,2.168595140898374,0.47123889803846886,-1.4882685679066823,-2.203081044030165,0.47123889803846886,-1.4169292993904632,0.5235987755982987
616,1787224276.2341232,2.1854099411345014,0.47123889803846886,-1.482337812631652,-2.223136040684218,0.47123889803846886,-1.4186143870347472,0.5235987755982987
617,1787224276.2769728,2.193728528885532,0.47123889803846886,-1.4769781744680017,-2.2262110578193997,0.47123889803846886,-1.420587326676484,0.5235987755982987
618,1787224276.3176303,2.2029386278965646,0.47123889803846886,-1.4721748866617395,-2.2311882957479083,0.47123889803846886,-1.4223382986933106,0.5235987755982987
619,1787224276.3664765,2.201953219956758,0.47123889803846886,-1.4712289519776607,-2.244076669435433,0.47123889803846886,-1.423789863760296,0.5235987755982987
620,1787224276.4089913,2.197256126387582,0.47123889803846886,-1.4703745266180417,-2.2332303838348486,0.47123889803846886,-1.4249980820994612,0.5235987755982987
621,1787224276.4532163,2.1855975078165972,0.47123889803846886,-1.4695898851917861,-2.2216932027393548,0.47123889803846886,-1.4265022763223387,0.5235987755982987
622,1787224276.495642,2.167059177927937,0.47123889803846886,-1.4688604192269956,-2.2147595850735637,0.47123889803846886,-1.4292814239993243,0.5235987755982987
623,1787224276.5384994,2.156046708142072,0.47123889803846886,-1.4683292673634583,-2.2051770642101562,0.47123889803846886,-1.4324423345031723,0.5235987755982987
624,1787224276.5789642,2.1538943748861077,0.47123889803846886,-1.4679711525897667,-2.1968299785860834,0.47123889803846886,-1.4354497134170185,0.5235987755982987
625,1787224276.624235,2.1552806771060085,0.47123889803846886,-1.467000270602449,-2.1968489201925707,0.47123889803846886,-1.4376749936570028,0.5235987755982987
626,1787224276.6713736,2.1539557262292277,0.47123889803846886,-1.4640150005291308,-2.200709398317958,0.47123889803846886,-1.4389031926698368,0.5235987755982987
627,1787224276.7159731,2.1990219182312236,0.47123889803846886,-1.4545610780624205,-2.227201843803904,0.47123889803846886,-1.4325837389633773,0.5235987755982987
628,1787224276.761702,2.215965113910634,0.47123889803846886,-1.4358755717769436,-2.2442258297290496,0.47123889803846886,-1.4153115483908132,0.5235987755982987
629,1787224276.8090765,2.2125517527756116,0.47123889803846886,-1.4107256260658168,-2.23400810476419,0.47123889803846886,-1.3900455799756741,0.5235987755982987
630,1787224276.856125,2.239299688035268,0.47123889803846886,-1.3766482594576788,-2.229258387493797,0.47123889803846886,-1.340892952165651,0.5235987755982987
631,1787224276.9040854,2.2045003639283163,0.47123889803846886,-1.3380622760277567,-2.212496469484913,0.47123889803846886,-1.2864801257378102,0.5235987755982987
632,1787224276.9592884,2.1555354730312213,0.47123889803846886,-1.2822258864898635,-2.203491823419373,0.47123889803846886,-1.2228982255874778,0.5235987755982987
633,1787224277.021804,2.074501240916281,0.47123889803846886,-1.197464734261834,-2.21806438293893,0.47123889803846886,-1.1318980926697513,0.5235987755982987
634,1787224277.081597,1.993727549744956,0.47123889803846886,-1.116841061576099,-2.0315332323387847,0.47123889803846886,-1.0404825737166186,0.5235987755982987
635,1787224277.1279857,1.8675621164889256,0.47123889803846886,-1.0313231712661803,-1.9727270825805991,0.47123889803846886,-0.9311289500999235,0.5235987755982987
636,1787224277.1699886,1.776207714569498,0.47123889803846886,-0.9697913866342243,-1.9400947614558843,0.47123889803846886,-0.844879320449116,0.5235987755982987
637,1787224277.2185812,1.741672505930022,0.47123889803846886,-0.9279954380575712,-1.912117242602629,0.47123889803846886,-0.7926508008098385,0.5235987755982987
638,1787224277.2616692,1.7120142239742058,0.47123889803846886,-0.8989972948911981,-1.9348466816745815,0.47123889803846886,-0.7696910549570575,0.5235987755982987
639,1787224277.3057566,1.6676590149045403,0.47123889803846886,-0.8850215863075873,-1.9694110689191202,0.47123889803846886,-0.7711482659128592,0.5235987755982987
640,1787224277.351572,1.6383632681790794,0.47123889803846886,-0.8808140797140837,-1.9367107631299558,0.47123889803846886,-0.7837490632821408,0.5235987755982987
641,1787224277.3997161,1.6405973265053517,0.47123889803846886,-0.8830601612271778,-1.943236966573206,0.47123889803846886,-0.8382759654762102,0.5235987755982987
642,1787224277.4475563,1.683568275508405,0.47123889803846886,-0.908112415949138,-1.9774703178530304,0.47123889803846886,-0.9088568641476161,0.5235987755982987
643,1787224277.4943788,1.768213831975396,0.47123889803846886,-0.9519565854624956,-2.0800549773121615,0.47123889803846886,-0.9857638296487619,0.5235987755982987
644,1787224277.5695462,1.8455742051480253,0.47123889803846886,-1.006832659669018,-2.1619667150241875,0.47123889803846886,-1.0646998958873457,0.5235987755982987
645,1787224277.6336172,1.9456241721443137,0.47123889803846886,-1.083178702280726,-2.2284227003867105,0.47123889803846886,-1.1618329126951195,0.5235987755982987
646,1787224277.6821558,1.9800619895916727,0.47123889803846886,-1.1741135149725568,-2.252459781977304,0.47123889803846886,-1.2716533219916322,0.5235987755982987
647,1787224277.729567,2.0069092272356337,0.47123889803846886,-1.2562468467977035,-2.2797595715352132,0.47123889803846886,-1.3517494030902115,0.5235987755982987
648,1787224277.7770658,2.000584426302727,0.47123889803846886,-1.327819745734825,-2.285915829846201,0.47123889803846886,-1.4063278564329647,0.5235987755982987
649,1787224277.829063,1.9874459891497573,0.47123889803846886,-1.389473569451093,-2.298068932651473,0.47123889803846886,-1.4438417824868885,0.5235987755982987
650,1787224277.8795025,2.0299099620477685,0.47123889803846886,-1.4449612420956157,-2.318412877790778,0.47123889803846886,-1.4617720280397806,0.5235987755982987
651,1787224277.9226649,2.0265149844459636,0.47123889803846886,-1.4766131360893806,-2.3316364421313267,0.47123889803846886,-1.4703688755016615,0.5235987755982987
652,1787224277.9722524,2.008646071917126,0.47123889803846886,-1.4953193351482454,-2.3230311914095068,0.47123889803846886,-1.4638570066809435,0.5235987755982987
653,1787224278.0184305,1.993396753383689,0.47123889803846886,-1.5027001356153127,-2.312582052736924,0.47123889803846886,-1.4553364682531615,0.5235987755982987
654,1787224278.0631201,2.003004847601451,0.47123889803846886,-1.5032543697077663,-2.3077042718775713,0.47123889803846886,-1.447475782064207,0.5235987755982987
655,1787224278.1043508,2.0325916921965694,0.47123889803846886,-1.5001461816215662,-2.3229358445322292,0.47123889803846886,-1.4380928295313453,0.5235987755982987
656,1787224278.145911,2.0627756767281813,0.47123889803846886,-1.4948721329302046,-2.33457637051327,0.47123889803846886,-1.4281043117014267,0.5235987755982987
657,1787224278.1869082,2.064125199774473,0.47123889803846886,-1.4871461374639692,-2.342142712400946,0.47123889803846886,-1.4154044559029786,0.5235987755982987
658,1787224278.2288973,2.0815593732046436,0.47123889803846886,-1.4698062598619575,-2.3470608346279356,0.47123889803846886,-1.4029823554079135,0.5235987755982987
659,1787224278.274832,2.0820904794735275,0.47123889803846886,-1.45465883510093,-2.350257614075479,0.47123889803846886,-1.3992667464874984,0.5235987755982987
660,1787224278.3211308,2.105018274728427,0.47123889803846886,-1.4451409579449521,-2.352335520716382,0.47123889803846886,-1.4028090014075065,0.5235987755982987
661,1787224278.3675587,2.121235702559987,0.47123889803846886,-1.4390875230684015,-2.353686160032969,0.47123889803846886,-1.4080036307877124,0.5235987755982987
662,1787224278.4090095,2.094863888579137,0.47123889803846886,-1.4398558919243445,-2.3545640755887502,0.47123889803846886,-1.4181401810050271,0.5235987755982987
663,1787224278.451464,2.0495876835393547,0.47123889803846886,-1.4382245220486936,-2.3551347207000086,0.47123889803846886,-1.4278941914576313,0.5235987755982987
664,1787224278.496696,2.020462256526875,0.47123889803846886,-1.4386386869141854,-2.3555056400223267,0.47123889803846886,-1.4345072191775148,0.5235987755982987
665,1787224278.5390806,1.9693454631153071,0.47123889803846886,-1.4322859067519995,-2.355746737581833,0.47123889803846886,-1.4405395915446217,0.5235987755982987
666,1787224278.5858288,1.929293102132397,0.47123889803846886,-1.4321341954908502,-2.355903450995512,0.47123889803846886,-1.4374635263921829,0.5235987755982987
667,1787224278.6294236,1.880340265203638,0.47123889803846886,-1.4241363836472296,-2.3560053147144036,0.47123889803846886,-1.4190619762525183,0.5235987755982987
668,1787224278.6790824,1.8712452321731878,0.47123889803846886,-1.389607753428891,-2.356071526131683,0.47123889803846886,-1.371349348160081,0.5235987755982987
669,1787224278.720148,1.8892255833836051,0.47123889803846886,-1.3434444755778245,-2.356114563552915,0.47123889803846886,-1.328022606980158,0.5235987755982987
670,1787224278.7620764,1.9527366788781124,0.47123889803846886,-1.3031161266380296,-2.3561425378767153,0.47123889803846886,-1.2888424633636402,0.5235987755982987
671,1787224278.813553,2.0055244047469305,0.47123889803846886,-1.269097091632029,-2.3561607211871856,0.47123889803846886,-1.2589606559599542,0.5235987755982987
672,1787224278.8578973,2.0665597083416225,0.47123889803846886,-1.2751848634493572,-2.3561725403389913,0.47123889803846886,-1.2248691076459943,0.5235987755982987
673,1787224278.9057193,2.0573809337488296,0.47123889803846886,-1.304788116921606,-2.356180222787665,0.47123889803846886,-1.1901333980715405,0.5235987755982987
674,1787224278.9491422,2.0643599615129595,0.47123889803846886,-1.2991023277681646,-2.356185216379303,0.47123889803846886,-1.163291245132946,0.5235987755982987
675,1787224278.994075,1.5506692119418923,0.47123889803846886,-1.3634956817992983,-2.3561884622138676,0.47123889803846886,-1.128809730229951,0.5235987755982987
676,1787224279.0424116,1.076890751659108,0.47123889803846886,-1.3733116634101066,-2.3561905720063345,0.47123889803846886,-1.1010567504388689,0.5235987755982987
677,1787224279.084363,1.2444299528828946,0.47123889803846886,-1.345573902427509,-2.3561919433714382,0.47123889803846886,-1.0715206743154368,0.5235987755982987
678,1787224279.1266842,0.9645042015112631,0.47123889803846886,-1.4171928699157577,-2.3561928347587555,0.47123889803846886,-1.0536528851664566,0.5235987755982987
679,1787224279.1694083,1.060061758352144,0.47123889803846886,-1.425730216300762,-2.356193414160512,0.47123889803846886,-1.048947000370258,0.5235987755982987
680,1787224279.212403,0.7926717667223764,0.47123889803846886,-1.4199422389704108,-2.3561937907716537,0.47123889803846886,-1.0457112469725405,0.5235987755982987
681,1787224279.2539523,1.1440789214759675,0.47123889803846886,-1.397995930943122,-2.3561940355688957,0.47123889803846886,-1.0452931092096265,0.5235987755982987
682,1787224279.2967985,1.5683193705266996,0.47123889803846886,-1.3823496814496758,-2.3561941946871032,0.47123889803846886,-1.0382291371439925,0.5235987755982987
683,1787224279.3477879,1.7338947705628915,0.47123889803846886,-1.374511703646736,-2.356194298113938,0.47123889803846886,-1.0279192707876719,0.5235987755982987
684,1787224279.3912754,1.9516996724332003,0.47123889803846886,-1.2985234823358338,-2.3561943653413806,0.47123889803846886,-1.0295794208187732,0.5235987755982987
685,1787224279.436027,2.093272858648901,0.47123889803846886,-1.3016032492654683,-2.356194409039218,0.47123889803846886,-1.0321457595841879,0.5235987755982987
686,1787224279.4810488,2.1852954296891065,0.47123889803846886,-1.2582023027903957,-2.356194437442812,0.47123889803846886,-1.0246820089421296,0.5235987755982987
687,1787224279.5246918,2.24511010086524,0.47123889803846886,-1.233941848838697,-2.3561944559051486,0.47123889803846886,-1.0133968122882866,0.5235987755982987
688,1787224279.5656796,2.261446103854918,0.47123889803846886,-1.2253621282913092,-2.3561944679056674,0.47123889803846886,-1.0079707864126866,0.5235987755982987
689,1787224279.6122503,2.2921563911146183,0.47123889803846886,-1.2476969966665103,-2.3561944757060047,0.47123889803846886,-1.0030756799558926,0.5235987755982987
690,1787224279.6561162,2.3145697257918227,0.47123889803846886,-1.257624152415481,-2.3561944807762236,0.47123889803846886,-1.0011370889375244,0.5235987755982987
691,1787224279.7008643,2.3291383933320056,0.47123889803846886,-1.298564021462713,-2.356194484071866,0.47123889803846886,-1.00070148843855,0.5235987755982987
692,1787224279.7429283,2.3386080272331244,0.47123889803846886,-1.3263529108640548,-2.356194486214034,0.47123889803846886,-0.9993591448266506,0.5235987755982987
693,1787224279.7838004,2.344763289268852,0.47123889803846886,-1.3428532931643358,-2.3561944876064427,0.47123889803846886,-0.9974834213986514,0.5235987755982987
694,1787224279.8299267,2.3487642095920744,0.47123889803846886,-1.3189455775509034,-2.3561944885115085,0.47123889803846886,-0.993138394473484,0.5235987755982987
695,1787224279.8792086,2.3513648078021694,0.47123889803846886,-1.303619156884853,-2.356194489099801,0.47123889803846886,-0.9874420937189998,0.5235987755982987
696,1787224279.9224732,2.3530551966387305,0.47123889803846886,-1.2930016657750358,-2.356194489482191,0.47123889803846886,-0.9853204912295946,0.5235987755982987
697,1787224279.968254,2.3541539493824954,0.47123889803846886,-1.2925519158248693,-2.356194489730745,0.47123889803846886,-0.9850211021951325,0.5235987755982987
698,1787224280.015868,2.3548681386659425,0.47123889803846886,-1.296625376097933,-2.356194489892305,0.47123889803846886,-0.9842454285397174,0.5235987755982987
699,1787224280.0683107,2.3553323617001833,0.47123889803846886,-1.328928541893791,-2.3561944899973186,0.47123889803846886,-0.9841308755547811,0.5235987755982987
700,1787224280.1113293,2.35563410667244,0.47123889803846886,-1.3866400966449905,-2.356194490065578,0.47123889803846886,-0.9815226299332844,0.5235987755982987
701,1787224280.1526484,2.3558302409044067,0.47123889803846886,-1.4275238289364491,-2.3561944901099463,0.47123889803846886,-0.9800478389143871,0.5235987755982987
702,1787224280.194217,2.355957728155185,0.47123889803846886,-1.443374018180247,-2.356194490138786,0.47123889803846886,-0.9776041611218846,0.5235987755982987
703,1787224280.241754,2.3560405948681913,0.47123889803846886,-1.419283390073918,-2.356194490157532,0.47123889803846886,-0.965048551292996,0.5235987755982987
704,1787224280.2899454,2.356094458231645,0.47123889803846886,-1.4012959357933474,-2.3561944901697167,0.47123889803846886,-0.9500537778955018,0.5235987755982987
705,1787224280.3364582,2.35612946941789,0.47123889803846886,-1.3903247167210444,-2.3561944901776366,0.47123889803846886,-0.9398386399876268,0.5235987755982987
706,1787224280.377045,2.356152226688949,0.47123889803846886,-1.365373847535062,-2.3561944901827845,0.47123889803846886,-0.9321172738786074,0.5235987755982987
707,1787224280.4203389,2.356167018915138,0.47123889803846886,-1.3379747310988435,-2.3561944901861307,0.47123889803846886,-0.9270892985435553,0.5235987755982987
708,1787224280.4652135,2.3561766338621606,0.47123889803846886,-1.3283818660180533,-2.3561944901883054,0.47123889803846886,-0.9225326021997822,0.5235987755982987
709,1787224280.51852,2.356182883577725,0.47123889803846886,-1.3261018444218937,-2.3561944901897194,0.47123889803846886,-0.9194625451954641,0.5235987755982987
710,1787224280.5646951,2.3561869458928424,0.47123889803846886,-1.2903113330842138,-2.3561944901906386,0.47123889803846886,-0.9143094810432908,0.5235987755982987
711,1787224280.6128914,2.3561895863976683,0.47123889803846886,-1.271333458047149,-2.356194490191236,0.47123889803846886,-0.9114557268567296,0.5235987755982987
712,1787224280.6542425,2.3561913027258052,0.47123889803846886,-1.2644428298505808,-2.356194490191624,0.47123889803846886,-0.9096651647562471,0.5235987755982987
713,1787224280.7008736,2.356192418339094,0.47123889803846886,-1.2621043645346306,-2.3561944901918763,0.47123889803846886,-0.9066888419047098,0.5235987755982987
714,1787224280.745386,2.356193143487732,0.47123889803846886,-1.2936232007293211,-2.35619449019204,0.47123889803846886,-0.9044679022601212,0.5235987755982987
715,1787224280.7904515,2.3561936148343463,0.47123889803846886,-1.3634268140377417,-2.3561944901921468,0.47123889803846886,-0.9040292717379746,0.5235987755982987
716,1787224280.8327725,2.3561939212096457,0.47123889803846886,-1.4320100584873594,-2.356194490192216,0.47123889803846886,-0.9046113420104367,0.5235987755982987
717,1787224280.877426,2.3561941203535905,0.47123889803846886,-1.4679590912328497,-2.3561944901922613,0.47123889803846886,-0.9043513874107527,0.5235987755982987
718,1787224280.924392,2.2987398216084993,0.47123889803846886,-1.5014036539533386,-2.3561944901922907,0.47123889803846886,-0.9041614644280704,0.5235987755982987
719,1787224280.9650486,2.2905315548634784,0.47123889803846886,-1.5175667586373804,-2.3561944901923098,0.47123889803846886,-0.9079097059868617,0.5235987755982987
720,1787224281.010283,2.123718668217008,0.47123889803846886,-1.5330563689386532,-2.356194490192322,0.47123889803846886,-0.9120313741715507,0.5235987755982987
721,1787224281.0572126,2.205085205908376,0.47123889803846886,-1.5431759745409321,-2.35619449019233,0.47123889803846886,-0.9141326766154789,0.5235987755982987
722,1787224281.1073585,2.2579734554077655,0.47123889803846886,-1.5222490709855518,-2.356194490192335,0.47123889803846886,-0.9141206877342403,0.5235987755982987
723,1787224281.1531656,2.1791543669650615,0.47123889803846886,-1.524186657028652,-2.3561944901923386,0.47123889803846886,-0.9095618932213174,0.5235987755982987
724,1787224281.2005408,2.144903618000735,0.47123889803846886,-1.4597363130570202,-2.356194490192341,0.47123889803846886,-0.8989169184608405,0.5235987755982987
725,1787224281.2556186,2.148345096762269,0.47123889803846886,-1.4122876174431105,-2.356194490192342,0.47123889803846886,-0.8897691870732076,0.5235987755982987
726,1787224281.2990472,2.2105827488617797,0.47123889803846886,-1.3739940560112354,-2.356194490192343,0.47123889803846886,-0.886164255042621,0.5235987755982987
727,1787224281.3449144,2.2278023715973507,0.47123889803846886,-1.354251005439774,-2.356194490192344,0.47123889803846886,-0.8844328457297201,0.5235987755982987
728,1787224281.390648,2.272739613105599,0.47123889803846886,-1.351942150217142,-2.3561944901923444,0.47123889803846886,-0.8856763644485506,0.5235987755982987
729,1787224281.4352875,2.30194882008596,0.47123889803846886,-1.3313525438167049,-2.356194490192345,0.47123889803846886,-0.8872007050240498,0.5235987755982987
730,1787224281.4928145,2.286505808471174,0.47123889803846886,-1.3083083673651341,-2.356194490192345,0.47123889803846886,-0.8879004420194738,0.5235987755982987
732,1787224281.5987964,2.310896847073584,0.47123889803846886,-1.3215478587818115,-2.356194490192345,0.47123889803846886,-0.9161552062032698,0.5235987755982987
733,1787224281.6740122,1.99451957289352,0.47123889803846886,-1.374624319648424,-2.356194490192345,0.47123889803846886,-0.9289134423058432,0.5235987755982987
734,1787224281.7239912,2.121105793948109,0.47123889803846886,-1.3874466800204945,-2.356194490192345,0.47123889803846886,-0.9308636691868013,0.5235987755982987
735,1787224281.7795558,2.203386837633592,0.47123889803846886,-1.4338997320454605,-2.356194490192345,0.47123889803846886,-0.9376316549826664,0.5235987755982987
736,1787224281.8365304,2.2568695160291554,0.47123889803846886,-1.407381159214237,-2.356194490192345,0.47123889803846886,-0.9432678415613894,0.5235987755982987
737,1787224281.8909774,1.820391473820534,0.47123889803846886,-1.369704365274342,-2.356194490192345,0.47123889803846886,-0.9337084002554423,0.5235987755982987
738,1787224281.9429564,1.3188086062055433,0.47123889803846886,-1.3438447832337188,-2.356194490192345,0.47123889803846886,-0.9317533793024927,0.5235987755982987
739,1787224281.9988728,1.0360866503034791,0.47123889803846886,-1.3463239545176855,-2.356194490192345,0.47123889803846886,-0.9309541252875368,0.5235987755982987
740,1787224282.0538087,1.4153427944914125,0.47123889803846886,-1.258829791417387,-2.356194490192345,0.47123889803846886,-0.949132604714098,0.5235987755982987
741,1787224282.1101172,1.669923418396622,0.47123889803846886,-1.204030878447171,-2.356194490192345,0.47123889803846886,-0.9636738034693063,0.5235987755982987
742,1787224282.1611896,1.910118293525125,0.47123889803846886,-1.2446245035962762,-2.356194490192345,0.47123889803846886,-0.996980034943151,0.5235987755982987
743,1787224282.2138016,2.0599656472998684,0.47123889803846886,-1.2894816610275814,-2.356194490192345,0.47123889803846886,-1.0322069575741488,0.5235987755982987
744,1787224282.2631323,2.1461978889949083,0.47123889803846886,-1.3219841129042502,-2.356194490192345,0.47123889803846886,-1.0657466782672833,0.5235987755982987
745,1787224282.3130212,2.1657556198148673,0.47123889803846886,-1.3459784800754497,-2.356194490192345,0.47123889803846886,-1.0876178480971048,0.5235987755982987
746,1787224282.368319,2.1689288025712816,0.47123889803846886,-1.3540382842375425,-2.356194490192345,0.47123889803846886,-1.1101905268178158,0.5235987755982987
747,1787224282.4300883,2.1886370173720793,0.47123889803846886,-1.3474362320930986,-2.356194490192345,0.47123889803846886,-1.1265443066483882,0.5235987755982987
748,1787224282.4916759,2.187918783966685,0.47123889803846886,-1.3204702336077077,-2.356194490192345,0.47123889803846886,-1.163309983201386,0.5235987755982987
749,1787224282.5447452,2.204625858292709,0.47123889803846886,-1.2876353141344117,-2.3549819615140195,0.47123889803846886,-1.1894222272899493,0.5235987755982987
750,1787224282.5988417,2.2285547179678464,0.47123889803846886,-1.2615967460326458,-2.355406346551433,0.47123889803846886,-1.207685143263162,0.5235987755982987
751,1787224282.6467025,2.2732286382464206,0.47123889803846886,-1.2394934119027836,-2.3556821968257524,0.47123889803846886,-1.231760835025657,0.5235987755982987
752,1787224282.6888516,2.278021443491627,0.47123889803846886,-1.2305407094435385,-2.35445685069208,0.47123889803846886,-1.2530502010430513,0.5235987755982987
753,1787224282.7369356,2.3053820098368782,0.47123889803846886,-1.2282930197974111,-2.34143267738934,0.47123889803846886,-1.2734562712575395,0.5235987755982987
754,1787224282.7779303,2.3231663779612917,0.47123889803846886,-1.2326587654155656,-2.3454431919391707,0.47123889803846886,-1.286478643468941,0.5235987755982987
755,1787224282.8199227,2.33472621724216,0.47123889803846886,-1.2497617452467076,-2.3492061463277816,0.47123889803846886,-1.3008408184726734,0.5235987755982987
756,1787224282.8644946,2.342240112774725,0.47123889803846886,-1.277233101146422,-2.351652066680379,0.47123889803846886,-1.3126729209992423,0.5235987755982987
757,1787224282.9123762,2.347124144870892,0.47123889803846886,-1.3038047660686676,-2.3532419149095674,0.47123889803846886,-1.3246332753356624,0.5235987755982987
758,1787224282.9578679,2.3502987657334007,0.47123889803846886,-1.339676614904469,-2.3542753162585397,0.47123889803846886,-1.3483081927730094,0.5235987755982987
759,1787224283.0140078,2.3357189287125655,0.47123889803846886,-1.3679811022945088,-2.3549470271353714,0.47123889803846886,-1.3712237089480777,0.5235987755982987
760,1787224283.059039,2.2483918057652175,0.47123889803846886,-1.3976956564790504,-2.3508573160422293,0.47123889803846886,-1.3914383721595651,0.5235987755982987
761,1787224283.1086838,2.145941255502967,0.47123889803846886,-1.4241164214533497,-2.334897932843491,0.47123889803846886,-1.403460619795816,0.5235987755982987
762,1787224283.167686,2.0621865317460433,0.47123889803846886,-1.4485351914936042,-2.2993326064304287,0.47123889803846886,-1.4248223973469925,0.5235987755982987
763,1787224283.2265828,2.002497485079783,0.47123889803846886,-1.4656438096818023,-2.292710790722848,0.47123889803846886,-1.4359605706468948,0.5235987755982987
764,1787224283.2805216,1.9856746223628674,0.47123889803846886,-1.4800782929086065,-2.2982977613687874,0.47123889803846886,-1.4479131597084487,0.5235987755982987
765,1787224283.357492,1.974600480043961,0.47123889803846886,-1.4852282419621192,-2.3032767588708216,0.47123889803846886,-1.459212774360107,0.5235987755982987
766,1787224283.4187248,1.9662201066955654,0.47123889803846886,-1.4836524914618758,-2.3035119971659235,0.47123889803846886,-1.4648546067721746,0.5235987755982987
767,1787224283.4620733,1.9662837594702145,0.47123889803846886,-1.4781556841982555,-2.3025718376817315,0.47123889803846886,-1.4631505446411426,0.5235987755982987
768,1787224283.5047917,2.0070110109594967,0.47123889803846886,-1.4718625000217977,-2.2832092022440373,0.47123889803846886,-1.462141932986384,0.5235987755982987
769,1787224283.546422,2.030649356051504,0.47123889803846886,-1.4634259560311116,-2.2442172596489476,0.47123889803846886,-1.4649492920059013,0.5235987755982987
770,1787224283.588378,2.041246060505041,0.47123889803846886,-1.4540331679532223,-2.2261401761032715,0.47123889803846886,-1.4681744975361326,0.5235987755982987
771,1787224283.6353817,2.0436109015118493,0.47123889803846886,-1.4405196610559303,-2.2253917074823297,0.47123889803846886,-1.4793960345050756,0.5235987755982987
772,1787224283.680834,2.048908833699661,0.47123889803846886,-1.4279154882512948,-2.230578912136999,0.47123889803846886,-1.4926496714263895,0.5235987755982987
773,1787224283.724246,2.0531814150353433,0.47123889803846886,-1.4134456706552871,-2.2581732900907454,0.47123889803846886,-1.500532187241527,0.5235987755982987
774,1787224283.769282,2.044743194182588,0.47123889803846886,-1.4036134320285565,-2.2434956556220853,0.47123889803846886,-1.5091208373873324,0.5235987755982987
775,1787224283.81013,2.053867419601322,0.47123889803846886,-1.3938835850953413,-2.241218463171137,0.47123889803846886,-1.5142709068816544,0.5235987755982987
776,1787224283.8665974,2.0612031059457667,0.47123889803846886,-1.3865519600750924,-2.23268631565705,0.47123889803846886,-1.5150287845392212,0.5235987755982987
777,1787224283.9129508,2.060466853582358,0.47123889803846886,-1.3893310120780835,-2.232260894421243,0.47123889803846886,-1.5126586995939377,0.5235987755982987
778,1787224283.9564176,2.020602932530786,0.47123889803846886,-1.3960520291954044,-2.1920659904659203,0.47123889803846886,-1.5010779602526474,0.5235987755982987
779,1787224284.002021,1.9931572536717845,0.47123889803846886,-1.4024511986216066,-2.1320335156528127,0.47123889803846886,-1.4949656994782816,0.5235987755982987
780,1787224284.0484295,1.9996340377909254,0.47123889803846886,-1.4123915768791764,-2.121919197728309,0.47123889803846886,-1.4831436193394167,0.5235987755982987
781,1787224284.09392,1.9774246818438548,0.47123889803846886,-1.4202113574726543,-2.140898407161581,0.47123889803846886,-1.4699713167042026,0.5235987755982987
782,1787224284.1363826,1.9523485596594923,0.47123889803846886,-1.4311046009251522,-2.1358348249790193,0.47123889803846886,-1.456637138671852,0.5235987755982987
783,1787224284.1800435,1.9512075342366388,0.47123889803846886,-1.4376437331953027,-2.1411980712829917,0.47123889803846886,-1.447120971146832,0.5235987755982987
784,1787224284.2300167,1.9579134144757315,0.47123889803846886,-1.4395818768470612,-2.120087074367527,0.47123889803846886,-1.4411803794763318,0.5235987755982987
785,1787224284.2738628,1.9699479963449589,0.47123889803846886,-1.4407657908261053,-2.105188745373614,0.47123889803846886,-1.436247222530492,0.5235987755982987
786,1787224284.3162014,1.977803553461881,0.47123889803846886,-1.4389800421646195,-2.092730798251839,0.47123889803846886,-1.4298115875528385,0.5235987755982987
787,1787224284.3614051,1.9817184660025533,0.47123889803846886,-1.435275621886832,-2.0820567631025817,0.47123889803846886,-1.4262557101858766,0.5235987755982987
788,1787224284.4014666,2.014824161061963,0.47123889803846886,-1.4304168511540392,-2.0675982306067096,0.47123889803846886,-1.424521620414211,0.5235987755982987
789,1787224284.4450164,2.043442395246926,0.47123889803846886,-1.4267234761075458,-2.0796768884690273,0.47123889803846886,-1.4235096411207966,0.5235987755982987
790,1787224284.487,2.046638712084043,0.47123889803846886,-1.4249450604781742,-2.093780415478031,0.47123889803846886,-1.4250141416033741,0.5235987755982987
791,1787224284.530466,2.071256242090754,0.47123889803846886,-1.4234765466590704,-2.154326106699923,0.47123889803846886,-1.4282107550393375,0.5235987755982987
792,1787224284.5747857,2.086292582291027,0.47123889803846886,-1.4216391520431577,-2.173632672651598,0.47123889803846886,-1.4305398216194982,0.5235987755982987
793,1787224284.6166303,2.0816668958229707,0.47123889803846886,-1.4207699682812047,-2.17277757165093,0.47123889803846886,-1.4321649035278634,0.5235987755982987
794,1787224284.660723,2.115230132431651,0.47123889803846886,-1.420650417903552,-2.176616681115782,0.47123889803846886,-1.4360670351899665,0.5235987755982987
795,1787224284.716377,2.135901536768823,0.47123889803846886,-1.4225791836804254,-2.177726728482175,0.47123889803846886,-1.4369552388439013,0.5235987755982987
796,1787224284.7582211,2.136630735629071,0.47123889803846886,-1.4279476116832788,-2.170768324941836,0.47123889803846886,-1.440614893317012,0.5235987755982987
797,1787224284.801854,2.147371039775701,0.47123889803846886,-1.433821916468752,-2.1654622541345807,0.47123889803846886,-1.4438733992620785,0.5235987755982987
798,1787224284.8422356,2.147846148747881,0.47123889803846886,-1.4368274815644628,-2.1847047061714813,0.47123889803846886,-1.444863968848918,0.5235987755982987
799,1787224284.8840642,2.1504455628056327,0.47123889803846886,-1.4368831834292348,-2.203779265156154,0.47123889803846886,-1.444767212759905,0.5235987755982987
800,1787224284.9343922,2.161800241520285,0.47123889803846886,-1.4364206952077825,-2.228690540520285,0.47123889803846886,-1.4456640151941558,0.5235987755982987
801,1787224284.9807713,2.166658480077948,0.47123889803846886,-1.4333625229371019,-2.2480014156855255,0.47123889803846886,-1.446791503904369,0.5235987755982987
802,1787224285.023226,2.1768467697353486,0.47123889803846886,-1.4252241329085646,-2.269852947475623,0.47123889803846886,-1.4470927875945483,0.5235987755982987
803,1787224285.0640814,2.1703591645503284,0.47123889803846886,-1.4117831268352559,-2.2613888490599217,0.47123889803846886,-1.4459109773706786,0.5235987755982987
804,1787224285.1085114,2.1777170814309557,0.47123889803846886,-1.3894530290430718,-2.259242767417846,0.47123889803846886,-1.4417259266765434,0.5235987755982987
805,1787224285.1513956,2.1592071639541546,0.47123889803846886,-1.3376887021138162,-2.234655660713317,0.47123889803846886,-1.4199092386511327,0.5235987755982987
806,1787224285.1987522,2.137561514291753,0.47123889803846886,-1.2722299557036951,-2.20913652211509,0.47123889803846886,-1.380606729088492,0.5235987755982987
807,1787224285.2424169,2.1180718720621674,0.47123889803846886,-1.2062630822673257,-2.187717800177149,0.47123889803846886,-1.3177561466003775,0.5235987755982987
808,1787224285.2876778,2.048908076223615,0.47123889803846886,-1.1485213413145117,-2.1323520668229663,0.47123889803846886,-1.244811906247223,0.5235987755982987
809,1787224285.3415782,2.0400504683282374,0.47123889803846886,-1.0926490433237488,-2.094381150074673,0.47123889803846886,-1.168577714631447,0.5235987755982987
810,1787224285.3840744,2.150700875980675,0.47123889803846886,-1.0371803629192566,-2.1682239866506707,0.47123889803846886,-1.0855939711546936,0.5235987755982987
811,1787224285.429024,2.140212921299741,0.47123889803846886,-0.9860144625003178,-2.182103213750721,0.47123889803846886,-1.0026753587320512,0.5235987755982987
812,1787224285.4696367,2.090991403795248,0.47123889803846886,-0.9391744863023173,-2.179596980275844,0.47123889803846886,-0.926600395512577,0.5235987755982987
813,1787224285.5112927,2.0450962693520767,0.47123889803846886,-0.9004569123883384,-2.238345711631956,0.47123889803846886,-0.8617997191968028,0.5235987755982987
814,1787224285.554255,2.0183902538438105,0.47123889803846886,-0.8686086485042583,-2.2724741846559775,0.47123889803846886,-0.8154135498514496,0.5235987755982987
815,1787224285.6020703,1.9983181568418193,0.47123889803846886,-0.8435552823541381,-2.301776291593706,0.47123889803846886,-0.786341950455484,0.5235987755982987
816,1787224285.6496859,1.99082979416393,0.47123889803846886,-0.8219800596771403,-2.3147594836130194,0.47123889803846886,-0.7647292219555388,0.5235987755982987
817,1787224285.6926942,1.986116611954289,0.47123889803846886,-0.8043082860864412,-2.287550089554068,0.47123889803846886,-0.7491829464040445,0.5235987755982987
818,1787224285.7329688,1.980600335300506,0.47123889803846886,-0.7909321859471921,-2.2369009454890754,0.47123889803846886,-0.7393347711056917,0.5235987755982987
819,1787224285.7753885,1.9722104469583752,0.47123889803846886,-0.7801120399963223,-2.227435184112072,0.47123889803846886,-0.733375570767723,0.5235987755982987
820,1787224285.8166735,1.9666969732876716,0.47123889803846886,-0.7702553188799992,-2.20380469584579,0.47123889803846886,-0.7291040090175711,0.5235987755982987
821,1787224285.8594441,1.9652533531097518,0.47123889803846886,-0.7611946249140917,-2.197402274810859,0.47123889803846886,-0.7255679297725512,0.5235987755982987
822,1787224285.9078748,1.9783756969547035,0.47123889803846886,-0.7542989622283311,-2.207229943595045,0.47123889803846886,-0.723650508453797,0.5235987755982987
823,1787224285.9542122,1.9875338392994424,0.47123889803846886,-0.7489798476063338,-2.2183939393328274,0.47123889803846886,-0.7228455265952235,0.5235987755982987
824,1787224285.996085,1.9943104992773173,0.47123889803846886,-0.7455297365962561,-2.2249067430843152,0.47123889803846886,-0.7220244699342433,0.5235987755982987
825,1787224286.037801,1.9903755908515806,0.47123889803846886,-0.7435798311503592,-2.2085229095027707,0.47123889803846886,-0.7217068803348247,0.5235987755982987
826,1787224286.0813353,1.9878463823524313,0.47123889803846886,-0.7408102070606029,-2.1988088787464495,0.47123889803846886,-0.7221386328444397,0.5235987755982987
827,1787224286.1252737,1.9885738724674178,0.47123889803846886,-0.7380478224968849,-2.187109979871882,0.47123889803846886,-0.722627852412753,0.5235987755982987
828,1787224286.171606,1.9873376546081802,0.47123889803846886,-0.7366552105941829,-2.1820027671572726,0.47123889803846886,-0.7230776405778849,0.5235987755982987
829,1787224286.2186632,1.976243207535552,0.47123889803846886,-0.7359272670279865,-2.1780053179271066,0.47123889803846886,-0.7235171761340551,0.5235987755982987
830,1787224286.2643085,1.96688580656925,0.47123889803846886,-0.736040752059987,-2.1461340270671156,0.47123889803846886,-0.723625520428123,0.5235987755982987
831,1787224286.3117425,1.9562128176309996,0.47123889803846886,-0.7359826034482396,-2.1122647242103736,0.47123889803846886,-0.723980427322034,0.5235987755982987
832,1787224286.3571055,1.9472817950541286,0.47123889803846886,-0.736261423545221,-2.1041617506842476,0.47123889803846886,-0.7255694188333603,0.5235987755982987
833,1787224286.4013624,1.9335849831975693,0.47123889803846886,-0.7390149542931161,-2.0889190521121828,0.47123889803846886,-0.7349887680657794,0.5235987755982987
834,1787224286.4475474,1.885564326764184,0.47123889803846886,-0.7534418730101218,-2.0323791948444034,0.47123889803846886,-0.7624035256728237,0.5235987755982987
835,1787224286.4912682,1.847947723046866,0.47123889803846886,-0.7820617225876693,-1.9917002875915455,0.47123889803846886,-0.8057805630338268,0.5235987755982987
836,1787224286.5320225,2.0258340915477833,0.47123889803846886,-0.8315695878762428,-2.0180940010162303,0.47123889803846886,-0.8713735005127393,0.5235987755982987
837,1787224286.5727897,2.0048654640579926,0.47123889803846886,-0.8979614342591662,-2.007522809098904,0.47123889803846886,-0.946319526529469,0.5235987755982987
838,1787224286.6143355,2.029088751205309,0.47123889803846886,-0.9671882669704905,-2.0529070048125218,0.47123889803846886,-1.0188489705655077,0.5235987755982987
839,1787224286.6601589,2.048059977465166,0.47123889803846886,-1.0330214182402988,-2.1048576268397463,0.47123889803846886,-1.0823218160082626,0.5235987755982987
840,1787224286.7052596,2.0930630672221926,0.47123889803846886,-1.099599880807865,-2.1864356114164867,0.47123889803846886,-1.1503347299957678,0.5235987755982987
841,1787224286.7491484,2.1202305563598727,0.47123889803846886,-1.1754571246375947,-2.245851218988037,0.47123889803846886,-1.2189272541530427,0.5235987755982987
842,1787224286.7947206,2.1955704374460057,0.47123889803846886,-1.2627932907795152,-2.284471363909545,0.47123889803846886,-1.2898900692641,0.5235987755982987
843,1787224286.8355942,2.2143478343277323,0.47123889803846886,-1.3317952954999763,-2.309574458108525,0.47123889803846886,-1.3535481046865088,0.5235987755982987
844,1787224286.8800588,2.2259019059120533,0.47123889803846886,-1.3840645447932132,-2.325891469337862,0.47123889803846886,-1.4038257598247421,0.5235987755982987
845,1787224286.9231777,2.221641755465416,0.47123889803846886,-1.421009640143364,-2.336497526636931,0.47123889803846886,-1.4421934807790633,0.5235987755982987
846,1787224286.9671662,2.223808588386747,0.47123889803846886,-1.4444808373097573,-2.343391463881326,0.47123889803846886,-1.4637425060290399,0.5235987755982987
847,1787224287.0072753,2.2500797953575766,0.47123889803846886,-1.4570917513166783,-2.3478725230901825,0.47123889803846886,-1.4721233689382576,0.5235987755982987
848,1787224287.0483644,2.2538700328789574,0.47123889803846886,-1.4613143309199566,-2.350785211575939,0.47123889803846886,-1.4747811797620445,0.5235987755982987
849,1787224287.0933511,2.25593225539325,0.47123889803846886,-1.4611207701138937,-2.352678459091681,0.47123889803846886,-1.475401771548459,0.5235987755982987
850,1787224287.1362529,2.2532587572675626,0.47123889803846886,-1.458748121042478,-2.340225824991399,0.47123889803846886,-1.4737316814497234,0.5235987755982987
851,1787224287.1815398,2.261786580257729,0.47123889803846886,-1.456414561306408,-2.341966644138355,0.47123889803846886,-1.4710809772240505,0.5235987755982987
852,1787224287.2226462,2.2778934244631213,0.47123889803846886,-1.4541689370328004,-2.3469463902572514,0.47123889803846886,-1.4680677247955844,0.5235987755982987
853,1787224287.2660286,2.2954203923556182,0.47123889803846886,-1.4523392704443197,-2.350183225234534,0.47123889803846886,-1.4640722243562716,0.5235987755982987
854,1787224287.3073413,2.3084884498052887,0.47123889803846886,-1.4510969266738987,-2.352287167969768,0.47123889803846886,-1.460094252488709,0.5235987755982987
855,1787224287.349512,2.315247177652889,0.47123889803846886,-1.451154853900737,-2.35365473074767,0.47123889803846886,-1.4562121405019468,0.5235987755982987
856,1787224287.3915095,2.314166341267764,0.47123889803846886,-1.4517500855727636,-2.3545436465533065,0.47123889803846886,-1.4530821266485805,0.5235987755982987
857,1787224287.4399233,2.3132984948243474,0.47123889803846886,-1.4524853874087014,-2.35512144182697,0.47123889803846886,-1.4511645420755035,0.5235987755982987
858,1787224287.4820118,2.3068952662039557,0.47123889803846886,-1.4532513790160997,-2.3554567075632864,0.47123889803846886,-1.449499843331461,0.5235987755982987
859,1787224287.5261195,2.2965223616314736,0.47123889803846886,-1.454800755668579,-2.355714931483457,0.47123889803846886,-1.4482917667604345,0.5235987755982987
860,1787224287.5692222,2.2991657165270265,0.47123889803846886,-1.4568262259395972,-2.355882777031568,0.47123889803846886,-1.4480175488333207,0.5235987755982987
861,1787224287.611903,2.280423631532517,0.47123889803846886,-1.4586672681960982,-2.35599187663784,0.47123889803846886,-1.4498271540799146,0.5235987755982987
862,1787224287.655194,2.2639600225481082,0.47123889803846886,-1.4594760884456761,-2.356062791381917,0.47123889803846886,-1.4508066790995817,0.5235987755982987
863,1787224287.695828,2.250971876311494,0.47123889803846886,-1.4552115266397583,-2.3560214698526476,0.47123889803846886,-1.4506710284257593,0.5235987755982987
864,1787224287.7404282,2.232819816284233,0.47123889803846886,-1.4429458148747227,-2.3418327101260736,0.47123889803846886,-1.446791587161401,0.5235987755982987
865,1787224287.7874851,2.222042778393022,0.47123889803846886,-1.4216251668743487,-2.333806236134275,0.47123889803846886,-1.4398368198028664,0.5235987755982987
866,1787224287.8308754,2.1715407105989617,0.47123889803846886,-1.3629689406386243,-2.307371136424683,0.47123889803846886,-1.3955219695845094,0.5235987755982987
867,1787224287.8720837,2.137182892483266,0.47123889803846886,-1.2901682752757677,-2.263053834871897,0.47123889803846886,-1.334028049639669,0.5235987755982987
868,1787224287.9151611,2.110792601565866,0.47123889803846886,-1.219823643810121,-2.209242524163897,0.47123889803846886,-1.2648848811286928,0.5235987755982987
869,1787224287.9611495,2.013256291774192,0.47123889803846886,-1.151063848276031,-2.1159912113053565,0.47123889803846886,-1.1931559602819095,0.5235987755982987
870,1787224288.0285144,1.9335058637141724,0.47123889803846886,-1.0836461550929797,-1.993117702541059,0.47123889803846886,-1.1111207237160088,0.5235987755982987
871,1787224288.082689,1.9390703879217277,0.47123889803846886,-0.9816420996050963,-2.0290581902054683,0.47123889803846886,-0.9749472519024799,0.5235987755982987
872,1787224288.1302068,1.97349692312592,0.47123889803846886,-0.8801166125557369,-2.055325165893938,0.47123889803846886,-0.8481203459983795,0.5235987755982987
873,1787224288.1747427,1.986272969539657,0.47123889803846886,-0.7886615505518058,-2.0832995318205163,0.47123889803846886,-0.7425411751182074,0.5235987755982987
874,1787224288.2187066,1.9914035144771547,0.47123889803846886,-0.702376401993178,-2.087303875769481,0.47123889803846886,-0.6600294127704227,0.5235987755982987
875,1787224288.265148,2.008008676494409,0.47123889803846886,-0.6227062065155381,-2.078295739216868,0.47123889803846886,-0.5963302763792597,0.5235987755982987
876,1787224288.3100328,2.0387883928791166,0.47123889803846886,-0.542110727137439,-2.084805859393859,0.47123889803846886,-0.5375496459499216,0.5235987755982987
877,1787224288.3523414,2.0555581606407394,0.47123889803846886,-0.43422685009894185,-2.058430392253665,0.47123889803846886,-0.4706525816588273,0.5235987755982987
878,1787224288.39857,2.063665556694063,0.47123889803846886,-0.34390222247522945,-2.0361730395032787,0.47123889803846886,-0.4025824645763106,0.5235987755982987
879,1787224288.441479,2.054255233173223,0.47123889803846886,-0.2786539392451184,-2.036201950611986,0.47123889803846886,-0.3408820772983923,0.5235987755982987
880,1787224288.482268,2.1121679383055616,0.47123889803846886,-0.2309235265733847,-2.094894024781333,0.47123889803846886,-0.29132540752509795,0.5235987755982987
881,1787224288.5293925,2.1439808411528873,0.47123889803846886,-0.18438393619177362,-2.122911327535073,0.47123889803846886,-0.24448443660795544,0.5235987755982987
882,1787224288.571409,2.192812699695077,0.47123889803846886,-0.1472485677582515,-2.1958514906586695,0.47123889803846886,-0.2101716591841199,0.5235987755982987
883,1787224288.615636,2.209024714389913,0.47123889803846886,-0.11838437011939307,-2.2392709691135013,0.47123889803846886,-0.18440429781531198,0.5235987755982987
884,1787224288.658927,2.1925289162559998,0.47123889803846886,-0.0988246228127064,-2.2791507066602246,0.47123889803846886,-0.16957458182290905,0.5235987755982987
885,1787224288.7232335,2.1669394953208023,0.47123889803846886,-0.08752505190448617,-2.2933562163128056,0.47123889803846886,-0.15497077624009742,0.5235987755982987
886,1787224288.7648492,2.129307797702313,0.47123889803846886,-0.08479938755967215,-2.262789139449988,0.47123889803846886,-0.1419571748164317,0.5235987755982987
887,1787224288.8080022,2.101793514703817,0.47123889803846886,-0.08434302229371214,-2.2148943608120355,0.47123889803846886,-0.13117069894450578,0.5235987755982987
888,1787224288.849428,2.088564863137319,0.47123889803846886,-0.08419468731728737,-2.1803764863046604,0.47123889803846886,-0.12372162432942016,0.5235987755982987
889,1787224288.8909624,2.0771035977574432,0.47123889803846886,-0.08495221861224081,-2.1593295458288324,0.47123889803846886,-0.11890343729602272,0.5235987755982987
890,1787224288.9337268,2.0694163927227898,0.47123889803846886,-0.08768934063906336,-2.1443816020573756,0.47123889803846886,-0.11570155382782724,0.5235987755982987
891,1787224288.9744298,2.078470476638183,0.47123889803846886,-0.08991870934802104,-2.154356466445609,0.47123889803846886,-0.11391833373335747,0.5235987755982987
892,1787224289.0170522,2.080514869601232,0.47123889803846886,-0.0916262882380918,-2.1593650732257808,0.47123889803846886,-0.11230253543318161,0.5235987755982987
893,1787224289.0686147,2.08235968196573,0.47123889803846886,-0.09307758907704397,-2.165863796419504,0.47123889803846886,-0.11149552960026649,0.5235987755982987
894,1787224289.1141076,2.0777651977224765,0.47123889803846886,-0.09398021858308478,-2.155525753841716,0.47123889803846886,-0.1115032286973099,0.5235987755982987
895,1787224289.1614873,2.074706453066375,0.47123889803846886,-0.09493641461427363,-2.1501231164829124,0.47123889803846886,-0.11192219801298808,0.5235987755982987
896,1787224289.2060165,2.069919645391863,0.47123889803846886,-0.09565202104091686,-2.146762232571162,0.47123889803846886,-0.1125581361426354,0.5235987755982987
897,1787224289.246739,2.067223148213349,0.47123889803846886,-0.09613572498200873,-2.1523574762035924,0.47123889803846886,-0.11327849827926362,0.5235987755982987
898,1787224289.2893097,2.0657471886821304,0.47123889803846886,-0.09611466697622947,-2.1555997291484177,0.47123889803846886,-0.11382218789872842,0.5235987755982987
899,1787224289.3377042,2.065255887287276,0.47123889803846886,-0.09614870133330186,-2.1547530969820707,0.47123889803846886,-0.11438826430132962,0.5235987755982987
900,1787224289.3789907,2.0682894674774284,0.47123889803846886,-0.0959288260533766,-2.159333112958447,0.47123889803846886,-0.11505814798032987,0.5235987755982987
901,1787224289.4223146,2.069790600936884,0.47123889803846886,-0.09632357592274197,-2.1635442814868218,0.47123889803846886,-0.11562614517891542,0.5235987755982987
902,1787224289.464863,2.0682896594256004,0.47123889803846886,-0.10278477123636445,-2.1646560028757063,0.47123889803846886,-0.11747324454220526,0.5235987755982987
903,1787224289.5104856,2.0696843123057054,0.47123889803846886,-0.11221153463984959,-2.165190747346881,0.47123889803846886,-0.12251460053036242,0.5235987755982987
904,1787224289.5563881,2.0541915033397187,0.47123889803846886,-0.14056628676890992,-2.111239253309982,0.47123889803846886,-0.13769089530496664,0.5235987755982987
905,1787224289.5970747,2.0488290221036767,0.47123889803846886,-0.191798312707052,-2.079352755143245,0.47123889803846886,-0.15767786601352404,0.5235987755982987
906,1787224289.6402793,2.039044648402994,0.47123889803846886,-0.2556711704188375,-2.0517029268987717,0.47123889803846886,-0.18707953747858092,0.5235987755982987
907,1787224289.6905317,2.031220742192309,0.47123889803846886,-0.33790313386883497,-2.0718622150633346,0.47123889803846886,-0.21909989755674247,0.5235987755982987
908,1787224289.7384002,2.0035632449324288,0.47123889803846886,-0.4214889300934366,-2.0623687857458863,0.47123889803846886,-0.2488133437939884,0.5235987755982987
909,1787224289.7802029,2.0048810410893934,0.47123889803846886,-0.49470937288082983,-2.0791593360878577,0.47123889803846886,-0.2857556049766874,0.5235987755982987
910,1787224289.8237529,1.9563287829551035,0.47123889803846886,-0.5829282949558027,-2.0880525833807777,0.47123889803846886,-0.34094982058843093,0.5235987755982987
911,1787224289.8671975,2.096281780488138,0.47123889803846886,-0.6948219153952744,-2.1644279320496143,0.47123889803846886,-0.39722709931118894,0.5235987755982987
912,1787224289.9116874,2.1872512288846107,0.47123889803846886,-0.8451982261902546,-2.23154622739957,0.47123889803846886,-0.512056753295334,0.5235987755982987
913,1787224289.96774,2.2463813703423177,0.47123889803846886,-0.9859891912983614,-2.2751731193770413,0.47123889803846886,-0.6171438672822003,0.5235987755982987
914,1787224290.0142252,2.2848159622898274,0.47123889803846886,-1.1119827042206643,-2.3035305991623973,0.47123889803846886,-0.7207646847938056,0.5235987755982987
915,1787224290.0599866,2.308561024490898,0.47123889803846886,-1.2216086162544417,-2.2609102088393116,0.47123889803846886,-0.8193248410704306,0.5235987755982987
916,1787224290.105141,2.2912209962318832,0.47123889803846886,-1.3132598591835363,-2.222457817139932,0.47123889803846886,-0.9167942122469953,0.5235987755982987
917,1787224290.14813,2.271004604718448,0.47123889803846886,-1.3822281321460355,-2.209115323768289,0.47123889803846886,-1.0005415830953566,0.5235987755982987
918,1787224290.191525,2.27427284825763,0.47123889803846886,-1.4329017252357659,-2.1927688149499627,0.47123889803846886,-1.114442093171656,0.5235987755982987
919,1787224290.2438254,2.2586790111244825,0.47123889803846886,-1.4637121322083573,-2.182857502125035,0.47123889803846886,-1.2185605710983047,0.5235987755982987
920,1787224290.297567,2.2231696712051434,0.47123889803846886,-1.4814705035390494,-2.1794255015312167,0.47123889803846886,-1.3041304298794907,0.5235987755982987
921,1787224290.3398151,2.2171962901017777,0.47123889803846886,-1.4872488725192157,-2.2194330207730104,0.47123889803846886,-1.3690182097896326,0.5235987755982987
922,1787224290.3812644,2.2178429349354363,0.47123889803846886,-1.4876629974330737,-2.251642747893389,0.47123889803846886,-1.4090019929812425,0.5235987755982987
923,1787224290.423027,2.2184110205153,0.47123889803846886,-1.486423515158291,-2.2692753531251437,0.47123889803846886,-1.4335361260275756,0.5235987755982987
924,1787224290.4649708,2.213910727615033,0.47123889803846886,-1.4843864141137346,-2.282965853993428,0.47123889803846886,-1.4442345903075198,0.5235987755982987
925,1787224290.5071669,2.220865580439145,0.47123889803846886,-1.4843339738421353,-2.2830577856881313,0.47123889803846886,-1.4472400713195113,0.5235987755982987
926,1787224290.5499957,2.225916767965967,0.47123889803846886,-1.4833716273535253,-2.296569870044839,0.47123889803846886,-1.4477104456968237,0.5235987755982987
927,1787224290.6036384,2.226758451704474,0.47123889803846886,-1.4817875590946055,-2.304293372035816,0.47123889803846886,-1.447591272509222,0.5235987755982987
928,1787224290.6493552,2.2015782951094374,0.47123889803846886,-1.4779217225712142,-2.295479209632509,0.47123889803846886,-1.4480283567744032,0.5235987755982987
929,1787224290.705724,2.2197964019229177,0.47123889803846886,-1.4738483107546116,-2.2912347836540308,0.47123889803846886,-1.4462661327496105,0.5235987755982987
930,1787224290.7511928,2.240099186733665,0.47123889803846886,-1.467828130966908,-2.2836778195518472,0.47123889803846886,-1.4440378825318088,0.5235987755982987
931,1787224290.8003628,2.1759837395706096,0.47123889803846886,-1.445587408336281,-2.258232462783671,0.47123889803846886,-1.441808542133383,0.5235987755982987
932,1787224290.8466861,2.0998309403833475,0.47123889803846886,-1.4140601256413399,-2.2226619126667275,0.47123889803846886,-1.439821827564252,0.5235987755982987
933,1787224290.8936603,2.0860135971830216,0.47123889803846886,-1.3711108602041646,-2.20460825996406,0.47123889803846886,-1.4371902321097387,0.5235987755982987
934,1787224290.9356086,2.0859800852053736,0.47123889803846886,-1.3326024014338618,-2.1581244362763004,0.47123889803846886,-1.4351060939397793,0.5235987755982987
935,1787224290.9817402,1.978083711049603,0.47123889803846886,-1.2968971235893836,-2.105460708795397,0.47123889803846886,-1.4365339386733273,0.5235987755982987
936,1787224291.024777,1.8299878727265089,0.47123889803846886,-1.1729623383683303,-2.1460254660740437,0.47123889803846886,-1.4424799602292184,0.5235987755982987
937,1787224291.070506,2.0141601888395515,0.47123889803846886,-0.9352293596370529,-2.2054195035411177,0.47123889803846886,-1.4530654473383402,0.5235987755982987
938,1787224291.1149845,2.133872194313029,0.47123889803846886,-0.6088673736549376,-2.2581907488690476,0.47123889803846886,-1.4648909352501582,0.5235987755982987
939,1787224291.1595666,2.2116849978707895,0.47123889803846886,-0.40097045182843327,-2.2924920583322015,0.47123889803846886,-1.4752714475671855,0.5235987755982987
940,1787224291.2082021,2.262263320183334,0.47123889803846886,-0.20954030678800023,-2.3147879094832517,0.47123889803846886,-1.4833223140233294,0.5235987755982987
941,1787224291.255663,2.295139229686488,0.47123889803846886,-0.023352513502303107,-2.3292802127314345,0.47123889803846886,-1.4882374066095276,0.5235987755982987
942,1787224291.3063326,2.3165085708635376,0.47123889803846886,0.12607686613578506,-2.338700209842753,0.47123889803846886,-1.4905210486555571,0.5235987755982987
943,1787224291.3487456,2.3303986426286203,0.47123889803846886,0.2231900170472487,-2.3448232079651103,0.47123889803846886,-1.4917535825517154,0.5235987755982987
944,1787224291.3975797,2.339427189275924,0.47123889803846886,0.2802440550995837,-2.3488031567446424,0.47123889803846886,-1.4922376855684973,0.5235987755982987
945,1787224291.4447858,2.3452957445966716,0.47123889803846886,0.31958328778217016,-2.3513901234513384,0.47123889803846886,-1.4909723659698226,0.5235987755982987
946,1787224291.4878392,2.349110305555157,0.47123889803846886,0.32213860570690356,-2.3530716518106907,0.47123889803846886,-1.4871417645113134,0.5235987755982987
947,1787224291.5408454,2.351589770178173,0.47123889803846886,0.31750297993176485,-2.3541646452442695,0.47123889803846886,-1.4825598222413006,0.5235987755982987
948,1787224291.58146,2.353201422183133,0.47123889803846886,0.31132634489843775,-2.354875090976096,0.47123889803846886,-1.4774559949080213,0.5235987755982987
949,1787224291.6224458,2.3542489959863575,0.47123889803846886,0.3126882867160904,-2.355336880701783,0.47123889803846886,-1.4730826014116682,0.5235987755982987
950,1787224291.6665876,2.354929918958453,0.47123889803846886,0.3052046819331721,-2.3556370440234797,0.47123889803846886,-1.4685616629787348,0.5235987755982987
951,1787224291.7071452,2.3553725188903156,0.47123889803846886,0.2950587584631268,-2.3558321501825823,0.47123889803846886,-1.463714610139321,0.5235987755982987
952,1787224291.748249,2.355660208846026,0.47123889803846886,0.2821139033060671,-2.3559589691859992,0.47123889803846886,-1.4597656286118266,0.5235987755982987
953,1787224291.7884076,2.355847207317238,0.47123889803846886,0.269653419280381,-2.3560414015382203,0.47123889803846886,-1.4569985570853672,0.5235987755982987
954,1787224291.8326275,2.3559687563235254,0.47123889803846886,0.25883192453837395,-2.356094982567164,0.47123889803846886,-1.455688875751903,0.5235987755982987
955,1787224291.875542,2.356047763177612,0.47123889803846886,0.2505047394585859,-2.3561298102359776,0.47123889803846886,-1.4552172365045428,0.5235987755982987
956,1787224291.9170437,2.356099117632769,0.47123889803846886,0.24414161681651697,-2.356152448220706,0.47123889803846886,-1.4543340025611502,0.5235987755982987
957,1787224291.9602582,2.3561324980286207,0.47123889803846886,0.24126409891902906,-2.3561671629107797,0.47123889803846886,-1.4522479601021279,0.5235987755982987
958,1787224292.0052233,2.3561541952859244,0.47123889803846886,0.24318113495048255,-2.3561767274593275,0.47123889803846886,-1.4494099365897974,0.5235987755982987
959,1787224292.0533142,2.3561682985031718,0.47123889803846886,0.24450780783787934,-2.3561829444158837,0.47123889803846886,-1.4449756228339363,0.5235987755982987
960,1787224292.096156,2.3561774655943823,0.47123889803846886,0.25124001245468913,-2.3561869854376454,0.47123889803846886,-1.4371717856459592,0.5235987755982987
961,1787224292.1380825,2.356183424203669,0.47123889803846886,0.261948300319404,-2.3561896121017902,0.47123889803846886,-1.422908657094144,0.5235987755982987
962,1787224292.183046,2.356187297299706,0.47123889803846886,0.27853720326274667,-2.34893759632266,0.47123889803846886,-1.4032720368957838,0.5235987755982987
963,1787224292.2246094,2.3561898148121294,0.47123889803846886,0.2945517061739888,-2.35147750917705,0.47123889803846886,-1.3693829099206758,0.5235987755982987
964,1787224292.2660449,2.3059268951099217,0.47123889803846886,0.30443877453279705,-2.349016643067676,0.47123889803846886,-1.3219074816260552,0.5235987755982987
965,1787224292.306563,2.2460587498297553,0.47123889803846886,0.3084745755359447,-2.314440104041568,0.47123889803846886,-1.2640132414324539,0.5235987755982987
966,1787224292.3474143,2.2042386070795303,0.47123889803846886,0.30888516836641544,-2.2628437101341126,0.47123889803846886,-1.206310456331678,0.5235987755982987
967,1787224292.3975875,2.1744269177922906,0.47123889803846886,0.3015036947654776,-2.181953048334421,0.47123889803846886,-1.1189000870711219,0.5235987755982987
968,1787224292.4434822,2.1430509286288917,0.47123889803846886,0.2844586189135973,-2.1368157736052487,0.47123889803846886,-1.0230300301376203,0.5235987755982987
969,1787224292.4858687,2.054561047523307,0.47123889803846886,0.26422960103250165,-2.0762200491768468,0.47123889803846886,-0.9320444866232265,0.5235987755982987
970,1787224292.5291538,2.0605445078682356,0.47123889803846886,0.24219756421426075,-2.0550937365573163,0.47123889803846886,-0.8440538275768864,0.5235987755982987
971,1787224292.5718966,2.107322451584113,0.47123889803846886,0.21683738734928285,-2.0471877171025277,0.47123889803846886,-0.7549262373290461,0.5235987755982987
972,1787224292.6142838,2.119202426407782,0.47123889803846886,0.18656667517876108,-2.0395745453371372,0.47123889803846886,-0.6769353039128223,0.5235987755982987
973,1787224292.6572077,2.1517183147199788,0.47123889803846886,0.1560340629886222,-2.025964030687133,0.47123889803846886,-0.6103231154848319,0.5235987755982987
974,1787224292.6984081,2.1564874389185613,0.47123889803846886,0.12234909153635591,-2.022310969287163,0.47123889803846886,-0.553924376344421,0.5235987755982987
975,1787224292.7440808,2.146743291603538,0.47123889803846886,0.08031857662798746,-2.01712394010705,0.47123889803846886,-0.5053556907567771,0.5235987755982987
976,1787224292.8007736,2.15567226287381,0.47123889803846886,0.031064016953778528,-1.992137054152852,0.47123889803846886,-0.4530814236877009,0.5235987755982987
977,1787224292.843165,2.1586697283556973,0.47123889803846886,-0.023604223483438876,-1.956527244141475,0.47123889803846886,-0.3663091888355531,0.5235987755982987
978,1787224292.8880801,2.1338987507884024,0.47123889803846886,-0.06787071429504321,-1.9303486017587936,0.47123889803846886,-0.29776641921212416,0.5235987755982987
979,1787224292.932264,2.127055089155089,0.47123889803846886,-0.10094083951086898,-1.8529799745348803,0.47123889803846886,-0.24712812711210275,0.5235987755982987
980,1787224292.9810064,2.1192842561502365,0.47123889803846886,-0.11996233682692925,-1.7914560790033374,0.47123889803846886,-0.2101370258887063,0.5235987755982987
981,1787224293.0271933,2.120059329170809,0.47123889803846886,-0.1304099701456458,-1.7530391850851763,0.47123889803846886,-0.17513372780429048,0.5235987755982987
982,1787224293.0696135,2.119097759810431,0.47123889803846886,-0.1355656525174352,-1.7383265174250442,0.47123889803846886,-0.136803123818934,0.5235987755982987
983,1787224293.121473,2.0925162772630475,0.47123889803846886,-0.13997882000481998,-1.740145730226272,0.47123889803846886,-0.1056818791838327,0.5235987755982987
984,1787224293.169763,2.0599588390126673,0.47123889803846886,-0.14476671271725144,-1.7679930128319121,0.47123889803846886,-0.07564518789439918,0.5235987755982987
985,1787224293.2151105,2.023823985342556,0.47123889803846886,-0.14696390800349404,-1.8067459496120652,0.47123889803846886,-0.052034527943346884,0.5235987755982987
986,1787224293.256824,2.018876373701293,0.47123889803846886,-0.1472409785208548,-1.8125598386984767,0.47123889803846886,-0.036708388236421495,0.5235987755982987
987,1787224293.3065565,2.0160052612031336,0.47123889803846886,-0.14709120699520167,-1.824439367805781,0.47123889803846886,-0.03139143909308034,0.5235987755982987
988,1787224293.3502607,2.042736797749538,0.47123889803846886,-0.14777806517826786,-1.8128204319495924,0.47123889803846886,-0.024903982043541228,0.5235987755982987
989,1787224293.3942769,2.065248385410775,0.47123889803846886,-0.14720688265436488,-1.7912431893245973,0.47123889803846886,-0.018733799407500674,0.5235987755982987
990,1787224293.440125,2.0925831415084186,0.47123889803846886,-0.14647050846005766,-1.7923020645761656,0.47123889803846886,-0.007676545327083577,0.5235987755982987
991,1787224293.4810636,2.1151887040055826,0.47123889803846886,-0.1460656129434237,-1.7882225980081352,0.47123889803846886,0.0005406924155850999,0.5235987755982987
992,1787224293.526073,2.1315241917366206,0.47123889803846886,-0.1458015294576678,-1.7834254291226754,0.47123889803846886,0.009074829298705216,0.5235987755982987
993,1787224293.5691664,2.149487429899729,0.47123889803846886,-0.14600392988041652,-1.7948493777341108,0.47123889803846886,0.012548470880105692,0.5235987755982987
994,1787224293.6131566,2.1607290277358424,0.47123889803846886,-0.14590012563244462,-1.8023922528859138,0.47123889803846886,0.012181178937208912,0.5235987755982987
995,1787224293.6600363,2.1680807436107448,0.47123889803846886,-0.1456967123537897,-1.8091700981262717,0.47123889803846886,0.010363725102609848,0.5235987755982987
996,1787224293.7077665,2.166647988071521,0.47123889803846886,-0.14614302897006293,-1.811925041048057,0.47123889803846886,0.007518747348139711,0.5235987755982987
997,1787224293.7534032,2.165271164207865,0.47123889803846886,-0.14785163472655782,-1.7918192166487534,0.47123889803846886,0.005413389560861009,0.5235987755982987
998,1787224293.7994947,2.1703950109163275,0.47123889803846886,-0.14955875697077842,-1.7814825575447313,0.47123889803846886,-0.002535063347765314,0.5235987755982987
999,1787224293.8585222,2.1669255216357186,0.47123889803846886,-0.15163334739825277,-1.788652193281538,0.47123889803846886,-0.012211566677291563,0.5235987755982987
1000,1787224293.910718,2.169078279730733,0.47123889803846886,-0.15446002403999504,-1.818791723897192,0.47123889803846886,-0.026199684430096813,0.5235987755982987
1001,1787224293.9585392,2.1145911542197346,0.47123889803846886,-0.16615257983863163,-1.8055131186383593,0.47123889803846886,-0.047000121651063896,0.5235987755982987
1002,1787224294.0021973,2.068313364874142,0.47123889803846886,-0.17951110963987832,-1.7853897578387496,0.47123889803846886,-0.07281904764253971,0.5235987755982987
1003,1787224294.0443797,2.0100566678712495,0.47123889803846886,-0.19703136281961164,-1.7663111626835208,0.47123889803846886,-0.10278111085887362,0.5235987755982987
1004,1787224294.089605,1.96903604535139,0.47123889803846886,-0.21897604547734734,-1.7577826857995635,0.47123889803846886,-0.13318647785973653,0.5235987755982987
1005,1787224294.1394796,1.9284697608143488,0.47123889803846886,-0.23664316043442518,-1.747906987184659,0.47123889803846886,-0.16105207476690914,0.5235987755982987
1006,1787224294.201495,1.9046495397605505,0.47123889803846886,-0.2500265723938179,-1.747806541881419,0.47123889803846886,-0.18414171356511966,0.5235987755982987
1007,1787224294.2838957,1.8924709788561298,0.47123889803846886,-0.26246223512687056,-1.8104588413181015,0.47123889803846886,-0.20323318132876853,0.5235987755982987
1008,1787224294.3605127,1.890919361150449,0.47123889803846886,-0.27291839986031113,-1.8034899269657483,0.47123889803846886,-0.21792920282555725,0.5235987755982987
1009,1787224294.410287,1.8984517946858657,0.47123889803846886,-0.2823189934647563,-1.8299510555105012,0.47123889803846886,-0.2298967556498176,0.5235987755982987
1010,1787224294.4581163,1.912893043582292,0.47123889803846886,-0.28900199668901627,-1.8674540157672739,0.47123889803846886,-0.2388319092707133,0.5235987755982987
1011,1787224294.5044832,1.9253780430612275,0.47123889803846886,-0.2931555582454991,-1.8748146821862732,0.47123889803846886,-0.2442736329560215,0.5235987755982987
1012,1787224294.558536,1.9392997380342742,0.47123889803846886,-0.29481174260842685,-1.9229848955298903,0.47123889803846886,-0.2479625088280769,0.5235987755982987
1013,1787224294.6154692,1.9429253855647168,0.47123889803846886,-0.29566868770441385,-1.8900343371648822,0.47123889803846886,-0.25002115431051886,0.5235987755982987
1014,1787224294.6677876,1.9414203688931368,0.47123889803846886,-0.29536114881019937,-1.8050638329053106,0.47123889803846886,-0.2511979164057644,0.5235987755982987
1015,1787224294.7114074,1.9449321143022082,0.47123889803846886,-0.29489537376351926,-1.7346604745657652,0.47123889803846886,-0.25169867723553146,0.5235987755982987
1016,1787224294.7615983,1.9412946582276769,0.47123889803846886,-0.29282039520707215,-1.6801709299099739,0.47123889803846886,-0.252836244400676,0.5235987755982987
1017,1787224294.8043494,1.947269846903102,0.47123889803846886,-0.2909586967738885,-1.6570619430539022,0.47123889803846886,-0.25408359288052906,0.5235987755982987
1018,1787224294.8472362,1.9529734396968057,0.47123889803846886,-0.2899010963341121,-1.6573433648444573,0.47123889803846886,-0.2539399174648734,0.5235987755982987
1019,1787224294.8985453,1.9633054616552525,0.47123889803846886,-0.2945916736441843,-1.6761442104126862,0.47123889803846886,-0.2546978674001672,0.5235987755982987
1020,1787224294.959472,1.974231661787925,0.47123889803846886,-0.31866303524497663,-1.7001788231341126,0.47123889803846886,-0.2620131879458975,0.5235987755982987
1021,1787224295.0143487,1.9344172643483222,0.47123889803846886,-0.40401507773414086,-1.708678036219911,0.47123889803846886,-0.3482413851157474,0.5235987755982987
1022,1787224295.068702,1.8639051549385774,0.47123889803846886,-0.5044183047352311,-1.6607387143288488,0.47123889803846886,-0.4580214594436921,0.5235987755982987
1023,1787224295.1196642,1.8787077798331713,0.47123889803846886,-0.6628388103157405,-1.9041482358810724,0.47123889803846886,-0.6379187554429097,0.5235987755982987
1024,1787224295.1874611,1.8959939201537899,0.47123889803846886,-0.8134239956205642,-2.03233166773663,0.47123889803846886,-0.7913373296627338,0.5235987755982987
1025,1787224295.2415001,1.9903282260399084,0.47123889803846886,-0.9653488656878728,-1.8229767631735445,0.47123889803846886,-0.930718758515604,0.5235987755982987
1026,1787224295.3046708,2.0615371121138875,0.47123889803846886,-1.0889453611860946,-1.8959747075770954,0.47123889803846886,-1.0491406804664793,0.5235987755982987
1027,1787224295.3569205,2.117286914594948,0.47123889803846886,-1.1904835973902803,-2.0482149676617114,0.47123889803846886,-1.1522685398738899,0.5235987755982987
1028,1787224295.4153202,2.1408726246272365,0.47123889803846886,-1.2927038081384707,-2.140689513783989,0.47123889803846886,-1.255277270193524,0.5235987755982987
1029,1787224295.469694,2.1517133518047973,0.47123889803846886,-1.3705218498746996,-2.207007164444933,0.47123889803846886,-1.3307880472033458,0.5235987755982987
1030,1787224295.5167992,2.1740335336413046,0.47123889803846886,-1.4308876681568856,-2.250917006696774,0.47123889803846886,-1.383962461887319,0.5235987755982987
1031,1787224295.5621939,2.176906042451598,0.47123889803846886,-1.4698568812074515,-2.284392933090792,0.47123889803846886,-1.4146940085241417,0.5235987755982987
1032,1787224295.6078928,2.1720009502765842,0.47123889803846886,-1.4905426860416475,-2.3085111366979283,0.47123889803846886,-1.4329587057142739,0.5235987755982987
1033,1787224295.6546314,2.1787949497570676,0.47123889803846886,-1.500458136870357,-2.3223799888073517,0.47123889803846886,-1.4408956702291003,0.5235987755982987
1034,1787224295.7042458,2.1707657022057227,0.47123889803846886,-1.5021016979696222,-2.324316003775264,0.47123889803846886,-1.4440955767947463,0.5235987755982987
1035,1787224295.751344,2.167150946060362,0.47123889803846886,-1.498202699044122,-2.3162673162660075,0.47123889803846886,-1.445203781023739,0.5235987755982987
1036,1787224295.8085885,2.1461353784965276,0.47123889803846886,-1.4927742216879607,-2.287881690572071,0.47123889803846886,-1.4445516409884598,0.5235987755982987
1037,1787224295.8627481,2.12396727361833,0.47123889803846886,-1.4874820522705894,-2.2574162888349543,0.47123889803846886,-1.4427409407633949,0.5235987755982987
1038,1787224295.9134307,2.1082163670388465,0.47123889803846886,-1.4831615785802323,-2.2404828046252123,0.47123889803846886,-1.44122594746987,0.5235987755982987
1039,1787224295.96895,2.1025360493871257,0.47123889803846886,-1.4802531667944678,-2.2235710143467147,0.47123889803846886,-1.4406592211761973,0.5235987755982987
1040,1787224296.0147781,2.098788725112955,0.47123889803846886,-1.4788957826198252,-2.2232790020427577,0.47123889803846886,-1.4396291339326686,0.5235987755982987
1041,1787224296.0806158,2.0936515211098707,0.47123889803846886,-1.4789444178339608,-2.2371864825569183,0.47123889803846886,-1.4397237578974686,0.5235987755982987
1042,1787224296.150012,2.1158804841653596,0.47123889803846886,-1.4826404745529214,-2.2788392852293176,0.47123889803846886,-1.4431880373026806,0.5235987755982987
1043,1787224296.1968277,2.130011328629937,0.47123889803846886,-1.4880541125318905,-2.294326223406418,0.47123889803846886,-1.4524912815584332,0.5235987755982987
1044,1787224296.2511044,2.1488462976738667,0.47123889803846886,-1.4948455366541407,-2.3159801167814926,0.47123889803846886,-1.460435071959822,0.5235987755982987
1045,1787224296.3006253,2.1640164628569885,0.47123889803846886,-1.500441965650588,-2.322555045040151,0.47123889803846886,-1.4687706708553963,0.5235987755982987
1046,1787224296.3542745,2.170255355406149,0.47123889803846886,-1.5051151324866292,-2.319713787154923,0.47123889803846886,-1.4747531682144457,0.5235987755982987
1047,1787224296.4040904,2.174088232270083,0.47123889803846886,-1.5083314714368212,-2.310578374766292,0.47123889803846886,-1.4775585365476884,0.5235987755982987
1048,1787224296.4658499,2.1799549850076927,0.47123889803846886,-1.511613502169216,-2.302978094265401,0.47123889803846886,-1.4784050116818104,0.5235987755982987
1049,1787224296.509722,2.1879756932633656,0.47123889803846886,-1.5129498565952382,-2.3011433788767093,0.47123889803846886,-1.4778491580168205,0.5235987755982987
1050,1787224296.5725973,2.1914266891335354,0.47123889803846886,-1.5082350636646908,-2.2740754617444265,0.47123889803846886,-1.476866816399332,0.5235987755982987
1051,1787224296.6201885,2.2020543769477126,0.47123889803846886,-1.5041997064167316,-2.259858412293771,0.47123889803846886,-1.4737963206720384,0.5235987755982987
1052,1787224296.6691606,2.2039472822194943,0.47123889803846886,-1.5001946630628262,-2.2616640850362266,0.47123889803846886,-1.470850296495538,0.5235987755982987
1053,1787224296.7157018,2.196673032181031,0.47123889803846886,-1.4979875383317816,-2.26289422352451,0.47123889803846886,-1.468049949451149,0.5235987755982987
1054,1787224296.764666,2.1863013489491236,0.47123889803846886,-1.496161208712592,-2.255814864318112,0.47123889803846886,-1.465550917366977,0.5235987755982987
1055,1787224296.828437,2.19470256984294,0.47123889803846886,-1.4950419461672046,-2.2477094146382264,0.47123889803846886,-1.4641015570470728,0.5235987755982987
1056,1787224296.8914568,2.2114039306606634,0.47123889803846886,-1.4949226100211916,-2.2474766391600562,0.47123889803846886,-1.4587552622569546,0.5235987755982987
1057,1787224296.9497418,2.229085756487849,0.47123889803846886,-1.4946722489064062,-2.261079710427059,0.47123889803846886,-1.4517490041769374,0.5235987755982987
1058,1787224296.9945598,2.227174996139462,0.47123889803846886,-1.4939590386315287,-2.259080413622575,0.47123889803846886,-1.4498921417814867,0.5235987755982987
1059,1787224297.0416532,2.2318590469141837,0.47123889803846886,-1.4924149981005708,-2.253224857025266,0.47123889803846886,-1.4483808433050327,0.5235987755982987
1060,1787224297.0952911,2.240854820542064,0.47123889803846886,-1.4937079471111232,-2.2479099831843685,0.47123889803846886,-1.4486566282915074,0.5235987755982987
1061,1787224297.1385067,2.245234611992127,0.47123889803846886,-1.492851498251743,-2.2378116351738946,0.47123889803846886,-1.4518213691312758,0.5235987755982987
1062,1787224297.1816394,2.2537988561632303,0.47123889803846886,-1.4907019479497976,-2.218850336889198,0.47123889803846886,-1.4529354144091366,0.5235987755982987
1063,1787224297.2377746,2.2579485427742334,0.47123889803846886,-1.4867252439743424,-2.214282558868445,0.47123889803846886,-1.4523648772727071,0.5235987755982987
1064,1787224297.2936249,2.2720781800421426,0.47123889803846886,-1.4865695400233336,-2.228404156932412,0.47123889803846886,-1.4497509412000595,0.5235987755982987
1065,1787224297.3383884,2.300137109966593,0.47123889803846886,-1.483713479686513,-2.2686671004998877,0.47123889803846886,-1.4450548932496132,0.5235987755982987
1066,1787224297.385166,2.3197571930456062,0.47123889803846886,-1.4845972006462114,-2.2850652261788884,0.47123889803846886,-1.437523284930005,0.5235987755982987
1067,1787224297.431573,2.3325102470469647,0.47123889803846886,-1.4868016288090529,-2.3037347872254568,0.47123889803846886,-1.4338245430216434,0.5235987755982987
1068,1787224297.4757469,2.33285228199103,0.47123889803846886,-1.4873583255788996,-2.308291073482639,0.47123889803846886,-1.4314870480539559,0.5235987755982987
1069,1787224297.520222,2.34102205486149,0.47123889803846886,-1.4858942516481026,-2.274350629769293,0.47123889803846886,-1.4296810686464891,0.5235987755982987
1070,1787224297.5758338,2.3463324072272895,0.47123889803846886,-1.4838958430198872,-2.2565694458036774,0.47123889803846886,-1.426785137862984,0.5235987755982987
1071,1787224297.6226282,2.349784136265059,0.47123889803846886,-1.4832387604370612,-2.228168335813182,0.47123889803846886,-1.4225224728538193,0.5235987755982987
1072,1787224297.6657004,2.352027760139609,0.47123889803846886,-1.4831978737679785,-2.203053159670432,0.47123889803846886,-1.4183100314732777,0.5235987755982987
1073,1787224297.707969,2.3534861156580664,0.47123889803846886,-1.4829027351203363,-2.1830761377802013,0.47123889803846886,-1.414718055150392,0.5235987755982987
1074,1787224297.7533922,2.354434046745064,0.47123889803846886,-1.4822375966679082,-2.177490753802185,0.47123889803846886,-1.4114168703645062,0.5235987755982987
1075,1787224297.7981308,2.355050201951612,0.47123889803846886,-1.4810369127240766,-2.1699612398207493,0.47123889803846886,-1.4082222159197537,0.5235987755982987
1076,1787224297.845357,2.355450702835869,0.47123889803846886,-1.4786098646533485,-2.1637741329080926,0.47123889803846886,-1.405517034752858,0.5235987755982987
1077,1787224297.8952913,2.3557110284106355,0.47123889803846886,-1.4765154736352613,-2.165946826332645,0.47123889803846886,-1.403188481587232,0.5235987755982987
1078,1787224297.9378076,2.355880240034234,0.47123889803846886,-1.4752920350093492,-2.1595965192801008,0.47123889803846886,-1.4009607730110702,0.5235987755982987
1079,1787224297.9799678,2.3559902275895728,0.47123889803846886,-1.4749511726420144,-2.1546758906271304,0.47123889803846886,-1.3991226718299268,0.5235987755982987
1080,1787224298.0247374,2.356061719500543,0.47123889803846886,-1.4750195901005316,-2.1471929380078043,0.47123889803846886,-1.3977828402709611,0.5235987755982987
1081,1787224298.0730925,2.356108189242674,0.47123889803846886,-1.4749159686631912,-2.140093162441797,0.47123889803846886,-1.395967910483315,0.5235987755982987
1082,1787224298.1166043,2.3561383945750585,0.47123889803846886,-1.475025232363978,-2.142694982816268,0.47123889803846886,-1.3945627573603367,0.5235987755982987
1083,1787224298.1771438,2.3561580280411087,0.47123889803846886,-1.4752985295886494,-2.1496681133128623,0.47123889803846886,-1.3934164876347015,0.5235987755982987
1084,1787224298.22939,2.3561707897940414,0.47123889803846886,-1.4756014066866447,-2.1526743149711214,0.47123889803846886,-1.3921371368010351,0.5235987755982987
1085,1787224298.2858112,2.356179084933448,0.47123889803846886,-1.475980722117518,-2.1568729424797874,0.47123889803846886,-1.3907019172226989,0.5235987755982987
1086,1787224298.3303502,2.356184476774062,0.47123889803846886,-1.4762212307942901,-2.1697150033984234,0.47123889803846886,-1.388958323697532,0.5235987755982987
1087,1787224298.3974373,2.3561879814704607,0.47123889803846886,-1.476397733563978,-2.1934685953768227,0.47123889803846886,-1.387569497040091,0.5235987755982987
1088,1787224298.4708157,2.35619025952312,0.47123889803846886,-1.4765360538732566,-2.21928619986997,0.47123889803846886,-1.3869841544111003,0.5235987755982987
1089,1787224298.5158029,2.3470997210330276,0.47123889803846886,-1.4766148822336937,-2.239081972632785,0.47123889803846886,-1.3876794600701123,0.5235987755982987
1090,1787224298.567909,2.3371221542324014,0.47123889803846886,-1.4767875379172395,-2.248385239728174,0.47123889803846886,-1.3881744769530004,0.5235987755982987
1091,1787224298.6123295,2.342250847222263,0.47123889803846886,-1.476297778356547,-2.286118477390634,0.47123889803846886,-1.388938598400676,0.5235987755982987
1092,1787224298.6582615,2.347131122261792,0.47123889803846886,-1.4750516370662476,-2.3106450818712325,0.47123889803846886,-1.390384242660096,0.5235987755982987
1093,1787224298.7059464,2.3462985512887466,0.47123889803846886,-1.473055872318176,-2.326587374783622,0.47123889803846886,-1.3923686962094086,0.5235987755982987
1094,1787224298.75405,2.3262719279180506,0.47123889803846886,-1.469565015815289,-2.336949865176675,0.47123889803846886,-1.3952986107711562,0.5235987755982987
1095,1787224298.7950168,2.30511169716849,0.47123889803846886,-1.4617518746644653,-2.336788761403271,0.47123889803846886,-1.3977171053683057,0.5235987755982987
1096,1787224298.8365345,2.2667691060336796,0.47123889803846886,-1.4516797139035216,-2.342021336375974,0.47123889803846886,-1.4018966228605914,0.5235987755982987
1097,1787224298.8794022,2.240499604232829,0.47123889803846886,-1.4434173047574166,-2.3469819402117036,0.47123889803846886,-1.4069484483542603,0.5235987755982987
1098,1787224298.922141,2.229118510965025,0.47123889803846886,-1.43814294315267,-2.350206332704928,0.47123889803846886,-1.4118285347473867,0.5235987755982987
1099,1787224298.9717634,2.217180408718796,0.47123889803846886,-1.434943006378425,-2.352302187825524,0.47123889803846886,-1.416212990659894,0.5235987755982987
1100,1787224299.0326743,2.221307307681731,0.47123889803846886,-1.4346027181150394,-2.3536644936539113,0.47123889803846886,-1.4215575179889623,0.5235987755982987
1101,1787224299.088778,2.238045148316933,0.47123889803846886,-1.4361820119179713,-2.3545499924423634,0.47123889803846886,-1.4261180629986772,0.5235987755982987
1102,1787224299.1385353,2.262333930874036,0.47123889803846886,-1.4370840150232436,-2.355125566654857,0.47123889803846886,-1.4284772236798555,0.5235987755982987
1103,1787224299.1833842,2.270579260078074,0.47123889803846886,-1.4387136733222738,-2.355499689892978,0.47123889803846886,-1.4305841357868263,0.5235987755982987
1104,1787224299.2325938,2.287954513777339,0.47123889803846886,-1.4438469991713596,-2.3557428699977563,0.47123889803846886,-1.4325075802724716,0.5235987755982987
1105,1787224299.2806623,2.2908617110525924,0.47123889803846886,-1.4482579193422815,-2.3559009370658623,0.47123889803846886,-1.4340181864919241,0.5235987755982987
1106,1787224299.3251252,2.2823471620553484,0.47123889803846886,-1.4528689750384007,-2.356003680660131,0.47123889803846886,-1.4359105071269276,0.5235987755982987
1107,1787224299.3696718,2.291602075156787,0.47123889803846886,-1.4596316081377778,-2.356070463996406,0.47123889803846886,-1.4383376327270256,0.5235987755982987
1108,1787224299.4134655,2.2768301022497264,0.47123889803846886,-1.4644229214481854,-2.3413599655713044,0.47123889803846886,-1.4402099967062139,0.5235987755982987
1109,1787224299.4554274,2.2592371282564025,0.47123889803846886,-1.4704331679076112,-2.3297893465406307,0.47123889803846886,-1.443451991482048,0.5235987755982987
1110,1787224299.5006652,2.246139320341864,0.47123889803846886,-1.4751657778718754,-2.3076308509180685,0.47123889803846886,-1.4452153429647234,0.5235987755982987
1111,1787224299.5497878,2.2436214277430007,0.47123889803846886,-1.4751013204999048,-2.3246281246640654,0.47123889803846886,-1.4463592115874926,0.5235987755982987
1112,1787224299.6034913,2.2500726648418548,0.47123889803846886,-1.4735899890779414,-2.2893022077559717,0.47123889803846886,-1.4572690695546053,0.5235987755982987
1113,1787224299.649892,2.266110800852812,0.47123889803846886,-1.4710414008307577,-2.2886491876949706,0.47123889803846886,-1.47164525161614,0.5235987755982987
1114,1787224299.7057214,2.2684191586274447,0.47123889803846886,-1.4706763626962034,-2.302891272713507,0.47123889803846886,-1.4806269271721457,0.5235987755982987
1115,1787224299.7529132,2.2398679919687967,0.47123889803846886,-1.4652859003434486,-2.2571663565754942,0.47123889803846886,-1.4850881905284985,0.5235987755982987
1116,1787224299.7969353,2.1647124529621253,0.47123889803846886,-1.458938273207509,-2.2037493239615573,0.47123889803846886,-1.4718721682227802,0.5235987755982987
1117,1787224299.839351,2.12485884965856,0.47123889803846886,-1.454712693312976,-2.229740166823059,0.47123889803846886,-1.4577591230792963,0.5235987755982987
1118,1787224299.8856683,2.0979500994499203,0.47123889803846886,-1.4514866922537877,-2.2355389468730786,0.47123889803846886,-1.4482715586676567,0.5235987755982987
1119,1787224299.9336917,2.1043942041885613,0.47123889803846886,-1.4539452395500392,-2.2754377637349164,0.47123889803846886,-1.444878772412924,0.5235987755982987
1120,1787224299.9792793,2.0948871470087833,0.47123889803846886,-1.4623860437102523,-2.2982247735321275,0.47123889803846886,-1.4423512510046361,0.5235987755982987
1121,1787224300.0218034,2.089444386744821,0.47123889803846886,-1.466850333972888,-2.3127612046449255,0.47123889803846886,-1.4363452593315358,0.5235987755982987
1122,1787224300.070589,2.0487177051700765,0.47123889803846886,-1.4727662681121383,-2.3179624142676865,0.47123889803846886,-1.4341538592401704,0.5235987755982987
1123,1787224300.1171675,2.0491488242434466,0.47123889803846886,-1.4773115468460598,-2.3117460210946548,0.47123889803846886,-1.4312318820535654,0.5235987755982987
1124,1787224300.1572406,2.057057057677621,0.47123889803846886,-1.4792940337633627,-2.298576667901763,0.47123889803846886,-1.4244875744444765,0.5235987755982987
1125,1787224300.200342,2.066604475807512,0.47123889803846886,-1.4802430668189244,-2.28108292061226,0.47123889803846886,-1.4164498670953312,0.5235987755982987
1126,1787224300.2425287,2.0838259663623555,0.47123889803846886,-1.479778388858609,-2.264414517744438,0.47123889803846886,-1.4102291640196196,0.5235987755982987
1127,1787224300.2854502,2.1023405518359914,0.47123889803846886,-1.4794575131727852,-2.2570552561242363,0.47123889803846886,-1.4071614119105953,0.5235987755982987
1128,1787224300.327434,2.118060431977681,0.47123889803846886,-1.471828141920541,-2.2515196059247278,0.47123889803846886,-1.4068191074476633,0.5235987755982987
1129,1787224300.3705058,2.132120104730337,0.47123889803846886,-1.4605711084640907,-2.2358091651670247,0.47123889803846886,-1.4024214357845106,0.5235987755982987
1130,1787224300.4188669,2.142437658993515,0.47123889803846886,-1.4530186268398502,-2.2344893303393416,0.47123889803846886,-1.4021079041228812,0.5235987755982987
1131,1787224300.464602,2.1408318572590814,0.47123889803846886,-1.4480081386751809,-2.236355740103667,0.47123889803846886,-1.4082206198972744,0.5235987755982987
1132,1787224300.5061908,2.135381169926577,0.47123889803846886,-1.4424630614737135,-2.2449928714271543,0.47123889803846886,-1.4198985079657893,0.5235987755982987
1133,1787224300.5479043,2.1269397567184267,0.47123889803846886,-1.4367626201197796,-2.2591098719150704,0.47123889803846886,-1.43188765565434,0.5235987755982987
1134,1787224300.588723,2.151780000668249,0.47123889803846886,-1.4316464985283828,-2.2811855377777306,0.47123889803846886,-1.4530914470999523,0.5235987755982987
1135,1787224300.63121,2.1520445537131034,0.47123889803846886,-1.4283678791738292,-2.2922740772176002,0.47123889803846886,-1.4755427411180309,0.5235987755982987
1136,1787224300.6721804,2.1414175714771657,0.47123889803846886,-1.4271321325452813,-2.307970400805382,0.47123889803846886,-1.4938919840427123,0.5235987755982987
1137,1787224300.7182925,2.1374298650038996,0.47123889803846886,-1.4265271243424664,-2.3102501398781663,0.47123889803846886,-1.5046953103697547,0.5235987755982987
1138,1787224300.7636163,2.132273478424592,0.47123889803846886,-1.426378809812923,-2.304947378969649,0.47123889803846886,-1.5088805286240656,0.5235987755982987
1139,1787224300.8156211,2.1398523438614383,0.47123889803846886,-1.4266485703570848,-2.306680754541484,0.47123889803846886,-1.5097650084295773,0.5235987755982987
1140,1787224300.8688571,2.136361617412122,0.47123889803846886,-1.4275863261038935,-2.308919243905133,0.47123889803846886,-1.5105598444713222,0.5235987755982987
1141,1787224300.918711,2.1355933614194464,0.47123889803846886,-1.4313527058476727,-2.300524713283118,0.47123889803846886,-1.5040571350915084,0.5235987755982987
1142,1787224300.96966,2.1369048431443467,0.47123889803846886,-1.4387952737375622,-2.282807265320316,0.47123889803846886,-1.4931909015195073,0.5235987755982987
1143,1787224301.013418,2.1407426219985464,0.47123889803846886,-1.4467391287829654,-2.2680556348567222,0.47123889803846886,-1.4789283193373728,0.5235987755982987
1144,1787224301.066589,2.142516653525054,0.47123889803846886,-1.453539375459146,-2.2613084456440333,0.47123889803846886,-1.4638022346044601,0.5235987755982987
1145,1787224301.1123235,2.1431858866957096,0.47123889803846886,-1.4585220242999049,-2.2455323122863335,0.47123889803846886,-1.4521244427318716,0.5235987755982987
1146,1787224301.1552048,2.1421086342948357,0.47123889803846886,-1.4619685277836894,-2.2404860866308853,0.47123889803846886,-1.4443530969452167,0.5235987755982987
1147,1787224301.197934,2.1419737580591773,0.47123889803846886,-1.4639234246113002,-2.2337862499078733,0.47123889803846886,-1.4396497237135464,0.5235987755982987
1148,1787224301.2545252,2.147361027402883,0.47123889803846886,-1.4639514294296367,-2.230710609771854,0.47123889803846886,-1.4357703756458862,0.5235987755982987
1149,1787224301.3054,2.1563542406621052,0.47123889803846886,-1.462432417713055,-2.241133627845459,0.47123889803846886,-1.4335985505685533,0.5235987755982987
1150,1787224301.3555634,2.1709202716436904,0.47123889803846886,-1.4604016865157445,-2.2415048757887237,0.47123889803846886,-1.43437019649003,0.5235987755982987
1151,1787224301.408187,2.1871215965737885,0.47123889803846886,-1.4530103612224994,-2.244488922003397,0.47123889803846886,-1.4379768379615898,0.5235987755982987
1152,1787224301.4580135,2.1892527787729925,0.47123889803846886,-1.4429496640048036,-2.2346874787282616,0.47123889803846886,-1.4466610019611714,0.5235987755982987
1153,1787224301.5163205,2.1922346637590184,0.47123889803846886,-1.4315476834099476,-2.2369729197278323,0.47123889803846886,-1.4648050618721484,0.5235987755982987
1154,1787224301.5590308,2.2085230246349243,0.47123889803846886,-1.4142523938240448,-2.2398132449871437,0.47123889803846886,-1.4901366459119703,0.5235987755982987
1155,1787224301.6330569,2.2161481652077115,0.47123889803846886,-1.3970989982374706,-2.232407499028764,0.47123889803846886,-1.5132795622948976,0.5235987755982987
1156,1787224301.7059426,2.2170949398757545,0.47123889803846886,-1.379639396235203,-2.229669380243834,0.47123889803846886,-1.5288694575726582,0.5235987755982987
1157,1787224301.7600393,2.2113062992502486,0.47123889803846886,-1.364176606382267,-2.246276999015818,0.47123889803846886,-1.5309534363933746,0.5235987755982987
1158,1787224301.8165896,2.2156669154946833,0.47123889803846886,-1.3537065149370435,-2.2847481209276026,0.47123889803846886,-1.5310517952197187,0.5235987755982987
1159,1787224301.8635366,2.2244057444503267,0.47123889803846886,-1.34817727394009,-2.3097543501702624,0.47123889803846886,-1.5322416646855732,0.5235987755982987
1160,1787224301.9155443,2.231197323759289,0.47123889803846886,-1.3448883964056992,-2.3260083991779914,0.47123889803846886,-1.534734972519424,0.5235987755982987
1161,1787224301.9668381,2.1997160752563647,0.47123889803846886,-1.3358947543638922,-2.327872047429506,0.47123889803846886,-1.531798653968307,0.5235987755982987
1162,1787224302.0133002,2.184721583055463,0.47123889803846886,-1.3240004212607794,-2.3377849023965,0.47123889803846886,-1.5286078901682658,0.5235987755982987
1163,1787224302.0570192,2.1798063181407383,0.47123889803846886,-1.322114676257675,-2.3388813197982383,0.47123889803846886,-1.5369446985877167,0.5235987755982987
1164,1787224302.108329,2.1704334312829205,0.47123889803846886,-1.3310034223197218,-2.3449409294361754,0.47123889803846886,-1.5374852963674344,0.5235987755982987
1165,1787224302.154672,2.144753849332692,0.47123889803846886,-1.3554812127736549,-2.3384259722222067,0.47123889803846886,-1.5245603422490692,0.5235987755982987
1166,1787224302.1993823,2.120512219091772,0.47123889803846886,-1.3770930235062104,-2.323922670526289,0.47123889803846886,-1.5096955343801843,0.5235987755982987
1167,1787224302.2409544,2.094098491890476,0.47123889803846886,-1.395677630175558,-2.297861597778465,0.47123889803846886,-1.4922730987362027,0.5235987755982987
1168,1787224302.289831,2.0630120129456935,0.47123889803846886,-1.4070852466881074,-2.276179127885574,0.47123889803846886,-1.475669431115667,0.5235987755982987
1169,1787224302.3486645,2.044246060091103,0.47123889803846886,-1.4142608931376932,-2.2649583629115666,0.47123889803846886,-1.4641906750974447,0.5235987755982987
1170,1787224302.3935544,2.029261602771343,0.47123889803846886,-1.4245298253882153,-2.2441047008734643,0.47123889803846886,-1.4471196467353513,0.5235987755982987
1171,1787224302.4566114,2.020008466140724,0.47123889803846886,-1.4342046481429356,-2.2159071123548446,0.47123889803846886,-1.4314079211045332,0.5235987755982987
1172,1787224302.5056477,2.007419625785842,0.47123889803846886,-1.4393806613694777,-2.2063092702583367,0.47123889803846886,-1.4156220694111434,0.5235987755982987
1173,1787224302.5568228,2.0227470339067097,0.47123889803846886,-1.4417921191484022,-2.211338442272103,0.47123889803846886,-1.4025615936397124,0.5235987755982987
1174,1787224302.618135,2.0311120902295787,0.47123889803846886,-1.440444551220436,-2.2172604769061186,0.47123889803846886,-1.400216603664189,0.5235987755982987
1175,1787224302.6676435,2.0383750833467977,0.47123889803846886,-1.4404590939673474,-2.2114063033396834,0.47123889803846886,-1.400879997984807,0.5235987755982987
1176,1787224302.7088304,2.0633622060061882,0.47123889803846886,-1.4451646576167976,-2.2102748092054516,0.47123889803846886,-1.4046746956291454,0.5235987755982987
1177,1787224302.749113,2.092316037196084,0.47123889803846886,-1.4505388799171146,-2.2297563584781717,0.47123889803846886,-1.4167682641801433,0.5235987755982987
1178,1787224302.7896369,2.092619934623795,0.47123889803846886,-1.45176536730844,-2.2359003337874452,0.47123889803846886,-1.4315246524387482,0.5235987755982987
1179,1787224302.833876,2.116007386255293,0.47123889803846886,-1.4542413498932711,-2.2613681650123882,0.47123889803846886,-1.4492188003309996,0.5235987755982987
1180,1787224302.876742,2.1189822594163568,0.47123889803846886,-1.454437757418648,-2.275109066894077,0.47123889803846886,-1.4613998405353252,0.5235987755982987
1181,1787224302.9232464,2.131250752145858,0.47123889803846886,-1.451222066626432,-2.294837788730686,0.47123889803846886,-1.473851069550914,0.5235987755982987
1182,1787224302.9655223,2.1547272326195146,0.47123889803846886,-1.4490717621023563,-2.3163126342422666,0.47123889803846886,-1.4865394995456418,0.5235987755982987
1183,1787224303.0138223,2.161252566280993,0.47123889803846886,-1.4475387572589788,-2.3107597345897224,0.47123889803846886,-1.4914170858872566,0.5235987755982987
1184,1787224303.0584161,2.18009553221943,0.47123889803846886,-1.4479224266393824,-2.307557800661617,0.47123889803846886,-1.4910311453337304,0.5235987755982987
1185,1787224303.110697,2.1911845233931,0.47123889803846886,-1.4524762033182714,-2.2876272232635184,0.47123889803846886,-1.4888441808433028,0.5235987755982987
1186,1787224303.1578035,2.1982842063775756,0.47123889803846886,-1.4561530755044185,-2.2822835016292102,0.47123889803846886,-1.483483786324462,0.5235987755982987
1187,1787224303.2044597,2.192749459701742,0.47123889803846886,-1.4603908082962818,-2.279589262824623,0.47123889803846886,-1.4753031586165681,0.5235987755982987
1188,1787224303.2517073,2.197291816685134,0.47123889803846886,-1.4632069290209673,-2.2470083933595313,0.47123889803846886,-1.46634874711871,0.5235987755982987
1189,1787224303.3005736,2.2136173926860234,0.47123889803846886,-1.4709735097257621,-2.205010487168419,0.47123889803846886,-1.4561230051770626,0.5235987755982987
1190,1787224303.3478632,2.2466716825341324,0.47123889803846886,-1.4796158759000086,-2.1763675276538246,0.47123889803846886,-1.447960536773943,0.5235987755982987
1191,1787224303.3946736,2.2718603962307573,0.47123889803846886,-1.4852018156336606,-2.1418437338334337,0.47123889803846886,-1.4405434929711705,0.5235987755982987
1192,1787224303.4377477,2.2734825583111875,0.47123889803846886,-1.489371182133356,-2.1585842164783253,0.47123889803846886,-1.4328611766807682,0.5235987755982987
1193,1787224303.4823868,2.272229191140603,0.47123889803846886,-1.489943620489115,-2.1554877487655193,0.47123889803846886,-1.4293050412391666,0.5235987755982987
1194,1787224303.5307457,2.24985976909018,0.47123889803846886,-1.4827806064163067,-2.1351326230685728,0.47123889803846886,-1.4297505263014736,0.5235987755982987
1195,1787224303.5797548,2.236874469297778,0.47123889803846886,-1.4733174163601812,-2.1325606570440923,0.47123889803846886,-1.434717300782101,0.5235987755982987
1196,1787224303.6265209,2.2458484484848276,0.47123889803846886,-1.4651817948502763,-2.1237422821116843,0.47123889803846886,-1.4389694567960278,0.5235987755982987
1197,1787224303.672168,2.239650166849697,0.47123889803846886,-1.4566029806036176,-2.1227497265122426,0.47123889803846886,-1.440735975518964,0.5235987755982987
1198,1787224303.7166677,2.244090234977617,0.47123889803846886,-1.4491736178212722,-2.1133911465918134,0.47123889803846886,-1.439554437048414,0.5235987755982987
1199,1787224303.7598925,2.25396784522688,0.47123889803846886,-1.4426411495971168,-2.1242728782872238,0.47123889803846886,-1.4370846442109906,0.5235987755982987
1200,1787224303.803939,2.2590106315750655,0.47123889803846886,-1.4389314268886877,-2.152481265559736,0.47123889803846886,-1.4350783015911155,0.5235987755982987
1201,1787224303.858246,2.2682377739412574,0.47123889803846886,-1.4371479275881232,-2.185386903687312,0.47123889803846886,-1.4332883655561357,0.5235987755982987
1202,1787224303.9007547,2.2669679597538352,0.47123889803846886,-1.436177284261162,-2.2066616771219247,0.47123889803846886,-1.4318707073248942,0.5235987755982987
1203,1787224303.9506989,2.258453573314755,0.47123889803846886,-1.4355489197127307,-2.2101327568311473,0.47123889803846886,-1.4319861055292387,0.5235987755982987
1204,1787224304.0026846,2.24027191129629,0.47123889803846886,-1.4353776971722738,-2.2094017913290434,0.47123889803846886,-1.4392592866785408,0.5235987755982987
1205,1787224304.05562,2.255397480344464,0.47123889803846886,-1.4341875882055004,-2.220995586636538,0.47123889803846886,-1.4468728987567303,0.5235987755982987
1206,1787224304.11072,2.272269722653744,0.47123889803846886,-1.4352922761425173,-2.235360074403217,0.47123889803846886,-1.4531659083455413,0.5235987755982987
1207,1787224304.156724,2.2688360418505744,0.47123889803846886,-1.4412487237343914,-2.2698354602391353,0.47123889803846886,-1.460647020669874,0.5235987755982987
1208,1787224304.2006047,2.270072557641596,0.47123889803846886,-1.4465530799397968,-2.2905870162409387,0.47123889803846886,-1.4680746329216505,0.5235987755982987
1209,1787224304.2468696,2.2716266441851536,0.47123889803846886,-1.4498681857502516,-2.2886698342494416,0.47123889803846886,-1.4694972423398966,0.5235987755982987
1210,1787224304.2909799,2.2726364713393488,0.47123889803846886,-1.4544646133112165,-2.2939736242648676,0.47123889803846886,-1.469566648290897,0.5235987755982987
1211,1787224304.3471563,2.261012297046134,0.47123889803846886,-1.4590028872771361,-2.3122630022271293,0.47123889803846886,-1.4724286587185726,0.5235987755982987
1212,1787224304.392224,2.2459597015661297,0.47123889803846886,-1.466731819375747,-2.3181538164208906,0.47123889803846886,-1.4747705616029188,0.5235987755982987
1213,1787224304.43407,2.242079298424872,0.47123889803846886,-1.4708680304913528,-2.301072161329607,0.47123889803846886,-1.4772178384280266,0.5235987755982987
1214,1787224304.479913,2.2353067334388133,0.47123889803846886,-1.4737578041534762,-2.2788198506534734,0.47123889803846886,-1.4777874063389427,0.5235987755982987
1215,1787224304.5222504,2.2454851515243046,0.47123889803846886,-1.4744551936058938,-2.2682321603132465,0.47123889803846886,-1.4769723168731868,0.5235987755982987
1216,1787224304.5650218,2.247262285774643,0.47123889803846886,-1.4744421964225913,-2.260607115477938,0.47123889803846886,-1.474644312741758,0.5235987755982987
1217,1787224304.6064568,2.254955451941333,0.47123889803846886,-1.4736472016320556,-2.2529688944415383,0.47123889803846886,-1.4726827743485855,0.5235987755982987
1218,1787224304.6478257,2.2564100769095274,0.47123889803846886,-1.4723481569944317,-2.2504733825638734,0.47123889803846886,-1.472677112602415,0.5235987755982987
1219,1787224304.6924324,2.266296365430452,0.47123889803846886,-1.4710201979205584,-2.254240351895773,0.47123889803846886,-1.4733398940447509,0.5235987755982987
1220,1787224304.7357695,2.2679324452010077,0.47123889803846886,-1.4699231738956389,-2.2881651225945028,0.47123889803846886,-1.4753230673279403,0.5235987755982987
1221,1787224304.7772775,2.2731391569967543,0.47123889803846886,-1.4691136709455814,-2.3119754012537475,0.47123889803846886,-1.4814376024953497,0.5235987755982987
1222,1787224304.8191738,2.285194594870046,0.47123889803846886,-1.4678247948343102,-2.320838217962958,0.47123889803846886,-1.4856528187205358,0.5235987755982987
1223,1787224304.8639555,2.2783231920563214,0.47123889803846886,-1.4654534124363008,-2.3332129132432433,0.47123889803846886,-1.4892553621218978,0.5235987755982987
1224,1787224304.9081762,2.2832007798182943,0.47123889803846886,-1.4626785434636895,-2.341256465175429,0.47123889803846886,-1.4955120468460326,0.5235987755982987
1225,1787224304.9553132,2.287687700570898,0.47123889803846886,-1.4580264754521948,-2.3409972859432164,0.47123889803846886,-1.5018238433621238,0.5235987755982987
1226,1787224304.9987516,2.2873073788123612,0.47123889803846886,-1.4536386236278935,-2.3373652428687977,0.47123889803846886,-1.5067558372486554,0.5235987755982987
1227,1787224305.0505807,2.2704541476686786,0.47123889803846886,-1.4501897041067364,-2.314164762329133,0.47123889803846886,-1.5090473840586243,0.5235987755982987
1228,1787224305.0940661,2.264450916811548,0.47123889803846886,-1.4476678915723098,-2.3036110546725874,0.47123889803846886,-1.5100115326161054,0.5235987755982987
1229,1787224305.1371832,2.248221093427774,0.47123889803846886,-1.4456651307513622,-2.303357093505241,0.47123889803846886,-1.5089449033733437,0.5235987755982987
1230,1787224305.180149,2.2352835143791907,0.47123889803846886,-1.4450168024839503,-2.3066696707238874,0.47123889803846886,-1.5069580614375209,0.5235987755982987
1231,1787224305.2258816,2.2315067381596503,0.47123889803846886,-1.4448024176759118,-2.3144896214543618,0.47123889803846886,-1.5059314362419012,0.5235987755982987
1232,1787224305.2747986,2.2315147591549307,0.47123889803846886,-1.4460796744016724,-2.305704044468557,0.47123889803846886,-1.5054586572800894,0.5235987755982987
1233,1787224305.3316963,2.227386370040441,0.47123889803846886,-1.4485377093883645,-2.3155471767347224,0.47123889803846886,-1.504832870914889,0.5235987755982987
1234,1787224305.381621,2.212715441983671,0.47123889803846886,-1.4511501949052832,-2.305727555936844,0.47123889803846886,-1.5005708708411443,0.5235987755982987
1235,1787224305.4276757,2.190487994579412,0.47123889803846886,-1.4521952543475032,-2.3135567546028986,0.47123889803846886,-1.4990796595382654,0.5235987755982987
1236,1787224305.4721127,2.1662210570430247,0.47123889803846886,-1.4552405854614074,-2.323643040818209,0.47123889803846886,-1.498750553734003,0.5235987755982987
1237,1787224305.5142581,2.150256854543539,0.47123889803846886,-1.460363484343841,-2.3350360480991563,0.47123889803846886,-1.4980738316686946,0.5235987755982987
1238,1787224305.5550694,2.1211540412836483,0.47123889803846886,-1.465654171593353,-2.3424415028317727,0.47123889803846886,-1.4929269718196805,0.5235987755982987
1239,1787224305.5992696,2.1056059531279474,0.47123889803846886,-1.4702860476716677,-2.3472550484079733,0.47123889803846886,-1.4858500866912248,0.5235987755982987
1240,1787224305.6477487,2.084239779960871,0.47123889803846886,-1.4736074107647026,-2.3497294780407367,0.47123889803846886,-1.4829301881012849,0.5235987755982987
1241,1787224305.6897066,2.0759012135344097,0.47123889803846886,-1.4753604639415347,-2.3452085031511603,0.47123889803846886,-1.4811948659745373,0.5235987755982987
1242,1787224305.7348251,2.071018006979733,0.47123889803846886,-1.4761113102239034,-2.3403360912948084,0.47123889803846886,-1.4770472343667969,0.5235987755982987
1243,1787224305.7762268,2.071151080264865,0.47123889803846886,-1.4755112198148574,-2.339491482289878,0.47123889803846886,-1.4750859934601994,0.5235987755982987
1244,1787224305.818673,2.0676187282144785,0.47123889803846886,-1.4763105565727983,-2.3319587666808808,0.47123889803846886,-1.4749093668536954,0.5235987755982987
1245,1787224305.8677201,2.0513257907474536,0.47123889803846886,-1.4765510736765943,-2.317429326695058,0.47123889803846886,-1.4740957343225924,0.5235987755982987
1246,1787224305.9177337,2.0552862077466383,0.47123889803846886,-1.472568565347216,-2.328934841761038,0.47123889803846886,-1.4744467017337868,0.5235987755982987
1247,1787224305.967997,2.0669886886588533,0.47123889803846886,-1.4666360398855032,-2.3384757187119956,0.47123889803846886,-1.4753887221305537,0.5235987755982987
1248,1787224306.013139,2.0809906302578605,0.47123889803846886,-1.460451561504605,-2.344677288730118,0.47123889803846886,-1.4752381322058197,0.5235987755982987
1249,1787224306.0617914,2.086542399868901,0.47123889803846886,-1.4545544042775276,-2.3483467762088424,0.47123889803846886,-1.4754255179626194,0.5235987755982987
1250,1787224306.108899,2.083590684656073,0.47123889803846886,-1.4495787150107606,-2.348770945997356,0.47123889803846886,-1.4754366725446033,0.5235987755982987
1251,1787224306.1553133,2.077558544309786,0.47123889803846886,-1.4445696660358878,-2.351369186465602,0.47123889803846886,-1.4767470651594752,0.5235987755982987
1252,1787224306.202919,2.0726688050370488,0.47123889803846886,-1.4419891585600428,-2.353058042769962,0.47123889803846886,-1.477242553853814,0.5235987755982987
1253,1787224306.2538526,2.0615237047152632,0.47123889803846886,-1.4387501345392688,-2.3536118045126058,0.47123889803846886,-1.4825202919481677,0.5235987755982987
1254,1787224306.3021111,2.044705295562773,0.47123889803846886,-1.4352805303665612,-2.3505280253309953,0.47123889803846886,-1.49119084545903,0.5235987755982987
1255,1787224306.35107,2.0217637906058754,0.47123889803846886,-1.4311900386570022,-2.3295593767682683,0.47123889803846886,-1.5005781151674913,0.5235987755982987
1256,1787224306.39667,2.0121286010914488,0.47123889803846886,-1.4286045644150618,-2.338881666466695,0.47123889803846886,-1.5035585373430975,0.5235987755982987
1257,1787224306.4442668,2.03010842962872,0.47123889803846886,-1.4257743599487647,-2.344941154770672,0.47123889803846886,-1.5085055443220945,0.5235987755982987
1258,1787224306.4850366,2.0451684195340967,0.47123889803846886,-1.4212280146826053,-2.3488798221682576,0.47123889803846886,-1.5129706908398912,0.5235987755982987
1259,1787224306.5332112,2.0647233247666854,0.47123889803846886,-1.41735978835832,-2.351439955976688,0.47123889803846886,-1.5150187918546172,0.5235987755982987
1260,1787224306.58289,2.0770186752792346,0.47123889803846886,-1.4123498376727595,-2.353104042952168,0.47123889803846886,-1.5150159163261654,0.5235987755982987
1261,1787224306.6344752,2.0729997279013577,0.47123889803846886,-1.4084994409236566,-2.35418569948623,0.47123889803846886,-1.5111039155663828,0.5235987755982987
1262,1787224306.6788266,2.047766983517531,0.47123889803846886,-1.4081291147219763,-2.3548887762333703,0.47123889803846886,-1.4997676346366158,0.5235987755982987
1263,1787224306.7222462,2.025046496964614,0.47123889803846886,-1.4099912795522003,-2.3553457761190115,0.47123889803846886,-1.4886872828054045,0.5235987755982987
1264,1787224306.7650888,1.9902376032075886,0.47123889803846886,-1.4124028948071459,-2.3556428260446785,0.47123889803846886,-1.4803611543066586,0.5235987755982987
1265,1787224306.8064032,1.9436798536764548,0.47123889803846886,-1.4163322463033339,-2.3558359084963616,0.47123889803846886,-1.4780104406593393,0.5235987755982987
1266,1787224306.8493524,1.9163292052849232,0.47123889803846886,-1.4237300328033777,-2.3559614120899557,0.47123889803846886,-1.477126077624208,0.5235987755982987
1267,1787224306.911512,1.904952783700479,0.47123889803846886,-1.428758742188304,-2.3546184569615276,0.47123889803846886,-1.476726753483286,0.5235987755982987
1268,1787224306.9541514,1.8979219709818698,0.47123889803846886,-1.4317051125576654,-2.3551700685923134,0.47123889803846886,-1.4787658477046417,0.5235987755982987
1269,1787224306.9953084,1.9054171294375362,0.47123889803846886,-1.4310256417542457,-2.3555286161523243,0.47123889803846886,-1.482613566818204,0.5235987755982987
1270,1787224307.0364037,1.9098688544137574,0.47123889803846886,-1.4298318671305017,-2.3557616720663317,0.47123889803846886,-1.487710970559276,0.5235987755982987
1271,1787224307.0815105,1.9107930531226889,0.47123889803846886,-1.4281191931189416,-2.355913158410436,0.47123889803846886,-1.4920518270769896,0.5235987755982987
1272,1787224307.1265528,1.8982757777327963,0.47123889803846886,-1.424944284783626,-2.3467922376747756,0.47123889803846886,-1.4958262826611195,0.5235987755982987
1273,1787224307.1723177,1.894660891794654,0.47123889803846886,-1.4174972848483676,-2.3086916029295343,0.47123889803846886,-1.5003937153221831,0.5235987755982987
1274,1787224307.21598,1.9186771821823456,0.47123889803846886,-1.4091931430791398,-2.312239547965415,0.47123889803846886,-1.504651091561017,0.5235987755982987
1275,1787224307.262032,1.9465197839672905,0.47123889803846886,-1.3968366995955002,-2.3276237777448405,0.47123889803846886,-1.508426563997838,0.5235987755982987
1276,1787224307.310179,1.997188459784291,0.47123889803846886,-1.3878994321949378,-2.337623527101467,0.47123889803846886,-1.5105516243470791,0.5235987755982987
1277,1787224307.3538358,2.024464012506,0.47123889803846886,-1.379354689120489,-2.3441233641832744,0.47123889803846886,-1.5116552502717215,0.5235987755982987
1278,1787224307.395278,2.0099643670643843,0.47123889803846886,-1.3735752614622732,-2.3314919776937044,0.47123889803846886,-1.510891301304288,0.5235987755982987
1279,1787224307.4416053,2.000809976593027,0.47123889803846886,-1.3745597856212959,-2.312742371025616,0.47123889803846886,-1.50795423548242,0.5235987755982987
1280,1787224307.4848826,2.0038057310462296,0.47123889803846886,-1.3792632581203832,-2.299517205104164,0.47123889803846886,-1.503509391484063,0.5235987755982987
1281,1787224307.5313249,2.007486436070898,0.47123889803846886,-1.3861102108552303,-2.2899881986088615,0.47123889803846886,-1.49783445664323,0.5235987755982987
1282,1787224307.585005,2.0192777596817812,0.47123889803846886,-1.3954586543177343,-2.2918751109449422,0.47123889803846886,-1.492809996547294,0.5235987755982987
1283,1787224307.632594,2.029664066016546,0.47123889803846886,-1.4037361685806304,-2.2998806722273994,0.47123889803846886,-1.493155771658125,0.5235987755982987
1284,1787224307.6771824,2.0599520032854453,0.47123889803846886,-1.4129707805723495,-2.3104274372702056,0.47123889803846886,-1.484981439363505,0.5235987755982987
1285,1787224307.718559,2.0855787417260716,0.47123889803846886,-1.4209898112805837,-2.311267569446571,0.47123889803846886,-1.4835748417677264,0.5235987755982987
1286,1787224307.7604997,2.103485362851298,0.47123889803846886,-1.4299830399398927,-2.317555545345581,0.47123889803846886,-1.4854609959638216,0.5235987755982987
1287,1787224307.8021636,2.1019168945513647,0.47123889803846886,-1.4370988433372085,-2.3205141084185525,0.47123889803846886,-1.4878816403239092,0.5235987755982987
1288,1787224307.8481236,2.1048769680924435,0.47123889803846886,-1.442133828745097,-2.3181411548954536,0.47123889803846886,-1.4883471165542481,0.5235987755982987
1289,1787224307.8985004,2.1125915429971314,0.47123889803846886,-1.445614968096186,-2.3005228870061023,0.47123889803846886,-1.4918895117765523,0.5235987755982987
1290,1787224307.9423332,2.1141604106928713,0.47123889803846886,-1.45089086642139,-2.291036712913639,0.47123889803846886,-1.4971129649514305,0.5235987755982987
1291,1787224307.9860377,2.124109238126673,0.47123889803846886,-1.4523458127325632,-2.295930490586925,0.47123889803846886,-1.496029238437867,0.5235987755982987
1292,1787224308.0300667,2.126028695699511,0.47123889803846886,-1.446347384907901,-2.305555979618425,0.47123889803846886,-1.4892126858558257,0.5235987755982987
1293,1787224308.0741217,2.1578018576653566,0.47123889803846886,-1.4205198094520968,-2.296656411071833,0.47123889803846886,-1.4660773461232,0.5235987755982987
1294,1787224308.1185822,2.199632819698224,0.47123889803846886,-1.379861085895017,-2.2621910490792763,0.47123889803846886,-1.4345206829552253,0.5235987755982987
1295,1787224308.1661966,2.1910540315696077,0.47123889803846886,-1.3302102655646548,-2.2616119473863163,0.47123889803846886,-1.393171852272091,0.5235987755982987
1296,1787224308.2138608,2.187015951400555,0.47123889803846886,-1.274586510797614,-2.2250078161961167,0.47123889803846886,-1.3274786550639248,0.5235987755982987
1297,1787224308.260108,2.2462284399776813,0.47123889803846886,-1.2141874449692431,-2.1570534063388007,0.47123889803846886,-1.244362557592917,0.5235987755982987
1298,1787224308.3028855,2.207041351680868,0.47123889803846886,-1.1437878092740346,-2.050357353407565,0.47123889803846886,-1.1409003384388166,0.5235987755982987
1299,1787224308.3506744,2.1021276604428785,0.47123889803846886,-1.0656422402280699,-1.9337671645862862,0.47123889803846886,-1.0372500416229327,0.5235987755982987
1300,1787224308.3940349,2.031476573390217,0.47123889803846886,-0.972400385205348,-1.9451981984474147,0.47123889803846886,-0.8835907088317996,0.5235987755982987
1301,1787224308.4370072,1.9945590813701357,0.47123889803846886,-0.8940227781350044,-1.992382592918905,0.47123889803846886,-0.747659568364038,0.5235987755982987
1302,1787224308.483049,2.010436631109368,0.47123889803846886,-0.8299803937421113,-2.0599761643313306,0.47123889803846886,-0.6460577876718524,0.5235987755982987
1303,1787224308.529041,2.0345382930447977,0.47123889803846886,-0.7787570034369328,-2.117512655541746,0.47123889803846886,-0.5680932968621273,0.5235987755982987
1304,1787224308.5746992,2.0382388306420656,0.47123889803846886,-0.7402822571270318,-2.124779671204867,0.47123889803846886,-0.5148891349438993,0.5235987755982987
1305,1787224308.6171126,2.0475967828632275,0.47123889803846886,-0.7137177021639168,-2.132306121583028,0.47123889803846886,-0.48026414873863743,0.5235987755982987
1306,1787224308.6676385,2.0473462526546684,0.47123889803846886,-0.6977644305952685,-2.137381578311845,0.47123889803846886,-0.4593349284587439,0.5235987755982987
1307,1787224308.7188034,2.0516188097793,0.47123889803846886,-0.686523680253932,-2.172887899659761,0.47123889803846886,-0.4430801633038118,0.5235987755982987
1308,1787224308.7629654,2.0673368261895275,0.47123889803846886,-0.6805212320959189,-2.1676251105386575,0.47123889803846886,-0.4293760500510202,0.5235987755982987
1309,1787224308.803982,2.0741980176320864,0.47123889803846886,-0.6800949107407438,-2.147522810143144,0.47123889803846886,-0.4191477001456211,0.5235987755982987
1310,1787224308.8470728,2.0666517755915526,0.47123889803846886,-0.6810393358218488,-2.150978210643972,0.47123889803846886,-0.41363850568510485,0.5235987755982987
1311,1787224308.8892827,2.0612260355384384,0.47123889803846886,-0.6810804699411692,-2.1551063794012135,0.47123889803846886,-0.4117203406036547,0.5235987755982987
1312,1787224308.9307592,2.0561061854167986,0.47123889803846886,-0.6804574512222012,-2.1439120033793704,0.47123889803846886,-0.4125692768304601,0.5235987755982987
1313,1787224308.9726217,2.0491318875455837,0.47123889803846886,-0.6828807218149568,-2.135259817654403,0.47123889803846886,-0.4154350079193587,0.5235987755982987
1314,1787224309.0206845,2.046850685769505,0.47123889803846886,-0.687759023723201,-2.1374200593765247,0.47123889803846886,-0.41991722939898035,0.5235987755982987
1315,1787224309.0674906,2.051040007700763,0.47123889803846886,-0.6963140932842674,-2.143129797219152,0.47123889803846886,-0.42587348070901454,0.5235987755982987
1316,1787224309.1090672,2.054170540254774,0.47123889803846886,-0.711855402542072,-2.1470655215254446,0.47123889803846886,-0.43107894190730967,0.5235987755982987
1317,1787224309.1561563,2.059793600745155,0.47123889803846886,-0.7257699759202814,-2.1507429622037577,0.47123889803846886,-0.43721099442819233,0.5235987755982987
1318,1787224309.1991527,2.0647495959965454,0.47123889803846886,-0.7370764321330349,-2.1552722986391513,0.47123889803846886,-0.44295830240430767,0.5235987755982987
1319,1787224309.243146,2.069722912911261,0.47123889803846886,-0.7470213500582642,-2.1627762321775377,0.47123889803846886,-0.44799381114790215,0.5235987755982987
1320,1787224309.2926908,2.070436552168087,0.47123889803846886,-0.7552098405892494,-2.167179027687133,0.47123889803846886,-0.4533690566876267,0.5235987755982987
1321,1787224309.339255,2.066797416618979,0.47123889803846886,-0.7621883058953058,-2.152906697095768,0.47123889803846886,-0.45825090493520215,0.5235987755982987
1322,1787224309.382226,2.063329818933692,0.47123889803846886,-0.7699995949540921,-2.144094044933274,0.47123889803846886,-0.46208835168171036,0.5235987755982987
1323,1787224309.42753,2.062174574898967,0.47123889803846886,-0.7783590747806697,-2.141364011865047,0.47123889803846886,-0.46502638470591834,0.5235987755982987
1324,1787224309.471769,2.044675245259104,0.47123889803846886,-0.7865965549787878,-2.138741134738381,0.47123889803846886,-0.4683892599086683,0.5235987755982987
1325,1787224309.5134132,2.038304916087788,0.47123889803846886,-0.7940940174681436,-2.138431054046505,0.47123889803846886,-0.47156458610734153,0.5235987755982987
1326,1787224309.5547814,2.035370796573571,0.47123889803846886,-0.8027285061668787,-2.1394314053452437,0.47123889803846886,-0.474270562998409,0.5235987755982987
1327,1787224309.5992846,2.0300250278064866,0.47123889803846886,-0.813648936552617,-2.1331469624940804,0.47123889803846886,-0.47779242336438665,0.5235987755982987
1328,1787224309.6393259,2.0186348160466876,0.47123889803846886,-0.8230192134913294,-2.1363876764088072,0.47123889803846886,-0.4806017375155522,0.5235987755982987
1329,1787224309.6797197,1.998686228041478,0.47123889803846886,-0.8318661721712473,-2.146071198423382,0.47123889803846886,-0.48391475979392223,0.5235987755982987
1330,1787224309.722773,1.9800149963138487,0.47123889803846886,-0.8402769667409,-2.180773362536982,0.47123889803846886,-0.48781574629163466,0.5235987755982987
1331,1787224309.7671487,1.9832893915324181,0.47123889803846886,-0.8501716167559243,-2.206009622123582,0.47123889803846886,-0.4925174953380431,0.5235987755982987
1332,1787224309.8118088,1.9769792991323207,0.47123889803846886,-0.8606552465788478,-2.227514824419492,0.47123889803846886,-0.49897694684570215,0.5235987755982987
1333,1787224309.8551404,1.96920272841544,0.47123889803846886,-0.8740262074172249,-2.2598033259889845,0.47123889803846886,-0.5047565713763591,0.5235987755982987
1334,1787224309.9021757,1.969394961133054,0.47123889803846886,-0.8916156370762625,-2.2935402334601607,0.47123889803846886,-0.5088549977505277,0.5235987755982987
1335,1787224309.947486,1.9002583307547836,0.47123889803846886,-0.912511165811793,-2.315469223316425,0.47123889803846886,-0.5163870472587793,0.5235987755982987
1336,1787224309.995361,1.9003061019008642,0.47123889803846886,-0.9560934828574748,-2.3297230667229973,0.47123889803846886,-0.5415328498671146,0.5235987755982987
1337,1787224310.0368147,1.8858895125331263,0.47123889803846886,-1.0026146840356949,-2.328088408619406,0.47123889803846886,-0.5817956040757691,0.5235987755982987
1338,1787224310.0835266,1.9602532064046048,0.47123889803846886,-1.0449010544397257,-2.3379255371699346,0.47123889803846886,-0.6360311499251826,0.5235987755982987
1339,1787224310.1397452,1.915703224807281,0.47123889803846886,-1.100157604771407,-2.3443196707277782,0.47123889803846886,-0.7073664627644044,0.5235987755982987
1340,1787224310.1823213,1.9749578783124062,0.47123889803846886,-1.1563676680452575,-2.3484758575403766,0.47123889803846886,-0.7821964246962265,0.5235987755982987
1341,1787224310.2242606,2.0777304506604732,0.47123889803846886,-1.2281464635150687,-2.3511773789685657,0.47123889803846886,-0.8563636788393743,0.5235987755982987
1342,1787224310.2682846,1.9755411532913532,0.47123889803846886,-1.2903655873781783,-2.3529333678968882,0.47123889803846886,-0.9259914457069731,0.5235987755982987
1343,1787224310.3157747,1.9864105922865685,0.47123889803846886,-1.3334629106015492,-2.354074760700298,0.47123889803846886,-0.991170677006785,0.5235987755982987
1344,1787224310.3600848,2.0388474185982046,0.47123889803846886,-1.3723630134393257,-2.3548166660225145,0.47123889803846886,-1.0430542694151719,0.5235987755982987
1345,1787224310.402698,2.1005206300539747,0.47123889803846886,-1.399408250326891,-2.3552989044819554,0.47123889803846886,-1.082149373087241,0.5235987755982987
1346,1787224310.452542,2.127268925560937,0.47123889803846886,-1.4190604925762536,-2.3556123594805918,0.47123889803846886,-1.115029616255245,0.5235987755982987
1347,1787224310.5007572,2.1451061789062225,0.47123889803846886,-1.439245398669672,-2.3558161052297053,0.47123889803846886,-1.1410734632453365,0.5235987755982987
1348,1787224310.5447605,2.170748145752556,0.47123889803846886,-1.4533305993636412,-2.3559485399666293,0.47123889803846886,-1.164695820018658,0.5235987755982987
1349,1787224310.5870066,2.197864819370138,0.47123889803846886,-1.4633949698144402,-2.35603462254563,0.47123889803846886,-1.1906751701856928,0.5235987755982987
1350,1787224310.635703,2.208865526145451,0.47123889803846886,-1.475353829012731,-2.3560905762219804,0.47123889803846886,-1.2182855996724886,0.5235987755982987
1351,1787224310.6876729,2.22940548203746,0.47123889803846886,-1.4896765837808825,-2.356126946111608,0.47123889803846886,-1.2479034451384894,0.5235987755982987
1352,1787224310.732589,2.248685862289003,0.47123889803846886,-1.5078477090384266,-2.356150586539866,0.47123889803846886,-1.2725934478964787,0.5235987755982987
1353,1787224310.776114,2.258597865141943,0.47123889803846886,-1.5269003056357413,-2.356165952818234,0.47123889803846886,-1.295688550584289,0.5235987755982987
1354,1787224310.8216176,2.273176087876108,0.47123889803846886,-1.5362538090613282,-2.3561759408991727,0.47123889803846886,-1.316040396751324,0.5235987755982987
1355,1787224310.8667138,2.3022325286867913,0.47123889803846886,-1.5450431793242925,-2.3561824331517833,0.47123889803846886,-1.339913429499669,0.5235987755982987
1356,1787224310.9151409,2.321119215213735,0.47123889803846886,-1.5375905097923686,-2.35618665311598,0.47123889803846886,-1.366227205324623,0.5235987755982987
1357,1787224310.9611828,2.3314006103960723,0.47123889803846886,-1.5276041460415062,-2.3561893960927076,0.47123889803846886,-1.3866262436891101,0.5235987755982987
1358,1787224311.0022836,2.3400784683247675,0.47123889803846886,-1.5212623629228992,-2.3561911790275807,0.47123889803846886,-1.4026611154401958,0.5235987755982987
1359,1787224311.0440261,2.3433899079309395,0.47123889803846886,-1.5184927109499304,-2.3561923379352483,0.47123889803846886,-1.4127334322986353,0.5235987755982987
1360,1787224311.0852785,2.3454911201675266,0.47123889803846886,-1.5154600055496974,-2.356193091225232,0.47123889803846886,-1.4222580561816507,0.5235987755982987
1361,1787224311.134016,2.3292070903630453,0.47123889803846886,-1.510110505272554,-2.3561935808637218,0.47123889803846886,-1.4284710321363367,0.5235987755982987
1362,1787224311.1780698,2.3386526803033,0.47123889803846886,-1.5080870403438638,-2.3561938991287397,0.47123889803846886,-1.433870396761121,0.5235987755982987
1363,1787224311.2239254,2.344792313764466,0.47123889803846886,-1.5058368768918808,-2.356194106001001,0.47123889803846886,-1.4382504253825092,0.5235987755982987
1364,1787224311.2720563,2.3487830755142234,0.47123889803846886,-1.507280856186424,-2.356194240467971,0.47123889803846886,-1.445642382668538,0.5235987755982987
1365,1787224311.3185415,2.3513770706515658,0.47123889803846886,-1.5085286460710532,-2.356194327871502,0.47123889803846886,-1.4511593319697114,0.5235987755982987
1366,1787224311.370904,2.3530631674908387,0.47123889803846886,-1.508948756587456,-2.356194384683797,0.47123889803846886,-1.4543506411760752,0.5235987755982987
1367,1787224311.4122689,2.354159130436366,0.47123889803846886,-1.5081794740725623,-2.356194421611789,0.47123889803846886,-1.4555941622055122,0.5235987755982987
1368,1787224311.4608653,2.3548715063509587,0.47123889803846886,-1.5085014684789373,-2.3561944456149835,0.47123889803846886,-1.4579238368153258,0.5235987755982987
1369,1787224311.5043495,2.355334550695444,0.47123889803846886,-1.510814663511007,-2.35619446121706,0.47123889803846886,-1.4604404079515727,0.5235987755982987
1370,1787224311.545409,2.3556355295193594,0.47123889803846886,-1.5158822715880498,-2.3561944713584095,0.47123889803846886,-1.4614624433286778,0.5235987755982987
1371,1787224311.589972,2.3558311657549043,0.47123889803846886,-1.520031999428522,-2.356194477950287,0.47123889803846886,-1.4608194724801746,0.5235987755982987
1372,1787224311.634451,2.3559583293080086,0.47123889803846886,-1.5336156011901734,-2.356194482235007,0.47123889803846886,-1.460179176922753,0.5235987755982987
1373,1787224311.677425,2.3560409856175264,0.47123889803846886,-1.5455086039995694,-2.356194485020075,0.47123889803846886,-1.4579028829049008,0.5235987755982987
1374,1787224311.7272193,2.356094712218713,0.47123889803846886,-1.5538109593906828,-2.3561944868303693,0.47123889803846886,-1.4539916510581254,0.5235987755982987
1375,1787224311.7796698,2.356129634509484,0.47123889803846886,-1.5516294999534463,-2.356194488007061,0.47123889803846886,-1.4491763307322736,0.5235987755982987
1376,1787224311.822291,2.3561523339984856,0.47123889803846886,-1.5487433510893451,-2.3561944887719104,0.47123889803846886,-1.444908943919798,0.5235987755982987
1377,1787224311.8641584,2.3561670886663366,0.47123889803846886,-1.5480867331722814,-2.3561944892690625,0.47123889803846886,-1.44105910819573,0.5235987755982987
1378,1787224311.911784,2.3561766792004395,0.47123889803846886,-1.5490845930055146,-2.3561944895922116,0.47123889803846886,-1.438084971839306,0.5235987755982987
1379,1787224311.9579806,2.3561829130476064,0.47123889803846886,-1.5515686158021675,-2.356194489802258,0.47123889803846886,-1.4361251973766915,0.5235987755982987
1380,1787224312.000133,2.356186965048265,0.47123889803846886,-1.5545313812499546,-2.3561944899387885,0.47123889803846886,-1.4339966155292383,0.5235987755982987
1381,1787224312.0472157,2.356189598848693,0.47123889803846886,-1.5536347164865818,-2.3561944900275336,0.47123889803846886,-1.4318952976922499,0.5235987755982987
1382,1787224312.0902467,2.3534494073091343,0.47123889803846886,-1.5481188333964582,-2.3561944900852176,0.47123889803846886,-1.429703895412965,0.5235987755982987
1383,1787224312.131655,2.3504559220839973,0.47123889803846886,-1.5446451512634551,-2.3561944901227125,0.47123889803846886,-1.4279790961616912,0.5235987755982987
1384,1787224312.1736224,2.352464420921919,0.47123889803846886,-1.5402842127779794,-2.356194490147084,0.47123889803846886,-1.42750840264787,0.5235987755982987
1385,1787224312.2145813,2.3517560195602676,0.47123889803846886,-1.534584949822296,-2.3561944901629257,0.47123889803846886,-1.4280862085700416,0.5235987755982987
1386,1787224312.2569392,2.353309484281495,0.47123889803846886,-1.5300807818398663,-2.3561944901732224,0.47123889803846886,-1.4278604931716545,0.5235987755982987
1387,1787224312.3012297,2.3543192363502925,0.47123889803846886,-1.5252002185085318,-2.3561944901799152,0.47123889803846886,-1.4267709554721508,0.5235987755982987
1388,1787224312.3531291,2.3549755751950108,0.47123889803846886,-1.5210013918754965,-2.356194490184266,0.47123889803846886,-1.4241587546089738,0.5235987755982987
1389,1787224312.398178,2.3516745000185124,0.47123889803846886,-1.5207190692015207,-2.356194490187094,0.47123889803846886,-1.4162220965420533,0.5235987755982987
1390,1787224312.4402354,2.336103678571195,0.47123889803846886,-1.5265843172912636,-2.3561944901889316,0.47123889803846886,-1.4032436167593132,0.5235987755982987
1391,1787224312.4841735,2.300102549693894,0.47123889803846886,-1.5346598327197627,-2.356194490190126,0.47123889803846886,-1.3896269977294977,0.5235987755982987
1392,1787224312.5254085,2.257946374070244,0.47123889803846886,-1.5353622116536776,-2.3561944901909024,0.47123889803846886,-1.374754743728836,0.5235987755982987
1393,1787224312.5689054,2.2142219184792564,0.47123889803846886,-1.5302003027578186,-2.3561944901914074,0.47123889803846886,-1.3617972251745367,0.5235987755982987
1394,1787224312.6107192,2.1878987509394676,0.47123889803846886,-1.5373741707201598,-2.3561944901917355,0.47123889803846886,-1.3554055971886703,0.5235987755982987
1395,1787224312.65334,2.1503602369845862,0.47123889803846886,-1.5451905114563056,-2.3561944901919487,0.47123889803846886,-1.3575826010329535,0.5235987755982987
1396,1787224312.704222,2.1189430283619117,0.47123889803846886,-1.5526590728229102,-2.3561944901920873,0.47123889803846886,-1.371216481843035,0.5235987755982987
1397,1787224312.7481482,2.0774558405174783,0.47123889803846886,-1.5530459993241326,-2.3561944901921774,0.47123889803846886,-1.394302246623505,0.5235987755982987
1398,1787224312.7944472,2.044170448852648,0.47123889803846886,-1.5452833128532544,-2.356194490192236,0.47123889803846886,-1.413765102128638,0.5235987755982987
1399,1787224312.835538,2.0153595154960784,0.47123889803846886,-1.536548328746361,-2.3561944901922742,0.47123889803846886,-1.428343248161292,0.5235987755982987
1400,1787224312.8759816,1.99030186908031,0.47123889803846886,-1.5288304789830063,-2.356194490192299,0.47123889803846886,-1.4324005759077263,0.5235987755982987
1401,1787224312.9200373,1.9594173824522876,0.47123889803846886,-1.521565515450626,-2.356194490192315,0.47123889803846886,-1.4360808802301035,0.5235987755982987
1402,1787224312.9676948,1.9447660312519983,0.47123889803846886,-1.5151078949736303,-2.3561944901923253,0.47123889803846886,-1.4370267290009235,0.5235987755982987
1403,1787224313.013062,1.9360726738004286,0.47123889803846886,-1.5102289100354462,-2.3561944901923324,0.47123889803846886,-1.4368992892768755,0.5235987755982987
1404,1787224313.056023,1.9371643136194718,0.47123889803846886,-1.5067135019777704,-2.3499959233056487,0.47123889803846886,-1.4363681844954768,0.5235987755982987
1405,1787224313.1007738,1.9419588183234548,0.47123889803846886,-1.5050560724616369,-2.3130236400598325,0.47123889803846886,-1.4351165474899776,0.5235987755982987
1406,1787224313.1436007,1.9525528986155838,0.47123889803846886,-1.505830651947941,-2.2887861643251473,0.47123889803846886,-1.4322718029200234,0.5235987755982987
1407,1787224313.1853118,1.9704035083862264,0.47123889803846886,-1.508930385867835,-2.2523623074209285,0.47123889803846886,-1.4286496255810737,0.5235987755982987
1408,1787224313.2311497,2.00077140004527,0.47123889803846886,-1.5116392678763289,-2.242914057503926,0.47123889803846886,-1.4247961970315477,0.5235987755982987
1409,1787224313.2799325,2.0398243070774393,0.47123889803846886,-1.5109361714143652,-2.204275885566147,0.47123889803846886,-1.4212740113676334,0.5235987755982987
1410,1787224313.3230686,2.0943886622704038,0.47123889803846886,-1.5113900757970402,-2.1602341867243817,0.47123889803846886,-1.4171449284400994,0.5235987755982987
1411,1787224313.3636255,2.137810170002322,0.47123889803846886,-1.5108397424933395,-2.1094138772105673,0.47123889803846886,-1.415858663097405,0.5235987755982987
1412,1787224313.4069698,2.1784864143514904,0.47123889803846886,-1.5075221215711196,-2.0818749108891903,0.47123889803846886,-1.4192645644676096,0.5235987755982987
1413,1787224313.4480197,2.2198128990600594,0.47123889803846886,-1.5057571265042213,-2.085767070590874,0.47123889803846886,-1.425301073733472,0.5235987755982987
1414,1787224313.4926023,2.2420967837122268,0.47123889803846886,-1.505001330977833,-2.0911915673725154,0.47123889803846886,-1.43299331102684,0.5235987755982987
1415,1787224313.5364594,2.260182640225708,0.47123889803846886,-1.5038111235703138,-2.127403551195135,0.47123889803846886,-1.441237424389818,0.5235987755982987
1416,1787224313.5774717,2.255864684361163,0.47123889803846886,-1.5006503757385248,-2.1620933832994154,0.47123889803846886,-1.4480568345704523,0.5235987755982987
1417,1787224313.6246378,2.273962410266444,0.47123889803846886,-1.4954536527257525,-2.192314865217485,0.47123889803846886,-1.4526817014077977,0.5235987755982987
1418,1787224313.6657035,2.2827633765851454,0.47123889803846886,-1.492891082460036,-2.2215872777789705,0.47123889803846886,-1.4533911637947927,0.5235987755982987
1419,1787224313.7091699,2.304787829444478,0.47123889803846886,-1.4891111536536739,-2.2363310800553386,0.47123889803846886,-1.453665018958814,0.5235987755982987
1420,1787224313.7520604,2.3210950238702575,0.47123889803846886,-1.4846390841130064,-2.237978956171795,0.47123889803846886,-1.45202685873623,0.5235987755982987
1421,1787224313.7938828,2.3242478874587715,0.47123889803846886,-1.4786064255989908,-2.2451802350264654,0.47123889803846886,-1.448984792471804,0.5235987755982987
1422,1787224313.8367467,2.335429198415522,0.47123889803846886,-1.4736856918166117,-2.260403388891079,0.47123889803846886,-1.4459229955712343,0.5235987755982987
1423,1787224313.8802907,2.3410510133663935,0.47123889803846886,-1.4711214522246268,-2.2644293312253407,0.47123889803846886,-1.444923156365888,0.5235987755982987
1424,1787224313.923699,2.323820170262228,0.47123889803846886,-1.4692346034331278,-2.247834992234101,0.47123889803846886,-1.442526625995866,0.5235987755982987
1425,1787224313.9756308,2.271646010970311,0.47123889803846886,-1.4703526676155847,-2.19576958520224,0.47123889803846886,-1.443252208572665,0.5235987755982987
1426,1787224314.0196495,2.2323847321884083,0.47123889803846886,-1.4752433179098636,-2.152343332085029,0.47123889803846886,-1.4445821927067644,0.5235987755982987
1427,1787224314.0603251,2.2093507584512064,0.47123889803846886,-1.4850423661901502,-2.1464024497151755,0.47123889803846886,-1.449581241298603,0.5235987755982987
1428,1787224314.1007423,2.1966147491279893,0.47123889803846886,-1.4939415006756027,-2.141102442755638,0.47123889803846886,-1.4566511087155454,0.5235987755982987
1429,1787224314.1424572,2.204337958387988,0.47123889803846886,-1.5042154473811626,-2.1374098238060872,0.47123889803846886,-1.4661574721775947,0.5235987755982987
1430,1787224314.1860864,2.2220062305711243,0.47123889803846886,-1.5124613020659257,-2.146921501462655,0.47123889803846886,-1.4759691845909684,0.5235987755982987
1431,1787224314.2290518,2.231691921028391,0.47123889803846886,-1.5170911275281025,-2.172893632620294,0.47123889803846886,-1.4843793793601199,0.5235987755982987
1432,1787224314.2760239,2.228418673132694,0.47123889803846886,-1.5161592179476828,-2.188300817845584,0.47123889803846886,-1.4931475210908123,0.5235987755982987
1433,1787224314.3215547,2.2239388018944304,0.47123889803846886,-1.513704102552647,-2.1954260647899915,0.47123889803846886,-1.5015040571720326,0.5235987755982987
1434,1787224314.3650908,2.2255781306665217,0.47123889803846886,-1.5095675218320195,-2.2035114776239353,0.47123889803846886,-1.5099591775049235,0.5235987755982987
1435,1787224314.4165769,2.225618622304146,0.47123889803846886,-1.5062360935703414,-2.219450649388607,0.47123889803846886,-1.5185908733318194,0.5235987755982987
1436,1787224314.461875,2.2149138413724643,0.47123889803846886,-1.5026485053164178,-2.22294759186987,0.47123889803846886,-1.5257983034018205,0.5235987755982987
1437,1787224314.5067623,2.2150509542291217,0.47123889803846886,-1.499835830698622,-2.2409977166589075,0.47123889803846886,-1.5312410382379449,0.5235987755982987
1438,1787224314.5493555,2.222791419900688,0.47123889803846886,-1.4942210360834167,-2.2574263451273615,0.47123889803846886,-1.535284137195712,0.5235987755982987
1439,1787224314.5923357,2.2245207707309054,0.47123889803846886,-1.4903896389454352,-2.268574778063047,0.47123889803846886,-1.5344290544252583,0.5235987755982987
1440,1787224314.634052,2.229775109272982,0.47123889803846886,-1.4869389364390413,-2.282686428969362,0.47123889803846886,-1.530883305987166,0.5235987755982987
1441,1787224314.6857245,2.2688258880849452,0.47123889803846886,-1.484076231702593,-2.2927438048717423,0.47123889803846886,-1.5261971908212422,0.5235987755982987
1442,1787224314.731194,2.2912042254566947,0.47123889803846886,-1.478880608973967,-2.305137301641178,0.47123889803846886,-1.5185090023037966,0.5235987755982987
1443,1787224314.774118,2.304354121038184,0.47123889803846886,-1.473162199705286,-2.3163775579365584,0.47123889803846886,-1.5092100425342458,0.5235987755982987
1444,1787224314.8159106,2.321118073099115,0.47123889803846886,-1.4677599916440474,-2.3184042346936464,0.47123889803846886,-1.4984360040451064,0.5235987755982987
1445,1787224314.8573656,2.3333948190817457,0.47123889803846886,-1.4590264950355911,-2.331630824118191,0.47123889803846886,-1.4889113419414346,0.5235987755982987
1446,1787224314.9017544,2.3413747039704553,0.47123889803846886,-1.4518744441079443,-2.340228107244145,0.47123889803846886,-1.4790458917184084,0.5235987755982987
1447,1787224314.945656,2.3324385923629922,0.47123889803846886,-1.4427443641639308,-2.3458163412760147,0.47123889803846886,-1.468567117970716,0.5235987755982987
1448,1787224314.9919395,2.3208883762531407,0.47123889803846886,-1.4351156660538267,-2.34944869339673,0.47123889803846886,-1.4583358604187922,0.5235987755982987
1449,1787224315.0353808,2.293668564484774,0.47123889803846886,-1.425948130209305,-2.3518097222751955,0.47123889803846886,-1.4505669104501504,0.5235987755982987
1450,1787224315.0783472,2.2526798959030145,0.47123889803846886,-1.4212792773916076,-2.353344391046198,0.47123889803846886,-1.4462650670982318,0.5235987755982987
1451,1787224315.1208787,2.2179259754503398,0.47123889803846886,-1.4194304051964737,-2.3543419257473497,0.47123889803846886,-1.4438598385407095,0.5235987755982987
1452,1787224315.1658509,2.193700358827269,0.47123889803846886,-1.4192654842076395,-2.354990323303098,0.47123889803846886,-1.442104787994688,0.5235987755982987
1453,1787224315.2187085,2.1801687909597742,0.47123889803846886,-1.4180959974658642,-2.349108383940594,0.47123889803846886,-1.442105502974322,0.5235987755982987
1454,1787224315.263033,2.169332928392313,0.47123889803846886,-1.4154125626490137,-2.351588521128707,0.47123889803846886,-1.4438517941733426,0.5235987755982987
1455,1787224315.307588,2.1645375883211457,0.47123889803846886,-1.4128402030183271,-2.35320061030098,0.47123889803846886,-1.4459204554407001,0.5235987755982987
1456,1787224315.3533263,2.169388641287092,0.47123889803846886,-1.4081555731833437,-2.354248468262958,0.47123889803846886,-1.447013076166318,0.5235987755982987
1457,1787224315.3969073,2.173360999741743,0.47123889803846886,-1.402193216356493,-2.354929575938243,0.47123889803846886,-1.4474506760310801,0.5235987755982987
1458,1787224315.445636,2.17996430256259,0.47123889803846886,-1.395440502997863,-2.355372295927179,0.47123889803846886,-1.4473238690173922,0.5235987755982987
1459,1787224315.4910688,2.1853608291770996,0.47123889803846886,-1.3897164392267427,-2.355660063919987,0.47123889803846886,-1.4470182805362208,0.5235987755982987
1460,1787224315.5335972,2.1933494759941246,0.47123889803846886,-1.385546154401456,-2.3558471131153125,0.47123889803846886,-1.446492536587054,0.5235987755982987
1461,1787224315.5762656,2.1966352525443713,0.47123889803846886,-1.3823705461479145,-2.355968695092274,0.47123889803846886,-1.4461179235200876,0.5235987755982987
1462,1787224315.6176822,2.187315792065946,0.47123889803846886,-1.381275153322298,-2.3560477233772987,0.47123889803846886,-1.4466232888707786,0.5235987755982987
1463,1787224315.6653714,2.1759896068067515,0.47123889803846886,-1.380894195882,-2.356099091762565,0.47123889803846886,-1.4478680626575826,0.5235987755982987
1464,1787224315.7064257,2.1717853087590377,0.47123889803846886,-1.3820013365049082,-2.3561324812129882,0.47123889803846886,-1.448635301653622,0.5235987755982987
1465,1787224315.7556446,2.1760615042853297,0.47123889803846886,-1.3833363437038315,-2.356154184355763,0.47123889803846886,-1.4492520585135424,0.5235987755982987
1466,1787224315.8021705,2.1855133310519577,0.47123889803846886,-1.3858620242224158,-2.356168291398567,0.47123889803846886,-1.4494798190685687,0.5235987755982987
1467,1787224315.8484662,2.1885211458738856,0.47123889803846886,-1.3886056334412173,-2.3561774609763892,0.47123889803846886,-1.4490330994498182,0.5235987755982987
1468,1787224315.8933115,2.1871848523357786,0.47123889803846886,-1.3921007551792144,-2.3561834212019734,0.47123889803846886,-1.4482025805237466,0.5235987755982987
1469,1787224315.9399865,2.185845938212964,0.47123889803846886,-1.395157553182084,-2.3561872953486036,0.47123889803846886,-1.4479222543031118,0.5235987755982987
1470,1787224315.98156,2.18544456297853,0.47123889803846886,-1.3979160478213701,-2.3561898135439128,0.47123889803846886,-1.4477246912879602,0.5235987755982987
1471,1787224316.0243204,2.191030496862026,0.47123889803846886,-1.399663837303456,-2.356191450370864,0.47123889803846886,-1.447393415595982,0.5235987755982987
1472,1787224316.0680404,2.193187363441896,0.47123889803846886,-1.4008332243220314,-2.3561925143083826,0.47123889803846886,-1.447052941046409,0.5235987755982987
1473,1787224316.1172936,2.1966071917320322,0.47123889803846886,-1.4015739989497233,-2.3561932058677693,0.47123889803846886,-1.4467710688559856,0.5235987755982987
1474,1787224316.1611202,2.198004098326222,0.47123889803846886,-1.4017516170060422,-2.3561936553813707,0.47123889803846886,-1.4465780925654135,0.5235987755982987
1475,1787224316.2061453,2.2007281976123236,0.47123889803846886,-1.4012264082088202,-2.3561939475652114,0.47123889803846886,-1.4465734156101742,0.5235987755982987
1476,1787224316.2504458,2.1960090624173216,0.47123889803846886,-1.400814179692687,-2.3561941374847084,0.47123889803846886,-1.4464903791351333,0.5235987755982987
1477,1787224316.2931824,2.1920483922040663,0.47123889803846886,-1.4007533288369478,-2.356194260932381,0.47123889803846886,-1.4464603722359695,0.5235987755982987
1478,1787224316.3369682,2.187005098683343,0.47123889803846886,-1.40110715403581,-2.356194341173368,0.47123889803846886,-1.4464036631171244,0.5235987755982987
1479,1787224316.3826287,2.18530818049821,0.47123889803846886,-1.4015579583194082,-2.35619439333001,0.47123889803846886,-1.4463665560685515,0.5235987755982987
1480,1787224316.423839,2.1864150166999092,0.47123889803846886,-1.401906866179508,-2.356194427231827,0.47123889803846886,-1.446293561914887,0.5235987755982987
1481,1787224316.4690704,2.186651661532293,0.47123889803846886,-1.4019024835734055,-2.3561944492680085,0.47123889803846886,-1.4459587649578192,0.5235987755982987
1482,1787224316.5132904,2.21534104684078,0.47123889803846886,-1.3992999320614468,-2.3561944635915264,0.47123889803846886,-1.4460005284388937,0.5235987755982987
1483,1787224316.5576882,2.243093577472712,0.47123889803846886,-1.3996049712983818,-2.356194472901813,0.47123889803846886,-1.4474209221399348,0.5235987755982987
1484,1787224316.6006145,2.2747523434269636,0.47123889803846886,-1.4003419676656053,-2.3561944789534994,0.47123889803846886,-1.448495359876507,0.5235987755982987
1485,1787224316.6424658,2.303257094794847,0.47123889803846886,-1.401744870102116,-2.356194482887095,0.47123889803846886,-1.449421178558656,0.5235987755982987
1486,1787224316.685793,2.3217851831839713,0.47123889803846886,-1.4044164678984916,-2.3561944854439325,0.47123889803846886,-1.4517509904472188,0.5235987755982987
1487,1787224316.7350008,2.333828440636902,0.47123889803846886,-1.410025997450112,-2.356194487105877,0.47123889803846886,-1.4573995701587243,0.5235987755982987
1488,1787224316.7957928,2.341656557981307,0.47123889803846886,-1.421435889468909,-2.3561944881861407,0.47123889803846886,-1.4664848168868532,0.5235987755982987
1489,1787224316.8390749,2.34674483425517,0.47123889803846886,-1.4391121572571537,-2.3561944888883124,0.47123889803846886,-1.4780115166114736,0.5235987755982987
1490,1787224316.8809319,2.350052213833181,0.47123889803846886,-1.4587402494905928,-2.3561944893447238,0.47123889803846886,-1.4868142373534445,0.5235987755982987
1491,1787224316.9232924,2.3522020105588886,0.47123889803846886,-1.4819678407135586,-2.356194489641391,0.47123889803846886,-1.493932616375052,0.5235987755982987
1492,1787224316.9728265,2.3535993784305984,0.47123889803846886,-1.498035000024628,-2.340356672831075,0.47123889803846886,-1.500729421204782,0.5235987755982987
1493,1787224317.0180402,2.3545076675472094,0.47123889803846886,-1.5105902989865556,-2.303817654044262,0.47123889803846886,-1.5061585496718628,0.5235987755982987
1494,1787224317.0620809,2.338694477489164,0.47123889803846886,-1.518930787212026,-2.2835524000839023,0.47123889803846886,-1.5083050614411757,0.5235987755982987
1495,1787224317.1055796,2.32954193803128,0.47123889803846886,-1.5241301545765111,-2.247446662534892,0.47123889803846886,-1.510853822997575,0.5235987755982987
1496,1787224317.148072,2.3305059449422867,0.47123889803846886,-1.52747781282858,-2.2202783003516062,0.47123889803846886,-1.5130319726290573,0.5235987755982987
1497,1787224317.1918795,2.314697784962595,0.47123889803846886,-1.5229314451131373,-2.19890234111585,0.47123889803846886,-1.514504444774151,0.5235987755982987
1498,1787224317.2318814,2.2956492652345712,0.47123889803846886,-1.5146415305984027,-2.175939537785395,0.47123889803846886,-1.5100242637713441,0.5235987755982987
1499,1787224317.2759392,2.280520109850973,0.47123889803846886,-1.5022404464543229,-2.178368220265148,0.47123889803846886,-1.4988791513791009,0.5235987755982987
1500,1787224317.3227801,2.266537337069642,0.47123889803846886,-1.491811286443693,-2.2170551375932757,0.47123889803846886,-1.4846536382407587,0.5235987755982987
1501,1787224317.3655818,2.243479808496946,0.47123889803846886,-1.4838329876070588,-2.256577108950818,0.47123889803846886,-1.473830134753018,0.5235987755982987
1502,1787224317.4114406,2.202046419216436,0.47123889803846886,-1.47714830983697,-2.2914431923853527,0.47123889803846886,-1.4656849863219106,0.5235987755982987
1503,1787224317.4543839,2.156313538406605,0.47123889803846886,-1.4724688397207535,-2.3075375230076336,0.47123889803846886,-1.460140739263743,0.5235987755982987
1504,1787224317.4981353,2.143324758553659,0.47123889803846886,-1.471741159327603,-2.310013392337918,0.47123889803846886,-1.4560701331776313,0.5235987755982987
1505,1787224317.542038,2.1364874152709787,0.47123889803846886,-1.4702731504507374,-2.2999768632685385,0.47123889803846886,-1.4544372466945825,0.5235987755982987
1506,1787224317.590473,2.136058082420345,0.47123889803846886,-1.4678692637240416,-2.307310426033508,0.47123889803846886,-1.4528977727585055,0.5235987755982987
1507,1787224317.6340415,2.166308600408346,0.47123889803846886,-1.4662793776344427,-2.278573349270199,0.47123889803846886,-1.4525833798085586,0.5235987755982987
1508,1787224317.6779642,2.176189389853047,0.47123889803846886,-1.466982988600433,-2.3057407485929504,0.47123889803846886,-1.4511066823035614,0.5235987755982987
1509,1787224317.723434,2.1688058839741555,0.47123889803846886,-1.467458275819478,-2.3233995581527385,0.47123889803846886,-1.44999022508448,0.5235987755982987
1510,1787224317.7664633,2.165269382926461,0.47123889803846886,-1.4735872374472216,-2.3348777843666007,0.47123889803846886,-1.4465679226574837,0.5235987755982987
1511,1787224317.8081045,2.170517861411698,0.47123889803846886,-1.478352666503182,-2.342338631405611,0.47123889803846886,-1.4391986022079777,0.5235987755982987
1512,1787224317.8513436,2.1871582007408574,0.47123889803846886,-1.4857517331967915,-2.347188181980968,0.47123889803846886,-1.4348394849632502,0.5235987755982987
1513,1787224317.901837,2.195457800461168,0.47123889803846886,-1.495716056306817,-2.35034038985495,0.47123889803846886,-1.4380522989922415,0.5235987755982987
1514,1787224317.9418159,2.1940632970605978,0.47123889803846886,-1.5055087435230607,-2.3523893249730383,0.47123889803846886,-1.4420017362717497,0.5235987755982987
1515,1787224317.9848006,2.189161041389677,0.47123889803846886,-1.5136951018073121,-2.3537211327997953,0.47123889803846886,-1.4451993546738904,0.5235987755982987
1516,1787224318.0301878,2.16425803876311,0.47123889803846886,-1.5171044910932103,-2.3545868078871877,0.47123889803846886,-1.4453087002034335,0.5235987755982987
1517,1787224318.081368,2.1269698135103448,0.47123889803846886,-1.5151999046560993,-2.3551494966939925,0.47123889803846886,-1.44906073434306,0.5235987755982987
1518,1787224318.1223936,2.1271779735641205,0.47123889803846886,-1.5053217725370396,-2.3555152444184158,0.47123889803846886,-1.4577443229065357,0.5235987755982987
1519,1787224318.1673985,2.106802645713215,0.47123889803846886,-1.4942690690666571,-2.355752980439291,0.47123889803846886,-1.4645686107646716,0.5235987755982987
1520,1787224318.2121036,2.0900073535801424,0.47123889803846886,-1.4759560508216518,-2.3559075088528596,0.47123889803846886,-1.4711887199141325,0.5235987755982987
1521,1787224318.261147,2.083986163580479,0.47123889803846886,-1.4535422110350242,-2.3560079523216793,0.47123889803846886,-1.4739136830982118,0.5235987755982987
1522,1787224318.3041532,2.063922084960165,0.47123889803846886,-1.4381887170064374,-2.3560732405764124,0.47123889803846886,-1.4760073321615852,0.5235987755982987
1523,1787224318.3472855,2.0483341536651443,0.47123889803846886,-1.42525639207352,-2.3561156779419887,0.47123889803846886,-1.4759209638352109,0.5235987755982987
1524,1787224318.390833,2.0374998119816143,0.47123889803846886,-1.4181934625635164,-2.3561432622296135,0.47123889803846886,-1.4813593305166854,0.5235987755982987
1525,1787224318.4363594,2.0241072486075424,0.47123889803846886,-1.4177558102550554,-2.3561611920165695,0.47123889803846886,-1.4842636458940057,0.5235987755982987
1526,1787224318.4836764,2.0028823005527694,0.47123889803846886,-1.426373469195077,-2.356172846378091,0.47123889803846886,-1.4819236515978003,0.5235987755982987
1527,1787224318.5336843,1.9947078257612145,0.47123889803846886,-1.4403558939909344,-2.3561804217130797,0.47123889803846886,-1.4851061968545893,0.5235987755982987
1528,1787224318.5785413,2.0031495563426303,0.47123889803846886,-1.4513403543130026,-2.3561853456808226,0.47123889803846886,-1.486739952120185,0.5235987755982987
1529,1787224318.6209059,2.01027056215139,0.47123889803846886,-1.4624495871689736,-2.3561885462598555,0.47123889803846886,-1.4849630412094648,0.5235987755982987
1530,1787224318.6736078,2.0177424124929964,0.47123889803846886,-1.4685862026087464,-2.356190626636227,0.47123889803846886,-1.4817887979968623,0.5235987755982987
1531,1787224318.7216153,2.0068560938120124,0.47123889803846886,-1.476909853036486,-2.3561919788808683,0.47123889803846886,-1.4764030871220148,0.5235987755982987
1532,1787224318.7630293,2.0717712355790514,0.47123889803846886,-1.4807999138306425,-2.3561928578398854,0.47123889803846886,-1.471740900894528,0.5235987755982987
1533,1787224318.8068616,2.0891742634374513,0.47123889803846886,-1.4850815411112763,-2.3561934291632465,0.47123889803846886,-1.4655626217738367,0.5235987755982987
1534,1787224318.8481793,2.0897850489463488,0.47123889803846886,-1.4874785589664152,-2.356193800523431,0.47123889803846886,-1.4642052274400792,0.5235987755982987
1535,1787224318.89639,2.0912911026402603,0.47123889803846886,-1.4932968728929925,-2.3561940419075507,0.47123889803846886,-1.4661804184547165,0.5235987755982987
1536,1787224318.938586,2.0859912860337473,0.47123889803846886,-1.5038298763848714,-2.356194198807229,0.47123889803846886,-1.469266566238902,0.5235987755982987
1537,1787224318.9822888,2.0963118680174513,0.47123889803846886,-1.5171175555164682,-2.356194300792019,0.47123889803846886,-1.4845437017090402,0.5235987755982987
1538,1787224319.0272684,2.1231444085583093,0.47123889803846886,-1.5327763742303218,-2.356194367082133,0.47123889803846886,-1.5043722200290888,0.5235987755982987
1539,1787224319.0690289,2.1659121640211083,0.47123889803846886,-1.541287355975017,-2.3561944101707075,0.47123889803846886,-1.5276177633522776,0.5235987755982987
1540,1787224319.112592,2.2319893698742774,0.47123889803846886,-1.5489846229305075,-2.3561944381782807,0.47123889803846886,-1.5310137813498694,0.5235987755982987
1541,1787224319.157535,2.2708681416898253,0.47123889803846886,-1.5542800201583042,-2.356194456383203,0.47123889803846886,-1.5301145910825804,0.5235987755982987
1542,1787224319.2046645,2.2929881445680036,0.47123889803846886,-1.5578003355207506,-2.356194468216403,0.47123889803846886,-1.5236755398539361,0.5235987755982987
1543,1787224319.2487588,2.3120825965960146,0.47123889803846886,-1.5534253118839418,-2.3561944759079827,0.47123889803846886,-1.5090796908033792,0.5235987755982987
1544,1787224319.3035035,2.284516321452516,0.47123889803846886,-1.551478357627209,-2.3561944809075097,0.47123889803846886,-1.4908032973720178,0.5235987755982987
1545,1787224319.348715,2.2485745745077166,0.47123889803846886,-1.5499784385303061,-2.356194484157202,0.47123889803846886,-1.4636476471930318,0.5235987755982987
1546,1787224319.3943417,2.281213309343501,0.47123889803846886,-1.5540895936203232,-2.3504403116546806,0.47123889803846886,-1.4309901579111621,0.5235987755982987
1547,1787224319.441673,2.280188488481711,0.47123889803846886,-1.5266462587481806,-2.1820391569107067,0.47123889803846886,-1.385280761119647,0.5235987755982987
1548,1787224319.4861965,2.295611645541835,0.47123889803846886,-1.490753849367651,-1.9955741664554427,0.47123889803846886,-1.3124250462058242,0.5235987755982987
1549,1787224319.533894,2.2573212873016733,0.47123889803846886,-1.492719975801161,-1.940904051263752,0.47123889803846886,-1.2416465790042988,0.5235987755982987
1550,1787224319.5770872,2.2919269083134086,0.47123889803846886,-1.5115398121112442,-1.941224954030135,0.47123889803846886,-1.1728808166714564,0.5235987755982987
1551,1787224319.6232474,2.314420561971036,0.47123889803846886,-1.5116719442078599,-1.9043961953179682,0.47123889803846886,-1.100069554892041,0.5235987755982987
1552,1787224319.6680331,2.3290414368484944,0.47123889803846886,-1.524447618239777,-1.8937421815320399,0.47123889803846886,-1.0339424960207402,0.5235987755982987
1553,1787224319.710114,2.1836219219360293,0.47123889803846886,-1.3856038482272106,-1.979532247600972,0.47123889803846886,-0.9517327965090137,0.5235987755982987
1554,1787224319.7515063,2.1228318119860057,0.47123889803846886,-1.3181109056801361,-1.9546944614498143,0.47123889803846886,-0.9346165294717439,0.5235987755982987
1555,1787224319.7936227,2.082849338931705,0.47123889803846886,-1.2143812503457425,-2.0462746427495837,0.47123889803846886,-0.9274462099882814,0.5235987755982987
1556,1787224319.8397496,2.0331477648882705,0.47123889803846886,-1.1662414732582684,-2.04656697593013,0.47123889803846886,-0.9311966812695402,0.5235987755982987
1557,1787224319.882384,1.9912045862318157,0.47123889803846886,-1.143980978948366,-1.9670237539014281,0.47123889803846886,-0.937780540113356,0.5235987755982987
1558,1787224319.9259334,2.0225000629292715,0.47123889803846886,-1.196812408077412,-1.92949570655757,0.47123889803846886,-0.964519887727977,0.5235987755982987
1559,1787224319.9718297,2.067352527859345,0.47123889803846886,-1.2329239361159632,-1.9136884685695748,0.47123889803846886,-1.0092420124752093,0.5235987755982987
1560,1787224320.0156696,2.0708959042578647,0.47123889803846886,-1.2561006541308308,-1.8431083098120644,0.47123889803846886,-1.0219876987596312,0.5235987755982987
1561,1787224320.0573013,2.136486107374405,0.47123889803846886,-1.2887783503741939,-1.6953619793737085,0.47123889803846886,-1.050132392424598,0.5235987755982987
1562,1787224320.0991054,1.87781157893283,0.47123889803846886,-1.2736952978989011,-1.5776924400213088,0.47123889803846886,-1.0823083606315282,0.5235987755982987
1563,1787224320.1450486,2.0168413591651415,0.47123889803846886,-1.2898683293949758,-1.5746288258910266,0.47123889803846886,-1.1382532901346385,0.5235987755982987
1564,1787224320.1871064,2.083015383224373,0.47123889803846886,-1.3216424555356627,-1.7328402907210383,0.47123889803846886,-1.1671996667447062,0.5235987755982987
1565,1787224320.2300274,2.178628070663163,0.47123889803846886,-1.350879435404922,-1.9288414902419007,0.47123889803846886,-1.2134023047761584,0.5235987755982987
1566,1787224320.2742789,2.240776317498377,0.47123889803846886,-1.3817566446474951,-2.0248480403051055,0.47123889803846886,-1.2671796720255233,0.5235987755982987
1567,1787224320.3167207,2.2811726779412655,0.47123889803846886,-1.4184494690165033,-2.118289352312156,0.47123889803846886,-1.321681458112708,0.5235987755982987
1568,1787224320.3605149,2.307430312229143,0.47123889803846886,-1.4368796650021523,-2.1924902642947965,0.47123889803846886,-1.3784454668352422,0.5235987755982987
1569,1787224320.408844,2.3244977745162636,0.47123889803846886,-1.44514647641218,-2.2497867433589382,0.47123889803846886,-1.4285838567620863,0.5235987755982987
1570,1787224320.455705,2.3347834990956997,0.47123889803846886,-1.4449928038250843,-2.152380974867835,0.47123889803846886,-1.4753973212093978,0.5235987755982987
1571,1787224320.4986646,2.3422773459795256,0.47123889803846886,-1.4312944620927068,-2.1058229801060944,0.47123889803846886,-1.4965283224230594,0.5235987755982987
1572,1787224320.5413878,2.3471483464540124,0.47123889803846886,-1.4609682030102977,-1.9068544233566342,0.47123889803846886,-1.4993875591994263,0.5235987755982987
1573,1787224320.586273,2.2836254998268304,0.47123889803846886,-1.465620611083404,-1.8106161841840036,0.47123889803846886,-1.5139524064024066,0.5235987755982987
1574,1787224320.6328254,1.7851024196662093,0.47123889803846886,-1.4332129219479823,-1.4043344404140319,0.47123889803846886,-1.5095025871026424,0.5235987755982987
1576,1787224320.716998,1.9849846443503567,0.07935585817792049,-0.4994876879155727,-1.2651698445647621,0.059819137916431286,-0.9190403100822268,0.1570796326794896
1577,1787224320.7818956,1.5290885489871089,-0.19219693432272508,0.13588907521229815,-1.6447675860658042,-0.22052246539744547,-0.4318324901663251,-0.08115781021773634
1585,1787224321.1436462,1.681788779227677,-0.20997657029824332,0.37213017975943047,-1.8937670025100934,-0.23239655820668698,-0.43420775513373056,-0.14960073432811066
1586,1787224321.226249,1.9178307780653108,0.02844884361960595,-0.26709993370321106,-2.0556166231988815,0.013875851479117574,0.08838661923905455,-0.18657859740467186
1587,1787224321.2941887,2.0712580773097726,0.183425362666208,-0.6174467141516108,-2.1608188766465934,0.17395291777489055,-0.4660640440103131,-0.2349344336871369
1588,1787224321.3619988,2.170985821818673,0.2807244286759299,-0.9382822385413828,-2.2292003413876067,0.27800301086714296,-0.6794688425279138,-0.2744482335245524
1589,1787224321.44263,2.2358088557494584,0.34740449295281856,-1.070183414323588,-2.25708868942497,0.34563557137710704,-0.5882830360653055,-0.24550484508678244
1592,1787224321.6250968,1.9605939112615722,0.3907465347327962,-1.243709339582057,-1.9259275877391562,0.3895967357085837,-0.8496914863937242,0.023681422152995985
1595,1787224321.8507264,2.0886596020787875,-0.21810696856009326,-0.29559534627325035,-2.0765210035977724,-0.24972123272466484,-0.033861319251005884,-0.16786664705995719
1596,1787224321.9479337,2.1822968129185325,-0.6614050522635391,0.3302801342316003,-2.174406723905873,-0.688038733789865,0.49070934670257166,-0.29237289204837674
1597,1787224322.0105507,2.243160999964367,-0.9253958683403787,0.7607920772609695,-2.238032442106138,-0.9778939909846605,0.8086218262712384,-0.3733019512908495
1598,1787224322.0576272,2.2827227215441592,-1.0986239672067963,1.0418745897488733,-2.2793891589363104,-1.079080434556044,1.0131346051025445,-0.42590583979845675
1599,1787224322.1022878,2.308437840571024,-1.2024461707209695,1.2269641773172106,-2.3062710248759224,-1.0544214580776985,1.1409308679887395,-0.4600983673284015
1600,1787224322.1486092,2.3251526679384864,-1.2913422600724513,1.3255142541311473,-2.3237442377366704,-1.0422541469222075,1.2102156817023815,-0.48232351022286557
1601,1787224322.201656,2.336017305727337,-1.274251807097472,1.3982376516148378,-2.3351018260961567,-1.2150266051136884,1.2511996812952673,-0.4967698531042672
1602,1787224322.245661,2.34307932029009,-1.2819020013186262,1.4245204977625603,-2.3424842585298227,-1.3273287029381509,1.2726236182221953,-0.5061599759771782
1603,1787224322.2928402,2.3476696297558792,-1.2142655742059894,1.4529863067811104,-2.3472828396117054,-1.2769271700025735,1.2727500321600398,-0.5122635558445705
1604,1787224322.340921,2.350653330908642,-1.1804385459676079,1.4603741903807888,-2.3504019173149295,-1.1851115258717932,1.2863195651233903,-0.5162308827583755
1605,1787224322.395649,2.352592736657938,-1.1109658074231676,1.427220065261874,-2.352429317822025,-1.1651995255940246,1.2560894755317724,-0.5188096452523486
1608,1787224322.551611,2.1985826611158648,-0.7567811191082969,0.9054231786319855,-2.0573363114636845,-0.7119718878126357,0.4351597514163609,-0.5204858408734312
1611,1787224322.765802,2.2537468012926327,-0.436612417596768,0.8031265809789112,-2.0741545816200557,-0.34613716159022256,0.5452045594432895,-0.2598980648820751
