wall_time_s,sim_time_s,frame_index,LShoulderPitch_cmd_rad,LShoulderPitch_meas_rad,RShoulderPitch_cmd_rad,RShoulderPitch_meas_rad,LShoulderRoll_cmd_rad,LShoulderRoll_meas_rad,RShoulderRoll_cmd_rad,RShoulderRoll_meas_rad,LElbowRoll_cmd_rad,LElbowRoll_meas_rad,RElbowRoll_cmd_rad,RElbowRoll_meas_rad,HeadYaw_cmd_rad,HeadYaw_meas_rad,HeadPitch_cmd_rad,HeadPitch_meas_rad,LHipYawPitch_cmd_rad,LHipYawPitch_meas_rad,LHipRoll_cmd_rad,LHipRoll_meas_rad,LHipPitch_cmd_rad,LHipPitch_meas_rad,LKneePitch_cmd_rad,LKneePitch_meas_rad,LAnklePitch_cmd_rad,LAnklePitch_meas_rad,LAnkleRoll_cmd_rad,LAnkleRoll_meas_rad,RHipYawPitch_cmd_rad,RHipYawPitch_meas_rad,RHipRoll_cmd_rad,RHipRoll_meas_rad,RHipPitch_cmd_rad,RHipPitch_meas_rad,RKneePitch_cmd_rad,RKneePitch_meas_rad,RAnklePitch_cmd_rad,RAnklePitch_meas_rad,RAnkleRoll_cmd_rad,RAnkleRoll_meas_rad
1787224275.026975,0.02,0,1.44663,0.049599,1.358792,0.049599,0.176526,0.034885,-0.264364,-0.034886,-0.523599,-0.043112,0.552433,0.043112,0.131992,0.0,-0.10697,0.0,0.0,0.0,0.044285,-0.0,-0.07,0.0,0.14,0.0,-0.07,0.0,-0.044285,-0.0,0.0,0.0,-0.03212,0.0,0.061755,0.0,0.14,0.0,-0.201755,0.0,0.03212,0.0
1787224275.045806,0.04,1,1.44663,0.132151,1.358792,0.132299,0.176526,0.063316,-0.264364,-0.080437,-0.523599,-0.086202,0.552433,0.114931,0.131992,0.02634,-0.10697,-0.021455,0.0013,4e-06,0.044285,0.008854,-0.07,-0.007234,0.14,0.028,-0.07,-0.014,-0.044285,-0.008857,0.0013,-4e-06,-0.03212,0.005251,0.061755,-0.001774,0.14,0.027998,-0.201755,-0.040349,0.03212,0.006424
1787224275.065108,0.06,2,1.44663,0.214701,1.358792,0.214928,0.176526,0.085981,-0.264364,-0.11678,-0.523599,-0.129295,0.552433,0.186756,0.131992,0.047424,-0.10697,-0.038601,0.001044,0.000262,0.044285,0.015937,-0.07,-0.0184,0.14,0.050401,-0.07,-0.025199,-0.044285,-0.015943,0.001044,0.000257,-0.03212,0.00951,0.061755,-0.008445,0.14,0.050397,-0.201755,-0.07263,0.03212,0.011563
1787224275.08837,0.08,3,1.420205,0.297266,1.2938,0.297524,0.182007,0.104045,-0.308412,-0.145821,-0.752028,-0.172392,0.573207,0.25859,0.172346,0.064305,-0.177097,-0.052301,-0.025933,0.000419,0.042607,0.021604,-0.112801,-0.028718,0.14,0.068322,-0.027199,-0.034159,-0.042607,-0.021612,-0.025933,0.000412,-0.023253,0.012889,0.049084,-0.015116,0.14,0.068316,-0.189084,-0.098455,0.023253,0.015675
1787224275.104124,0.1,4,1.420205,0.37984,1.2938,0.380048,0.182007,0.11948,-0.308412,-0.177898,-0.752028,-0.244207,0.573207,0.321454,0.172346,0.085868,-0.177097,-0.077275,-0.036402,-0.00485,0.042104,0.025779,-0.125642,-0.045533,0.14,0.082658,-0.014358,-0.032767,-0.042104,-0.025811,-0.036402,-0.004859,-0.020593,0.013937,0.045283,-0.028194,0.14,0.082652,-0.185283,-0.116581,0.020593,0.017191
1787224275.12201,0.12,5,1.392399,0.462435,1.26117,0.462559,0.197247,0.131729,-0.328476,-0.203617,-0.898938,-0.316033,0.5961,0.371768,0.148536,0.103141,-0.225617,-0.097234,-0.083393,-0.011158,0.033767,0.029041,-0.11997,-0.061553,0.14,0.094127,-0.02003,-0.029086,-0.033767,-0.02907,-0.083393,-0.011169,-0.010079,0.014337,0.055472,-0.040912,0.14,0.09412,-0.195472,-0.130321,0.010079,0.017872
1787224275.138012,0.14,6,1.392399,0.545045,1.26117,0.545007,0.197247,0.144379,-0.328476,-0.22838,-0.898938,-0.387866,0.5961,0.416601,0.148536,0.112217,-0.225617,-0.122897,-0.099006,-0.025603,0.031265,0.029983,-0.118269,-0.073234,0.14,0.103303,-0.021731,-0.027275,-0.031265,-0.03001,-0.099006,-0.025615,-0.006925,0.011293,0.058529,-0.050145,0.14,0.103294,-0.198529,-0.14335,0.006925,0.016314
1787224275.15302,0.16,7,1.392399,0.627666,1.26117,0.627476,0.197247,0.154406,-0.328476,-0.248284,-0.898938,-0.45971,0.5961,0.452483,0.148536,0.119492,-0.225617,-0.143427,-0.105063,-0.040281,0.030515,0.030237,-0.117758,-0.082239,0.14,0.110643,-0.022242,-0.026166,-0.030515,-0.030261,-0.105063,-0.040294,-0.005979,0.008137,0.059446,-0.057366,0.14,0.110634,-0.199446,-0.154385,0.005979,0.014437
1787224275.174803,0.18,8,1.360503,0.710291,1.245447,0.709979,0.221603,0.162399,-0.336659,-0.264262,-0.965005,-0.531564,0.600996,0.481202,0.112707,0.125319,-0.241798,-0.159852,-0.115519,-0.053235,0.022603,0.03029,-0.176005,-0.089341,0.14,0.116515,0.036005,-0.025381,-0.022603,-0.030312,-0.115519,-0.053249,-0.006482,0.00538,0.073099,-0.063159,0.14,0.116506,-0.213099,-0.163397,0.006482,0.012746
1787224275.192724,0.2,9,1.360503,0.792909,1.245447,0.79248,0.221603,0.173624,-0.336659,-0.278747,-0.965005,-0.60342,0.600996,0.505161,0.112707,0.122835,-0.241798,-0.176247,-0.118656,-0.065689,0.02023,0.028752,-0.193479,-0.106672,0.14,0.121213,0.053479,-0.013104,-0.02023,-0.028771,-0.118656,-0.065704,-0.006633,0.00301,0.077196,-0.076751,0.14,0.121204,-0.217196,-0.173338,0.006633,0.011494
1787224275.210441,0.22,10,1.360503,0.875529,1.245447,0.87501,0.221603,0.182614,-0.336659,-0.290353,-0.965005,-0.675283,0.600996,0.524335,0.112707,0.120845,-0.241798,-0.189363,-0.119597,-0.07628,0.019518,0.027046,-0.198721,-0.124032,0.14,0.124971,0.058721,0.000214,-0.019518,-0.027063,-0.119597,-0.076295,-0.006678,0.001085,0.078424,-0.090383,0.14,0.124962,-0.218424,-0.18211,0.006678,0.010522
1787224275.233863,0.24,11,1.326607,0.958152,1.240772,0.948976,0.250976,0.189849,-0.33681,-0.299635,-0.945688,-0.73321,0.664402,0.539678,0.08912,0.119248,-0.230956,-0.199854,-0.119879,-0.084941,0.007197,0.025538,-0.198615,-0.138968,0.14,0.127978,0.058615,0.011914,-0.007197,-0.025554,-0.119879,-0.084957,-0.000345,-0.000476,-0.122285,-0.102145,0.14,0.127969,-0.017715,-0.189373,0.000345,0.009754
1787224275.252181,0.26,12,1.326607,1.031798,1.240772,1.00726,0.250976,0.201586,-0.33681,-0.307109,-0.945688,-0.775699,0.664402,0.564623,0.08912,0.113248,-0.230956,-0.206099,-0.119964,-0.091928,0.0035,0.02187,-0.198583,-0.150897,0.14,0.130382,0.058583,0.021253,-0.0035,-0.021883,-0.119964,-0.091941,0.001555,-0.000448,-0.182498,-0.106174,0.14,0.130375,0.042498,-0.155047,-0.001555,0.007873
1787224275.276231,0.28,13,1.306094,1.090719,1.250978,1.05393,0.268774,0.211242,-0.32389,-0.31298,-0.957293,-0.809689,0.712135,0.584583,0.060329,0.108441,-0.219108,-0.211088,-0.119989,-0.097534,-0.009186,0.018195,-0.203211,-0.160433,0.14,0.132306,0.063211,0.028719,0.009186,-0.018207,-0.119989,-0.097547,0.001251,-6.8e-05,-0.201229,-0.12144,0.14,0.132298,0.061229,-0.115541,-0.001251,0.005988
1787224275.298502,0.3,14,1.306094,1.13377,1.250978,1.093328,0.268774,0.222605,-0.32389,-0.315116,-0.957293,-0.839194,0.712135,0.610094,0.060329,0.098826,-0.219108,-0.212736,-0.119997,-0.102025,-0.012992,0.012718,-0.2046,-0.168989,0.14,0.133844,0.0646,0.035616,0.012992,-0.012729,-0.119997,-0.102035,0.001159,0.000227,-0.206849,-0.137397,0.14,0.133839,0.066849,-0.080189,-0.001159,0.00454
1787224275.326159,0.32,15,1.296013,1.168214,1.25934,1.124852,0.277226,0.231767,-0.313899,-0.316817,-0.946945,-0.862802,0.683761,0.630504,0.033187,0.091132,-0.210854,-0.214039,-0.119999,-0.105621,-0.020945,0.007577,0.025393,-0.177505,0.14,0.135074,-0.165393,0.041412,0.020945,-0.007585,-0.119999,-0.105626,0.003348,0.000409,0.027289,-0.151285,0.14,0.135072,-0.167289,-0.050783,-0.003348,0.0034
1787224275.345522,0.34,16,1.296013,1.193706,1.25934,1.151747,0.277226,0.240964,-0.313899,-0.316032,-0.946945,-0.87961,0.683761,0.641157,0.033187,0.079544,-0.210854,-0.213405,-0.12,-0.108498,-0.023331,0.001877,0.094391,-0.142679,0.14,0.136058,-0.234391,0.000312,0.023331,-0.001883,-0.12,-0.108499,0.004005,0.000995,0.097531,-0.115571,0.14,0.136059,-0.237531,-0.074081,-0.004005,0.002049
1787224275.3647,0.36,17,1.296013,1.214151,1.25934,1.173265,0.277226,0.248212,-0.313899,-0.315547,-0.946945,-0.893067,0.683761,0.649677,0.033187,0.070274,-0.210854,-0.212881,-0.12,-0.110798,-0.024046,-0.003168,0.115091,-0.095268,0.14,0.136846,-0.255091,-0.046885,0.024046,0.003165,-0.12,-0.110799,0.004202,0.001597,0.118603,-0.072953,0.14,0.136847,-0.258603,-0.106769,-0.004202,0.000838
1787224275.391193,0.38,18,1.291509,1.230512,1.273816,1.190479,0.280753,0.254015,-0.298446,-0.315176,-0.923547,-0.903838,0.672703,0.656494,-0.004445,0.062858,-0.207327,-0.212461,-0.12,-0.112638,-0.012655,-0.007343,0.130627,-0.0532,0.14,0.137477,-0.270627,-0.088523,0.012655,0.00734,-0.12,-0.112639,0.00493,0.002118,0.135936,-0.034643,0.14,0.137478,-0.273581,-0.137135,-0.00493,-0.000171
1787224275.406691,0.4,19,1.291509,1.242702,1.273816,1.207145,0.280753,0.259366,-0.298446,-0.311794,-0.923547,-0.907781,0.672703,0.659738,-0.004445,0.049401,-0.207327,-0.211403,-0.12,-0.114111,-0.009237,-0.008405,0.135288,-0.016442,0.14,0.137981,-0.275288,-0.124942,0.009237,0.008402,-0.12,-0.114111,0.005148,0.002681,0.141136,-0.000557,0.14,0.137983,-0.278074,-0.164423,-0.005148,-0.001122
1787224275.424361,0.42,20,1.303508,1.252458,1.295623,1.220479,0.268168,0.263643,-0.276053,-0.309105,-0.860882,-0.910936,0.7167,0.662334,-0.062487,0.038633,-0.225473,-0.210577,-0.12,-0.115289,-0.025118,-0.008568,0.121637,0.013917,0.14,0.138384,-0.261637,-0.15501,0.025118,0.00857,-0.12,-0.115287,0.004594,-0.000671,0.116019,0.027812,0.14,0.138387,-0.255101,-0.187152,-0.004594,-0.001928
1787224275.442019,0.44,21,1.303508,1.262667,1.295623,1.235508,0.268168,0.264548,-0.276053,-0.302479,-0.860882,-0.900933,0.7167,0.673208,-0.062487,0.018408,-0.225473,-0.213552,-0.12,-0.116232,-0.029882,-0.011875,0.117541,0.034107,0.14,0.138706,-0.257541,-0.176335,0.029882,0.011879,-0.12,-0.116228,0.004428,-0.005408,0.108484,0.045455,0.14,0.138711,-0.248209,-0.200741,-0.004428,-0.002461
1787224275.45876,0.46,22,1.303508,1.270835,1.295623,1.247531,0.268168,0.265272,-0.276053,-0.297185,-0.860882,-0.892927,0.7167,0.681908,-0.062487,0.002228,-0.225473,-0.215929,-0.12,-0.116987,-0.031311,-0.015473,0.116313,0.04901,0.14,0.138964,-0.256313,-0.192576,0.031311,0.01548,-0.12,-0.11698,0.004378,-0.00981,0.106224,0.058062,0.14,0.13897,-0.246141,-0.210233,-0.004378,-0.002855
1787224275.477665,0.48,23,1.310106,1.277369,1.328853,1.257148,0.261218,0.265851,-0.242471,-0.292953,-0.832901,-0.88652,0.761665,0.688868,-0.099603,-0.010716,-0.218813,-0.217828,-0.12,-0.11759,-0.029926,-0.018638,0.106023,0.060592,0.14,0.13917,-0.246023,-0.205323,0.029926,0.018646,-0.12,-0.117582,0.003568,-0.013521,0.089466,0.067695,0.14,0.139177,-0.229441,-0.217414,-0.003568,-0.00316
1787224275.498687,0.5,24,1.310106,1.283916,1.328853,1.271488,0.261218,0.264924,-0.242471,-0.282856,-0.832901,-0.8758,0.761665,0.703427,-0.099603,-0.028492,-0.218813,-0.218008,-0.12,-0.118073,-0.029511,-0.020893,0.102936,0.066789,0.14,0.139335,-0.242936,-0.213462,0.029511,0.020903,-0.12,-0.118063,0.003325,-0.015891,0.084439,0.072051,0.14,0.139343,-0.224431,-0.219819,-0.003325,-0.003242
1787224275.517009,0.52,25,1.310106,1.289153,1.328853,1.282971,0.261218,0.264174,-0.242471,-0.274797,-0.832901,-0.867222,0.761665,0.715074,-0.099603,-0.042713,-0.218813,-0.218151,-0.12,-0.118461,-0.029386,-0.022613,0.10201,0.071171,0.14,0.139467,-0.24201,-0.219357,0.029386,0.022625,-0.12,-0.11845,0.003252,-0.017187,0.082931,0.074529,0.14,0.139474,-0.222928,-0.220742,-0.003252,-0.003259
1787224275.540934,0.54,26,1.333083,1.293339,1.357197,1.292188,0.23803,0.263555,-0.213916,-0.268395,-0.758023,-0.860359,0.750066,0.724392,-0.108884,-0.05409,-0.229277,-0.218278,-0.12,-0.118771,-0.028241,-0.023965,-0.132387,0.076164,0.14,0.139572,-0.016603,-0.223888,0.028241,0.023977,-0.12,-0.11876,-0.007226,-0.018376,0.066566,0.07621,0.14,0.13958,-0.206565,-0.221179,0.007226,-0.003258
1787224275.561004,0.56,27,1.333083,1.301293,1.357197,1.305166,0.23803,0.258463,-0.213916,-0.257488,-0.758023,-0.839905,0.750066,0.729526,-0.108884,-0.065053,-0.229277,-0.220438,-0.12,-0.119015,-0.027898,-0.02482,-0.202706,0.034458,0.14,0.139658,0.051019,-0.182435,0.027898,0.024829,-0.12,-0.119009,-0.010369,-0.016147,0.061656,0.07428,0.14,0.139663,-0.201656,-0.218258,0.010369,-0.001162
1787224275.584026,0.58,28,1.358837,1.30765,1.376083,1.315563,0.212149,0.254379,-0.194903,-0.248778,-0.679164,-0.823537,0.720039,0.733633,-0.121845,-0.073822,-0.238472,-0.222182,-0.12,-0.119212,-0.026911,-0.025436,0.003348,-0.012972,0.14,0.139726,-0.146854,-0.135748,0.026911,0.025443,-0.12,-0.119207,-0.017621,-0.014992,0.060138,0.071756,0.14,0.13973,-0.200138,-0.214938,0.017621,0.001145
1787224275.603979,0.6,29,1.358837,1.317886,1.376083,1.327661,0.212149,0.245933,-0.194903,-0.23801,-0.679164,-0.794669,0.720039,0.730915,-0.121845,-0.083425,-0.238472,-0.225434,-0.12,-0.119371,-0.026615,-0.025731,0.065164,-0.009709,0.14,0.13978,-0.206216,-0.13797,0.026615,0.025736,-0.12,-0.119365,-0.019797,-0.015518,0.059682,0.069433,0.14,0.139785,-0.199682,-0.211978,0.019797,0.004439
1787224275.627979,0.62,30,1.380049,1.326074,1.391203,1.337343,0.190861,0.239176,-0.179707,-0.229396,-0.645429,-0.771572,0.72089,0.728741,-0.135761,-0.09111,-0.248334,-0.228034,-0.12,-0.119498,-0.026037,-0.025909,0.090577,-0.007767,0.14,0.139823,-0.230892,-0.15162,0.026037,0.025912,-0.12,-0.119491,-0.024748,-0.016373,0.065474,0.067485,0.14,0.139829,-0.205474,-0.209519,0.024748,0.007511
1787224275.646959,0.64,31,1.380049,1.336865,1.391203,1.348112,0.190861,0.229513,-0.179707,-0.219466,-0.645429,-0.746348,0.72089,0.727171,-0.135761,-0.100042,-0.248334,-0.232085,-0.12,-0.1196,-0.025864,-0.025937,0.0982,-0.001962,0.14,0.139857,-0.238295,-0.167474,0.025864,0.025936,-0.12,-0.119591,-0.026233,-0.018046,0.067212,0.069264,0.14,0.139864,-0.207212,-0.20871,0.026233,0.010959
1787224275.670018,0.66,32,1.396,1.345499,1.401995,1.356728,0.174865,0.221782,-0.16887,-0.211519,-0.731771,-0.726166,0.795518,0.725915,-0.145948,-0.107187,-0.255708,-0.235327,-0.12,-0.119681,-0.022618,-0.025924,0.106482,0.00447,0.14,0.139884,-0.24651,-0.181639,0.022618,0.025921,-0.12,-0.119671,-0.032727,-0.019681,0.073735,0.072199,0.14,0.139892,-0.213735,-0.208411,0.032727,0.014014
1787224275.685079,0.68,33,1.396,1.355596,1.401995,1.365779,0.174865,0.2124,-0.16887,-0.202994,-0.731771,-0.727286,0.795518,0.739836,-0.145948,-0.11494,-0.255708,-0.239397,-0.12,-0.119746,-0.021644,-0.025266,0.108966,0.018323,0.14,0.139906,-0.248975,-0.194614,0.021644,0.02526,-0.12,-0.119734,-0.034675,-0.022287,0.075692,0.083195,0.14,0.139914,-0.215692,-0.209476,0.034675,0.017758
1787224275.704743,0.7,34,1.396,1.363676,1.401995,1.37302,0.174865,0.204894,-0.16887,-0.196172,-0.731771,-0.728183,0.795518,0.750972,-0.145948,-0.121144,-0.255708,-0.242652,-0.12,-0.119798,-0.021352,-0.024544,0.109712,0.033222,0.14,0.139924,-0.249714,-0.205486,0.021352,0.024536,-0.12,-0.119785,-0.035259,-0.024763,0.076279,0.095796,0.14,0.139932,-0.216279,-0.210719,0.035259,0.021141
1787224275.725962,0.72,35,1.40715,1.37014,1.417018,1.378813,0.163688,0.198889,-0.153819,-0.190714,-0.828502,-0.7289,0.860294,0.759881,-0.124047,-0.126107,-0.252902,-0.245258,-0.12,-0.11984,-0.020978,-0.023907,0.105957,0.046552,0.14,0.139938,-0.245958,-0.214333,0.020978,0.023899,-0.12,-0.119826,-0.040651,-0.02686,0.076355,0.107271,0.14,0.139947,-0.216355,-0.211831,0.040651,0.023965
1787224275.744581,0.74,36,1.40715,1.377541,1.417018,1.386453,0.163688,0.191849,-0.153819,-0.183337,-0.828502,-0.748819,0.860294,0.779963,-0.124047,-0.125695,-0.252902,-0.246787,-0.12,-0.119873,-0.020866,-0.023778,0.104831,0.058431,0.14,0.139949,-0.244831,-0.220658,0.020866,0.023315,-0.12,-0.119859,-0.042269,-0.029616,0.076378,0.117729,0.14,0.139958,-0.216378,-0.212736,0.042269,0.027303
1787224275.769827,0.76,37,1.427843,1.383462,1.42305,1.392565,0.142978,0.186217,-0.147771,-0.177435,-0.875143,-0.764755,0.889738,0.796029,-0.104599,-0.125366,-0.270172,-0.24801,-0.12,-0.119899,-0.013875,-0.023969,0.102734,0.067709,0.14,0.139958,-0.242734,-0.225493,0.013875,0.022824,-0.12,-0.119885,-0.040041,-0.032143,0.08392,0.125864,0.14,0.139968,-0.22392,-0.213465,0.040041,0.030297
1787224275.790484,0.78,38,1.427843,1.392337,1.42305,1.398662,0.142978,0.177568,-0.147771,-0.171504,-0.875143,-0.786831,0.889738,0.81477,-0.104599,-0.121214,-0.270172,-0.252444,-0.12,-0.119921,-0.011778,-0.023503,0.102105,0.074713,0.14,0.139965,-0.242105,-0.228942,0.011778,0.021034,-0.12,-0.119906,-0.039373,-0.03372,0.086183,0.132425,0.14,0.139975,-0.226183,-0.215556,0.039373,0.032246
1787224275.81154,0.8,39,1.439773,1.399437,1.424224,1.40354,0.131038,0.17065,-0.146587,-0.166759,-0.90418,-0.804492,0.88888,0.829763,-0.083119,-0.117891,-0.286799,-0.25599,-0.12,-0.119938,-0.010558,-0.022926,-0.12691,0.080189,0.14,0.139971,-0.016632,-0.231576,0.010558,0.019182,-0.12,-0.119923,-0.04021,-0.034848,0.083937,0.13769,0.14,0.139981,-0.223937,-0.217681,0.04021,0.033672
1787224275.83234,0.82,40,1.439773,1.407504,1.424224,1.407675,0.131038,0.16273,-0.146587,-0.162725,-0.90418,-0.824428,0.88888,0.841586,-0.083119,-0.110946,-0.286799,-0.262162,-0.12,-0.11995,-0.010192,-0.020453,-0.195615,0.038772,0.14,0.139977,0.051011,-0.18859,0.010192,0.017458,-0.12,-0.119938,-0.040461,-0.03592,0.083264,0.12694,0.14,0.139985,-0.223264,-0.218933,0.040461,0.03498
1787224275.853039,0.84,41,1.447049,1.413957,1.429496,1.410984,0.123756,0.156394,-0.141309,-0.159497,-0.959088,-0.840378,0.940711,0.851044,-0.080905,-0.105384,-0.306312,-0.267092,-0.12,-0.11996,-0.008968,-0.018401,-0.201163,-0.008105,0.14,0.139981,0.059782,-0.140674,0.008968,0.016005,-0.12,-0.119951,-0.039456,-0.036828,0.074356,0.118205,0.14,0.139988,-0.214356,-0.219799,0.039456,0.036076
1787224275.869681,0.86,42,1.447049,1.420575,1.429496,1.414685,0.123756,0.149869,-0.141309,-0.155859,-0.959088,-0.864119,0.940711,0.868977,-0.080905,-0.100483,-0.306312,-0.274932,-0.12,-0.119968,-0.0086,-0.016515,-0.202828,-0.046714,0.14,0.139984,0.062413,-0.100586,0.0086,0.014597,-0.12,-0.119961,-0.039154,-0.037354,0.071684,0.109435,0.14,0.13999,-0.211684,-0.21871,0.039154,0.036752
1787224275.889946,0.88,43,1.458167,1.425869,1.432218,1.417646,0.112634,0.144648,-0.138584,-0.152949,-0.972673,-0.883113,0.981342,0.883324,-0.070839,-0.096557,-0.315006,-0.2812,-0.12,-0.119975,-0.006066,-0.014932,-0.198554,-0.077935,0.14,0.139987,0.05843,-0.067988,0.006066,0.013398,-0.12,-0.119968,-0.035785,-0.037714,0.069718,0.101885,0.14,0.139992,-0.209718,-0.217305,0.035785,0.037233
1787224275.906398,0.9,44,1.458167,1.432329,1.432218,1.42056,0.112634,0.138248,-0.138584,-0.150076,-0.972673,-0.901025,0.981342,0.902927,-0.070839,-0.091397,-0.315006,-0.287947,-0.12,-0.11998,-0.005306,-0.01316,-0.197272,-0.102058,0.14,0.139989,0.057235,-0.042707,0.005306,0.011931,-0.12,-0.119975,-0.034774,-0.037328,0.069128,0.095452,0.14,0.139994,-0.209128,-0.215788,0.034774,0.036943
1787224275.926635,0.92,45,1.458167,1.437497,1.432218,1.422891,0.112634,0.133128,-0.138584,-0.147777,-0.972673,-0.915354,0.981342,0.918609,-0.070839,-0.087268,-0.315006,-0.293345,-0.12,-0.119984,-0.005078,-0.011589,-0.196887,-0.1211,0.14,0.139991,0.056876,-0.022722,0.005078,0.010606,-0.12,-0.11998,-0.034471,-0.036817,0.068952,0.090187,0.14,0.139995,-0.208952,-0.214456,0.034471,0.036509
1787224275.946739,0.94,46,1.469277,1.441631,1.42702,1.424755,0.101522,0.129031,-0.143779,-0.145939,-0.996127,-0.926818,0.999829,0.931155,-0.067961,-0.083965,-0.315262,-0.297663,-0.12,-0.119987,-0.00279,-0.010288,-0.188809,-0.136257,0.14,0.139992,0.048806,-0.00681,0.00279,0.0095,-0.12,-0.119984,-0.033449,-0.036348,-0.116154,0.08594,0.14,0.139996,-0.023846,-0.213355,0.033449,0.036102
1787224275.966996,0.96,47,1.469277,1.447137,1.42702,1.42521,0.101522,0.123508,-0.143779,-0.145509,-0.996127,-0.940678,0.999829,0.944888,-0.067961,-0.080744,-0.315262,-0.301163,-0.12,-0.119991,-0.002103,-0.008788,-0.186386,-0.146767,0.14,0.139993,0.046385,0.004333,0.002103,0.008158,-0.12,-0.119987,-0.033143,-0.035768,-0.171685,0.045536,0.14,0.139997,0.031685,-0.175466,0.033143,0.035571
1787224275.991103,0.98,48,1.482084,1.451565,1.423917,1.425572,0.088714,0.119112,-0.146881,-0.145163,-0.974893,-0.951768,1.015549,0.955876,-0.045694,-0.078178,-0.308663,-0.303975,-0.12,-0.119993,-0.002623,-0.007452,-0.170153,-0.154692,0.14,0.139994,0.030153,0.012734,0.002623,0.006947,-0.12,-0.119989,-0.032161,-0.035243,-0.182424,0.002133,0.14,0.139997,0.042424,-0.134042,0.032161,0.035085
1787224276.010442,1.0,49,1.482084,1.457668,1.423917,1.425241,0.088714,0.113033,-0.146881,-0.145507,-0.974893,-0.956393,1.015549,0.96781,-0.045694,-0.07168,-0.308663,-0.304902,-0.12,-0.119994,-0.002779,-0.006486,-0.165284,-0.157784,0.14,0.139995,0.025284,0.016216,0.002779,0.006082,-0.12,-0.119991,-0.031867,-0.034626,-0.185645,-0.034814,0.14,0.139997,0.045645,-0.098754,0.031867,0.0345
1787224276.034657,1.02,50,1.491087,1.462551,1.421344,1.424976,0.07971,0.108171,-0.149453,-0.145781,-0.976341,-0.960093,1.022263,0.977358,-0.022766,-0.066483,-0.297501,-0.305651,-0.12,-0.119995,-0.001657,-0.005744,-0.150233,-0.159284,0.14,0.139996,0.010233,0.018029,0.001657,0.005421,-0.12,-0.119993,-0.030905,-0.034074,-0.184661,-0.064976,0.14,0.139997,0.044661,-0.069878,0.030905,0.033973
1787224276.055467,1.04,51,1.496665,1.468257,1.418802,1.42425,0.074132,0.102479,-0.151995,-0.146516,-0.977027,-0.963343,1.033084,0.986338,-0.003647,-0.057739,-0.287249,-0.304026,-0.12,-0.119996,-0.001607,-0.004927,-0.146922,-0.157474,0.14,0.139997,0.006922,0.01647,0.001607,0.004669,-0.12,-0.119995,-0.02957,-0.03344,-0.182574,-0.08891,0.14,0.139997,0.042574,-0.046974,0.02957,0.03336
1787224276.074472,1.06,52,1.496665,1.473938,1.418802,1.42316,0.074132,0.09681,-0.151995,-0.147612,-0.977027,-0.96608,1.033084,0.995686,-0.003647,-0.046915,-0.287249,-0.300689,-0.12,-0.119997,-0.001592,-0.004263,-0.145929,-0.155363,0.14,0.139998,0.005929,0.01456,0.001592,0.004056,-0.12,-0.119996,-0.02917,-0.032666,-0.181948,-0.10764,0.14,0.139997,0.041948,-0.029068,0.02917,0.032602
1787224276.096802,1.08,53,1.499509,1.478482,1.416651,1.422289,0.071288,0.092274,-0.154146,-0.148488,-0.977438,-0.968269,0.994451,1.003165,0.008194,-0.038256,-0.283168,-0.298024,-0.12,-0.119998,-0.001844,-0.003729,-0.145503,-0.153476,0.14,0.139998,0.005503,0.012834,0.001844,0.003564,-0.12,-0.119997,-0.029309,-0.031967,-0.180047,-0.1225,0.14,0.139997,0.040047,-0.014868,0.029309,0.031916
1787224276.116419,1.1,54,1.499509,1.482686,1.416651,1.421161,0.071288,0.088076,-0.154146,-0.14962,-0.977438,-0.970103,0.994451,1.001422,0.008194,-0.028958,-0.283168,-0.295086,-0.12,-0.119999,-0.001919,-0.003694,-0.145375,-0.159795,0.14,0.139997,0.005375,0.011367,0.001919,0.003219,-0.12,-0.119995,-0.029351,-0.031432,-0.179477,-0.131848,0.14,0.139999,0.039477,-0.003887,0.029351,0.031395
1787224276.137068,1.12,55,1.499509,1.486018,1.416651,1.420251,0.071288,0.084687,-0.154146,-0.150516,-0.977438,-0.971569,0.994451,1.000028,0.008194,-0.021526,-0.283168,-0.292713,-0.12,-0.12,-0.001942,-0.003341,-0.145336,-0.163228,0.14,0.139997,0.005336,0.010169,0.001942,0.002959,-0.12,-0.119994,-0.029364,-0.031014,-0.179306,-0.141369,0.14,0.14,0.039306,0.004785,0.029364,0.030987
1787224276.157594,1.14,56,1.500264,1.488696,1.41447,1.419526,0.070532,0.081987,-0.156326,-0.151237,-0.973993,-0.972743,0.964227,0.998913,0.008282,-0.015576,-0.282306,-0.29083,-0.12,-0.12,-0.00223,-0.003063,-0.143337,-0.159651,0.14,0.139998,0.003337,0.009203,0.00223,0.002755,-0.12,-0.119995,-0.030012,-0.030684,-0.177187,-0.148953,0.14,0.14,0.037187,0.011686,0.030012,0.030662
1787224276.177284,1.16,57,1.500264,1.491009,1.41447,1.418515,0.070532,0.079696,-0.156326,-0.152255,-0.973993,-0.972993,0.964227,0.991977,0.008282,-0.010802,-0.282306,-0.289136,-0.12,-0.120002,-0.002317,-0.002896,-0.142737,-0.15742,0.14,0.139997,0.002737,0.00803,0.002317,0.00265,-0.12,-0.119994,-0.030207,-0.030551,-0.176551,-0.148333,0.14,0.140001,0.036551,0.016785,0.030207,0.030532
1787224276.198246,1.18,58,1.492948,1.49286,1.41536,1.417707,0.077848,0.077863,-0.155437,-0.153069,-0.989089,-0.973193,0.954576,0.986428,0.009434,-0.006985,-0.280484,-0.287774,-0.12,-0.120003,-0.002735,-0.00278,-0.139721,-0.155695,0.14,0.139997,-0.000279,0.006972,0.002735,0.002584,-0.12,-0.119993,-0.029459,-0.030482,-0.176676,-0.147989,0.14,0.140002,0.036676,0.020738,0.029459,0.030467
1787224276.21617,1.2,59,1.492948,1.492878,1.41536,1.417237,0.077848,0.077859,-0.155437,-0.153542,-0.989089,-0.976372,0.954576,0.980058,0.009434,-0.003702,-0.280484,-0.286315,-0.12,-0.120004,-0.00286,-0.002771,-0.138816,-0.155114,0.14,0.139997,-0.001184,0.005522,0.00286,0.002614,-0.12,-0.119993,-0.029235,-0.030279,-0.176714,-0.14869,0.14,0.140003,0.036714,0.023926,0.029235,0.030265
1787224276.241976,1.22,60,1.487747,1.492892,1.416928,1.416862,0.083049,0.077857,-0.153869,-0.153921,-0.97191,-0.978915,0.932943,0.974962,0.003191,-0.001076,-0.286438,-0.285147,-0.12,-0.120005,-0.002326,-0.002788,-0.144336,-0.154907,0.14,0.139996,0.004336,0.004181,0.002326,0.002663,-0.12,-0.119993,-0.028759,-0.030071,-0.181565,-0.149589,0.14,0.140004,0.041565,0.026483,0.028759,0.030059
1787224276.262099,1.24,61,1.487747,1.491863,1.416928,1.416875,0.083049,0.078895,-0.153869,-0.153911,-0.97191,-0.977514,0.932943,0.966558,0.003191,-0.000222,-0.286438,-0.285405,-0.12,-0.120006,-0.002166,-0.002695,-0.145993,-0.154911,0.14,0.139996,0.005993,0.004212,0.002166,0.002596,-0.12,-0.119993,-0.028617,-0.029809,-0.18302,-0.150483,0.14,0.140004,0.04302,0.0295,0.028617,0.029799
1787224276.285431,1.26,62,1.48118,1.49104,1.418857,1.416886,0.089616,0.079726,-0.15194,-0.153902,-0.953128,-0.976393,0.912251,0.959836,-0.000904,0.000462,-0.291434,-0.285611,-0.12,-0.120007,-0.002167,-0.002589,-0.150131,-0.154971,0.14,0.139996,0.010131,0.004568,0.002167,0.00251,-0.12,-0.119993,-0.028209,-0.029571,-0.185052,-0.151282,0.14,0.140005,0.045052,0.032204,0.028209,0.029562
1787224276.303829,1.28,63,1.48118,1.489069,1.418857,1.41728,0.089616,0.081705,-0.15194,-0.15351,-0.953128,-0.971741,0.912251,0.950319,-0.000904,0.00019,-0.291434,-0.286776,-0.12,-0.120008,-0.002167,-0.002504,-0.151372,-0.155547,0.14,0.139996,0.011372,0.00568,0.002167,0.002442,-0.12,-0.119993,-0.028087,-0.029299,-0.185661,-0.152399,0.14,0.140005,0.045661,0.034774,0.028087,0.029291
1787224276.323536,1.3,64,1.47552,1.487493,1.421017,1.417596,0.095276,0.083288,-0.149779,-0.153196,-0.944843,-0.968018,0.911219,0.942706,-0.008601,-2.7e-05,-0.292094,-0.287708,-0.12,-0.120008,-0.001868,-0.002437,-0.152131,-0.155621,0.14,0.139995,0.012131,0.006818,0.001868,0.002387,-0.12,-0.119994,-0.027594,-0.029058,-0.187274,-0.154308,0.222576,0.140005,-0.035302,0.036952,0.027594,0.02905
1787224276.339927,1.32,65,1.47552,1.4851,1.421017,1.41828,0.095276,0.085687,-0.149779,-0.152513,-0.944843,-0.963384,0.911219,0.936408,-0.008601,-0.001741,-0.292094,-0.288586,-0.12,-0.120008,-0.001778,-0.002322,-0.152358,-0.154925,0.14,0.139995,0.012358,0.00788,0.001778,0.002284,-0.12,-0.119993,-0.027446,-0.028766,-0.187758,-0.160899,0.247348,0.156519,-0.05959,0.022503,0.027446,0.028759
1787224276.357977,1.34,66,1.470616,1.483183,1.422849,1.418827,0.10018,0.087603,-0.147948,-0.151966,-0.935526,-0.959676,0.907196,0.931371,-0.01361,-0.003112,-0.291539,-0.289287,-0.12,-0.120005,-0.001421,-0.002211,-0.146799,-0.15441,0.14,0.139997,0.006799,0.008776,0.001421,0.002183,-0.12,-0.119996,-0.027253,-0.028504,-0.184785,-0.166272,0.251662,0.174683,-0.066877,0.006085,0.027253,0.028496
1787224276.376855,1.36,67,1.470616,1.480669,1.422849,1.419631,0.10018,0.090117,-0.147948,-0.151162,-0.935526,-0.954846,0.907196,0.926536,-0.01361,-0.005212,-0.291539,-0.289738,-0.12,-0.120004,-0.001314,-0.00205,-0.145131,-0.152887,0.14,0.139998,0.005131,0.008381,0.001314,0.002031,-0.12,-0.119998,-0.027195,-0.028256,-0.183893,-0.169975,0.252956,0.190077,-0.069063,-0.008507,0.027195,0.028246
1787224276.39522,1.38,68,1.470616,1.478658,1.422849,1.420274,0.10018,0.092129,-0.147948,-0.150519,-0.935526,-0.950982,0.907196,0.922668,-0.01361,-0.006891,-0.291539,-0.290098,-0.12,-0.120002,-0.001281,-0.001901,-0.144631,-0.151336,0.14,0.139999,0.004631,0.007732,0.001281,0.001888,-0.12,-0.119999,-0.027177,-0.028046,-0.183625,-0.172759,0.253344,0.202652,-0.069719,-0.020617,0.027177,0.028035
1787224276.414874,1.4,69,1.470161,1.477049,1.424306,1.420789,0.100635,0.093738,-0.14649,-0.150005,-0.937903,-0.947891,0.893749,0.919574,-0.018407,-0.008235,-0.286133,-0.290386,-0.12,-0.120001,-0.001032,-0.001774,-0.144844,-0.149994,0.14,0.14,0.004844,0.007112,0.001032,0.001768,-0.12,-0.119999,-0.027245,-0.027875,-0.182274,-0.174933,0.252189,0.212789,-0.069916,-0.030437,0.027245,0.027863
1787224276.433815,1.42,70,1.470161,1.475671,1.424306,1.421492,0.100635,0.095117,-0.14649,-0.149301,-0.937903,-0.945894,0.893749,0.914409,-0.018407,-0.010269,-0.286133,-0.289535,-0.12,-0.120001,-0.000957,-0.001624,-0.144909,-0.148964,0.14,0.14,0.004909,0.006659,0.000957,0.001621,-0.12,-0.12,-0.027265,-0.027751,-0.181868,-0.176401,0.251843,0.220669,-0.069975,-0.038332,0.027265,0.027739
1787224276.46023,1.44,71,1.469614,1.474569,1.425483,1.422055,0.101182,0.09622,-0.145314,-0.148739,-0.943966,-0.944296,0.907652,0.910277,-0.023671,-0.011896,-0.283013,-0.288855,-0.12,-0.12,-0.001045,-0.001488,-0.143459,-0.148153,0.14,0.14,0.003459,0.006309,0.001045,0.001489,-0.12,-0.12,-0.027418,-0.027656,-0.180116,-0.177495,0.250108,0.226903,-0.069992,-0.04466,0.027418,0.027643
1787224276.479328,1.46,72,1.469614,1.473578,1.425483,1.42274,0.101182,0.097212,-0.145314,-0.148054,-0.943966,-0.94423,0.907652,0.909752,-0.023671,-0.014251,-0.283013,-0.287686,-0.12,-0.12,-0.001071,-0.001398,-0.143024,-0.147215,0.14,0.14,0.003024,0.005739,0.001071,0.001401,-0.12,-0.12,-0.027464,-0.02761,-0.17959,-0.178019,0.249588,0.231544,-0.069998,-0.049725,0.027464,0.027598
1787224276.504166,1.48,73,1.469024,1.472785,1.42701,1.423288,0.101772,0.098006,-0.143786,-0.147505,-0.957438,-0.944177,0.921121,0.909332,-0.028692,-0.016134,-0.280802,-0.286751,-0.12,-0.12,-0.001187,-0.00133,-0.140916,-0.146377,0.278207,0.14,-0.137291,0.005196,0.001187,0.001335,-0.12,-0.119999,-0.027529,-0.027583,-0.178005,-0.178333,0.248005,0.235152,-0.069999,-0.053779,0.027529,0.02757
1787224276.521868,1.5,74,1.469024,1.472038,1.42701,1.424037,0.101772,0.098764,-0.143786,-0.146766,-0.957438,-0.946828,0.921121,0.911689,-0.028692,-0.018645,-0.280802,-0.285562,-0.12,-0.12,-0.001222,-0.001299,-0.140283,-0.145285,0.319669,0.167638,-0.179385,-0.023299,0.001222,0.001307,-0.12,-0.119999,-0.027548,-0.028592,-0.17753,-0.178268,0.24753,0.237722,-0.07,-0.057022,0.027548,0.027561
1787224276.546584,1.52,75,1.468419,1.47144,1.429986,1.424636,0.102377,0.09937,-0.140811,-0.146175,-0.978048,-0.94895,0.928557,0.913575,-0.032284,-0.020655,-0.278923,-0.284611,-0.12,-0.120001,-0.001168,-0.001281,-0.137767,-0.144287,0.330804,0.19804,-0.193036,-0.054513,0.001168,0.001291,-0.12,-0.119998,-0.027525,-0.029568,-0.175115,-0.178119,0.245115,0.239684,-0.07,-0.059617,0.027525,0.027558
1787224276.566104,1.54,76,1.468419,1.47084,1.429986,1.425713,0.102377,0.099975,-0.140811,-0.145109,-0.978048,-0.954767,0.928557,0.916571,-0.032284,-0.022981,-0.278923,-0.283476,-0.12,-0.120002,-0.001152,-0.001255,-0.137013,-0.142985,0.334144,0.224589,-0.197131,-0.082215,0.001152,0.001267,-0.12,-0.119998,-0.027518,-0.030255,-0.174391,-0.177517,0.244391,0.240771,-0.07,-0.061692,0.027518,0.027551
1787224276.585188,1.56,77,1.467991,1.470359,1.433319,1.426572,0.102805,0.100459,-0.137477,-0.144254,-0.989228,-0.959422,0.938819,0.918967,-0.034734,-0.024842,-0.278107,-0.282568,-0.12,-0.120003,-0.001159,-0.001232,-0.138543,-0.141792,0.34424,0.246497,-0.205697,-0.105195,0.001159,0.001245,-0.12,-0.119997,-0.027549,-0.030666,-0.174434,-0.176891,0.244434,0.241495,-0.07,-0.063353,0.027549,0.027543
1787224276.602618,1.58,78,1.467991,1.469888,1.433319,1.427928,0.102805,0.10093,-0.137477,-0.142906,-0.989228,-0.965381,0.938819,0.922936,-0.034734,-0.026822,-0.278107,-0.281679,-0.12,-0.120004,-0.001161,-0.001214,-0.139002,-0.141144,0.347269,0.266042,-0.208267,-0.125292,0.001161,0.001229,-0.12,-0.119997,-0.027558,-0.030909,-0.174447,-0.176399,0.244447,0.242084,-0.07,-0.064682,0.027558,0.027544
1787224276.620337,1.6,79,1.467719,1.46951,1.436408,1.42901,0.103077,0.101307,-0.134389,-0.141825,-0.990215,-0.970148,0.947397,0.926112,-0.037516,-0.028405,-0.277103,-0.280967,-0.12,-0.120004,-0.001146,-0.000965,-0.135983,-0.140717,0.345184,0.282283,-0.209201,-0.141884,0.001146,0.001216,-0.12,-0.119997,-0.027406,-0.030776,-0.171707,-0.176008,0.241707,0.242557,-0.07,-0.065745,0.027406,0.027546
1787224276.638474,1.62,80,1.467719,1.469153,1.436408,1.430495,0.103077,0.101662,-0.134389,-0.140343,-0.990215,-0.97416,0.947397,0.930367,-0.037516,-0.030228,-0.277103,-0.280197,-0.12,-0.120004,-0.001141,-0.000242,-0.135078,-0.139772,0.344559,0.294859,-0.209481,-0.155344,0.001141,0.001203,-0.12,-0.119996,-0.02736,-0.030105,-0.170884,-0.175147,0.240884,0.242388,-0.07,-0.066595,0.02736,0.027517
1787224276.658795,1.64,81,1.466713,1.468867,1.43857,1.43168,0.104083,0.101946,-0.132226,-0.139155,-0.987624,-0.977369,0.946322,0.933771,-0.044679,-0.031687,-0.27661,-0.279582,-0.108567,-0.120004,-0.001129,0.000259,-0.13546,-0.138835,0.340699,0.304795,-0.205238,-0.166167,0.001129,0.001192,-0.108567,-0.119996,-0.027317,-0.029559,-0.169388,-0.174294,0.239388,0.242088,-0.07,-0.067275,0.027317,0.027485
1787224276.677607,1.66,82,1.466713,1.468438,1.43857,1.43306,0.104083,0.102374,-0.132226,-0.137772,-0.987624,-0.979419,0.946322,0.93628,-0.044679,-0.034285,-0.27661,-0.278994,-0.083054,-0.117719,-0.001125,0.000181,-0.135575,-0.138162,0.339541,0.311972,-0.203966,-0.173978,0.001125,0.00118,-0.083054,-0.117711,-0.027304,-0.029114,-0.168939,-0.173312,0.238939,0.241549,-0.07,-0.067819,0.027304,0.02745
1787224276.698086,1.68,83,1.466713,1.468094,1.43857,1.434164,0.104083,0.102717,-0.132226,-0.136666,-0.987624,-0.981059,0.946322,0.938287,-0.044679,-0.036365,-0.27661,-0.278522,-0.049618,-0.110793,-0.001124,-8.1e-05,-0.135609,-0.139325,0.339193,0.317481,-0.203584,-0.179973,0.001124,0.00117,-0.049618,-0.110783,-0.0273,-0.028753,-0.168805,-0.172436,0.238805,0.241029,-0.07,-0.068255,0.0273,0.027421
1787224276.723459,1.7,84,1.463418,1.467819,1.439618,1.435049,0.107378,0.102992,-0.131178,-0.135782,-0.988613,-0.982371,0.941278,0.939893,-0.055351,-0.038028,-0.277115,-0.278143,-0.020179,-0.09857,-0.001022,-0.000291,-0.131305,-0.138583,0.324598,0.321821,-0.193292,-0.184692,0.001022,0.00116,-0.020179,-0.09856,-0.027211,-0.028461,-0.165944,-0.17171,0.235944,0.240585,-0.07,-0.068603,0.027211,0.027397
1787224276.742672,1.72,85,1.463418,1.466944,1.439618,1.435966,0.107378,0.103872,-0.131178,-0.134865,-0.988613,-0.983618,0.941278,0.94017,-0.055351,-0.04149,-0.277115,-0.277944,0.026223,-0.082909,-0.000992,-0.000439,-0.130014,-0.137129,0.320219,0.322376,-0.190205,-0.186411,0.000992,0.001132,0.026223,-0.0829,-0.027184,-0.028209,-0.165086,-0.170557,0.235086,0.239658,-0.07,-0.068882,0.027184,0.02736
1787224276.766587,1.74,86,1.452855,1.466243,1.432112,1.436699,0.117941,0.104575,-0.138684,-0.134131,-0.936718,-0.984616,0.910843,0.940391,-0.063959,-0.044261,-0.279086,-0.277786,0.069123,-0.061116,-4.6e-05,-0.00055,-0.1279,-0.135708,0.3135,0.321946,-0.1856,-0.18717,4.6e-05,0.001104,0.069123,-0.061105,-0.026445,-0.028003,-0.16362,-0.169464,0.23362,0.238744,-0.07,-0.069105,0.026445,0.027325
1787224276.788636,1.76,87,1.452855,1.463585,1.432112,1.435779,0.117941,0.107257,-0.138684,-0.135034,-0.936718,-0.975054,0.910843,0.934493,-0.063959,-0.048195,-0.279086,-0.278057,0.104737,-0.035138,0.000237,-0.00045,-0.127266,-0.134148,0.311484,0.320259,-0.184219,-0.186856,-0.000237,0.000892,0.104737,-0.035115,-0.026224,-0.027692,-0.16318,-0.168296,0.23318,0.237721,-0.07,-0.069284,0.026224,0.027149
1787224276.811201,1.78,88,1.432185,1.461456,1.412564,1.435043,0.138611,0.109403,-0.158232,-0.135758,-0.919696,-0.967403,0.892806,0.929773,-0.069049,-0.051345,-0.276881,-0.278274,0.115421,-0.007594,0.000642,-0.000313,-0.115082,-0.132774,0.283823,0.318507,-0.16874,-0.18633,-0.000642,0.000667,0.115421,-0.007429,-0.025635,-0.027398,-0.157271,-0.167274,0.227271,0.236814,-0.07,-0.069427,0.025635,0.026964
1787224276.827214,1.8,89,1.432185,1.45566,1.412564,1.430528,0.138611,0.11527,-0.158232,-0.140209,-0.919696,-0.957885,0.892806,0.922397,-0.069049,-0.054883,-0.276881,-0.278013,0.118626,0.017681,0.000763,-0.000123,-0.111427,-0.129242,0.275524,0.311583,-0.164097,-0.182819,-0.000763,0.000406,0.118626,0.017537,-0.025458,-0.027046,-0.155498,-0.165277,0.225498,0.234908,-0.07,-0.069541,0.025458,0.026699
1787224276.846717,1.82,90,1.404921,1.45102,1.38479,1.426916,0.165875,0.119966,-0.186006,-0.143775,-0.925969,-0.950267,0.906308,0.916494,-0.074172,-0.057715,-0.274844,-0.277804,0.119588,0.037727,0.001061,5.7e-05,-0.094496,-0.125687,0.265884,0.304387,-0.171389,-0.179084,-0.001061,0.000174,0.119588,0.037648,-0.025097,-0.026729,-0.14332,-0.163325,0.21332,0.23303,-0.07,-0.069633,0.025097,0.026451
1787224276.865328,1.84,91,1.404921,1.441932,1.38479,1.41844,0.165875,0.129208,-0.186006,-0.152107,-0.925969,-0.945422,0.906308,0.914462,-0.074172,-0.061006,-0.274844,-0.277238,0.119876,0.054044,0.001151,0.000256,-0.089416,-0.119465,0.262992,0.296706,-0.173576,-0.177549,-0.001151,-8.4e-05,0.119876,0.053982,-0.024988,-0.026403,-0.139667,-0.159333,0.209667,0.229098,-0.07,-0.069706,0.024988,0.026181
1787224276.884768,1.86,92,1.404921,1.434653,1.38479,1.411661,0.165875,0.136604,-0.186006,-0.158785,-0.925969,-0.941544,0.906308,0.912836,-0.074172,-0.063642,-0.274844,-0.276784,0.119963,0.067178,0.001177,0.000435,-0.087892,-0.113473,0.262125,0.289983,-0.174233,-0.176757,-0.001177,-0.000291,0.119963,0.067121,-0.024955,-0.02612,-0.138571,-0.155411,0.208571,0.225223,-0.07,-0.069765,0.024955,0.025942
1787224276.911112,1.88,93,1.3683,1.428794,1.330721,1.406265,0.202496,0.142493,-0.240076,-0.164164,-0.896629,-0.93844,0.912247,0.911535,-0.078303,-0.065753,-0.269667,-0.276428,0.119989,0.077709,0.001845,0.000583,-0.075368,-0.108375,0.242208,0.284431,-0.166841,-0.176254,-0.001845,-0.000467,0.119989,0.077659,-0.0249,-0.025887,-0.12828,-0.152055,0.19828,0.221904,-0.07,-0.069812,0.0249,0.025745
1787224276.930037,1.9,94,1.3683,1.4162,1.330721,1.431642,0.202496,0.153895,-0.240076,-0.178196,-0.896629,-0.930101,0.912247,0.911679,-0.078303,-0.068139,-0.269667,-0.258535,0.119997,0.086069,0.002045,0.000833,-0.07161,-0.101794,0.236233,0.276012,-0.164623,-0.174377,-0.002045,-0.00074,0.119997,0.08609,-0.024884,-0.025691,-0.125193,-0.147318,0.195193,0.217195,-0.07,-0.06985,0.024884,0.025577
1787224276.950475,1.92,95,1.327544,1.406368,1.272606,1.411818,0.243253,0.163337,-0.29819,-0.191109,-0.938665,-0.92341,0.931438,0.911793,-0.07242,-0.070172,-0.256734,-0.260755,0.119999,0.092823,0.002591,0.001076,-0.070483,-0.095764,0.240338,0.268061,-0.169855,-0.172427,-0.002591,-0.000999,0.119999,0.092863,-0.024779,-0.025529,-0.121431,-0.142895,0.191431,0.212798,-0.07,-0.06988,0.024779,0.025439
1787224276.970863,1.94,96,1.327544,1.390265,1.272606,1.384477,0.243253,0.178952,-0.29819,-0.21312,-0.938665,-0.926456,0.931438,0.915719,-0.07242,-0.070621,-0.256734,-0.25995,0.12,0.098244,0.002755,0.001378,-0.070145,-0.090709,0.24157,0.262518,-0.171425,-0.171913,-0.002755,-0.001317,0.12,0.098287,-0.024748,-0.025379,-0.120303,-0.138604,0.190303,0.208526,-0.07,-0.069904,0.024748,0.025307
1787224276.989521,1.96,97,1.327544,1.377526,1.272606,1.362392,0.243253,0.191603,-0.29819,-0.23047,-0.938665,-0.928895,0.931438,0.918862,-0.07242,-0.07098,-0.256734,-0.259306,0.12,0.102589,0.002804,0.001654,-0.070043,-0.086597,0.241939,0.258328,-0.171896,-0.171815,-0.002804,-0.001605,0.12,0.102628,-0.024739,-0.025253,-0.119964,-0.134943,0.189964,0.204882,-0.07,-0.069923,0.024739,0.025195
1787224277.009914,1.98,98,1.267941,1.36742,1.205493,1.344602,0.302856,0.201814,-0.365303,-0.2442,-0.993996,-0.930848,0.940792,0.921377,-0.063031,-0.071268,-0.240341,-0.258791,0.12,0.106068,0.003175,0.001884,-0.070013,-0.083286,0.242821,0.25505,-0.172808,-0.171831,-0.003175,-0.001844,0.12,0.106103,-0.02492,-0.02515,-0.122339,-0.131947,0.192339,0.201898,-0.07,-0.069938,0.02492,0.025104
1787224277.027986,2.0,99,1.267941,1.347374,1.205493,1.317015,0.302856,0.221841,-0.365303,-0.268615,-0.993996,-0.943469,0.940792,0.925257,-0.063031,-0.069618,-0.240341,-0.255103,0.12,0.108853,0.003286,0.002142,-0.070004,-0.080632,0.243085,0.252604,-0.173081,-0.172026,-0.003286,-0.00211,0.12,0.108883,-0.024975,-0.025104,-0.123052,-0.130025,0.193052,0.199986,-0.07,-0.069951,0.024975,0.025067
1787224277.04504,2.02,100,1.267941,1.331421,1.205493,1.294847,0.302856,0.237944,-0.365303,-0.288037,-0.993996,-0.953569,0.940792,0.928362,-0.063031,-0.068297,-0.240341,-0.252153,0.12,0.111082,0.003319,0.00237,-0.070001,-0.078506,0.243164,0.2507,-0.173163,-0.172237,-0.003319,-0.002345,0.12,0.111107,-0.024991,-0.025078,-0.123265,-0.12863,0.193265,0.198599,-0.07,-0.069961,0.024991,0.025049
1787224277.064734,2.04,101,1.267941,1.3187,1.205493,1.27706,0.302856,0.25087,-0.365303,-0.303521,-0.993996,-0.96165,0.940792,0.930846,-0.063031,-0.067241,-0.240341,-0.249793,0.12,0.112865,0.003329,0.00256,-0.07,-0.076806,0.243188,0.249193,-0.173188,-0.172422,-0.003329,-0.00254,0.12,0.112886,-0.024996,-0.025061,-0.123329,-0.127557,0.193329,0.197532,-0.07,-0.069968,0.024996,0.025037
1787224277.090053,2.06,102,1.176788,1.308547,1.108458,1.262799,0.394008,0.261236,-0.462338,-0.315881,-1.083431,-0.968115,0.923061,0.932834,-0.035652,-0.066396,-0.224961,-0.247905,0.12,0.114292,0.003807,0.002714,-0.11258,-0.075446,0.324849,0.247992,-0.212269,-0.172575,-0.003807,-0.002697,0.12,0.11431,-0.025301,-0.025048,-0.034814,-0.126712,0.195067,0.196692,-0.160254,-0.069975,0.025301,0.025029
1787224277.109441,2.08,103,1.176788,1.282325,1.108458,1.231866,0.394008,0.287857,-0.462338,-0.345009,-1.083431,-0.991173,0.923061,0.930881,-0.035652,-0.060248,-0.224961,-0.243318,0.12,0.115432,0.003951,0.002932,-0.125353,-0.085071,0.349347,0.263361,-0.223994,-0.180513,-0.003951,-0.002919,0.12,0.115446,-0.025392,-0.025098,-0.008259,-0.108336,0.195589,0.196367,-0.18733,-0.088026,0.025392,0.025083
1787224277.135255,2.1,104,1.09292,1.261357,1.013362,1.207091,0.477876,0.309181,-0.557434,-0.368307,-1.169208,-1.009622,1.136427,0.929318,-0.00614,-0.055325,-0.205464,-0.239652,0.12,0.116345,0.004282,0.003136,-0.133444,-0.093128,0.337629,0.280557,-0.204185,-0.189208,-0.004282,-0.003126,0.12,0.116356,-0.025907,-0.025157,0.005561,-0.088323,0.202175,0.196212,-0.207736,-0.107885,0.025907,0.025145
1787224277.155335,2.12,105,1.09292,1.227967,1.013362,1.16813,0.477876,0.343129,-0.557434,-0.405786,-1.169208,-1.041519,1.136427,0.970693,-0.00614,-0.045482,-0.205464,-0.232824,0.12,0.117076,0.004381,0.003365,-0.135871,-0.101191,0.334114,0.291971,-0.198243,-0.192204,-0.004381,-0.003357,0.12,0.117085,-0.026062,-0.025307,0.009707,-0.069548,0.204151,0.197404,-0.213858,-0.127853,0.026062,0.025297
1787224277.178746,2.14,106,1.004757,1.201233,0.899237,1.136975,0.566039,0.370268,-0.671559,-0.435803,-1.30486,-1.067047,1.193087,1.003821,0.020236,-0.037608,-0.172552,-0.22736,0.12,0.11766,0.004575,0.003568,-0.133226,-0.108128,0.326774,0.300399,-0.193548,-0.193411,-0.004575,-0.003562,0.12,0.117667,-0.025913,-0.025458,0.011195,-0.053699,0.199669,0.198754,-0.210864,-0.145052,0.025913,0.02545
1787224277.198405,2.16,107,1.004757,1.162369,0.899237,1.089119,0.566039,0.409699,-0.671559,-0.482437,-1.30486,-1.11456,1.193087,1.041627,0.020236,-0.026027,-0.172552,-0.216411,0.12,0.118128,0.004633,0.003769,-0.132432,-0.113148,0.324572,0.305674,-0.192139,-0.193439,-0.004633,-0.003764,0.12,0.118134,-0.025869,-0.025549,0.011641,-0.040722,0.198325,0.198937,-0.209966,-0.158214,0.025869,0.025543
1787224277.228079,2.18,108,0.945064,1.131091,0.813426,1.05104,0.625732,0.441064,-0.757371,-0.519973,-1.396933,-1.152592,1.220692,1.071901,0.039792,-0.016768,-0.149137,-0.207644,0.12,0.118503,0.005005,0.003941,-0.132492,-0.117004,0.326427,0.309454,-0.193935,-0.193179,-0.005005,-0.003938,0.12,0.118506,-0.026317,-0.025612,0.014909,-0.03025,0.198293,0.198814,-0.213202,-0.168564,0.026317,0.025608
1787224277.239691,2.2,109,0.945064,1.09411,0.813426,1.003511,0.625732,0.47802,-0.757371,-0.567164,-1.396933,-1.20141,1.220692,1.101634,0.039792,-0.005448,-0.149137,-0.19595,0.12,0.118802,0.005117,0.004154,-0.13251,-0.120102,0.326983,0.312849,-0.194473,-0.19333,-0.005117,-0.004151,0.12,0.118805,-0.026451,-0.025753,0.01589,-0.021219,0.198283,0.19871,-0.214173,-0.177492,0.026451,0.025751
1787224277.266227,2.22,110,0.907191,1.064442,0.76632,0.965551,0.663605,0.507534,-0.804476,-0.605017,-1.423783,-1.240495,1.244989,1.125442,0.046808,0.003605,-0.138575,-0.186592,0.12,0.119042,0.005619,0.004347,-0.135168,-0.122583,0.328464,0.315676,-0.193296,-0.193559,-0.005619,-0.004344,0.12,0.119043,-0.026606,-0.025892,0.021092,-0.013798,0.195826,0.198625,-0.216917,-0.184828,0.026606,0.025891
1787224277.278035,2.24,111,0.907191,1.033106,0.76632,0.925814,0.663605,0.538683,-0.804476,-0.644747,-1.423783,-1.277135,1.244989,1.149346,0.046808,0.012249,-0.138575,-0.176993,0.12,0.119234,0.00577,0.004601,-0.135965,-0.1251,0.328908,0.318234,-0.192943,-0.193506,-0.00577,-0.004599,0.12,0.119234,-0.026653,-0.026035,0.022652,-0.006821,0.195088,0.198065,-0.217741,-0.191245,0.026653,0.026035
1787224277.295851,2.26,112,0.882375,1.007993,0.750615,0.894023,0.688421,0.563599,-0.820181,-0.676587,-1.448133,-1.30646,1.212807,1.168477,0.050964,0.019162,-0.132176,-0.169312,0.12,0.119387,0.005916,0.004835,-0.136362,-0.127273,0.320634,0.320369,-0.184272,-0.193394,-0.005916,-0.004834,0.12,0.119387,-0.026511,-0.026158,0.024992,-0.000942,0.190839,0.197469,-0.21583,-0.196544,0.026511,0.026159
1787224277.315262,2.28,113,0.882375,0.98292,0.750615,0.865449,0.688421,0.588484,-0.820181,-0.705231,-1.448133,-1.334791,1.212807,1.177351,0.050964,0.025523,-0.132176,-0.161887,0.12,0.11951,0.00596,0.005051,-0.136481,-0.12909,0.318152,0.320422,-0.181671,-0.191569,-0.00596,-0.00505,0.12,0.119509,-0.026468,-0.026228,0.025693,0.004266,0.189564,0.196143,-0.215257,-0.200401,0.026468,0.026229
1787224277.332976,2.3,114,0.882375,0.96284,0.750615,0.842568,0.688421,0.608407,-0.820181,-0.728175,-1.448133,-1.35746,1.212807,1.184448,0.050964,0.030611,-0.132176,-0.155946,0.12,0.119608,0.005973,0.005233,-0.136516,-0.130568,0.317407,0.319968,-0.18089,-0.18959,-0.005973,-0.005232,0.12,0.119607,-0.026456,-0.026276,0.025904,0.008549,0.189181,0.194827,-0.215085,-0.203372,0.026456,0.026277
1787224277.359276,2.32,115,0.873055,0.946761,0.759914,0.824243,0.697742,0.624359,-0.810883,-0.746549,-1.486726,-1.375597,1.17088,1.190124,0.052563,0.034681,-0.131512,-0.151193,0.12,0.119687,0.00622,0.005381,-0.136751,-0.131757,0.31131,0.319456,-0.174559,-0.18785,-0.00622,-0.00538,0.12,0.119686,-0.02631,-0.026312,0.027024,0.012019,0.192472,0.193698,-0.219496,-0.205715,0.02631,0.026313
1787224277.373311,2.34,116,0.873055,0.932027,0.759914,0.81142,0.697742,0.638991,-0.810883,-0.759403,-1.486726,-1.397823,1.17088,1.186278,0.052563,0.038257,-0.131512,-0.147257,0.12,0.119749,0.006295,0.005549,-0.136822,-0.132756,0.309481,0.317827,-0.172659,-0.185192,-0.006295,-0.005548,0.12,0.119748,-0.026266,-0.026311,0.027359,0.01502,0.193459,0.193453,-0.220819,-0.208471,0.026266,0.026313
1787224277.397214,2.36,117,0.873036,0.920234,0.778811,0.80115,0.697761,0.650707,-0.791985,-0.769693,-1.509882,-1.415605,1.208773,1.1832,0.060313,0.041118,-0.136044,-0.144109,0.12,0.1198,0.0063,0.005698,-0.134956,-0.133569,0.324281,0.316158,-0.189325,-0.182685,-0.0063,-0.005698,0.12,0.119798,-0.026456,-0.026302,0.026308,0.017487,0.212846,0.193454,-0.239154,-0.21094,0.026456,0.026304
1787224277.417549,2.38,118,0.873036,0.910795,0.778811,0.796694,0.697761,0.660095,-0.791985,-0.77415,-1.509882,-1.434461,1.208773,1.188315,0.060313,0.044957,-0.136044,-0.142496,0.12,0.11984,0.006301,0.005818,-0.134396,-0.133846,0.328721,0.317782,-0.194325,-0.184013,-0.006301,-0.005818,0.12,0.119838,-0.026512,-0.026333,0.025992,0.01925,0.218662,0.197331,-0.244654,-0.216583,0.026512,0.026334
1787224277.438618,2.4,119,0.878717,0.903241,0.843106,0.793126,0.692079,0.667611,-0.72769,-0.777717,-1.504668,-1.449546,1.199758,1.192407,0.062576,0.048028,-0.144028,-0.141205,0.12,0.119872,0.005642,0.005915,-0.131199,-0.133956,0.305022,0.31997,-0.173822,-0.186075,-0.005642,-0.005915,0.12,0.119869,-0.026919,-0.026369,0.023106,0.020597,0.221645,0.201596,-0.244751,-0.222198,0.026919,0.02637
1787224277.459683,2.42,120,0.878717,0.898335,0.843106,0.803102,0.692079,0.672495,-0.72769,-0.767713,-1.504668,-1.460571,1.199758,1.193876,0.062576,0.050937,-0.144028,-0.141769,0.12,0.119898,0.005444,0.00586,-0.13024,-0.133404,0.297912,0.316981,-0.167672,-0.183625,-0.005444,-0.00586,0.12,0.119894,-0.027042,-0.026479,0.02224,0.021098,0.22254,0.205605,-0.24478,-0.226709,0.027042,0.02648
1787224277.480681,2.44,121,0.878717,0.894409,0.843106,0.811086,0.692079,0.676404,-0.72769,-0.759705,-1.504668,-1.469391,1.199758,1.195051,0.062576,0.053265,-0.144028,-0.14222,0.12,0.119918,0.005384,0.005777,-0.129952,-0.132771,0.295779,0.313167,-0.165826,-0.180434,-0.005384,-0.005777,0.12,0.119915,-0.027078,-0.026592,0.02198,0.021325,0.222809,0.208991,-0.244789,-0.230324,0.027078,0.026592
1787224277.502512,2.46,122,0.909088,0.891268,0.92184,0.817476,0.661708,0.679533,-0.648956,-0.753298,-1.454089,-1.476447,1.160073,1.195992,0.086014,0.055127,-0.161177,-0.142581,0.12,0.119935,0.004978,0.005698,-0.119311,-0.132207,0.268244,0.309689,-0.148933,-0.177513,-0.004978,-0.005698,0.12,0.119931,-0.028018,-0.02669,-0.105005,0.021454,0.344119,0.211754,-0.239115,-0.233217,0.028018,0.026689
1787224277.520838,2.48,123,0.909088,0.894832,0.92184,0.838322,0.661708,0.675971,-0.648956,-0.732433,-1.454089,-1.471975,1.160073,1.188809,0.086014,0.061303,-0.161177,-0.146302,0.12,0.119948,0.004856,0.005554,-0.116119,-0.129628,0.259983,0.3014,-0.143865,-0.171797,-0.004856,-0.005554,0.12,0.119944,-0.0283,-0.026956,-0.1431,-0.003838,0.380512,0.238225,-0.237412,-0.234397,0.0283,0.026955
1787224277.540681,2.5,124,0.909088,0.897685,0.92184,0.854998,0.661708,0.673122,-0.648956,-0.715738,-1.454089,-1.468398,1.160073,1.183062,0.086014,0.066244,-0.161177,-0.149278,0.12,0.119959,0.00482,0.005415,-0.115161,-0.126926,0.257505,0.293117,-0.142344,-0.16621,-0.00482,-0.005415,0.12,0.119954,-0.028384,-0.027225,-0.154529,-0.031691,0.39143,0.266681,-0.236902,-0.235001,0.028384,0.027224
1787224277.572976,2.52,125,0.958808,0.899967,1.004543,0.868341,0.611988,0.670842,-0.566253,-0.702378,-1.358925,-1.465536,1.044453,1.178464,0.093079,0.070197,-0.181064,-0.151657,0.12,0.119967,0.004886,0.005296,-0.104793,-0.124573,0.269253,0.285995,-0.16446,-0.161437,-0.004886,-0.005296,0.12,0.119962,-0.028853,-0.027457,-0.154254,-0.056259,0.34925,0.291629,-0.194996,-0.235381,0.028853,0.027456
1787224277.586137,2.54,126,0.958808,0.91174,1.004543,0.895534,0.611988,0.659084,-0.566253,-0.675161,-1.358925,-1.444217,1.044453,1.151677,0.093079,0.074771,-0.181064,-0.157539,0.12,0.119974,0.004906,0.005214,-0.101682,-0.120616,0.272777,0.282647,-0.171095,-0.162042,-0.004906,-0.005214,0.12,0.119969,-0.028993,-0.027736,-0.154172,-0.075859,0.336596,0.303152,-0.182424,-0.227305,0.028993,0.027735
1787224277.602372,2.56,127,0.958808,0.92116,1.004543,0.917287,0.611988,0.649678,-0.566253,-0.653382,-1.358925,-1.427161,1.044453,1.130239,0.093079,0.078432,-0.181064,-0.162244,0.12,0.119979,0.004912,0.005152,-0.100749,-0.116829,0.273834,0.280673,-0.173085,-0.163852,-0.004912,-0.005152,0.12,0.119974,-0.029035,-0.027988,-0.154147,-0.091523,0.3328,0.30984,-0.178653,-0.218329,0.029035,0.027986
1787224277.621644,2.58,128,1.018786,0.928698,1.087247,0.934694,0.55201,0.642152,-0.483549,-0.635953,-1.276295,-1.413514,0.957673,1.113083,0.113834,0.081361,-0.198,-0.166007,0.12,0.119984,0.001779,0.005104,-0.079225,-0.113613,0.252995,0.279305,-0.17377,-0.165699,-0.001779,-0.005104,0.12,0.119978,-0.029638,-0.028198,-0.14528,-0.104049,0.307187,0.314431,-0.161907,-0.210394,0.029638,0.028196
1787224277.642696,2.6,129,1.018786,0.946726,1.087247,0.965131,0.55201,0.62415,-0.483549,-0.605482,-1.276295,-1.386079,0.957673,1.08202,0.113834,0.087852,-0.198,-0.172406,0.12,0.119987,0.000839,0.004439,-0.072767,-0.106735,0.246743,0.274043,-0.173976,-0.167313,-0.000839,-0.004439,0.12,0.119982,-0.029818,-0.028486,-0.14262,-0.112297,0.299503,0.312981,-0.156883,-0.200697,0.029818,0.028484
1787224277.658813,2.62,130,1.018786,0.961103,1.087247,0.989568,0.55201,0.609702,-0.483549,-0.58118,-1.276295,-1.364124,0.957673,1.057156,0.113834,0.093046,-0.198,-0.177526,0.12,0.119988,0.000557,0.003719,-0.07083,-0.099943,0.244868,0.268582,-0.174038,-0.168646,-0.000557,-0.003719,0.12,0.119986,-0.029873,-0.028753,-0.141822,-0.118361,0.297198,0.310286,-0.155376,-0.191935,0.029873,0.028751
1787224277.678439,2.64,131,1.10126,0.972589,1.18924,1.009152,0.469537,0.598125,-0.381557,-0.561759,-1.169841,-1.346559,0.890505,1.037262,0.113907,0.097201,-0.213048,-0.181622,0.12,0.11999,-0.005004,0.003087,-0.070249,-0.094122,0.231333,0.263839,-0.161084,-0.169725,0.005004,-0.003086,0.12,0.119989,-0.032338,-0.028977,-0.091547,-0.123053,0.192612,0.307668,-0.101065,-0.184623,0.032338,0.028975
1787224277.696986,2.66,132,1.10126,0.998158,1.18924,1.045322,0.469537,0.572273,-0.381557,-0.525997,-1.169841,-1.311234,0.890505,1.007929,0.113907,0.100539,-0.213048,-0.187907,0.12,0.119991,-0.006673,0.001469,-0.070075,-0.089349,0.227272,0.257337,-0.157197,-0.167997,0.006673,-0.001468,0.12,0.119991,-0.033077,-0.029649,-0.076464,-0.116752,0.161236,0.284658,-0.084772,-0.167913,0.033077,0.029648
1787224277.719416,2.68,133,1.197955,1.018604,1.303788,1.074277,0.372841,0.551581,-0.267008,-0.497399,-1.140935,-1.282963,0.8721,0.984453,0.124997,0.103211,-0.23176,-0.192935,0.12,0.119992,-0.01524,-0.000162,-0.070022,-0.085495,0.276139,0.251323,-0.206116,-0.165838,0.01524,0.000162,0.12,0.119993,-0.038087,-0.030334,-0.071939,-0.108695,0.222066,0.259976,-0.150127,-0.151286,0.038087,0.030334
1787224277.741927,2.7,134,1.197955,1.054065,1.303788,1.120554,0.372841,0.515497,-0.267008,-0.451942,-1.140935,-1.254578,0.8721,0.962,0.124997,0.107564,-0.23176,-0.200701,0.12,0.119992,-0.01781,-0.003175,-0.070007,-0.082402,0.290799,0.256284,-0.220792,-0.173893,0.01781,0.003176,0.12,0.119995,-0.03959,-0.031885,-0.070582,-0.101344,0.240315,0.252395,-0.169734,-0.151054,0.03959,0.031884
1787224277.761712,2.72,135,1.197955,1.082511,1.303788,1.157485,0.372841,0.486697,-0.267008,-0.415475,-1.140935,-1.231855,0.8721,0.944027,0.124997,0.111047,-0.23176,-0.206914,0.12,0.119993,-0.018581,-0.006101,-0.070002,-0.079925,0.295197,0.263185,-0.225195,-0.183272,0.018581,0.006103,0.12,0.119996,-0.040041,-0.033426,-0.070175,-0.095192,0.24579,0.249978,-0.175616,-0.154788,0.040041,0.033425
1787224277.783907,2.74,136,1.282288,1.105328,1.382475,1.186982,0.288509,0.463702,-0.188321,-0.38621,-1.118491,-1.213669,0.847713,0.929643,0.129722,0.113835,-0.241804,-0.211885,0.12,0.119993,-0.019086,-0.008597,-0.092198,-0.077941,0.337402,0.269585,-0.245204,-0.191656,0.019086,0.008599,0.12,0.119997,-0.039379,-0.034749,-0.0842,-0.090189,0.306352,0.24914,-0.222152,-0.158953,0.039379,0.034748
1787224277.803131,2.76,137,1.282288,1.140485,1.382475,1.22618,0.288509,0.428504,-0.188321,-0.346994,-1.118491,-1.194636,0.847713,0.913262,0.129722,0.11701,-0.241804,-0.21787,0.12,0.119995,-0.019238,-0.010694,-0.098857,-0.080792,0.350063,0.283148,-0.251206,-0.202365,0.019238,0.010696,0.12,0.119996,-0.039181,-0.035675,-0.088407,-0.088992,0.32452,0.26058,-0.236113,-0.171592,0.039181,0.035675
1787224277.825968,2.78,138,1.353671,1.168759,1.432562,1.257397,0.217125,0.400486,-0.138234,-0.315426,-1.132196,-1.179404,0.846325,0.900152,0.13414,0.119551,-0.247538,-0.222658,0.12,0.119996,-0.018688,-0.012403,-0.108653,-0.084405,0.372091,0.296531,-0.263438,-0.212134,0.018688,0.012404,0.12,0.119996,-0.038445,-0.036376,-0.075522,-0.088876,0.322402,0.273367,-0.24688,-0.184497,0.038445,0.036376
1787224277.844588,2.8,139,1.353671,1.20571,1.432562,1.292294,0.217125,0.36389,-0.138234,-0.28008,-1.132196,-1.169958,0.846325,0.889386,0.13414,0.122468,-0.247538,-0.227634,0.12,0.119997,-0.018523,-0.01366,-0.111592,-0.089254,0.3787,0.311643,-0.267108,-0.222394,0.018523,0.013661,0.12,0.119996,-0.038224,-0.036789,-0.071657,-0.086207,0.321767,0.283173,-0.25011,-0.196974,0.038224,0.03679
1787224277.865235,2.82,140,1.413795,1.235325,1.464944,1.32019,0.157002,0.33466,-0.105852,-0.251726,-1.150736,-1.162402,0.836177,0.880772,0.146113,0.124802,-0.245046,-0.231615,0.12,0.119998,-0.018803,-0.014632,-0.127998,-0.093721,0.406872,0.325054,-0.278874,-0.231337,0.018803,0.014633,0.12,0.119996,-0.037041,-0.037076,-0.087181,-0.083298,0.429284,0.290891,-0.281673,-0.207601,0.037041,0.037077
1787224277.885226,2.84,141,1.413795,1.271103,1.464944,1.348932,0.157002,0.299348,-0.105852,-0.222507,-1.150736,-1.160063,0.836177,0.871851,0.146113,0.129063,-0.245046,-0.234303,0.12,0.119998,-0.018887,-0.015466,-0.132919,-0.100576,0.415323,0.341417,-0.282404,-0.240844,0.018887,0.015467,0.12,0.119996,-0.036686,-0.037069,-0.091838,-0.084076,0.461539,0.318567,-0.291142,-0.222415,0.036686,0.03707
1787224277.905134,2.86,142,1.413795,1.299746,1.464944,1.371942,0.157002,0.271098,-0.105852,-0.199102,-1.150736,-1.158194,0.836177,0.864714,0.146113,0.132472,-0.245046,-0.236452,0.12,0.119999,-0.018912,-0.01615,-0.134396,-0.107044,0.417859,0.356198,-0.283463,-0.249156,0.018912,0.016151,0.12,0.119996,-0.03658,-0.036993,-0.093235,-0.08563,0.471216,0.347159,-0.293983,-0.23616,0.03658,0.036993
1787224277.930226,2.88,143,1.467483,1.322666,1.476997,1.390373,0.103313,0.248478,-0.093799,-0.180365,-1.10357,-1.1567,0.797684,0.859005,0.170924,0.135199,-0.251078,-0.238171,0.12,0.119999,-0.023984,-0.016703,-0.098172,-0.112514,0.396042,0.36853,-0.293687,-0.256017,0.023984,0.016703,0.12,0.119996,-0.030479,-0.03691,-0.085824,-0.087152,0.257072,0.371968,-0.146049,-0.247724,0.030479,0.036911
1787224277.949114,2.9,144,1.467483,1.351751,1.476997,1.407554,0.103313,0.219685,-0.093799,-0.162975,-1.10357,-1.146077,0.797684,0.846742,0.170924,0.142344,-0.251078,-0.240752,0.12,0.119999,-0.025505,-0.018159,-0.087305,-0.109646,0.389497,0.374032,-0.296754,-0.26355,0.025505,0.018159,0.12,0.119997,-0.028648,-0.035624,-0.083601,-0.086886,0.192829,0.348991,-0.101668,-0.22739,0.028648,0.035625
1787224277.97033,2.92,145,1.49465,1.374999,1.480734,1.421328,0.076146,0.196608,-0.090062,-0.149072,-1.110695,-1.137577,0.774809,0.83693,0.185777,0.14806,-0.242374,-0.242815,0.12,0.12,-0.028503,-0.019628,-0.075192,-0.105178,0.368414,0.377125,-0.285026,-0.270191,0.028503,0.019628,0.12,0.119997,-0.022032,-0.034228,-0.07408,-0.08623,0.283914,0.317761,-0.207566,-0.202248,0.022032,0.03423
1787224277.988014,2.94,146,1.49465,1.398899,1.480734,1.433184,0.076146,0.17258,-0.090062,-0.137279,-1.110695,-1.132199,0.774809,0.824506,0.185777,0.155603,-0.242374,-0.242728,0.12,0.119998,-0.029403,-0.021403,-0.071557,-0.099183,0.36209,0.375382,-0.281508,-0.273158,0.029403,0.021404,0.12,0.119998,-0.020046,-0.031789,-0.071224,-0.0838,0.311239,0.310992,-0.239335,-0.203311,0.020046,0.03179
1787224278.007565,2.96,147,1.508816,1.417976,1.469148,1.442703,0.06198,0.153289,-0.101648,-0.127867,-1.13287,-1.127897,0.798702,0.814566,0.198518,0.161638,-0.230885,-0.242659,0.12,0.119998,-0.029095,-0.023002,-0.151883,-0.093659,0.598992,0.372722,-0.39676,-0.274829,0.029095,0.023004,0.12,0.119998,-0.012425,-0.029441,-0.151783,-0.081284,0.354203,0.311041,-0.202216,-0.210516,0.012425,0.029442
1787224278.027709,2.98,148,1.508816,1.435992,1.469148,1.448022,0.06198,0.134935,-0.101648,-0.122665,-1.13287,-1.12889,0.798702,0.811393,0.198518,0.169017,-0.230885,-0.240315,0.12,0.119997,-0.029003,-0.024221,-0.175981,-0.105305,0.670062,0.41797,-0.431336,-0.299212,0.029003,0.024222,0.12,0.119999,-0.010138,-0.026037,-0.175951,-0.095382,0.367092,0.319673,-0.19108,-0.208856,0.010138,0.026038
1787224278.046962,3.0,149,1.508816,1.450392,1.469148,1.452286,0.06198,0.120222,-0.101648,-0.118507,-1.13287,-1.129684,0.798702,0.808856,0.198518,0.174921,-0.230885,-0.23844,0.12,0.119996,-0.028976,-0.025177,-0.18321,-0.119439,0.691383,0.46838,-0.441709,-0.325633,0.028976,0.025179,0.12,0.119999,-0.009452,-0.022858,-0.183201,-0.111494,0.370959,0.329156,-0.18774,-0.205302,0.009452,0.022859
1787224278.072895,3.02,150,1.511855,1.461915,1.457296,1.455699,0.058941,0.108441,-0.1135,-0.115181,-1.150328,-1.13032,0.818588,0.806825,0.229471,0.179643,-0.21763,-0.236938,0.12,0.119996,-0.030204,-0.025936,-0.103963,-0.132193,0.436038,0.512972,-0.312135,-0.348844,0.030204,0.025938,0.12,0.12,0.000849,-0.020177,-0.10396,-0.125833,0.209288,0.337515,-0.105322,-0.20179,-0.000849,0.020178
1787224278.093543,3.04,151,1.511855,1.471743,1.457296,1.456023,0.058941,0.098401,-0.1135,-0.11485,-1.150328,-1.13432,0.818588,0.809177,0.229471,0.189612,-0.21763,-0.233089,0.12,0.119997,-0.030572,-0.02679,-0.080189,-0.126549,0.359434,0.497592,-0.273263,-0.341505,0.030572,0.026791,0.12,0.12,0.00394,-0.015973,-0.080188,-0.12146,0.160786,0.311877,-0.080597,-0.182502,-0.00394,0.015973
1787224278.114089,3.06,152,1.508828,1.479635,1.447531,1.456282,0.061968,0.090393,-0.123265,-0.114584,-1.138495,-1.13752,0.828332,0.811059,0.266725,0.197585,-0.206865,-0.230004,0.12,0.119997,-0.035861,-0.027547,-0.073057,-0.11728,0.326056,0.469969,-0.251205,-0.327861,0.035861,0.027547,0.12,0.12,0.011622,-0.011992,-0.073056,-0.113208,0.146236,0.281667,-0.073179,-0.162126,-0.011622,0.011992
1787224278.13274,3.08,153,1.508828,1.48537,1.447531,1.454504,0.061968,0.084612,-0.123265,-0.116289,-1.138495,-1.137715,0.828332,0.814513,0.266725,0.211416,-0.206865,-0.22539,0.12,0.119997,-0.037448,-0.029209,-0.070917,-0.108439,0.316043,0.441197,-0.244587,-0.312535,0.037448,0.029209,0.12,0.12,0.013927,-0.007272,-0.070917,-0.105181,0.141871,0.254589,-0.070954,-0.144342,-0.013927,0.007272
1787224278.155373,3.1,154,1.503049,1.489975,1.436788,1.453085,0.067748,0.080001,-0.134009,-0.117658,-1.104718,-1.137871,0.813147,0.817276,0.302929,0.222479,-0.206534,-0.221695,0.12,0.119997,-0.037067,-0.030857,-0.042868,-0.100937,0.192813,0.416174,-0.149783,-0.29895,0.037067,0.030856,0.12,0.12,0.019776,-0.00304,-0.070275,-0.09833,0.140561,0.232051,-0.070286,-0.129667,-0.019776,0.00304
1787224278.173785,3.12,155,1.503049,1.492571,1.436788,1.449803,0.067748,0.077533,-0.134009,-0.120904,-1.104718,-1.131241,0.813147,0.816451,0.302929,0.238576,-0.206534,-0.218697,0.12,0.119998,-0.036953,-0.032099,-0.034454,-0.089323,0.155844,0.371508,-0.121342,-0.269122,0.036953,0.032098,0.12,0.12,0.021531,0.001551,-0.070083,-0.09272,0.140168,0.213752,-0.070086,-0.11779,-0.021531,-0.001551
1787224278.195067,3.14,156,1.495862,1.494661,1.425896,1.447195,0.074934,0.075572,-0.1449,-0.123519,-1.071935,-1.125936,0.793733,0.81579,0.328024,0.251451,-0.213011,-0.216284,0.12,0.119999,-0.03587,-0.03307,0.002957,-0.078349,0.144753,0.328378,-0.147696,-0.239569,0.03587,0.033069,0.12,0.119999,0.024761,0.005534,-0.029159,-0.088193,0.140051,0.199034,-0.110892,-0.108248,-0.024761,-0.005533
1787224278.210897,3.16,157,1.495862,1.494902,1.425896,1.442942,0.074934,0.075444,-0.1449,-0.127801,-1.071935,-1.115136,0.793733,0.811379,0.328024,0.266766,-0.213011,-0.215655,0.12,0.119999,-0.035545,-0.03363,0.01418,-0.062088,0.141426,0.291654,-0.155602,-0.221195,0.035545,0.033629,0.12,0.119999,0.02573,0.009377,-0.016882,-0.076387,0.140015,0.187236,-0.123133,-0.108777,-0.02573,-0.009376
1787224278.236318,3.18,158,1.486639,1.495094,1.412268,1.439551,0.084158,0.075343,-0.158529,-0.131238,-1.073146,-1.106496,0.788738,0.80785,0.349644,0.279017,-0.23056,-0.215142,0.12,0.119999,-0.033748,-0.034013,0.029033,-0.046835,0.140428,0.26161,-0.169459,-0.208078,0.033748,0.034012,0.12,0.119998,0.033895,0.012647,-0.005679,-0.064488,0.140005,0.177791,-0.134326,-0.111649,-0.033895,-0.012645
1787224278.250055,3.2,159,1.486639,1.493389,1.412268,1.434142,0.084158,0.077092,-0.158529,-0.136741,-1.073146,-1.099827,0.788738,0.804027,0.349644,0.293135,-0.23056,-0.218245,0.12,0.12,-0.033209,-0.03396,0.033489,-0.031663,0.140128,0.237376,-0.173617,-0.200355,0.033209,0.033959,0.12,0.119998,0.036345,0.016896,-0.002318,-0.052728,0.140001,0.170234,-0.137683,-0.116185,-0.036345,-0.016894
1787224278.277066,3.22,160,1.467027,1.492022,1.399328,1.429821,0.10377,0.078488,-0.171468,-0.14115,-1.05495,-1.094491,0.746109,0.80097,0.371065,0.304432,-0.251601,-0.220716,0.12,0.12,-0.033141,-0.03381,0.045329,-0.018635,0.140039,0.21793,-0.185367,-0.195008,0.033141,0.033809,0.12,0.119998,0.033634,0.020786,-0.018102,-0.042649,0.14,0.164188,-0.121899,-0.120485,-0.033634,-0.020783
1787224278.294822,3.24,161,1.467027,1.486953,1.399328,1.42381,0.10377,0.083471,-0.171468,-0.147299,-1.05495,-1.086584,0.746109,0.79,0.371065,0.31775,-0.251601,-0.226893,0.12,0.12,-0.03312,-0.033676,0.048881,-0.005855,0.140012,0.202355,-0.188892,-0.19308,0.03312,0.033675,0.12,0.119997,0.032821,0.023355,-0.022837,-0.037742,0.14,0.159351,-0.117163,-0.120769,-0.032821,-0.023352
1787224278.316959,3.26,162,1.450829,1.482932,1.396545,1.418958,0.119967,0.087494,-0.174251,-0.152176,-1.056376,-1.080257,0.726021,0.781222,0.392683,0.328408,-0.259752,-0.231837,0.12,0.119999,-0.023325,-0.033565,0.034526,0.005117,0.140003,0.189886,-0.17453,-0.192243,0.023325,0.033565,0.12,0.119998,0.031348,0.025248,-0.055851,-0.03476,0.14,0.155481,-0.084149,-0.120048,-0.031348,-0.025246
1787224278.334582,3.28,163,1.450829,1.476479,1.396545,1.414498,0.119967,0.093956,-0.174251,-0.156613,-1.056376,-1.075481,0.726021,0.770182,0.392683,0.341255,-0.259752,-0.237428,0.12,0.119998,-0.020386,-0.031516,0.03022,0.010988,0.140001,0.179908,-0.170221,-0.188701,0.020386,0.031517,0.12,0.119999,0.030906,0.026468,-0.065755,-0.038978,0.14,0.152385,-0.074245,-0.112869,-0.030906,-0.026466
1787224278.355792,3.3,164,1.441486,1.471341,1.401684,1.410915,0.129311,0.099149,-0.169112,-0.160147,-1.031423,-1.07166,0.715361,0.76135,0.409011,0.351535,-0.274723,-0.241899,0.12,0.119997,-0.007374,-0.02929,-0.091194,0.01483,0.14,0.171926,-0.048806,-0.185006,0.007374,0.029291,0.12,0.119999,0.027391,0.027356,-0.068727,-0.044333,0.14,0.149908,-0.071273,-0.105144,-0.027391,-0.027354
1787224278.376565,3.32,165,1.441486,1.46537,1.401684,1.409069,0.129311,0.10518,-0.169112,-0.16194,-1.031423,-1.063613,0.715361,0.752152,0.409011,0.363032,-0.274723,-0.248453,0.12,0.119998,-0.00347,-0.024907,-0.127619,-0.006381,0.14,0.165541,-0.012382,-0.157766,0.00347,0.024908,0.12,0.119999,0.026336,0.027363,-0.069618,-0.049211,0.14,0.147927,-0.070382,-0.09837,-0.026336,-0.027361
1787224278.397056,3.34,166,1.441486,1.460607,1.401684,1.407588,0.129311,0.110019,-0.169112,-0.163371,-1.031423,-1.057175,0.715361,0.744795,0.409011,0.372232,-0.274723,-0.253695,0.12,0.119998,-0.002299,-0.02062,-0.138546,-0.030625,0.14,0.160433,-0.001454,-0.12869,0.002299,0.02062,0.12,0.12,0.02602,0.027157,-0.069885,-0.053292,0.14,0.146342,-0.070115,-0.092773,-0.02602,-0.027156
1787224278.420223,3.36,167,1.436032,1.456769,1.408073,1.406412,0.134765,0.113864,-0.162724,-0.164523,-1.01495,-1.052025,0.647472,0.738908,0.423271,0.379586,-0.29565,-0.257898,0.12,0.119999,0.008822,-0.016956,-0.158835,-0.052207,0.14,0.156347,0.018835,-0.103244,-0.008822,0.016956,0.12,0.119999,0.027402,0.026931,-0.048943,-0.058715,0.14,0.145072,-0.091057,-0.088242,-0.027402,-0.026928
1787224278.43865,3.38,168,1.436032,1.452599,1.408073,1.406742,0.134765,0.118021,-0.162724,-0.164161,-1.01495,-1.04461,0.647472,0.720621,0.423271,0.388315,-0.29565,-0.26545,0.12,0.119999,0.012159,-0.011801,-0.164922,-0.073531,0.14,0.153078,0.024922,-0.07883,-0.012159,0.011801,0.12,0.119998,0.027817,0.027025,-0.042661,-0.056762,0.14,0.144056,-0.097339,-0.088805,-0.027817,-0.027022
1787224278.458126,3.4,169,1.438134,1.449265,1.419632,1.407006,0.132662,0.121348,-0.151165,-0.163872,-1.047252,-1.038678,0.621102,0.705992,0.439272,0.395301,-0.327135,-0.27149,0.12,0.119999,0.015889,-0.007009,-0.1538,-0.091808,0.14,0.150463,0.0138,-0.058082,-0.015889,0.007009,0.12,0.119997,0.02356,0.027183,-0.061798,-0.053943,0.14,0.143244,-0.078202,-0.090512,-0.02356,-0.027181
1787224278.476047,3.42,170,1.438134,1.447025,1.419632,1.409516,0.132662,0.123597,-0.151165,-0.161316,-1.047252,-1.040392,0.621102,0.689015,0.439272,0.404088,-0.327135,-0.282617,0.12,0.12,0.017008,-0.002431,-0.150463,-0.104206,0.14,0.14837,0.010463,-0.043706,-0.017008,0.002431,0.12,0.119997,0.022283,0.026459,-0.067539,-0.055515,0.14,0.142595,-0.072461,-0.088051,-0.022283,-0.026457
1787224278.499009,3.44,171,1.43696,1.445235,1.430184,1.411525,0.133836,0.125398,-0.140612,-0.159272,-1.098787,-1.041764,0.637575,0.675433,0.46291,0.411122,-0.357984,-0.291517,0.12,0.12,0.022107,0.001461,-0.094139,-0.113457,0.14,0.146696,-0.045861,-0.032873,-0.022107,-0.001461,0.12,0.119997,0.021248,0.025624,-0.034006,-0.057921,0.14,0.142075,-0.105994,-0.084933,-0.021248,-0.025622
1787224278.515888,3.46,172,1.43696,1.443571,1.430184,1.415236,0.133836,0.127076,-0.140612,-0.155519,-1.098787,-1.053168,0.637575,0.667861,0.46291,0.421461,-0.357984,-0.304813,0.12,0.12,0.023637,0.005588,-0.077242,-0.109593,0.14,0.145357,-0.062758,-0.035469,-0.023637,-0.005588,0.12,0.119996,0.020938,0.024749,-0.023946,-0.05314,0.14,0.141659,-0.116054,-0.089146,-0.020938,-0.024747
1787224278.54228,3.48,173,1.437942,1.442241,1.436828,1.418208,0.132855,0.12842,-0.133968,-0.15252,-1.12936,-1.062291,0.615854,0.661804,0.508162,0.429737,-0.380162,-0.315449,0.12,0.12,0.020997,0.009198,-0.072173,-0.103123,0.14,0.144286,-0.067827,-0.040926,-0.020997,-0.009198,0.12,0.119996,0.020092,0.023987,-0.065492,-0.047302,0.14,0.141326,-0.074508,-0.094528,-0.020092,-0.023985
1787224278.558527,3.5,174,1.437942,1.441377,1.436828,1.421915,0.132855,0.129303,-0.133968,-0.148793,-1.12936,-1.075705,0.615854,0.652614,0.508162,0.445406,-0.380162,-0.328392,0.12,0.12,0.020204,0.011557,-0.070652,-0.096933,0.14,0.143428,-0.069348,-0.046306,-0.020204,-0.011557,0.12,0.119996,0.019838,0.023208,-0.077956,-0.050941,0.14,0.14106,-0.062044,-0.090524,-0.019838,-0.023206
1787224278.57936,3.52,175,1.430962,1.440687,1.442796,1.424884,0.139834,0.13001,-0.128001,-0.145814,-1.184487,-1.086436,0.505534,0.645262,0.558502,0.457948,-0.400356,-0.338742,0.12,0.12,0.018872,0.013287,-0.070196,-0.091677,0.14,0.142743,-0.069804,-0.050914,-0.018872,-0.013287,0.12,0.119996,0.012004,0.022534,-0.135363,-0.056345,0.14,0.140847,-0.004637,-0.084829,-0.012004,-0.022532
1787224278.604154,3.54,176,1.430962,1.438736,1.442796,1.428455,0.139834,0.131969,-0.128001,-0.142241,-1.184487,-1.106046,0.505534,0.617321,0.558502,0.478052,-0.400356,-0.351045,0.12,0.12,0.018472,0.014404,-0.070059,-0.08738,0.14,0.142194,-0.069941,-0.054692,-0.018472,-0.014404,0.12,0.119996,0.009653,0.020427,-0.152585,-0.07215,0.14,0.140677,0.012585,-0.068791,-0.009653,-0.020427
1787224278.623749,3.56,177,1.43132,1.437176,1.438379,1.431313,0.139476,0.133537,-0.132417,-0.139383,-1.225365,-1.121734,0.465588,0.594967,0.597206,0.49414,-0.409083,-0.360885,0.12,0.120001,0.020569,0.015217,-0.070018,-0.083916,0.14,0.141756,-0.069982,-0.057742,-0.020569,-0.015217,0.12,0.119996,0.007847,0.018272,-0.158797,-0.088238,0.14,0.14054,0.018797,-0.052517,-0.007847,-0.018272
1787224278.646137,3.58,178,1.43132,1.436005,1.438379,1.432726,0.139476,0.134724,-0.132417,-0.13799,-1.225365,-1.142459,0.465588,0.569093,0.597206,0.51473,-0.409083,-0.370542,0.12,0.119999,0.021198,0.016288,-0.070005,-0.081138,0.14,0.141403,-0.069995,-0.060191,-0.021198,-0.016287,0.12,0.119997,0.007305,0.016187,-0.160661,-0.102349,0.14,0.140432,0.020661,-0.038254,-0.007305,-0.016187
1787224278.666484,3.6,179,1.43132,1.43507,1.438379,1.433859,0.139476,0.135677,-0.132417,-0.136878,-1.225365,-1.15904,0.465588,0.548393,0.597206,0.531209,-0.409083,-0.378262,0.12,0.119998,0.021386,0.01727,-0.070002,-0.078913,0.14,0.141122,-0.069998,-0.062152,-0.021386,-0.017269,0.12,0.119998,0.007142,0.014411,-0.16122,-0.114011,0.14,0.140346,0.02122,-0.026472,-0.007142,-0.014411
1787224278.688639,3.62,180,1.422508,1.434324,1.416985,1.434767,0.148288,0.13644,-0.153812,-0.13599,-1.276085,-1.172304,0.494386,0.531833,0.614272,0.544398,-0.423716,-0.384432,0.12,0.119998,0.017816,0.018093,-0.092293,-0.077132,0.14,0.140896,-0.047707,-0.063722,-0.017816,-0.018092,0.12,0.119998,0.003192,0.012957,-0.18004,-0.123452,0.14,0.140277,0.04004,-0.016934,-0.003192,-0.012957
1787224278.709283,3.64,181,1.422508,1.431979,1.416985,1.431184,0.148288,0.138827,-0.153812,-0.139527,-1.276085,-1.193058,0.494386,0.524344,0.614272,0.558365,-0.423716,-0.392286,0.12,0.119997,0.016745,0.018038,-0.09898,-0.080165,0.14,0.140716,-0.04102,-0.060519,-0.016745,-0.018037,0.12,0.119999,0.002007,0.011004,-0.185686,-0.134769,0.14,0.140222,0.045686,-0.005541,-0.002007,-0.011004
1787224278.730009,3.66,182,1.3837,1.430103,1.363289,1.428317,0.187096,0.140738,-0.207507,-0.142356,-1.280546,-1.209662,0.542542,0.518353,0.627312,0.569544,-0.403181,-0.398565,0.12,0.119997,0.010982,0.01778,-0.123709,-0.083929,0.14,0.140572,-0.016291,-0.05662,-0.010982,-0.017778,0.12,0.119999,-0.007768,0.009205,-0.200612,-0.144951,0.14,0.140177,0.060612,0.00471,0.007768,-0.009205
1787224278.748579,3.68,183,1.3837,1.420941,1.363289,1.41515,0.187096,0.150125,-0.207507,-0.155219,-1.280546,-1.223836,0.542542,0.52319,0.627312,0.581097,-0.403181,-0.399474,0.12,0.119997,0.009252,0.01642,-0.131128,-0.091884,0.14,0.140458,-0.008872,-0.048556,-0.009252,-0.016419,0.12,0.119999,-0.010701,0.005811,-0.205089,-0.156082,0.14,0.140142,0.065089,0.015887,0.010701,-0.005811
1787224278.768523,3.7,184,1.333307,1.413607,1.316999,1.404624,0.237489,0.157629,-0.253798,-0.165518,-1.255918,-1.235177,0.546248,0.527059,0.624008,0.590339,-0.393339,-0.400201,0.12,0.119997,0.005751,0.014987,-0.128068,-0.099732,0.14,0.140366,-0.011932,-0.040621,-0.005751,-0.014987,0.12,0.12,-0.012466,0.002511,-0.2169,-0.165882,0.14,0.140114,0.075527,0.025726,0.012466,-0.002511
1787224278.787979,3.72,185,1.333307,1.397844,1.316999,1.386786,0.237489,0.173885,-0.253798,-0.182848,-1.255918,-1.239325,0.546248,0.530895,0.624008,0.597069,-0.393339,-0.398818,0.12,0.119997,0.004701,0.01314,-0.12715,-0.105399,0.14,0.140293,-0.01285,-0.034885,-0.004701,-0.01314,0.12,0.12,-0.012996,-0.000506,-0.220443,-0.176084,0.14,0.140091,0.078658,0.035685,0.012996,0.000506
1787224278.806206,3.74,186,1.291275,1.385063,1.276633,1.372696,0.279522,0.186726,-0.294163,-0.1969,-1.181913,-1.242644,0.538655,0.533966,0.641572,0.602457,-0.393033,-0.397719,0.12,0.119998,0.000854,0.011451,-0.124188,-0.109749,0.14,0.140234,-0.015812,-0.030477,-0.000854,-0.011453,0.12,0.12,-0.011477,-0.002986,-0.115133,-0.184956,0.14,0.140073,-0.025403,0.044279,0.011477,0.002987
1787224278.825974,3.76,187,1.291275,1.366338,1.276633,1.353466,0.279522,0.205302,-0.294163,-0.216322,-1.181913,-1.2305,0.538655,0.534904,0.641572,0.610281,-0.393033,-0.396794,0.12,0.119999,-0.0003,0.009332,-0.1233,-0.112636,0.14,0.140188,-0.0167,-0.027544,0.0003,-0.009333,0.12,0.119999,-0.011021,-0.004682,-0.08354,-0.170993,0.14,0.140057,-0.056621,0.030342,0.011021,0.004683
1787224278.847202,3.78,188,1.291275,1.351278,1.276633,1.338165,0.279522,0.220081,-0.294163,-0.23194,-1.181913,-1.220784,0.538655,0.535654,0.641572,0.61654,-0.393033,-0.396052,0.12,0.119999,-0.000646,0.007405,-0.123033,-0.114768,0.14,0.14015,-0.016967,-0.025375,0.000646,-0.007406,0.12,0.119998,-0.010884,-0.005949,-0.074062,-0.153504,0.14,0.140045,-0.065986,0.012952,0.010884,0.00595
1787224278.867549,3.8,189,1.257135,1.339195,1.247368,1.325959,0.313662,0.231873,-0.323428,-0.24447,-1.124362,-1.21301,0.604022,0.536254,0.663523,0.621546,-0.38374,-0.395454,0.12,0.119999,-0.00407,0.005795,-0.08591,-0.116421,0.14,0.14012,-0.05409,-0.023694,0.00407,-0.005796,0.12,0.119998,-0.013131,-0.006935,-0.071219,-0.137617,0.14,0.140035,-0.068796,-0.002869,0.013131,0.006937
1787224278.892385,3.82,190,1.26888,1.322637,1.213045,1.310401,0.301917,0.248063,-0.357751,-0.260401,-1.05929,-1.195284,0.630309,0.549804,0.70321,0.629943,-0.360559,-0.393118,0.12,0.12,-0.002453,0.003822,-0.192174,-0.110319,0.14,0.140096,0.039773,-0.029773,0.002453,-0.003823,0.12,0.119998,-0.018601,-0.008174,-0.014508,-0.124339,0.14,0.140027,-0.125496,-0.016032,0.018601,0.008176
1787224278.911786,3.84,191,1.26888,1.311718,1.213045,1.291266,0.301917,0.25865,-0.357751,-0.280171,-1.05929,-1.168096,0.630309,0.565897,0.70321,0.644598,-0.360559,-0.386631,0.12,0.12,-0.001968,0.002567,-0.224053,-0.126684,0.14,0.140077,0.067932,-0.015868,0.001968,-0.002568,0.12,0.119998,-0.020242,-0.010258,0.002505,-0.102381,0.14,0.140021,-0.142506,-0.03792,0.020242,0.01026
1787224278.930901,3.86,192,1.26888,1.302987,1.213045,1.275945,0.301917,0.267126,-0.357751,-0.295977,-1.05929,-1.146343,0.630309,0.578773,0.70321,0.656319,-0.360559,-0.381435,0.12,0.12,-0.001823,0.001661,-0.233617,-0.14615,0.14,0.140062,0.07638,0.000982,0.001823,-0.001661,0.12,0.119997,-0.020735,-0.012254,0.007609,-0.081415,0.14,0.140016,-0.147609,-0.058833,0.020735,0.012256
1787224278.954919,3.88,193,1.305237,1.296037,1.178079,1.263616,0.265559,0.273948,-0.392718,-0.308558,-1.076077,-1.128936,0.608999,0.589077,0.783833,0.665698,-0.31112,-0.377277,0.12,0.12,-0.002688,0.000965,-0.249629,-0.163638,0.14,0.14005,0.078914,0.015972,0.002688,-0.000965,0.12,0.119997,-0.019994,-0.01395,0.023106,-0.06362,0.14,0.140012,-0.163106,-0.076586,0.019994,0.013951
1787224278.975077,3.9,194,1.305237,1.297907,1.178079,1.246833,0.265559,0.272305,-0.392718,-0.325678,-1.076077,-1.118363,0.608999,0.593061,0.783833,0.689335,-0.31112,-0.364122,0.12,0.12,-0.002947,0.000238,-0.254433,-0.180832,0.14,0.14004,0.079674,0.028554,0.002947,-0.000239,0.12,0.119997,-0.019772,-0.015158,0.027755,-0.046283,0.14,0.140009,-0.167756,-0.093887,0.019772,0.01516
1787224278.999641,3.92,195,1.298563,1.299397,1.152226,1.233341,0.272234,0.270984,-0.418571,-0.339317,-1.071355,-1.109905,0.522671,0.596249,0.907502,0.708234,-0.238414,-0.353573,0.12,0.120001,-0.001556,-0.000407,0.00867,-0.19555,0.14,0.140032,-0.159098,0.038775,0.001556,0.000407,0.12,0.119997,-0.022461,-0.016081,0.006045,-0.031486,0.14,0.140007,-0.146045,-0.108659,0.022461,0.016083
1787224279.019376,3.94,196,1.298563,1.299227,1.152226,1.217355,0.272234,0.271231,-0.418571,-0.355373,-1.071355,-1.102193,0.522671,0.581538,0.907502,0.748081,-0.238414,-0.330678,0.12,0.12,-0.001139,-0.000635,0.087601,-0.15472,0.14,0.140025,-0.230729,-0.000796,0.001139,0.000635,0.12,0.119998,-0.023268,-0.017356,-0.000468,-0.023978,0.14,0.140006,-0.139532,-0.116136,0.023268,0.017358
1787224279.037157,3.96,197,1.372374,1.299091,1.117246,1.204528,0.128258,0.27143,-0.45355,-0.368188,-1.260659,-1.096024,0.457662,0.569767,1.083442,0.779935,-0.192574,-0.312314,0.12,0.12,-0.000899,-0.000736,0.139144,-0.106278,0.14,0.14002,-0.265219,-0.046764,0.000899,0.000735,0.12,0.119998,-0.02219,-0.018538,0.107628,-0.019271,0.14,0.140005,-0.23786,-0.120816,0.02219,0.01854
1787224279.054786,3.98,198,1.372374,1.314192,1.117246,1.187359,0.128258,0.243037,-0.45355,-0.38551,-1.260659,-1.128934,0.457662,0.547354,1.083442,0.840643,-0.192574,-0.288819,0.12,0.12,-0.000828,-0.000768,0.154607,-0.05722,0.14,0.140016,-0.275566,-0.090445,0.000828,0.000768,0.12,0.119998,-0.021866,-0.019268,0.140057,0.006243,0.14,0.140004,-0.267358,-0.144222,0.021866,0.019271
1787224279.072997,4.0,199,1.372374,1.32624,1.117246,1.173596,0.128258,0.220305,-0.45355,-0.399349,-1.260659,-1.155269,0.457662,0.529421,1.083442,0.889186,-0.192574,-0.269924,0.12,0.120001,-0.000806,-0.00078,0.159245,-0.014958,0.14,0.140013,-0.27867,-0.12746,0.000806,0.00078,0.12,0.119997,-0.021769,-0.019788,0.149785,0.032917,0.14,0.140002,-0.276207,-0.168846,0.021769,0.01979
1787224279.094786,4.02,200,1.380045,1.335615,1.090156,1.162429,0.148653,0.201977,-0.48064,-0.41027,-1.374242,-1.176343,0.338,0.515071,1.201595,0.928114,-0.126079,-0.254908,0.12,0.119999,0.001816,-0.000785,0.166774,0.019724,0.14,0.140009,-0.279601,-0.1577,-0.001816,0.000786,0.12,0.119998,-0.025172,-0.020184,0.163936,0.056275,0.14,0.140002,-0.278862,-0.190317,0.025172,0.020186
1787224279.112421,4.04,201,1.380045,1.344539,1.090156,1.148048,0.148653,0.191346,-0.48064,-0.424387,-1.374242,-1.215912,0.338,0.479664,1.201595,0.982913,-0.126079,-0.229742,0.12,0.119999,0.002602,-0.000265,0.169032,0.049083,0.14,0.140007,-0.27988,-0.182077,-0.002602,0.000266,0.12,0.119999,-0.026193,-0.021182,0.168181,0.0778,0.14,0.140001,-0.279659,-0.208025,0.026193,0.021183
1787224279.133112,4.06,202,1.345656,1.351644,1.060763,1.136493,0.199881,0.182811,-0.510034,-0.435639,-1.442392,-1.247573,0.271391,0.451334,1.199385,1.026702,0.008376,-0.209413,0.12,0.119998,-0.003118,0.000309,0.16971,0.073059,0.14,0.140005,-0.279964,-0.201636,0.003118,-0.000308,0.12,0.119999,-0.029623,-0.022184,0.169454,0.095872,0.14,0.140001,-0.279898,-0.222351,0.029623,0.022185
1787224279.153157,4.08,203,1.345656,1.35045,1.060763,1.121347,0.199881,0.186227,-0.510034,-0.450489,-1.442392,-1.286526,0.271391,0.415352,1.199385,1.061296,0.008376,-0.166123,0.12,0.119999,-0.004833,-0.000377,0.169913,0.092384,0.14,0.140004,-0.279989,-0.2173,0.004833,0.000378,0.12,0.119999,-0.030653,-0.023672,0.169836,0.110586,0.14,0.140001,-0.279969,-0.233859,0.030653,0.023673
1787224279.174898,4.1,204,1.427478,1.349504,1.044647,1.109195,0.111695,0.188962,-0.526149,-0.46234,-1.483282,-1.317693,0.233533,0.386563,1.304308,1.088916,0.125997,-0.131398,0.12,0.119999,-0.000818,-0.001268,0.159575,0.107886,0.14,0.140003,-0.279997,-0.229836,0.000818,0.001269,0.12,0.12,-0.034462,-0.025068,0.169951,0.122434,0.14,0.140001,-0.279991,-0.24308,0.034462,0.025069
1787224279.194919,4.12,205,1.427478,1.364998,1.044647,1.096224,0.111695,0.17341,-0.526149,-0.475017,-1.483282,-1.350804,0.233533,0.355962,1.304308,1.131943,0.125997,-0.080147,0.12,0.119999,0.000386,-0.001179,0.156473,0.118221,0.14,0.140003,-0.279999,-0.239866,-0.000386,0.001179,0.12,0.12,-0.035605,-0.026946,0.169985,0.131936,0.14,0.140001,-0.279997,-0.250461,0.035605,0.026947
1787224279.219988,4.14,206,1.433124,1.377371,1.042873,1.085829,0.015336,0.160948,-0.527923,-0.485147,-1.507816,-1.377294,0.179546,0.331481,1.33913,1.166337,0.121045,-0.039065,0.12,0.119999,-0.002814,-0.000866,0.14746,0.125869,0.14,0.140002,-0.28,-0.247891,0.002814,0.000866,0.12,0.12,-0.037854,-0.028678,0.169996,0.139544,0.14,0.140001,-0.279999,-0.256367,0.037854,0.028678
1787224279.243258,4.16,207,1.433124,1.388165,1.042873,1.077156,0.015336,0.131702,-0.527923,-0.493608,-1.507816,-1.403387,0.179546,0.301103,1.33913,1.200828,0.121045,-0.007157,0.12,0.119999,-0.003774,-0.001256,0.144756,0.130186,0.14,0.140002,-0.28,-0.25431,0.003774,0.001255,0.12,0.12,-0.038529,-0.030513,0.169999,0.145633,0.14,0.140001,-0.28,-0.261092,0.038529,0.030513
1787224279.263613,4.18,208,1.423555,1.396802,1.041607,1.070217,0.073839,0.108304,-0.52919,-0.500378,-1.522536,-1.424267,0.203525,0.276799,1.428315,1.228434,0.060517,0.018416,0.12,0.119999,-0.022038,-0.00176,0.155144,0.133098,0.14,0.140001,-0.28,-0.259447,0.022038,0.001759,0.12,0.12,-0.041612,-0.032116,0.17,0.150505,0.14,0.140001,-0.28,-0.264872,0.041612,0.032116
1787224279.283371,4.2,209,1.423555,1.401996,1.041607,1.064394,0.073839,0.101298,-0.52919,-0.50603,-1.522536,-1.443914,0.203525,0.262148,1.428315,1.268389,0.060517,0.02676,0.12,0.119998,-0.027516,-0.005814,0.15826,0.137503,0.14,0.14,-0.28,-0.263555,0.027516,0.005813,0.12,0.12,-0.042537,-0.034014,0.17,0.154402,0.14,0.140001,-0.28,-0.267896,0.042537,0.034015
1787224279.307568,4.22,210,1.397033,1.406207,1.042772,1.059772,0.129722,0.095732,-0.528024,-0.510593,-1.522536,-1.459637,0.228471,0.250423,1.626264,1.300384,0.026616,0.033365,0.12,0.119999,-0.037044,-0.010153,0.166478,0.141653,0.14,0.14,-0.28,-0.266843,0.037044,0.010153,0.12,0.119999,-0.046417,-0.035719,0.17,0.157519,0.14,0.139999,-0.28,-0.270317,0.046417,0.035719
1787224279.326,4.24,211,1.397033,1.40449,1.042772,1.056327,0.129722,0.102559,-0.528024,-0.514032,-1.522536,-1.472217,0.228471,0.246027,1.626264,1.365546,0.026616,0.031701,0.12,0.119999,-0.039902,-0.015531,0.168943,0.146617,0.14,0.14,-0.28,-0.269474,0.039902,0.01553,0.12,0.119998,-0.047581,-0.037858,0.17,0.160013,0.14,0.139998,-0.28,-0.272254,0.047581,0.037858
1787224279.346052,4.26,212,1.379541,1.403077,1.035709,1.053587,-0.009165,0.108011,-0.535087,-0.5168,-1.522536,-1.482282,0.257649,0.242512,1.810026,1.41768,0.105048,0.030479,0.12,0.119999,-0.043682,-0.020404,0.152904,0.151082,0.14,0.14,-0.28,-0.271579,0.043682,0.020404,0.12,0.119998,-0.046311,-0.039802,0.165988,0.162009,0.14,0.139997,-0.28,-0.273803,0.046311,0.039803
1787224279.361938,4.28,213,1.379541,1.398092,1.035709,1.049982,-0.009165,0.08464,-0.535087,-0.520427,-1.522536,-1.490332,0.257649,0.245534,1.810026,1.496176,0.105048,0.045145,0.12,0.12,-0.044816,-0.025059,0.148092,0.151447,0.14,0.14,-0.28,-0.273264,0.044816,0.025059,0.12,0.119997,-0.04593,-0.041104,0.164784,0.162804,0.14,0.139997,-0.28,-0.275043,0.04593,0.041104
1787224279.38117,4.3,214,1.379541,1.394229,1.035709,1.047112,-0.009165,0.065913,-0.535087,-0.523343,-1.522536,-1.496774,0.257649,0.247954,1.810026,1.558959,0.105048,0.057005,0.12,0.12,-0.045156,-0.029011,0.146648,0.150777,0.14,0.14,-0.28,-0.274611,0.045156,0.02901,0.12,0.119997,-0.045816,-0.042069,0.164423,0.163199,0.14,0.139996,-0.28,-0.276035,0.045816,0.04207
1787224279.400272,4.32,215,1.37171,1.391248,1.024936,1.044827,-0.089832,0.050907,-0.54586,-0.525688,-1.522536,-1.501927,0.295478,0.249892,1.920283,1.609173,0.268977,0.066565,0.12,0.12,-0.054222,-0.03224,0.151638,0.149951,0.14,0.14,-0.28,-0.275689,0.054222,0.032239,0.12,0.119997,-0.047127,-0.042818,0.151899,0.163442,0.14,0.139996,-0.28,-0.276829,0.047127,0.04282
1787224279.418838,4.34,216,1.37171,1.387343,1.024936,1.040852,-0.089832,0.022762,-0.54586,-0.529725,-1.522536,-1.506049,0.295478,0.259008,1.920283,1.671332,0.268977,0.107029,0.12,0.12,-0.056942,-0.036636,0.153135,0.150289,0.14,0.14,-0.28,-0.276551,0.056942,0.036636,0.12,0.119997,-0.04752,-0.043679,0.148142,0.161133,0.14,0.139996,-0.28,-0.277463,0.04752,0.043681
1787224279.444445,4.36,217,1.37171,1.384279,1.028029,1.037678,-0.089832,0.000236,-0.542768,-0.532961,-1.522536,-1.509347,0.297776,0.266302,1.30002,1.721018,0.367335,0.139404,0.12,0.12,-0.066545,-0.040697,0.163887,0.150858,0.14,0.14,-0.28,-0.277241,0.066545,0.040697,0.12,0.119997,-0.045591,-0.044447,0.149761,0.158533,0.14,0.139996,-0.28,-0.277971,0.045591,0.044449
1787224279.464815,4.38,218,1.37171,1.382047,1.028029,1.03577,-0.089832,-0.017811,-0.542768,-0.534943,-1.522536,-1.511982,0.297776,0.272595,1.30002,1.638174,0.367335,0.18485,0.12,0.12,-0.069426,-0.045864,0.167113,0.153463,0.14,0.14,-0.28,-0.277792,0.069426,0.045863,0.12,0.119997,-0.045012,-0.044676,0.150247,0.156779,0.14,0.139997,-0.28,-0.278376,0.045012,0.044677
1787224279.490149,4.4,219,1.37171,1.380225,1.031584,1.03424,-0.089832,-0.032245,-0.539212,-0.536525,-1.522536,-1.514091,0.285264,0.277631,0.978276,1.570502,0.42635,0.221144,0.12,0.12,-0.069719,-0.050574,0.168663,0.156192,0.14,0.14,-0.28,-0.278233,0.069719,0.050574,0.12,0.119997,-0.046551,-0.044743,0.147321,0.155472,0.14,0.139997,-0.28,-0.278701,0.046551,0.044744
1787224279.512043,4.42,220,1.37171,1.378748,1.031584,1.033716,-0.089832,-0.043789,-0.539212,-0.537069,-1.522536,-1.515778,0.285264,0.279158,0.978276,1.487782,0.42635,0.261787,0.12,0.12,-0.069807,-0.054402,0.169129,0.158685,0.14,0.14,-0.28,-0.278586,0.069807,0.054401,0.12,0.119998,-0.047013,-0.045104,0.146443,0.153842,0.14,0.139998,-0.28,-0.27896,0.047013,0.045105
1787224279.532629,4.44,221,1.37171,1.377427,1.023281,1.033292,-0.089832,-0.053009,-0.547516,-0.5375,-1.522536,-1.517129,0.262619,0.280379,0.770755,1.405281,0.461759,0.2946,0.12,0.119999,-0.072929,-0.057483,0.169739,0.160772,0.14,0.139999,-0.28,-0.278869,0.072929,0.057481,0.12,0.119998,-0.042168,-0.045485,0.148938,0.152363,0.14,0.139999,-0.28,-0.279168,0.042168,0.045487
1787224279.550815,4.46,222,1.37171,1.376321,1.023281,1.031293,-0.089832,-0.060379,-0.547516,-0.539505,-1.522536,-1.51821,0.262619,0.276828,0.770755,1.322806,0.461759,0.327786,0.12,0.119999,-0.073866,-0.060572,0.169922,0.162564,0.14,0.139998,-0.28,-0.279096,0.073866,0.06057,0.12,0.119999,-0.040715,-0.044822,0.149687,0.151678,0.14,0.139999,-0.28,-0.279334,0.040715,0.044823
1787224279.571094,4.48,223,1.37171,1.375403,1.010946,1.029687,-0.089832,-0.06627,-0.559851,-0.541104,-1.522536,-1.519075,0.237816,0.273986,0.789861,1.240312,0.483004,0.354218,0.12,0.119998,-0.02216,-0.063231,-0.019024,0.164035,0.182,0.139998,-0.154,-0.279277,0.02216,0.063229,0.12,0.119999,-0.045443,-0.044,0.147476,0.15128,0.14,0.139999,-0.28,-0.279467,0.045443,0.044001
1787224279.589926,4.5,224,1.37171,1.374678,1.010946,1.02594,-0.089832,-0.070984,-0.559851,-0.544853,-1.522536,-1.519767,0.237816,0.266753,0.789861,1.157644,0.483004,0.379006,0.12,0.119999,-0.006648,-0.055018,-0.075707,0.127431,0.1946,0.148396,-0.1162,-0.254226,0.006648,0.055016,0.12,0.119999,-0.046861,-0.044289,0.146813,0.150519,0.14,0.139999,-0.28,-0.279574,0.046861,0.04429
1787224279.607802,4.52,225,1.37171,1.374079,1.005727,1.022932,-0.089832,-0.074752,-0.565069,-0.547843,-1.522536,-1.520321,0.220418,0.260966,0.791905,1.084111,0.495751,0.398909,0.12,0.119999,-0.001994,-0.045345,-0.092712,0.08681,0.19838,0.157635,-0.10486,-0.226623,0.001994,0.045343,0.12,0.119999,-0.046676,-0.044803,0.146786,0.149778,0.14,0.139999,-0.28,-0.279659,0.046676,0.044804
1787224279.626865,4.54,226,1.37171,1.373593,1.005727,1.019475,-0.089832,-0.077766,-0.565069,-0.551271,-1.522536,-1.520764,0.220418,0.252856,0.791905,1.025824,0.495751,0.418039,0.12,0.119999,-0.000598,-0.036676,-0.097814,0.05092,0.199514,0.165781,-0.101458,-0.202276,0.000598,0.036674,0.12,0.119999,-0.04662,-0.045178,0.146778,0.149179,0.14,0.139999,-0.28,-0.279727,0.04662,0.045178
1787224279.644559,4.56,227,1.37171,1.373203,1.005727,1.016709,-0.089832,-0.080177,-0.565069,-0.554014,-1.522536,-1.521118,0.220418,0.246369,0.791905,0.979158,0.495751,0.433413,0.12,0.12,-0.000179,-0.029461,-0.099344,0.02119,0.199854,0.172525,-0.100437,-0.182115,0.000179,0.029459,0.12,0.119999,-0.046604,-0.045466,0.146776,0.148698,0.14,0.14,-0.28,-0.279781,0.046604,0.045466
1787224279.664204,4.58,228,1.37171,1.372891,1.001032,1.014498,-0.089832,-0.082106,-0.569764,-0.55621,-1.522536,-1.521402,0.201422,0.241179,0.864213,0.941795,0.5034,0.44577,0.12,0.12,-5.4e-05,-0.023605,-0.099803,-0.003062,0.199956,0.17799,-0.100131,-0.165781,5.4e-05,0.023604,0.12,0.119999,-0.047631,-0.045694,0.145139,0.148314,0.14,0.14,-0.28,-0.279825,0.047631,0.045693
1787224279.683655,4.6,229,1.37171,1.372643,1.001032,1.011786,-0.089832,-0.083649,-0.569764,-0.558902,-1.522536,-1.521629,0.201422,0.233228,0.864213,0.926351,0.5034,0.45727,0.12,0.12,-1.6e-05,-0.018895,-0.099941,-0.022294,0.199987,0.182383,-0.100039,-0.152652,1.6e-05,0.018894,0.12,0.119999,-0.047939,-0.046081,0.144648,0.147678,0.14,0.14,-0.28,-0.27986,0.047939,0.046081
1787224279.706649,4.62,230,1.37171,1.372447,0.999636,1.009621,-0.089832,-0.084884,-0.57116,-0.561059,-1.522536,-1.52181,0.190042,0.226867,0.852022,0.913975,0.507989,0.466482,0.12,0.12,-5e-06,-0.015119,-0.099982,-0.037815,0.199996,0.185903,-0.100012,-0.14213,5e-06,0.015119,0.12,0.119999,-0.048002,-0.046453,0.144508,0.147072,0.14,0.14,-0.28,-0.279887,0.048002,0.046452
1787224279.726441,4.64,231,1.37171,1.372292,0.999636,1.007612,-0.089832,-0.085873,-0.57116,-0.563067,-1.522536,-1.521955,0.190042,0.219502,0.852022,0.901624,0.507989,0.474772,0.12,0.12,-1e-06,-0.012097,-0.099995,-0.050245,0.199999,0.188722,-0.100004,-0.133706,1e-06,0.012096,0.12,0.119999,-0.048021,-0.046763,0.144466,0.146559,0.14,0.14,-0.28,-0.27991,0.048021,0.046762
1787224279.749016,4.66,232,1.37171,1.37217,0.99974,1.006007,-0.089832,-0.086664,-0.571056,-0.564676,-1.522536,-1.522071,0.194788,0.21361,0.81202,0.891731,0.510742,0.481411,0.12,0.12,-0.0,-0.009678,-0.099998,-0.060193,0.2,0.190977,-0.100001,-0.126966,0.0,0.009677,0.12,0.119999,-0.014406,-0.047015,-0.02666,0.14614,0.182,0.14,-0.154,-0.279928,0.014406,0.047013
1787224279.768641,4.68,233,1.37171,1.372074,0.99974,1.004748,-0.089832,-0.087297,-0.571056,-0.565946,-1.522536,-1.522164,0.194788,0.209846,0.81202,0.875792,0.510742,0.487211,0.12,0.12,-0.0,-0.007742,-0.1,-0.068153,0.2,0.192782,-0.1,-0.121572,0.0,0.007742,0.12,0.119999,-0.004322,-0.040494,-0.077998,0.111584,0.1946,0.148399,-0.1162,-0.254744,0.004322,0.040492
1787224279.791075,4.7,234,1.37171,1.371998,0.998593,1.003742,-0.089832,-0.087804,-0.572204,-0.566963,-1.522536,-1.522239,0.19444,0.206834,0.763425,0.863036,0.512394,0.491866,0.12,0.12,-0.0,-0.006194,-0.1,-0.074522,0.2,0.194225,-0.1,-0.117258,0.0,0.006193,0.12,0.119999,-0.001297,-0.03326,-0.093399,0.073672,0.19838,0.157637,-0.10486,-0.227037,0.001297,0.033259
1787224279.81081,4.72,235,1.37171,1.371939,0.998593,1.002708,-0.089832,-0.088209,-0.572204,-0.568007,-1.522536,-1.522298,0.19444,0.204355,0.763425,0.843114,0.512394,0.495899,0.12,0.12,-0.0,-0.004955,-0.1,-0.079617,0.2,0.19538,-0.1,-0.113806,0.0,0.004955,0.12,0.119999,-0.000389,-0.026867,-0.09802,0.040262,0.199514,0.165785,-0.101458,-0.202602,0.000389,0.026867
1787224279.835328,4.74,236,1.37171,1.371891,0.996758,1.001881,-0.089832,-0.088533,-0.574039,-0.568843,-1.522536,-1.522346,0.203661,0.202372,0.742611,0.827176,0.513385,0.499156,0.12,0.120001,-0.0,-0.003964,-0.1,-0.083693,0.2,0.196304,-0.1,-0.111045,0.0,0.003964,0.12,0.119999,-0.000117,-0.021571,-0.099406,0.012618,0.199854,0.17253,-0.100437,-0.182374,0.000117,0.021571
1787224279.854182,4.76,237,1.37171,1.371854,0.996758,1.000853,-0.089832,-0.088793,-0.574039,-0.569879,-1.522536,-1.522384,0.203661,0.20263,0.742611,0.810264,0.513385,0.501962,0.12,0.120001,-0.0,-0.003171,-0.1,-0.086954,0.2,0.197044,-0.1,-0.108836,0.0,0.003171,0.12,0.119999,-3.5e-05,-0.01728,-0.099822,-0.009822,0.199956,0.177995,-0.100131,-0.165986,3.5e-05,0.017281
1787224279.873326,4.78,238,1.37171,1.371824,0.992084,1.000033,-0.089832,-0.089001,-0.578712,-0.57071,-1.522536,-1.522414,0.208053,0.202836,0.592847,0.796733,0.51398,0.504222,0.12,0.120001,-0.0,-0.002537,-0.1,-0.089563,0.2,0.197635,-0.1,-0.107068,0.0,0.002537,0.12,0.119999,-1.1e-05,-0.013831,-0.099947,-0.027808,0.199987,0.182387,-0.100039,-0.152815,1.1e-05,0.013832
1787224279.892754,4.8,239,1.37171,1.371801,0.992084,0.998443,-0.089832,-0.089167,-0.578712,-0.57231,-1.522536,-1.522439,0.208053,0.203879,0.592847,0.755961,0.51398,0.506106,0.12,0.120001,-0.0,-0.002029,-0.1,-0.09165,0.2,0.198108,-0.1,-0.105655,0.0,0.002029,0.12,0.119999,-3e-06,-0.011066,-0.099984,-0.042233,0.199996,0.185907,-0.100012,-0.142259,3e-06,0.011068
1787224279.911064,4.82,240,1.37171,1.371783,0.992084,0.997173,-0.089832,-0.0893,-0.578712,-0.573592,-1.522536,-1.522458,0.208053,0.204714,0.592847,0.72334,0.51398,0.507634,0.12,0.120001,-0.0,-0.001624,-0.1,-0.09332,0.2,0.198487,-0.1,-0.104524,0.0,0.001623,0.12,0.119999,-1e-06,-0.008853,-0.099995,-0.053782,0.199999,0.188725,-0.100004,-0.133809,1e-06,0.008855
1787224279.930715,4.84,241,1.37171,1.371769,0.985998,0.996157,-0.089832,-0.089407,-0.584799,-0.574618,-1.522536,-1.522474,0.198595,0.205382,0.396192,0.697242,0.514337,0.508871,0.12,0.120001,-0.0,-0.001299,-0.1,-0.094655,0.2,0.198789,-0.1,-0.103619,0.0,0.001299,0.12,0.119999,-0.0,-0.007082,-0.099999,-0.063024,0.2,0.19098,-0.100001,-0.127048,0.0,0.007084
1787224279.949499,4.86,242,1.37171,1.371757,0.985998,0.994132,-0.089832,-0.089492,-0.584799,-0.576661,-1.522536,-1.522486,0.198595,0.204024,0.396192,0.637043,0.514337,0.509885,0.12,0.120001,-0.0,-0.001039,-0.1,-0.095724,0.2,0.199032,-0.1,-0.102895,0.0,0.001039,0.12,0.119999,-0.0,-0.005666,-0.1,-0.070419,0.2,0.192783,-0.1,-0.121639,0.0,0.005668
1787224279.973992,4.88,243,1.37171,1.371748,0.984153,0.992511,-0.089832,-0.08956,-0.586644,-0.578294,-1.522536,-1.522496,0.173929,0.202938,0.401583,0.588878,0.514551,0.510724,0.12,0.120001,-0.0,-0.000831,-0.1,-0.096579,0.2,0.199225,-0.1,-0.102316,0.0,0.000831,0.12,0.119999,-0.0,-0.004532,-0.1,-0.076335,0.2,0.194227,-0.1,-0.117311,0.0,0.004534
1787224279.993845,4.9,244,1.37171,1.371741,0.984153,0.990846,-0.089832,-0.089614,-0.586644,-0.579971,-1.522536,-1.522504,0.173929,0.197137,0.401583,0.55142,0.514551,0.511456,0.12,0.120001,-0.0,-0.000665,-0.1,-0.097263,0.2,0.19938,-0.1,-0.101853,0.0,0.000665,0.12,0.119999,-0.0,-0.003626,-0.1,-0.081068,0.2,0.195381,-0.1,-0.113849,0.0,0.003628
1787224280.02404,4.92,245,1.37171,1.371735,0.98428,0.989513,-0.089832,-0.089658,-0.586517,-0.581311,-1.522536,-1.52251,0.160901,0.192495,0.614954,0.521453,0.514679,0.512052,0.12,0.120001,-0.0,-0.000532,-0.1,-0.09781,0.2,0.199504,-0.1,-0.101482,0.0,0.000532,0.12,0.119999,-0.0,-0.002901,-0.1,-0.084854,0.2,0.196305,-0.1,-0.111079,0.0,0.002902
1787224280.038604,4.94,246,1.37171,1.37173,0.98428,0.988471,-0.089832,-0.089693,-0.586517,-0.582356,-1.522536,-1.522516,0.160901,0.186176,0.614954,0.540151,0.514679,0.512589,0.12,0.120001,-0.0,-0.000426,-0.1,-0.098248,0.2,0.199604,-0.1,-0.101186,0.0,0.000425,0.12,0.119999,-0.0,-0.00232,-0.1,-0.087884,0.2,0.197044,-0.1,-0.108863,0.0,0.002322
1787224280.060054,4.96,247,1.37171,1.371726,0.983692,0.987636,-0.089832,-0.089721,-0.587105,-0.583192,-1.522536,-1.52252,0.150114,0.181121,0.847713,0.55511,0.514757,0.513018,0.12,0.120001,-0.0,-0.000341,-0.1,-0.098598,0.2,0.199683,-0.1,-0.100949,0.0,0.00034,0.12,0.119999,-0.0,-0.001856,-0.1,-0.090307,0.2,0.197635,-0.1,-0.107091,0.0,0.001857
1787224280.080003,4.98,248,1.37171,1.371723,0.983692,0.986851,-0.089832,-0.089743,-0.587105,-0.583978,-1.522536,-1.522523,0.150114,0.17492,0.847713,0.613603,0.514757,0.513406,0.12,0.120001,-0.0,-0.000273,-0.1,-0.098878,0.2,0.199746,-0.1,-0.100759,0.0,0.000272,0.12,0.119999,-0.0,-0.001485,-0.1,-0.092246,0.2,0.198107,-0.1,-0.105673,0.0,0.001486
1787224280.098745,5.0,249,1.37171,1.37172,0.983692,0.986222,-0.089832,-0.089761,-0.587105,-0.584606,-1.522536,-1.522525,0.150114,0.169959,0.847713,0.660409,0.514757,0.513703,0.12,0.120001,-0.0,-0.000218,-0.1,-0.099102,0.2,0.199797,-0.1,-0.100607,0.0,0.000218,0.12,0.119999,-0.0,-0.001188,-0.1,-0.093797,0.2,0.198486,-0.1,-0.104538,0.0,0.001189
1787224280.119875,5.02,250,1.37171,1.371718,0.983784,0.985718,-0.089832,-0.089775,-0.587012,-0.585108,-1.522536,-1.522528,0.158289,0.16599,1.047807,0.69786,0.514803,0.513935,0.12,0.120001,-0.0,-0.000174,-0.1,-0.099281,0.2,0.199838,-0.1,-0.100486,0.0,0.000174,0.12,0.119999,-0.0,-0.00095,-0.1,-0.095038,0.2,0.198788,-0.1,-0.103631,0.0,0.000951
1787224280.136583,5.04,251,1.37171,1.371717,0.983784,0.985333,-0.089832,-0.089787,-0.587012,-0.58549,-1.522536,-1.522529,0.158289,0.16445,1.047807,0.767809,0.514803,0.514143,0.12,0.120001,-0.0,-0.00014,-0.1,-0.099425,0.2,0.19987,-0.1,-0.100389,0.0,0.000139,0.12,0.119999,-0.0,-0.00076,-0.1,-0.096031,0.2,0.19903,-0.1,-0.102904,0.0,0.000761
1787224280.160928,5.06,252,1.37171,1.371715,0.980944,0.985024,-0.089832,-0.089796,-0.589852,-0.585796,-1.522536,-1.522531,0.153468,0.163218,1.130764,0.823785,0.514831,0.514303,0.12,0.120001,-0.0,-0.000112,-0.1,-0.09954,0.2,0.199896,-0.1,-0.100311,0.0,0.000112,0.12,0.119998,-0.0,-0.000608,-0.1,-0.096825,0.2,0.199224,-0.1,-0.102324,0.0,0.000609
1787224280.177334,5.08,253,1.37171,1.371714,0.980944,0.984208,-0.089832,-0.089803,-0.589852,-0.586607,-1.522536,-1.522532,0.153468,0.161268,1.130764,0.885165,0.514831,0.514388,0.12,0.120001,-0.0,-8.9e-05,-0.1,-0.099631,0.2,0.199918,-0.1,-0.100248,0.0,8.9e-05,0.12,0.119998,-0.0,-0.000488,-0.1,-0.097686,0.2,0.199378,-0.1,-0.10186,0.0,0.000487
1787224280.201965,5.1,254,1.37171,1.371713,0.979492,0.983554,-0.089832,-0.089809,-0.591305,-0.587255,-1.522536,-1.522533,0.140666,0.159708,1.151765,0.934278,0.514847,0.514443,0.12,0.120001,-0.0,-7.1e-05,-0.1,-0.099704,0.2,0.199934,-0.1,-0.100199,0.0,7.1e-05,0.12,0.119997,-0.0,-0.00039,-0.1,-0.09815,0.2,0.199501,-0.1,-0.101489,0.0,0.00039
1787224280.219502,5.12,255,1.37171,1.371713,0.979492,0.982741,-0.089832,-0.089814,-0.591305,-0.588064,-1.522536,-1.522533,0.140666,0.1559,1.151765,0.977771,0.514847,0.514499,0.12,0.120001,-0.0,-5.7e-05,-0.1,-0.099763,0.2,0.199948,-0.1,-0.100159,0.0,5.7e-05,0.12,0.119997,-0.0,-0.000312,-0.1,-0.098521,0.2,0.1996,-0.1,-0.101191,0.0,0.000312
1787224280.249683,5.14,256,1.37171,1.371712,0.976923,0.982089,-0.089832,-0.089817,-0.593873,-0.58871,-1.522536,-1.522534,0.136028,0.152853,1.161057,1.012568,0.514857,0.514552,0.12,0.120001,-0.0,-4.6e-05,-0.1,-0.09981,0.2,0.199958,-0.1,-0.100127,0.0,4.6e-05,0.12,0.119997,-0.0,-0.00025,-0.1,-0.098818,0.2,0.199679,-0.1,-0.100954,0.0,0.00025
1787224280.264799,5.16,257,1.37171,1.371712,0.976923,0.981053,-0.089832,-0.08982,-0.593873,-0.58974,-1.522536,-1.522534,0.136028,0.149488,1.161057,1.042265,0.514857,0.514598,0.12,0.120001,-0.0,-3.6e-05,-0.1,-0.099848,0.2,0.199967,-0.1,-0.100102,0.0,3.6e-05,0.12,0.119997,-0.0,-0.0002,-0.1,-0.099056,0.2,0.199742,-0.1,-0.100763,0.0,0.0002
1787224280.283228,5.18,258,1.37171,1.371711,0.962848,0.980224,-0.089832,-0.089823,-0.607948,-0.590564,-1.522536,-1.522535,0.139825,0.146796,1.182856,1.066023,0.514863,0.514638,0.12,0.120001,-0.0,-2.9e-05,-0.1,-0.099878,0.2,0.199973,-0.1,-0.100081,0.0,2.9e-05,0.12,0.119996,-0.0,-0.000161,-0.1,-0.099246,0.2,0.199793,-0.1,-0.100611,0.0,0.00016
1787224280.30126,5.2,259,1.37171,1.371711,0.962848,0.976738,-0.089832,-0.089825,-0.607948,-0.59403,-1.522536,-1.522535,0.139825,0.145402,1.182856,1.089389,0.514863,0.514668,0.12,0.120001,-0.0,-2.3e-05,-0.1,-0.099902,0.2,0.199979,-0.1,-0.100065,0.0,2.3e-05,0.12,0.119996,-0.0,-0.000129,-0.1,-0.099398,0.2,0.199833,-0.1,-0.100489,0.0,0.000128
1787224280.319587,5.22,260,1.37171,1.371711,0.962848,0.973953,-0.089832,-0.089826,-0.607948,-0.596806,-1.522536,-1.522535,0.139825,0.144287,1.182856,1.108082,0.514863,0.514697,0.12,0.120001,-0.0,-1.9e-05,-0.1,-0.099922,0.2,0.199983,-0.1,-0.100052,0.0,1.9e-05,0.12,0.119996,-0.0,-0.000103,-0.1,-0.099519,0.2,0.199866,-0.1,-0.100392,0.0,0.000103
1787224280.343849,5.24,261,1.37171,1.371711,0.946593,0.971726,-0.089832,-0.089827,-0.624203,-0.599029,-1.522536,-1.522535,0.173081,0.143394,1.260981,1.123037,0.514867,0.514723,0.12,0.120001,-0.0,-1.5e-05,-0.1,-0.099937,0.2,0.199987,-0.1,-0.100042,0.0,1.5e-05,0.12,0.119996,-0.0,-8.2e-05,-0.1,-0.099617,0.2,0.199892,-0.1,-0.100314,0.0,8.3e-05
1787224280.361116,5.26,262,1.37171,1.37171,0.946593,0.966685,-0.089832,-0.089828,-0.624203,-0.604048,-1.522536,-1.522535,0.173081,0.149331,1.260981,1.150625,0.514867,0.514732,0.12,0.120001,-0.0,-1.2e-05,-0.1,-0.099949,0.2,0.199989,-0.1,-0.100033,0.0,1.2e-05,0.12,0.119996,-0.0,-6.6e-05,-0.1,-0.099695,0.2,0.199912,-0.1,-0.100252,0.0,6.7e-05
1787224280.385807,5.28,263,1.37171,1.37171,0.936305,0.962657,-0.089832,-0.089829,-0.634492,-0.60807,-1.522536,-1.522535,0.176354,0.154081,1.236995,1.172695,0.514869,0.514748,0.12,0.120001,-0.0,-1e-05,-0.1,-0.099959,0.2,0.199992,-0.1,-0.100027,0.0,1e-05,0.12,0.119996,-0.0,-5.3e-05,-0.1,-0.099757,0.2,0.199929,-0.1,-0.100202,0.0,5.4e-05
1787224280.403791,5.3,264,1.37171,1.37171,0.936305,0.957377,-0.089832,-0.08983,-0.634492,-0.613345,-1.522536,-1.522536,0.176354,0.158535,1.236995,1.185555,0.514869,0.514769,0.12,0.120001,-0.0,-8e-06,-0.1,-0.099967,0.2,0.199993,-0.1,-0.100021,0.0,8e-06,0.12,0.119996,-0.0,-4.2e-05,-0.1,-0.099807,0.2,0.199942,-0.1,-0.100162,0.0,4.4e-05
1787224280.431116,5.32,265,1.37171,1.37171,0.928896,0.953157,-0.089832,-0.08983,-0.641901,-0.617568,-1.522536,-1.522536,0.171133,0.162099,1.12404,1.195843,0.51487,0.514787,0.12,0.120001,-0.0,-6e-06,-0.1,-0.099973,0.2,0.199995,-0.1,-0.100017,0.0,6e-06,0.12,0.119996,-0.0,-3.4e-05,-0.1,-0.099847,0.2,0.199953,-0.1,-0.10013,0.0,3.5e-05
1787224280.450662,5.34,266,1.37171,1.37171,0.928896,0.948303,-0.089832,-0.089831,-0.641901,-0.622434,-1.522536,-1.522536,0.171133,0.163906,1.12404,1.181483,0.51487,0.514803,0.12,0.120001,-0.0,-5e-06,-0.1,-0.099979,0.2,0.199996,-0.1,-0.100014,0.0,5e-06,0.12,0.119997,-0.0,-2.7e-05,-0.1,-0.099878,0.2,0.199962,-0.1,-0.100104,0.0,2.8e-05
1787224280.470485,5.36,267,1.37171,1.37171,0.92444,0.944421,-0.089832,-0.089831,-0.646356,-0.626326,-1.522536,-1.522536,0.165097,0.165351,1.041248,1.169994,0.514871,0.514816,0.12,0.120001,-0.0,-4e-06,-0.1,-0.099983,0.2,0.199997,-0.1,-0.100011,0.0,4e-06,0.12,0.119997,-0.0,-2.2e-05,-0.1,-0.099902,0.2,0.19997,-0.1,-0.100083,0.0,2.2e-05
1787224280.488267,5.38,268,1.37171,1.37171,0.92444,0.940425,-0.089832,-0.089831,-0.646356,-0.630332,-1.522536,-1.522536,0.165097,0.1653,1.041248,1.144246,0.514871,0.514819,0.12,0.120001,-0.0,-3e-06,-0.1,-0.099986,0.2,0.199998,-0.1,-0.100009,0.0,3e-06,0.12,0.119997,-0.0,-1.7e-05,-0.1,-0.099922,0.2,0.199976,-0.1,-0.100066,0.0,1.7e-05
1787224280.50834,5.4,269,1.37171,1.37171,0.920294,0.937227,-0.089832,-0.089831,-0.650503,-0.633536,-1.522536,-1.522536,0.166923,0.16526,0.970901,1.123647,0.514871,0.514825,0.12,0.120001,-0.0,-3e-06,-0.1,-0.099988,0.2,0.199998,-0.1,-0.100007,0.0,2e-06,0.12,0.119997,-0.0,-1.4e-05,-0.1,-0.099938,0.2,0.199981,-0.1,-0.100052,0.0,1.3e-05
1787224280.525312,5.42,270,1.37171,1.37171,0.920294,0.93384,-0.089832,-0.089832,-0.650503,-0.636929,-1.522536,-1.522536,0.166923,0.165592,0.970901,1.0931,0.514871,0.514823,0.12,0.120001,-0.0,-2e-06,-0.1,-0.09999,0.2,0.199999,-0.1,-0.100006,0.0,2e-06,0.12,0.119998,-0.0,-1.1e-05,-0.1,-0.099951,0.2,0.199984,-0.1,-0.100042,0.0,1e-05
1787224280.544024,5.44,271,1.37171,1.37171,0.920294,0.93113,-0.089832,-0.089832,-0.650503,-0.639642,-1.522536,-1.522536,0.166923,0.165858,0.970901,1.068661,0.514871,0.514827,0.12,0.120001,-0.0,-2e-06,-0.1,-0.099992,0.2,0.199999,-0.1,-0.100004,0.0,2e-06,0.12,0.119998,-0.0,-9e-06,-0.1,-0.099961,0.2,0.199988,-0.1,-0.100033,0.0,7e-06
1787224280.562758,5.46,272,1.37171,1.37171,0.917682,0.92896,-0.089832,-0.089832,-0.653114,-0.641812,-1.522536,-1.522536,0.17262,0.166071,0.903303,1.04911,0.514872,0.514833,0.12,0.120001,-0.0,-2e-06,-0.1,-0.099993,0.2,0.199999,-0.1,-0.100004,0.0,1e-06,0.12,0.119998,-0.0,-7e-06,-0.1,-0.099969,0.2,0.19999,-0.1,-0.100026,0.0,5e-06
1787224280.583409,5.48,273,1.37171,1.37171,0.917682,0.926704,-0.089832,-0.089832,-0.653114,-0.644071,-1.522536,-1.522536,0.17262,0.167381,0.903303,1.019951,0.514872,0.514852,0.12,0.120001,-0.0,-2e-06,-0.1,-0.099994,0.2,0.2,-0.1,-0.100003,0.0,1e-06,0.12,0.119998,-0.0,-6e-06,-0.1,-0.099976,0.2,0.199992,-0.1,-0.100021,0.0,4e-06
1787224280.604404,5.5,274,1.37171,1.37171,0.912507,0.924901,-0.089832,-0.089832,-0.658289,-0.645881,-1.522536,-1.522536,0.173567,0.168429,0.895712,0.996622,0.514872,0.514861,0.12,0.120001,-0.0,-1e-06,-0.1,-0.099995,0.2,0.2,-0.1,-0.100002,0.0,1e-06,0.12,0.119998,-0.0,-5e-06,-0.1,-0.099981,0.2,0.199993,-0.1,-0.100017,0.0,3e-06
1787224280.622456,5.52,275,1.37171,1.37171,0.912507,0.922424,-0.089832,-0.089832,-0.658289,-0.648364,-1.522536,-1.522536,0.173567,0.169456,0.895712,0.976441,0.514872,0.514864,0.12,0.120001,-0.0,-1e-06,-0.1,-0.099996,0.2,0.2,-0.1,-0.100002,0.0,1e-06,0.12,0.119998,-0.0,-4e-06,-0.1,-0.099985,0.2,0.199995,-0.1,-0.100013,0.0,3e-06
1787224280.64325,5.54,276,1.37171,1.37171,0.912507,0.920443,-0.089832,-0.089832,-0.658289,-0.650352,-1.522536,-1.522536,0.173567,0.170278,0.895712,0.960295,0.514872,0.514864,0.12,0.120001,-0.0,-1e-06,-0.1,-0.099997,0.2,0.2,-0.1,-0.100001,0.0,1e-06,0.12,0.119998,-0.0,-3e-06,-0.1,-0.099989,0.2,0.199995,-0.1,-0.10001,0.0,2e-06
1787224280.664305,5.56,277,1.37171,1.37171,0.909968,0.918859,-0.089832,-0.089832,-0.660828,-0.651942,-1.522536,-1.522536,0.170198,0.170936,0.960562,0.947379,0.514872,0.514863,0.12,0.120001,-0.0,1e-06,-0.1,-0.099997,0.2,0.2,-0.1,-0.100001,0.0,0.0,0.12,0.119998,-0.0,-3e-06,-0.1,-0.099991,0.2,0.199996,-0.1,-0.100008,0.0,2e-06
1787224280.689068,5.58,278,1.37171,1.37171,0.908519,0.917083,-0.089832,-0.089832,-0.662277,-0.653722,-1.522536,-1.522536,0.171605,0.170789,1.056273,0.950015,0.514872,0.514866,0.12,0.120001,-0.0,-1e-06,-0.1,-0.099997,0.2,0.2,-0.1,-0.100001,0.0,0.0,0.12,0.119998,-0.0,-3e-06,-0.1,-0.099994,0.2,0.199996,-0.1,-0.100007,0.0,1e-06
1787224280.710374,5.6,279,1.37171,1.37171,0.908519,0.915371,-0.089832,-0.089832,-0.662277,-0.655434,-1.522536,-1.522536,0.171605,0.170952,1.056273,0.971266,0.514872,0.514861,0.12,0.120001,-0.0,-1e-06,-0.1,-0.099998,0.2,0.2,-0.1,-0.100001,0.0,0.0,0.12,0.119998,-0.0,-3e-06,-0.1,-0.099996,0.2,0.199996,-0.1,-0.100006,0.0,2e-06
1787224280.731313,5.62,280,1.37171,1.37171,0.908519,0.914001,-0.089832,-0.089832,-0.662277,-0.656803,-1.522536,-1.522536,0.171605,0.171083,1.056273,0.988267,0.514872,0.51486,0.12,0.120001,-0.0,1e-06,-0.1,-0.099998,0.2,0.2,-0.1,-0.100001,0.0,0.0,0.12,0.119997,-0.0,4e-06,-0.1,-0.099998,0.2,0.199996,-0.1,-0.100005,0.0,2e-06
1787224280.751876,5.64,281,1.37171,1.37171,0.905578,0.912905,-0.089832,-0.089832,-0.665219,-0.657898,-1.522536,-1.522536,0.177343,0.171187,1.167347,1.001867,0.514872,0.51486,0.12,0.120001,-0.0,-1e-06,-0.1,-0.099998,0.2,0.2,-0.1,-0.1,0.0,0.0,0.12,0.119997,-0.0,-4e-06,-0.1,-0.1,0.2,0.199996,-0.1,-0.100005,0.0,2e-06
1787224280.772365,5.66,282,1.37171,1.37171,0.905578,0.911439,-0.089832,-0.089832,-0.665219,-0.659361,-1.522536,-1.522536,0.177343,0.172418,1.167347,1.034961,0.514872,0.514843,0.12,0.120001,-0.0,1e-06,-0.1,-0.099998,0.2,0.2,-0.1,-0.1,0.0,0.0,0.12,0.119997,-0.0,5e-06,-0.1,-0.100001,0.2,0.199996,-0.1,-0.100004,0.0,2e-06
1787224280.797981,5.68,283,1.37171,1.37171,0.903486,0.910266,-0.089832,-0.089832,-0.667311,-0.660532,-1.522536,-1.522536,0.175975,0.173403,1.257496,1.061437,0.514872,0.514838,0.12,0.120001,-0.0,-1e-06,-0.1,-0.099998,0.2,0.2,-0.1,-0.1,0.0,0.0,0.12,0.119997,-0.0,-5e-06,-0.1,-0.100002,0.2,0.199996,-0.1,-0.100004,0.0,3e-06
1787224280.815941,5.7,284,1.37171,1.37171,0.903486,0.908909,-0.089832,-0.089832,-0.667311,-0.661887,-1.522536,-1.522536,0.175975,0.173917,1.257496,1.100645,0.514872,0.514822,0.12,0.120001,-0.0,1e-06,-0.1,-0.099998,0.2,0.2,-0.1,-0.1,0.0,0.0,0.12,0.119997,-0.0,5e-06,-0.1,-0.100003,0.2,0.199995,-0.1,-0.100004,0.0,3e-06
1787224280.83994,5.72,285,1.37171,1.37171,0.903379,0.907824,-0.089832,-0.089832,-0.667417,-0.662971,-1.522536,-1.522536,0.172112,0.174329,1.358312,1.132013,0.514872,0.514823,0.12,0.120001,-0.0,-1e-06,-0.1,-0.099998,0.2,0.2,-0.1,-0.1,0.0,0.0,0.12,0.119997,-0.0,-6e-06,-0.1,-0.100004,0.2,0.199995,-0.1,-0.100003,0.0,3e-06
1787224280.857597,5.74,286,1.37171,1.37171,0.903379,0.906935,-0.089832,-0.089832,-0.667417,-0.66386,-1.522536,-1.522536,0.172112,0.173885,1.358312,1.177266,0.514872,0.514829,0.12,0.120001,-0.0,-1e-06,-0.1,-0.099998,0.2,0.2,-0.1,-0.1,0.0,0.0,0.12,0.119997,-0.0,6e-06,-0.1,-0.100004,0.2,0.199995,-0.1,-0.100003,0.0,3e-06
1787224280.876003,5.76,287,1.37171,1.37171,0.904306,0.906224,-0.089832,-0.089832,-0.66649,-0.664572,-1.522536,-1.522536,0.182954,0.173531,1.485055,1.213472,0.514872,0.514844,0.12,0.120001,-0.0,1e-06,-0.1,-0.099999,0.2,0.2,-0.1,-0.1,0.0,0.0,0.12,0.119997,-0.0,-6e-06,-0.1,-0.100005,0.2,0.199995,-0.1,-0.100003,0.0,3e-06
1787224280.892485,5.78,288,1.37171,1.37171,0.904306,0.905841,-0.089832,-0.089832,-0.66649,-0.664957,-1.522536,-1.522536,0.182954,0.175415,1.485055,1.267775,0.514872,0.514885,0.12,0.120001,-0.0,-1e-06,-0.1,-0.099999,0.2,0.2,-0.1,-0.1,0.0,0.0,0.12,0.119996,-0.0,6e-06,-0.1,-0.100005,0.2,0.199995,-0.1,-0.100003,0.0,4e-06
1787224280.908782,5.8,289,1.37171,1.37171,0.904306,0.905535,-0.089832,-0.089832,-0.66649,-0.665264,-1.522536,-1.522536,0.182954,0.176923,1.485055,1.311223,0.514872,0.514913,0.12,0.120001,-0.0,1e-06,-0.1,-0.099999,0.2,0.2,-0.1,-0.1,0.0,-0.0,0.12,0.119996,-0.0,6e-06,-0.1,-0.100005,0.2,0.199995,-0.1,-0.100003,0.0,4e-06
1787224280.931897,5.82,290,1.37171,1.37171,0.904133,0.90529,-0.089832,-0.089832,-0.666663,-0.66551,-1.522536,-1.522536,0.17991,0.178129,1.530713,1.345985,0.514872,0.514939,0.12,0.120001,-0.0,-1e-06,-0.1,-0.099999,0.2,0.2,-0.1,-0.1,0.0,-0.0,0.12,0.119996,-0.0,-6e-06,-0.1,-0.100005,0.2,0.199995,-0.1,-0.100003,0.0,4e-06
1787224280.948283,5.84,291,1.37171,1.37171,0.904133,0.905059,-0.089832,-0.089832,-0.666663,-0.665741,-1.522536,-1.522536,0.17991,0.178485,1.530713,1.382925,0.514872,0.514964,0.12,0.120001,-0.0,-1e-06,-0.1,-0.099999,0.2,0.2,-0.1,-0.1,0.0,0.0,0.12,0.119996,-0.0,6e-06,-0.1,-0.100006,0.2,0.199995,-0.1,-0.100003,0.0,4e-06
1787224280.972048,5.86,292,1.37171,1.37171,0.904005,0.904875,-0.089832,-0.089832,-0.666791,-0.665926,-1.522536,-1.522536,0.192868,0.17877,1.609732,1.412479,0.514872,0.51498,0.12,0.120001,-0.0,1e-06,-0.1,-0.099999,0.2,0.2,-0.1,-0.1,0.0,-0.0,0.12,0.119996,-0.0,-6e-06,-0.1,-0.100006,0.2,0.199995,-0.1,-0.100003,0.0,4e-06
1787224280.990946,5.88,293,1.37171,1.37171,0.904005,0.904701,-0.089832,-0.089832,-0.666791,-0.6661,-1.522536,-1.522536,0.192868,0.18159,1.609732,1.451924,0.514872,0.515003,0.12,0.120001,-0.0,-1e-06,-0.1,-0.099999,0.2,0.2,-0.1,-0.1,0.0,-0.0,0.12,0.119996,-0.0,6e-06,-0.1,-0.100006,0.2,0.199995,-0.1,-0.100003,0.0,4e-06
1787224281.015927,5.9,294,1.37171,1.37171,0.908353,0.904562,-0.089832,-0.089832,-0.662443,-0.666238,-1.522536,-1.522536,0.18894,0.183845,1.595283,1.483482,0.514872,0.515016,0.12,0.120001,-0.0,1e-06,-0.1,-0.099999,0.2,0.2,-0.1,-0.1,0.0,0.0,0.12,0.119996,-0.0,-6e-06,-0.1,-0.100006,0.2,0.199995,-0.1,-0.100003,0.0,3e-06
1787224281.03465,5.92,295,1.37171,1.37171,0.908353,0.905318,-0.089832,-0.089832,-0.662443,-0.665477,-1.522536,-1.522536,0.18894,0.184864,1.595283,1.50584,0.514872,0.515016,0.12,0.120001,-0.0,-1e-06,-0.1,-0.099999,0.2,0.2,-0.1,-0.1,0.0,-0.0,0.12,0.119996,-0.0,6e-06,-0.1,-0.100006,0.2,0.199995,-0.1,-0.100003,0.0,3e-06
1787224281.05924,5.94,296,1.37171,1.37171,0.912888,0.905923,-0.089832,-0.089832,-0.657908,-0.664869,-1.522536,-1.522536,0.182731,0.185679,1.4847,1.523727,0.514872,0.515008,0.12,0.120001,-0.0,-1e-06,-0.1,-0.099999,0.2,0.2,-0.1,-0.1,0.0,0.0,0.12,0.119996,-0.0,-6e-06,-0.1,-0.100006,0.2,0.199995,-0.1,-0.100002,0.0,3e-06
1787224281.074461,5.96,297,1.37171,1.37171,0.912888,0.907311,-0.089832,-0.089832,-0.657908,-0.663471,-1.522536,-1.522536,0.182731,0.18509,1.4847,1.515922,0.514872,0.514972,0.12,0.120001,-0.0,1e-06,-0.1,-0.099999,0.2,0.2,-0.1,-0.1,0.0,-0.0,0.12,0.119997,-0.0,6e-06,-0.1,-0.100005,0.2,0.199996,-0.1,-0.100002,0.0,2e-06
1787224281.094051,5.98,298,1.37171,1.37171,0.914949,0.908423,-0.089832,-0.089832,-0.655848,-0.662355,-1.522536,-1.522536,0.179128,0.184618,1.404671,1.509678,0.514872,0.514948,0.12,0.120001,-0.0,-1e-06,-0.1,-0.099999,0.2,0.2,-0.1,-0.1,0.0,-0.0,0.12,0.119997,-0.0,-5e-06,-0.1,-0.100005,0.2,0.199996,-0.1,-0.100001,0.0,1e-06
1787224281.115403,6.0,299,1.37171,1.37171,0.914949,0.909726,-0.089832,-0.089832,-0.655848,-0.661051,-1.522536,-1.522536,0.179128,0.18352,1.404671,1.488677,0.514872,0.514927,0.12,0.120001,-0.0,1e-06,-0.1,-0.099999,0.2,0.2,-0.1,-0.1,0.0,0.0,0.12,0.119997,-0.0,4e-06,-0.1,-0.100004,0.2,0.199997,-0.1,-0.100001,0.0,-1e-06
1787224281.134141,6.02,300,1.37171,1.37171,0.914949,0.910769,-0.089832,-0.089832,-0.655848,-0.660009,-1.522536,-1.522536,0.179128,0.182641,1.404671,1.471876,0.514872,0.514915,0.12,0.120001,-0.0,-1e-06,-0.1,-0.099999,0.2,0.200001,-0.1,-0.1,0.0,-0.0,0.12,0.119997,-0.0,-4e-06,-0.1,-0.100004,0.2,0.199998,-0.1,-0.1,0.0,-1e-06
1787224281.157957,6.04,301,1.37171,1.37171,0.914611,0.911605,-0.089832,-0.089832,-0.656186,-0.659177,-1.522536,-1.522536,0.177008,0.181939,1.212454,1.458435,0.514872,0.514907,0.12,0.120001,-0.0,1e-06,-0.1,-0.099999,0.2,0.200001,-0.1,-0.1,0.0,0.0,0.12,0.119997,-0.0,3e-06,-0.1,-0.100003,0.2,0.199998,-0.1,-0.1,0.0,-1e-06
1787224281.171742,6.06,302,1.37171,1.37171,0.914611,0.912206,-0.089832,-0.089832,-0.656186,-0.658579,-1.522536,-1.522536,0.177008,0.180953,1.212454,1.409247,0.514872,0.514926,0.12,0.120001,-0.0,-1e-06,-0.1,-0.099999,0.2,0.2,-0.1,-0.1,0.0,-0.0,0.12,0.119997,-0.0,-3e-06,-0.1,-0.100003,0.2,0.199998,-0.1,-0.1,0.0,-1e-06
1787224281.192168,6.08,303,1.37171,1.37171,0.909206,0.912688,-0.089832,-0.089832,-0.66159,-0.658101,-1.522536,-1.522536,0.184395,0.180164,1.216686,1.369893,0.514872,0.514925,0.12,0.120001,-0.0,-1e-06,-0.1,-0.099999,0.2,0.200001,-0.1,-0.1,0.0,0.0,0.12,0.119997,-0.0,3e-06,-0.1,-0.100003,0.2,0.199999,-0.1,-0.1,0.0,-2e-06
1787224281.212974,6.1,304,1.37171,1.37171,0.909206,0.91199,-0.089832,-0.089832,-0.66159,-0.658797,-1.522536,-1.522536,0.184395,0.18101,1.216686,1.339254,0.514872,0.514922,0.12,0.120001,-0.0,1e-06,-0.1,-0.099999,0.2,0.200001,-0.1,-0.1,0.0,-0.0,0.12,0.119998,-0.0,-3e-06,-0.1,-0.100003,0.2,0.199999,-0.1,-0.099999,0.0,-2e-06
1787224281.235915,6.12,305,1.37171,1.37171,0.909206,0.911432,-0.089832,-0.089832,-0.66159,-0.659354,-1.522536,-1.522536,0.184395,0.181687,1.216686,1.314742,0.514872,0.514919,0.12,0.120001,-0.0,-1e-06,-0.1,-0.099999,0.2,0.200001,-0.1,-0.1,0.0,0.0,0.12,0.119998,-0.0,-3e-06,-0.1,-0.100002,0.2,0.199999,-0.1,-0.099999,0.0,-2e-06
1787224281.260497,6.14,306,1.37171,1.37171,0.897185,0.910986,-0.089832,-0.089832,-0.673612,-0.6598,-1.522536,-1.522536,0.258727,0.182228,1.099496,1.295132,0.514872,0.514916,0.12,0.120001,-0.0,1e-06,-0.1,-0.099999,0.2,0.200001,-0.1,-0.1,0.0,-0.0,0.12,0.119998,-0.0,3e-06,-0.1,-0.100002,0.2,0.199999,-0.1,-0.099999,0.0,-2e-06
1787224281.282933,6.16,307,1.37171,1.37171,0.897185,0.90822,-0.089832,-0.089832,-0.673612,-0.662557,-1.522536,-1.522536,0.258727,0.197527,1.099496,1.256011,0.514872,0.514914,0.12,0.120001,-0.0,-1e-06,-0.1,-0.099999,0.2,0.200001,-0.1,-0.1,0.0,-0.0,0.12,0.119998,-0.0,-2e-06,-0.1,-0.100002,0.2,0.2,-0.1,-0.099999,0.0,-2e-06
1787224281.305251,6.18,308,1.37171,1.37171,0.887425,0.906007,-0.089832,-0.089832,-0.683372,-0.664762,-1.522536,-1.522536,0.296091,0.209767,1.026744,1.224711,0.514872,0.514911,0.12,0.120001,-0.0,1e-06,-0.1,-0.099999,0.2,0.200001,-0.1,-0.1,0.0,0.0,0.12,0.119998,-0.0,2e-06,-0.1,-0.100002,0.2,0.2,-0.1,-0.099999,0.0,-2e-06
1787224281.324739,6.2,309,1.37171,1.37171,0.887425,0.902282,-0.089832,-0.089832,-0.683372,-0.668475,-1.522536,-1.522536,0.296091,0.227031,1.026744,1.185124,0.514872,0.514903,0.12,0.120001,-0.0,-1e-06,-0.1,-0.099999,0.2,0.200001,-0.1,-0.1,0.0,-0.0,0.12,0.119998,-0.0,-2e-06,-0.1,-0.100002,0.2,0.2,-0.1,-0.099999,0.0,-2e-06
1787224281.34806,6.22,310,1.37171,1.37171,0.884244,0.899303,-0.089832,-0.089832,-0.686552,-0.671446,-1.522536,-1.522536,0.310437,0.240843,0.957912,1.153452,0.514872,0.514899,0.12,0.120001,-0.0,-1e-06,-0.1,-0.099999,0.2,0.200001,-0.1,-0.1,0.0,0.0,0.12,0.119998,-0.0,2e-06,-0.1,-0.100002,0.2,0.2,-0.1,-0.099999,0.0,-2e-06
1787224281.36217,6.24,311,1.37171,1.37171,0.884244,0.896284,-0.089832,-0.089832,-0.686552,-0.67446,-1.522536,-1.522536,0.310437,0.254761,0.957912,1.11435,0.514872,0.51489,0.12,0.120001,-0.0,1e-06,-0.1,-0.099999,0.2,0.200001,-0.1,-0.1,0.0,-0.0,0.12,0.119998,-0.0,-2e-06,-0.1,-0.100002,0.2,0.2,-0.1,-0.099999,0.0,-2e-06
1787224281.3817,6.26,312,1.37171,1.37171,0.883035,0.893869,-0.089832,-0.089832,-0.687761,-0.676871,-1.522536,-1.522536,0.331186,0.265896,0.922567,1.083066,0.514872,0.514886,0.12,0.120001,-0.0,-1e-06,-0.1,-0.099999,0.2,0.200001,-0.1,-0.1,0.0,0.0,0.12,0.119998,-0.0,2e-06,-0.1,-0.100002,0.2,0.2,-0.1,-0.099999,0.0,-2e-06
1787224281.400184,6.28,313,1.37171,1.37171,0.883035,0.891696,-0.089832,-0.089832,-0.687761,-0.679043,-1.522536,-1.522536,0.331186,0.278954,0.922567,1.05097,0.514872,0.514881,0.12,0.120001,-0.0,1e-06,-0.1,-0.099999,0.2,0.200001,-0.1,-0.1,0.0,-0.0,0.12,0.119998,-0.0,-2e-06,-0.1,-0.100002,0.2,0.2,-0.1,-0.099999,0.0,-3e-06
1787224281.41977,6.3,314,1.37171,1.37171,0.883035,0.88996,-0.089832,-0.089832,-0.687761,-0.680782,-1.522536,-1.522536,0.331186,0.2894,0.922567,1.025292,0.514872,0.514893,0.12,0.120001,-0.0,-1e-06,-0.1,-0.099999,0.2,0.200001,-0.1,-0.1,0.0,-0.0,0.12,0.119998,-0.0,2e-06,-0.1,-0.100002,0.2,0.2,-0.1,-0.099999,0.0,-2e-06
1787224281.441085,6.32,315,1.37171,1.37171,0.885017,0.888573,-0.089832,-0.089832,-0.685779,-0.682176,-1.522536,-1.522536,0.354558,0.297757,1.004925,1.004749,0.514872,0.514898,0.12,0.120001,-0.0,1e-06,-0.1,-0.099999,0.2,0.200001,-0.1,-0.1,0.0,0.0,0.12,0.119998,-0.0,-2e-06,-0.1,-0.100002,0.2,0.2,-0.1,-0.099999,0.0,-2e-06
1787224281.466181,6.34,316,1.37171,1.37171,0.885017,0.887861,-0.089832,-0.089832,-0.685779,-0.682895,-1.522536,-1.522536,0.354558,0.309117,1.004925,1.004784,0.514872,0.514893,0.12,0.120001,-0.0,-1e-06,-0.1,-0.099999,0.2,0.200001,-0.1,-0.1,0.0,-0.0,0.12,0.119998,-0.0,2e-06,-0.1,-0.100002,0.2,0.2,-0.1,-0.099999,0.0,-1e-06
