wall_time_s,sim_time_s,frame_index,LShoulderPitch_cmd_rad,LShoulderPitch_meas_rad,RShoulderPitch_cmd_rad,RShoulderPitch_meas_rad,LShoulderRoll_cmd_rad,LShoulderRoll_meas_rad,RShoulderRoll_cmd_rad,RShoulderRoll_meas_rad,LElbowRoll_cmd_rad,LElbowRoll_meas_rad,RElbowRoll_cmd_rad,RElbowRoll_meas_rad,HeadYaw_cmd_rad,HeadYaw_meas_rad,HeadPitch_cmd_rad,HeadPitch_meas_rad,LHipYawPitch_cmd_rad,LHipYawPitch_meas_rad,LHipRoll_cmd_rad,LHipRoll_meas_rad,LHipPitch_cmd_rad,LHipPitch_meas_rad,LKneePitch_cmd_rad,LKneePitch_meas_rad,LAnklePitch_cmd_rad,LAnklePitch_meas_rad,LAnkleRoll_cmd_rad,LAnkleRoll_meas_rad,RHipYawPitch_cmd_rad,RHipYawPitch_meas_rad,RHipRoll_cmd_rad,RHipRoll_meas_rad,RHipPitch_cmd_rad,RHipPitch_meas_rad,RKneePitch_cmd_rad,RKneePitch_meas_rad,RAnklePitch_cmd_rad,RAnklePitch_meas_rad,RAnkleRoll_cmd_rad,RAnkleRoll_meas_rad
1787226314.317965,0.02,0,1.48353,1.289244,1.48353,1.147964,0.174533,0.196134,-0.174533,0.265258,-0.523599,-0.910419,0.523599,0.896033,0.0,0.287258,0.0,-0.004253,0.0,0.107517,0.0,-1e-06,-0.1,-0.080804,0.2,0.180799,-0.1,-0.0808,0.0,-1e-06,0.0,0.107522,0.0,0.228239,-0.1,-0.460421,0.2,0.119234,-0.1,0.067761,0.0,-0.228235
1787226314.338191,0.04,1,1.504793,1.328083,1.48353,1.197386,0.091077,0.191736,-0.174533,0.222072,-0.523599,-0.867325,0.523599,0.852974,-0.049198,0.237647,0.205949,-0.003618,0.0,0.086015,-0.193697,-1e-06,-0.0755,-0.084642,0.151,0.184639,-0.0755,-0.08464,0.193697,-1e-06,0.0,0.086018,0.0,0.192883,-0.1,-0.406035,0.2,0.135368,-0.1,0.034228,0.0,-0.192884
1787226314.356491,0.06,2,1.504793,1.363161,1.48353,1.246316,0.091077,0.171207,-0.174533,0.178427,-0.523599,-0.82422,0.523599,0.809902,-0.049198,0.179888,0.205949,0.037579,-0.003386,0.068814,-0.251806,-0.03536,-0.06815,-0.082814,0.1363,0.177912,-0.06815,-0.082812,0.251806,0.035356,-0.003386,0.068818,0.0,0.157529,-0.1,-0.351646,0.2,0.148295,-0.1,0.007395,0.0,-0.15753
1787226314.374527,0.08,3,1.504793,1.391636,1.48353,1.294033,0.091077,0.155516,-0.174533,0.135944,-0.523599,-0.781122,0.523599,0.766849,-0.049198,0.134056,0.205949,0.071065,-0.016525,0.054377,-0.269239,-0.070708,-0.065945,-0.079883,0.13189,0.169594,-0.065945,-0.079881,0.269239,0.070705,-0.016525,0.05438,0.0,0.126031,-0.1,-0.301338,0.2,0.158626,-0.1,-0.014067,0.0,-0.126036
1787226314.39725,0.1,4,1.504793,1.414427,1.48353,1.332341,0.091077,0.142976,-0.174533,0.093497,-0.523599,-0.738023,0.523599,0.723792,-0.049198,0.097449,0.205949,0.097978,-0.037062,0.040201,-0.274469,-0.106056,-0.065284,-0.077097,0.130567,0.162056,-0.065284,-0.077096,0.274469,0.106053,-0.037062,0.040202,0.0,0.100831,-0.1,-0.261084,0.2,0.166895,-0.1,-0.031243,0.0,-0.100836
1787226314.413042,0.12,5,1.504793,1.432562,1.48353,1.362663,0.091077,0.13275,-0.174533,0.050681,-0.523599,-0.695172,0.523599,0.683796,-0.049198,0.067918,0.205949,0.119216,-0.06245,0.024751,-0.276038,-0.139733,-0.065085,-0.074735,0.13017,0.155759,-0.065085,-0.074734,0.276038,0.139732,-0.06245,0.024751,0.0,0.080665,-0.1,-0.228872,0.2,0.173513,-0.1,-0.04499,0.0,-0.08067
1787226314.429655,0.14,6,1.504793,1.446981,1.48353,1.386539,0.091077,0.124403,-0.174533,0.007592,-0.523599,-0.660871,0.523599,0.651782,-0.049198,0.044402,0.205949,0.136381,-0.079158,0.007312,-0.276508,-0.166992,-0.065026,-0.072804,0.130051,0.150641,-0.065026,-0.072804,0.276508,0.166991,-0.079158,0.007313,0.0,0.064533,-0.1,-0.203101,0.2,0.178809,-0.1,-0.05599,0.0,-0.064538
1787226314.44713,0.16,7,1.504793,1.458536,1.48353,1.405777,0.091077,0.11775,-0.174533,-0.028753,-0.523599,-0.633423,0.523599,0.62616,-0.049198,0.025669,0.205949,0.150239,-0.090753,-0.009982,-0.276649,-0.188894,-0.065008,-0.071248,0.130015,0.146523,-0.065008,-0.071248,0.276649,0.188894,-0.090753,-0.00998,0.0,0.051627,-0.1,-0.182481,0.2,0.183047,-0.1,-0.064791,0.0,-0.051632
1787226314.464935,0.18,8,1.504793,1.467781,1.48353,1.421205,0.091077,0.11242,-0.174533,-0.057857,-0.523599,-0.611461,0.523599,0.605655,-0.049198,0.010689,0.205949,0.161346,-0.098278,-0.026135,-0.276692,-0.206444,-0.065002,-0.07,0.130005,0.143222,-0.065002,-0.07,0.276692,0.206444,-0.098278,-0.026134,0.0,0.041302,-0.1,-0.165985,0.2,0.186437,-0.1,-0.071833,0.0,-0.041306
1787226314.491037,0.2,9,1.510934,1.475178,1.48353,1.433585,0.034386,0.108155,-0.174533,-0.081156,-0.523599,-0.593889,0.523599,0.589247,0.739724,-0.001292,0.329518,0.170244,-0.113483,-0.040563,-0.276705,-0.220494,-0.21643,-0.069,0.130001,0.140579,0.057499,-0.069001,0.276705,0.220494,-0.113483,-0.040562,0.0,0.033042,-0.1,-0.152788,0.2,0.18915,-0.1,-0.077466,0.0,-0.033046
1787226314.506263,0.22,10,1.510934,1.482312,1.48353,1.443512,0.034386,0.093402,-0.174533,-0.09981,-0.523599,-0.579832,0.523599,0.576118,0.739724,0.08133,0.329518,0.202174,-0.118045,-0.055146,-0.276708,-0.231736,-0.261858,-0.098476,0.13,0.138464,0.09425,-0.043707,0.276708,0.231736,-0.118045,-0.055146,0.0,0.026433,-0.1,-0.14223,0.2,0.19132,-0.1,-0.081973,0.0,-0.026437
1787226314.524992,0.24,11,1.510934,1.488023,1.48353,1.451474,0.034386,0.0816,-0.174533,-0.11474,-0.523599,-0.568585,0.523599,0.565615,0.739724,0.163936,0.329518,0.227608,-0.119414,-0.067725,-0.27671,-0.24073,-0.275487,-0.131149,0.13,0.136772,0.105275,-0.016123,0.27671,0.24073,-0.119414,-0.067725,0.0,0.021147,-0.1,-0.133784,0.2,0.193056,-0.1,-0.085578,0.0,-0.02115
1787226314.544528,0.26,12,1.510934,1.492596,1.48353,1.457856,0.034386,0.072157,-0.174533,-0.126689,-0.523599,-0.559588,0.523599,0.557212,0.739724,0.246547,0.329518,0.247853,-0.119824,-0.078062,-0.27671,-0.247926,-0.279575,-0.16001,0.13,0.135419,0.108582,0.00815,0.27671,0.247926,-0.119824,-0.078062,0.0,0.016917,-0.1,-0.127027,0.2,0.194445,-0.1,-0.088463,0.0,-0.01692
1787226314.564433,0.28,13,1.510934,1.496257,1.48353,1.462972,0.034386,0.064603,-0.174533,-0.136251,-0.523599,-0.55239,0.523599,0.550489,0.739724,0.329171,0.329518,0.263939,-0.119947,-0.086414,-0.27671,-0.253683,-0.280802,-0.183918,0.13,0.134335,0.109575,0.028232,0.27671,0.253683,-0.119947,-0.086414,0.0,0.013534,-0.1,-0.121621,0.2,0.195556,-0.1,-0.09077,0.0,-0.013537
1787226314.58792,0.3,14,1.340543,1.499189,1.48353,1.467073,-0.105032,0.05856,-0.174533,-0.143902,-0.523599,-0.546632,0.523599,0.54511,0.414439,0.41122,0.40366,0.276688,-0.119984,-0.09312,-0.27671,-0.258289,-0.129741,-0.203291,0.13,0.133469,-0.012628,0.044497,0.27671,0.258289,-0.119984,-0.093119,0.0,0.010827,-0.1,-0.117297,0.2,0.196445,-0.1,-0.092616,0.0,-0.01083
1787226314.606153,0.32,15,1.340543,1.46754,1.48353,1.470372,-0.105032,0.025775,-0.174533,-0.150018,-0.523599,-0.542027,0.523599,0.540808,0.414439,0.411803,0.40366,0.30208,-0.119995,-0.098493,-0.27671,-0.261973,-0.084422,-0.188581,0.13,0.132775,-0.049288,0.033072,0.27671,0.261973,-0.119995,-0.098492,0.0,0.008661,-0.1,-0.113837,0.2,0.197156,-0.1,-0.094093,0.0,-0.008664
1787226314.624897,0.34,16,1.340543,1.442162,1.48353,1.473001,-0.105032,-0.000378,-0.174533,-0.154918,-0.523599,-0.538342,0.523599,0.537366,0.414439,0.412279,0.40366,0.322395,-0.119999,-0.102793,-0.27671,-0.264921,-0.070827,-0.16775,0.13,0.13222,-0.060286,0.016601,0.27671,0.264921,-0.119999,-0.102793,0.0,0.006929,-0.1,-0.11107,0.2,0.197725,-0.1,-0.095274,0.0,-0.006931
1787226314.650674,0.36,17,1.304404,1.421844,1.48353,1.475103,-0.188683,-0.021285,-0.174533,-0.158841,-0.523599,-0.535393,0.523599,0.534613,0.066775,0.412675,0.448145,0.338646,-0.12,-0.106234,-0.27671,-0.267278,-0.066748,-0.148365,0.13,0.131776,-0.063586,0.001224,0.27671,0.267278,-0.12,-0.106233,0.0,0.005543,-0.1,-0.108856,0.2,0.19818,-0.1,-0.096219,0.0,-0.005545
1787226314.671263,0.38,18,1.304404,1.398388,1.48353,1.476787,-0.188683,-0.054744,-0.174533,-0.161978,-0.523599,-0.533035,0.523599,0.53241,0.066775,0.34349,0.448145,0.360601,-0.12,-0.108986,-0.27671,-0.269165,-0.065524,-0.132042,0.13,0.131421,-0.064576,-0.011738,0.27671,0.269165,-0.12,-0.108986,0.0,0.004435,-0.1,-0.107084,0.2,0.198544,-0.1,-0.096975,0.0,-0.004436
1787226314.694784,0.4,19,1.229359,1.379601,1.48353,1.478133,-0.238874,-0.0815,-0.174533,-0.164489,-0.523599,-0.531148,0.523599,0.530648,0.014143,0.288152,0.474836,0.378114,-0.12,-0.111188,-0.27671,-0.270674,-0.065157,-0.118738,0.13,0.131137,-0.064873,-0.022305,0.27671,0.270674,-0.12,-0.111188,0.0,0.003548,-0.1,-0.105667,0.2,0.198835,-0.1,-0.09758,0.0,-0.003549
1787226314.716432,0.42,20,1.229359,1.349577,1.48353,1.479211,-0.238874,-0.112925,-0.174533,-0.166498,-0.523599,-0.529638,0.523599,0.529238,0.014143,0.233366,0.474836,0.397433,-0.12,-0.11295,-0.27671,-0.271881,-0.065047,-0.108022,0.13,0.13091,-0.064962,-0.030819,0.27671,0.271881,-0.12,-0.11295,0.0,0.002838,-0.1,-0.104533,0.2,0.199068,-0.1,-0.098064,0.0,-0.002839
1787226314.740221,0.44,21,1.336479,1.325551,1.48353,1.480074,-0.11387,-0.138068,-0.174533,-0.168106,-0.523599,-0.52843,0.523599,0.52811,-0.017002,0.189538,0.49085,0.412885,-0.12,-0.11436,-0.27671,-0.272847,-0.108877,-0.099427,0.13,0.130728,-0.021126,-0.037647,0.27671,0.272847,-0.12,-0.11436,0.0,0.002271,-0.1,-0.103626,0.2,0.199255,-0.1,-0.098451,0.0,-0.002271
1787226314.758413,0.46,22,1.336479,1.327737,1.48353,1.480763,-0.11387,-0.133234,-0.174533,-0.169392,-0.523599,-0.527464,0.523599,0.527208,-0.017002,0.148248,0.49085,0.428439,-0.12,-0.115487,-0.27671,-0.273619,-0.122026,-0.101316,0.13,0.130582,-0.007975,-0.034343,0.27671,0.273619,-0.12,-0.115488,0.0,0.001817,-0.1,-0.102901,0.2,0.199404,-0.1,-0.098761,0.0,-0.001817
1787226314.780767,0.48,23,1.415528,1.329484,1.48353,1.481316,-0.082999,-0.129363,-0.174533,-0.17042,-0.523599,-0.526691,0.523599,0.526486,0.102922,0.115212,0.500459,0.440889,-0.12,-0.116389,-0.27671,-0.274237,-0.1378,-0.105458,0.13,0.130466,0.0078,-0.029069,0.27671,0.274237,-0.12,-0.11639,0.0,0.001453,-0.1,-0.10232,0.2,0.199523,-0.1,-0.099009,0.0,-0.001454
1787226314.798774,0.5,24,1.415528,1.346689,1.48353,1.481758,-0.082999,-0.120113,-0.174533,-0.171243,-0.523599,-0.526073,0.523599,0.525908,0.102922,0.112764,0.500459,0.452801,-0.12,-0.117111,-0.27671,-0.274732,-0.142532,-0.111926,0.13,0.130373,0.012532,-0.021696,0.27671,0.274732,-0.12,-0.117111,0.0,0.001163,-0.1,-0.101856,0.2,0.199619,-0.1,-0.099207,0.0,-0.001163
1787226314.815402,0.52,25,1.415528,1.360451,1.48353,1.482113,-0.082999,-0.112699,-0.174533,-0.171901,-0.523599,-0.525578,0.523599,0.525446,0.102922,0.110802,0.500459,0.462331,-0.12,-0.117688,-0.27671,-0.275128,-0.143952,-0.118047,0.13,0.130298,0.013952,-0.01485,0.27671,0.275128,-0.12,-0.117689,0.0,0.00093,-0.1,-0.101485,0.2,0.199695,-0.1,-0.099366,0.0,-0.00093
1787226314.842013,0.54,26,1.372481,1.371462,1.48353,1.482396,0.055354,-0.106764,-0.174533,-0.172427,-0.523599,-0.525182,0.523599,0.525077,-0.071068,0.109231,0.506224,0.469956,0.048,-0.11815,-0.27671,-0.275444,-0.163552,-0.123228,0.13,0.130239,0.033552,-0.00909,0.27671,0.275444,0.048,-0.118151,0.0,0.000744,-0.1,-0.101187,0.2,0.199756,-0.1,-0.099493,0.0,-0.000744
1787226314.855226,0.56,27,1.372481,1.371641,1.48353,1.482623,0.055354,-0.074344,-0.174533,-0.172848,-0.523599,-0.524866,0.523599,0.524781,-0.071068,0.073179,0.506224,0.477194,0.0984,-0.084923,-0.27671,-0.275697,-0.169432,-0.131291,0.13,0.130191,0.039432,-0.000563,0.27671,0.275697,0.0984,-0.084923,0.0,0.000595,-0.1,-0.10095,0.2,0.199805,-0.1,-0.099594,0.0,-0.000595
1787226314.878325,0.58,28,1.372481,1.371821,1.48353,1.482804,0.055354,-0.048406,-0.174533,-0.173185,-0.523599,-0.524612,0.523599,0.524545,-0.071068,0.044325,0.506224,0.482933,0.11352,-0.049567,-0.27671,-0.275899,-0.171196,-0.138917,0.13,0.130153,0.041196,0.007434,0.27671,0.2759,0.11352,-0.049567,0.0,0.000476,-0.1,-0.10076,0.2,0.199844,-0.1,-0.099675,0.0,-0.000476
1787226314.896379,0.6,29,1.372481,1.371943,1.48353,1.48295,0.055354,-0.027656,-0.174533,-0.173455,-0.523599,-0.52441,0.523599,0.524356,-0.071068,0.021237,0.506224,0.487514,0.118056,-0.016952,-0.27671,-0.276062,-0.171725,-0.145372,0.13,0.130122,0.041725,0.014185,0.27671,0.276062,0.118056,-0.016953,0.0,0.000381,-0.1,-0.100608,0.2,0.199875,-0.1,-0.09974,0.0,-0.000381
1787226314.916774,0.62,30,1.372481,1.372037,1.48353,1.483066,0.055354,-0.011055,-0.174533,-0.17367,-0.523599,-0.524248,0.523599,0.524204,-0.071068,0.002767,0.506224,0.491193,0.119417,0.010047,-0.27671,-0.276191,-0.171884,-0.150641,0.13,0.130098,0.041884,0.019692,0.27671,0.276191,0.119417,0.010046,0.0,0.000305,-0.1,-0.100486,0.2,0.1999,-0.1,-0.099792,0.0,-0.000305
1787226314.940232,0.64,31,1.440816,1.372132,1.48353,1.483159,0.022222,0.002227,-0.174533,-0.173843,-0.523599,-0.524118,0.523599,0.524083,-0.035593,-0.012004,0.509683,0.494167,0.119825,0.03192,-0.27671,-0.276295,-0.218288,-0.154889,0.13,0.130079,0.088288,0.02413,0.27671,0.276295,0.119825,0.031919,0.0,0.000244,-0.1,-0.100388,0.2,0.19992,-0.1,-0.099834,0.0,-0.000244
1787226314.959779,0.66,32,1.440816,1.385869,1.48353,1.483233,0.022222,0.006218,-0.174533,-0.173981,-0.523599,-0.524014,0.523599,0.523986,-0.035593,-0.016727,0.509683,0.497259,0.119948,0.049501,-0.27671,-0.276378,-0.232209,-0.167568,0.13,0.130063,0.102209,0.036961,0.27671,0.276378,0.119948,0.0495,0.0,0.000195,-0.1,-0.10031,0.2,0.199936,-0.1,-0.099867,0.0,-0.000195
1787226314.983749,0.68,33,1.440816,1.396856,1.48353,1.483293,0.022222,0.009423,-0.174533,-0.174091,-0.523599,-0.523931,0.523599,0.523909,-0.035593,-0.020502,0.509683,0.499739,0.119984,0.06359,-0.27671,-0.276444,-0.236385,-0.180496,0.13,0.130051,0.106385,0.050011,0.27671,0.276444,0.119984,0.063588,0.0,0.000156,-0.1,-0.10025,0.2,0.199948,-0.1,-0.099894,0.0,-0.000157
1787226315.003159,0.7,34,1.440816,1.405647,1.48353,1.48334,0.022222,0.011986,-0.174533,-0.17418,-0.523599,-0.523864,0.523599,0.523847,-0.035593,-0.023522,0.509683,0.501725,0.119995,0.074869,-0.27671,-0.276497,-0.237638,-0.191673,0.13,0.130041,0.107638,0.061286,0.27671,0.276497,0.119995,0.074867,0.0,0.000124,-0.1,-0.1002,0.2,0.199958,-0.1,-0.099916,0.0,-0.000126
1787226315.022643,0.72,35,1.440816,1.41268,1.48353,1.483378,0.022222,0.014034,-0.174533,-0.17425,-0.523599,-0.523811,0.523599,0.523797,-0.035593,-0.025937,0.509683,0.503315,0.119999,0.083895,-0.27671,-0.27654,-0.238014,-0.200866,0.13,0.130033,0.108014,0.070556,0.27671,0.27654,0.119999,0.083892,0.0,9.9e-05,-0.1,-0.100161,0.2,0.199965,-0.1,-0.099933,0.0,-0.000101
1787226315.044099,0.74,36,1.440816,1.418307,1.48353,1.483409,0.022222,0.015672,-0.174533,-0.174307,-0.523599,-0.523769,0.523599,0.523757,-0.035593,-0.027869,0.509683,0.504587,0.12,0.091116,-0.27671,-0.276574,-0.238127,-0.208295,0.13,0.130026,0.108127,0.078048,0.27671,0.276574,0.12,0.091112,0.0,7.9e-05,-0.1,-0.10013,0.2,0.199972,-0.1,-0.099947,0.0,-8.2e-05
1787226315.070045,0.76,37,1.384827,1.422809,1.48353,1.483433,-0.094647,0.016981,-0.174533,-0.174352,-0.523599,-0.523735,0.523599,0.523726,-0.051188,-0.029414,0.511759,0.505605,0.067676,0.096893,-0.27671,-0.276601,-0.192274,-0.214261,0.13,0.130021,0.062274,0.084063,0.27671,0.276601,0.067676,0.096889,0.0,6.2e-05,-0.1,-0.100105,0.2,0.199976,-0.1,-0.099958,0.0,-6.6e-05
1787226315.085641,0.78,38,1.384827,1.415275,1.48353,1.483453,-0.094647,-0.005363,-0.174533,-0.174388,-0.523599,-0.523707,0.523599,0.5237,-0.051188,-0.033768,0.511759,0.506837,0.048259,0.091049,-0.27671,-0.276623,-0.178518,-0.209864,0.13,0.130017,0.048518,0.079706,0.27671,0.276623,0.048259,0.091047,0.0,5e-05,-0.1,-0.100084,0.2,0.199981,-0.1,-0.099966,0.0,-5.2e-05
1787226315.104927,0.8,39,1.384827,1.409237,1.48353,1.483468,-0.094647,-0.023236,-0.174533,-0.174417,-0.523599,-0.523686,0.523599,0.52368,-0.051188,-0.037252,0.511759,0.507822,0.037405,0.082492,-0.27671,-0.27664,-0.174392,-0.203594,0.13,0.130014,0.044392,0.073468,0.27671,0.27664,0.037405,0.082489,0.0,4e-05,-0.1,-0.100067,0.2,0.199985,-0.1,-0.099972,0.0,-4.2e-05
1787226315.126774,0.82,40,1.403803,1.404398,1.48353,1.483481,-0.1122,-0.037532,-0.174533,-0.17444,-0.523599,-0.523668,0.523599,0.523664,-0.095045,-0.040038,0.513004,0.508611,-0.006491,0.073475,-0.27671,-0.276654,-0.173405,-0.197754,0.13,0.130011,0.043405,0.067653,0.27671,0.276654,-0.006491,0.073472,0.0,3.3e-05,-0.1,-0.100054,0.2,0.199988,-0.1,-0.099978,0.0,-3.3e-05
1787226315.147027,0.84,41,1.403803,1.404173,1.48353,1.48349,-0.1122,-0.052463,-0.174533,-0.174459,-0.523599,-0.523654,0.523599,0.523651,-0.095045,-0.051036,0.513004,0.509518,-0.019202,0.057483,-0.27671,-0.276665,-0.173109,-0.192884,0.13,0.130009,0.043109,0.062803,0.27671,0.276665,-0.019202,0.057482,0.0,2.5e-05,-0.1,-0.100043,0.2,0.199991,-0.1,-0.099982,0.0,-2.7e-05
1787226315.173968,0.86,42,1.448714,1.404101,1.48353,1.483498,-0.045434,-0.06441,-0.174533,-0.174474,-0.523599,-0.523643,0.523599,0.52364,-0.55293,-0.059836,0.513751,0.510229,0.022464,0.042147,-0.27671,-0.276674,-0.180309,-0.188928,0.13,0.130007,0.050309,0.058865,0.27671,0.276674,0.022464,0.042146,0.0,2e-05,-0.1,-0.100034,0.2,0.199993,-0.1,-0.099986,0.0,-2.1e-05
1787226315.185892,0.88,43,1.448714,1.413025,1.48353,1.483505,-0.045434,-0.060621,-0.174533,-0.174485,-0.523599,-0.523634,0.523599,0.523632,-0.55293,-0.142486,0.513751,0.510978,0.034679,0.038211,-0.27671,-0.276682,-0.182469,-0.187204,0.13,0.130006,0.052469,0.057153,0.27671,0.276681,0.034679,0.038209,0.0,1.6e-05,-0.1,-0.100027,0.2,0.199994,-0.1,-0.099989,0.0,-1.7e-05
1787226315.204666,0.9,44,1.389208,1.420165,1.48353,1.48351,0.081079,-0.057588,-0.174533,-0.174495,-0.523599,-0.523627,0.523599,0.523625,-0.710373,-0.224527,0.5142,0.511549,0.041617,0.037505,-0.27671,-0.276687,-0.152251,-0.186257,0.13,0.130005,0.022251,0.056217,0.27671,0.276687,0.041617,0.037504,0.0,1.3e-05,-0.1,-0.100021,0.2,0.199996,-0.1,-0.099991,0.0,-1.4e-05
1787226315.22307,0.92,45,1.389208,1.413978,1.48353,1.483514,0.081079,-0.029856,-0.174533,-0.174503,-0.523599,-0.523621,0.523599,0.52362,-0.710373,-0.307179,0.5142,0.512083,0.043138,0.038327,-0.27671,-0.276692,-0.143186,-0.179456,0.13,0.130004,0.013186,0.049424,0.27671,0.276692,0.043138,0.038326,0.0,1e-05,-0.1,-0.100017,0.2,0.199997,-0.1,-0.099993,0.0,-1.1e-05
1787226315.242417,0.94,46,1.389208,1.409024,1.48353,1.483517,0.081079,-0.007671,-0.174533,-0.174509,-0.523599,-0.523617,0.523599,0.523616,-0.710373,-0.387774,0.5142,0.512513,0.042698,0.039289,-0.27671,-0.276695,-0.140466,-0.172202,0.13,0.130003,0.010466,0.042176,0.27671,0.276695,0.042698,0.039289,0.0,8e-06,-0.1,-0.100013,0.2,0.199997,-0.1,-0.099994,0.0,-9e-06
1787226315.264068,0.96,47,1.371098,1.405061,1.48353,1.48352,0.139392,0.010078,-0.174533,-0.174514,-0.523599,-0.523613,0.523599,0.523612,-0.747337,-0.452272,0.514469,0.51286,0.09681,0.039971,-0.27671,-0.276698,-0.127592,-0.165854,0.13,0.130003,-0.002408,0.035834,0.27671,0.276698,0.09681,0.039971,0.0,7e-06,-0.1,-0.10001,0.2,0.199998,-0.1,-0.099995,0.0,-7e-06
1787226315.282747,0.98,48,1.371098,1.398289,1.48353,1.483522,0.139392,0.035942,-0.174533,-0.174517,-0.523599,-0.52361,0.523599,0.52361,-0.747337,-0.511267,0.514469,0.513082,0.113043,0.051339,-0.27671,-0.276701,-0.123729,-0.158202,0.13,0.130002,-0.006271,0.028186,0.27671,0.276701,0.113043,0.051338,0.0,5e-06,-0.1,-0.100009,0.2,0.199998,-0.1,-0.099997,0.0,-6e-06
1787226315.306487,1.0,49,1.313042,1.392865,1.48353,1.483524,0.221571,0.056632,-0.174533,-0.174521,-0.523599,-0.523608,0.523599,0.523607,-0.710708,-0.558472,0.51463,0.513258,0.117913,0.06368,-0.27671,-0.276703,-0.15053,-0.151307,0.13,0.130002,0.02053,0.021295,0.27671,0.276703,0.117913,0.063678,0.0,4e-06,-0.1,-0.100008,0.2,0.199997,-0.1,-0.099998,0.0,-5e-06
1787226315.324587,1.02,50,1.313042,1.376924,1.48353,1.483525,0.221571,0.089613,-0.174533,-0.174523,-0.523599,-0.523606,0.523599,0.523606,-0.710708,-0.588917,0.51463,0.513471,0.119374,0.074527,-0.27671,-0.276704,-0.15857,-0.151151,0.13,0.130002,0.02857,0.021142,0.27671,0.276704,0.119374,0.074524,0.0,3e-06,-0.1,-0.100008,0.2,0.199997,-0.1,-0.099999,0.0,-4e-06
1787226315.347615,1.04,51,1.313042,1.364153,1.48353,1.483526,0.221571,0.11599,-0.174533,-0.174525,-0.523599,-0.523605,0.523599,0.523604,-0.710708,-0.613275,0.51463,0.51366,0.119812,0.083496,-0.27671,-0.276705,-0.160982,-0.152635,0.13,0.130001,0.030982,0.022628,0.27671,0.276705,0.119812,0.083493,0.0,2e-06,-0.1,-0.100007,0.2,0.199997,-0.1,-0.099999,0.0,-3e-06
1787226315.369125,1.06,52,1.291596,1.353941,1.48353,1.483527,0.25749,0.137096,-0.174533,-0.174527,-0.523599,-0.523603,0.523599,0.523603,-0.590849,-0.632761,0.514727,0.513822,0.119944,0.09076,-0.27671,-0.276706,-0.141956,-0.154304,0.13,0.130001,0.011956,0.024298,0.27671,0.276706,0.119944,0.090756,0.0,1e-06,-0.1,-0.100006,0.2,0.199997,-0.1,-0.1,0.0,-3e-06
1787226315.390223,1.08,53,1.291596,1.341507,1.48353,1.483528,0.25749,0.161174,-0.174533,-0.174528,-0.523599,-0.523602,0.523599,0.523602,-0.590849,-0.624379,0.514727,0.514014,0.119983,0.096597,-0.27671,-0.276707,-0.136248,-0.151834,0.13,0.130001,0.006248,0.02183,0.27671,0.276707,0.119983,0.096593,0.0,1e-06,-0.1,-0.100006,0.2,0.199997,-0.1,-0.100001,0.0,-3e-06
1787226315.414188,1.1,54,1.277348,1.331549,1.48353,1.483528,0.280422,0.180435,-0.174533,-0.174529,-0.523599,-0.523602,0.523599,0.523601,-0.479013,-0.617673,0.514785,0.514164,0.119995,0.101274,-0.27671,-0.276708,-0.09165,-0.148717,0.13,0.130001,-0.03835,0.018714,0.27671,0.276708,0.119995,0.10127,0.0,0.0,-0.1,-0.100006,0.2,0.199996,-0.1,-0.100001,0.0,-3e-06
1787226315.434649,1.12,55,1.277348,1.320747,1.48353,1.483529,0.280422,0.200437,-0.174533,-0.17453,-0.523599,-0.523601,0.523599,0.523601,-0.479013,-0.589943,0.514785,0.514312,0.119998,0.105018,-0.27671,-0.276708,-0.078271,-0.137304,0.13,0.130001,-0.051729,0.007301,0.27671,0.276708,0.119998,0.105015,0.0,-0.0,-0.1,-0.100005,0.2,0.199996,-0.1,-0.100001,0.0,-2e-06
1787226315.455571,1.14,56,1.218403,1.31209,1.48353,1.483529,0.344578,0.216435,-0.174533,-0.17453,-0.523599,-0.523601,0.523599,0.5236,-0.538383,-0.567758,0.51482,0.51442,0.12,0.108015,-0.27671,-0.276708,-0.088539,-0.125497,0.13,0.130001,-0.041461,-0.004505,0.27671,0.276708,0.12,0.108011,0.0,-1e-06,-0.1,-0.100005,0.2,0.199996,-0.1,-0.100001,0.0,-2e-06
1787226315.474189,1.16,57,1.218403,1.293375,1.48353,1.483529,0.344578,0.242052,-0.174533,-0.174531,-0.523599,-0.5236,0.523599,0.5236,-0.538383,-0.561883,0.51482,0.514503,0.12,0.110412,-0.27671,-0.276709,-0.09162,-0.118105,0.13,0.130001,-0.03838,-0.011896,0.27671,0.276709,0.12,0.110408,0.0,-1e-06,-0.1,-0.100005,0.2,0.199996,-0.1,-0.100002,0.0,-2e-06
1787226315.492513,1.18,58,1.218403,1.278394,1.48353,1.483529,0.344578,0.262543,-0.174533,-0.174531,-0.523599,-0.5236,0.523599,0.5236,-0.538383,-0.557183,0.51482,0.514568,0.12,0.11233,-0.27671,-0.276709,-0.092544,-0.112808,0.13,0.130001,-0.037456,-0.017193,0.27671,0.276709,0.12,0.112326,0.0,-1e-06,-0.1,-0.100005,0.2,0.199996,-0.1,-0.100002,0.0,-2e-06
1787226315.516504,1.2,59,1.229611,1.266401,1.48353,1.48353,0.336496,0.278935,-0.174533,-0.174532,-0.523599,-0.5236,0.523599,0.5236,-0.519251,-0.553423,0.514841,0.51462,0.12,0.113864,-0.27671,-0.276709,-0.073263,-0.108755,0.13,0.130001,-0.056737,-0.021245,0.27671,0.276709,0.12,0.11386,0.0,-1e-06,-0.1,-0.100005,0.2,0.199996,-0.1,-0.100002,0.0,-2e-06
1787226315.533213,1.22,60,1.229611,1.259045,1.48353,1.48353,0.336496,0.290439,-0.174533,-0.174532,-0.523599,-0.523599,0.523599,0.523599,-0.519251,-0.546588,0.514841,0.514666,0.12,0.115091,-0.27671,-0.276709,-0.067479,-0.101656,0.13,0.130001,-0.062521,-0.028344,0.27671,0.276709,0.12,0.115087,0.0,-1e-06,-0.1,-0.100005,0.2,0.199996,-0.1,-0.100002,0.0,-2e-06
1787226315.551312,1.24,61,1.229611,1.253157,1.48353,1.48353,0.336496,0.299643,-0.174533,-0.174532,-0.523599,-0.523599,0.523599,0.523599,-0.519251,-0.541121,0.514841,0.514702,0.12,0.116073,-0.27671,-0.27671,-0.065744,-0.094821,0.13,0.130001,-0.064256,-0.035179,0.27671,0.276709,0.12,0.116069,0.0,-1e-06,-0.1,-0.100005,0.2,0.199996,-0.1,-0.100002,0.0,-2e-06
1787226315.573751,1.26,62,1.248397,1.248444,1.48353,1.48353,0.319586,0.307007,-0.174533,-0.174532,-0.523599,-0.523599,0.523599,0.523599,-0.531681,-0.536747,0.514853,0.51473,0.12,0.116859,-0.27671,-0.27671,-0.065223,-0.089005,0.13,0.130001,-0.064777,-0.040994,0.27671,0.27671,0.12,0.116854,0.0,-2e-06,-0.1,-0.100005,0.2,0.199996,-0.1,-0.100002,0.0,-2e-06
1787226315.592582,1.28,63,1.248397,1.248432,1.48353,1.48353,0.319586,0.309523,-0.174533,-0.174532,-0.523599,-0.523599,0.523599,0.523599,-0.531681,-0.535734,0.514853,0.514755,0.12,0.117486,-0.27671,-0.276709,-0.065067,-0.08425,0.13,0.13,-0.064933,-0.045751,0.27671,0.27671,0.12,0.117484,0.0,-1e-06,-0.1,-0.100003,0.2,0.199997,-0.1,-0.100002,0.0,-1e-06
1787226315.613438,1.3,64,1.278016,1.248423,1.48353,1.48353,0.291092,0.311535,-0.174533,-0.174533,-0.523599,-0.523599,0.523599,0.523599,-0.936518,-0.534923,0.514861,0.514775,0.12,0.117988,-0.083013,-0.276709,-0.08952,-0.080414,0.179,0.129999,-0.08948,-0.049588,0.083013,0.27671,0.12,0.117987,0.0,-1e-06,-0.1,-0.100003,0.2,0.199998,-0.1,-0.100001,0.0,-1e-06
1787226315.633783,1.32,65,1.278016,1.254389,1.48353,1.48353,0.291092,0.307521,-0.174533,-0.174533,-0.523599,-0.523599,0.523599,0.523599,-0.936518,-0.615217,0.514861,0.515407,0.12,0.11839,-0.024904,-0.241354,-0.096856,-0.082235,0.1937,0.139798,-0.096844,-0.057565,0.024904,0.241354,0.12,0.11839,0.0,-0.0,-0.1,-0.100002,0.2,0.199998,-0.1,-0.100001,0.0,-1e-06
1787226315.657471,1.34,66,1.301882,1.25915,1.48353,1.48353,0.267902,0.30429,-0.174533,-0.174533,-0.523599,-0.523599,0.523599,0.523599,-1.196863,-0.679464,0.514865,0.515745,0.12,0.118712,-0.007471,-0.205998,-0.099057,-0.085159,0.19811,0.150577,-0.099053,-0.065419,0.007471,0.205997,0.12,0.118712,0.0,-0.0,-0.1,-0.100001,0.2,0.199999,-0.1,-0.100001,0.0,-1e-06
1787226315.677106,1.36,67,1.301882,1.267775,1.48353,1.48353,0.267902,0.29711,-0.174533,-0.174533,-0.523599,-0.523599,0.523599,0.523599,-1.196863,-0.762136,0.514865,0.516091,0.12,0.118969,-0.002241,-0.170641,-0.099717,-0.087938,0.199433,0.160082,-0.099716,-0.072145,0.002241,0.17064,0.12,0.11897,0.0,-0.0,-0.1,-0.100001,0.2,0.199999,-0.1,-0.100001,0.0,-1e-06
1787226315.702223,1.38,68,1.243024,1.274645,1.48353,1.48353,0.327164,0.291328,-0.174533,-0.174533,-0.523599,-0.523599,0.523599,0.523599,-1.315771,-0.844805,0.514868,0.516262,0.12,0.119175,-0.000672,-0.136963,-0.099915,-0.090294,0.19983,0.167952,-0.099915,-0.077658,0.000672,0.136962,0.12,0.119176,0.0,-0.0,-0.1,-0.1,0.2,0.199999,-0.1,-0.100001,0.0,-0.0
1787226315.720424,1.4,69,1.243024,1.268286,1.48353,1.48353,0.327164,0.298463,-0.174533,-0.174533,-0.523599,-0.523599,0.523599,0.523599,-1.315771,-0.927466,0.514868,0.516254,0.12,0.11934,-0.000202,-0.109705,-0.099975,-0.092218,0.199949,0.174328,-0.099974,-0.082109,0.000202,0.109705,0.12,0.119341,0.0,-0.0,-0.1,-0.1,0.2,0.2,-0.1,-0.1,0.0,-0.0
1787226315.741792,1.42,70,1.231094,1.263184,1.48353,1.48353,0.339337,0.304158,-0.174533,-0.174533,-0.523599,-0.523599,0.523599,0.523599,-1.124104,-1.005109,0.51487,0.516002,0.12,0.119472,-6.1e-05,-0.087807,-0.099992,-0.09377,0.199985,0.179451,-0.099992,-0.085682,6.1e-05,0.087807,0.12,0.119473,0.0,-0.0,-0.1,-0.1,0.2,0.2,-0.1,-0.1,0.0,-0.0
1787226315.765886,1.44,71,1.231094,1.256747,1.48353,1.48353,0.339337,0.311175,-0.174533,-0.174533,-0.523599,-0.523599,0.523599,0.523599,-1.124104,-1.028909,0.51487,0.515789,0.12,0.119577,-1.8e-05,-0.070257,-0.099998,-0.095015,0.199995,0.183558,-0.099998,-0.088544,1.8e-05,0.070258,0.12,0.119579,0.0,-0.0,-0.1,-0.1,0.2,0.2,-0.1,-0.1,0.0,-0.0
1787226315.781749,1.46,72,1.231094,1.251611,1.48353,1.48353,0.339337,0.316801,-0.174533,-0.174533,-0.523599,-0.523599,0.523599,0.523599,-1.124104,-1.047948,0.51487,0.515614,0.12,0.119661,-5e-06,-0.056209,-0.099999,-0.096012,0.199999,0.186845,-0.099999,-0.090835,5e-06,0.05621,0.12,0.119663,0.0,-0.0,-0.1,-0.099999,0.2,0.2,-0.1,-0.1,0.0,-0.0
1787226315.799216,1.48,73,1.228175,1.247508,1.48353,1.48353,0.342402,0.321308,-0.174533,-0.174533,-0.523599,-0.523599,0.523599,0.523599,-0.931917,-1.063179,0.514871,0.515473,0.12,0.119728,-2e-06,-0.044968,-0.1,-0.09681,0.2,0.189476,-0.1,-0.092668,2e-06,0.044969,0.12,0.119731,0.0,-0.0,-0.1,-0.099999,0.2,0.2,-0.1,-0.1,0.0,-0.0
1787226315.818707,1.5,74,1.228175,1.243658,1.48353,1.48353,0.342402,0.325541,-0.174533,-0.174533,-0.523599,-0.523599,0.523599,0.523599,-0.931917,-1.036928,0.514871,0.51532,0.12,0.119782,-0.0,-0.035974,-0.1,-0.097448,0.2,0.191581,-0.1,-0.094134,0.0,0.035976,0.12,0.119785,0.0,0.0,-0.1,-0.099999,0.2,0.2,-0.1,-0.1,0.0,-0.0
1787226315.836937,1.52,75,1.228175,1.240576,1.48353,1.48353,0.342402,0.328926,-0.174533,-0.174533,-0.523599,-0.523599,0.523599,0.523599,-0.931917,-1.015926,0.514871,0.515208,0.12,0.119826,-0.0,-0.02878,-0.1,-0.097959,0.2,0.193265,-0.1,-0.095307,0.0,0.028781,0.12,0.119828,0.0,0.0,-0.1,-0.099999,0.2,0.2,-0.1,-0.1,0.0,-0.0
1787226315.857814,1.54,76,1.228328,1.23811,1.48353,1.48353,0.342337,0.331634,-0.174533,-0.174533,-0.523599,-0.523599,0.523599,0.523599,-0.810131,-0.999125,0.514871,0.515115,0.12,0.11986,-0.0,-0.023024,-0.1,-0.098368,0.2,0.194612,-0.1,-0.096246,0.0,0.023025,0.12,0.119862,0.0,0.0,-0.1,-0.099999,0.2,0.2,-0.1,-0.1,0.0,-0.0
1787226315.877641,1.56,77,1.228328,1.236169,1.48353,1.48353,0.342337,0.333787,-0.174533,-0.174533,-0.523599,-0.523599,0.523599,0.523599,-0.810131,-0.961328,0.514871,0.515031,0.12,0.119888,-0.0,-0.01842,-0.1,-0.098694,0.2,0.19569,-0.1,-0.096996,0.0,0.01842,0.12,0.11989,0.0,0.0,-0.1,-0.099999,0.2,0.2,-0.1,-0.1,0.0,-0.0
1787226315.899221,1.58,78,1.228328,1.234613,1.48353,1.48353,0.342337,0.335508,-0.174533,-0.174533,-0.523599,-0.523599,0.523599,0.523599,-0.810131,-0.931089,0.514871,0.514977,0.12,0.11991,-0.0,-0.014736,-0.1,-0.098956,0.2,0.196552,-0.1,-0.097597,0.0,0.014736,0.12,0.119912,0.0,0.0,-0.1,-0.099999,0.2,0.2,-0.1,-0.1,0.0,-0.0
1787226315.919827,1.6,79,1.228328,1.233366,1.48353,1.48353,0.342337,0.336883,-0.174533,-0.174533,-0.523599,-0.523599,0.523599,0.523599,-0.810131,-0.906898,0.514871,0.514936,0.12,0.119928,-0.0,-0.011789,-0.1,-0.099165,0.2,0.197242,-0.1,-0.098077,0.0,0.011789,0.12,0.11993,0.0,0.0,-0.1,-0.099999,0.2,0.2,-0.1,-0.1,0.0,-0.0
1787226315.942709,1.62,80,1.228328,1.232364,1.48353,1.48353,0.342337,0.337979,-0.174533,-0.174533,-0.523599,-0.523599,0.523599,0.523599,-0.810131,-0.887545,0.514871,0.51492,0.12,0.119942,-0.0,-0.009434,-0.1,-0.099332,0.2,0.197794,-0.1,-0.098462,0.0,0.009431,0.12,0.119943,0.0,2e-06,-0.1,-0.1,0.2,0.2,-0.1,-0.1,0.0,0.0
1787226315.964084,1.64,81,1.228328,1.23156,1.48353,1.48353,0.342337,0.338853,-0.174533,-0.174533,-0.523599,-0.523599,0.523599,0.523599,-0.810131,-0.872062,0.514871,0.514912,0.12,0.119954,-0.0,-0.007547,-0.1,-0.099465,0.2,0.198235,-0.1,-0.098769,0.0,0.007545,0.12,0.119954,0.0,2e-06,-0.1,-0.100001,0.2,0.199999,-0.1,-0.1,0.0,0.0
1787226315.986438,1.66,82,1.223967,1.230914,1.48353,1.48353,0.079739,0.339551,-0.174533,-0.174533,-0.523599,-0.523599,0.523599,0.523599,-0.753674,-0.859676,0.514872,0.514905,0.12,0.119963,-0.0,-0.006038,-0.1,-0.099572,0.2,0.198588,-0.1,-0.099015,0.0,0.006036,0.12,0.119962,0.0,2e-06,-0.1,-0.100001,0.2,0.199999,-0.1,-0.1,0.0,0.0
1787226316.006865,1.68,83,1.223967,1.229606,1.48353,1.48353,0.079739,0.287598,-0.174533,-0.174533,-0.523599,-0.523599,0.523599,0.523599,-0.753674,-0.838477,0.514872,0.5149,0.12,0.11997,-0.0,-0.004833,-0.1,-0.099658,0.2,0.198871,-0.1,-0.099212,0.0,0.004828,0.12,0.119969,0.0,4e-06,-0.1,-0.100001,0.2,0.199999,-0.1,-0.100001,0.0,0.0
1787226316.033495,1.7,84,1.223967,1.228502,1.48353,1.48353,0.079739,0.246031,-0.174533,-0.174533,-0.523599,-0.523599,0.523599,0.523599,-0.753674,-0.821517,0.514872,0.514896,0.12,0.119974,-0.0,-0.004125,-0.1,-0.099726,0.2,0.199097,-0.1,-0.09937,0.0,0.003862,0.12,0.119974,0.0,6e-06,-0.1,-0.100002,0.2,0.199999,-0.1,-0.100001,0.0,1e-06
1787226316.050382,1.72,85,1.223967,1.227601,1.48353,1.48353,0.079739,0.212776,-0.174533,-0.174533,-0.523599,-0.523599,0.523599,0.523599,-0.753674,-0.807948,0.514872,0.514892,0.12,0.119978,-0.0,-0.003303,-0.1,-0.099781,0.2,0.199277,-0.1,-0.099495,0.0,0.003089,0.12,0.119978,0.0,7e-06,-0.1,-0.100002,0.2,0.199998,-0.1,-0.100001,0.0,1e-06
1787226316.068387,1.74,86,1.223967,1.226875,1.48353,1.48353,0.079739,0.18617,-0.174533,-0.174533,-0.523599,-0.523599,0.523599,0.523599,-0.753674,-0.797093,0.514872,0.514888,0.12,0.119981,-0.0,-0.002645,-0.1,-0.099825,0.2,0.199422,-0.1,-0.099596,0.0,0.002471,0.12,0.119981,0.0,8e-06,-0.1,-0.100002,0.2,0.199998,-0.1,-0.100001,0.0,1e-06
1787226316.085886,1.76,87,1.223967,1.226293,1.48353,1.48353,0.079739,0.164884,-0.174533,-0.174533,-0.523599,-0.523599,0.523599,0.523599,-0.753674,-0.78841,0.514872,0.514885,0.12,0.119984,-0.0,-0.002118,-0.1,-0.099859,0.2,0.199538,-0.1,-0.099677,0.0,0.001976,0.12,0.119984,0.0,8e-06,-0.1,-0.100002,0.2,0.199998,-0.1,-0.100001,0.0,1e-06
1787226316.104549,1.78,88,1.31394,1.225827,1.48353,1.48353,0.096602,0.147856,-0.174533,-0.174533,-0.523599,-0.523599,0.523599,0.523599,-0.238869,-0.781462,0.514872,0.514883,0.12,0.119986,-0.193697,-0.001696,-0.197913,-0.099887,0.151,0.19963,0.046913,-0.099741,0.193697,0.001581,0.12,0.119986,0.0,8e-06,-0.1,-0.100002,0.2,0.199998,-0.1,-0.100001,0.0,1e-06
1787226316.12026,1.8,89,1.31394,1.243466,1.48353,1.48353,0.096602,0.137635,-0.174533,-0.174533,-0.523599,-0.523599,0.523599,0.523599,-0.238869,-0.698816,0.514872,0.514884,0.12,0.119989,-0.251806,-0.037052,-0.227287,-0.119489,0.1363,0.189908,0.090987,-0.070417,0.251806,0.036937,0.12,0.119989,0.0,6e-06,-0.1,-0.100003,0.2,0.199998,-0.1,-0.100001,0.0,1e-06
1787226316.138324,1.82,90,1.31394,1.25758,1.48353,1.48353,0.096602,0.129464,-0.174533,-0.174533,-0.523599,-0.523599,0.523599,0.523599,-0.238869,-0.616173,0.514872,0.514886,0.12,0.119992,-0.269239,-0.072409,-0.2361,-0.141044,0.13189,0.17919,0.10421,-0.038144,0.269239,0.072293,0.12,0.119991,0.0,5e-06,-0.1,-0.100003,0.2,0.199998,-0.1,-0.100001,0.0,0.0
1787226316.162136,1.84,91,1.31394,1.26887,1.48353,1.48353,0.096602,0.122925,-0.174533,-0.174533,-0.523599,-0.523599,0.523599,0.523599,-0.238869,-0.540757,0.514872,0.51489,0.12,0.119993,-0.274469,-0.107765,-0.238743,-0.160052,0.130567,0.169733,0.108176,-0.009679,0.274469,0.107649,0.12,0.119993,0.0,4e-06,-0.1,-0.100003,0.2,0.199998,-0.1,-0.100001,0.0,0.0
1787226316.181015,1.86,92,1.31394,1.277898,1.48353,1.48353,0.096602,0.117688,-0.174533,-0.174533,-0.523599,-0.523599,0.523599,0.523599,-0.238869,-0.480404,0.514872,0.514894,0.12,0.120002,-0.276038,-0.141102,-0.239536,-0.175788,0.13017,0.161901,0.109366,0.013888,0.276038,0.14101,0.12,0.119994,0.0,3e-06,-0.1,-0.100003,0.2,0.199998,-0.1,-0.100001,0.0,0.0
1787226316.202478,1.88,93,1.31394,1.285117,1.48353,1.48353,0.096602,0.113491,-0.174533,-0.174533,-0.523599,-0.523599,0.523599,0.523599,-0.238869,-0.43211,0.514872,0.514896,0.12,0.120002,-0.276508,-0.168088,-0.239774,-0.188536,0.130051,0.155556,0.109723,0.032982,0.276508,0.168014,0.12,0.119995,0.0,2e-06,-0.1,-0.100003,0.2,0.199998,-0.1,-0.100001,0.0,0.0
1787226316.225159,1.9,94,1.36598,1.290889,1.48353,1.48353,0.108664,0.110127,-0.174533,-0.174533,-0.523599,-0.523599,0.523599,0.523599,-0.125528,-0.393469,0.514872,0.514896,0.12,0.120001,-0.276649,-0.189771,-0.117432,-0.198783,0.130015,0.150456,-0.012583,0.048329,0.276649,0.189712,0.12,0.119995,0.0,2e-06,-0.1,-0.100003,0.2,0.199998,-0.1,-0.100001,0.0,0.0
1787226316.246502,1.92,95,1.36598,1.305907,1.48353,1.48353,0.108664,0.109833,-0.174533,-0.174533,-0.523599,-0.523599,0.523599,0.523599,-0.125528,-0.339893,0.514872,0.514895,0.12,0.120001,-0.276692,-0.207146,-0.08073,-0.182514,0.130005,0.146368,-0.049275,0.036148,0.276692,0.207099,0.12,0.119996,0.0,1e-06,-0.1,-0.100002,0.2,0.199998,-0.1,-0.100001,0.0,0.0
1787226316.266795,1.94,96,1.422851,1.317921,1.48353,1.48353,0.090253,0.109598,-0.174533,-0.174533,-0.523599,-0.523599,0.523599,0.523599,-0.082456,-0.297027,0.514872,0.514892,0.12,0.12,-0.276705,-0.221055,-0.069719,-0.162158,0.130001,0.143096,-0.060282,0.019064,0.276705,0.221017,0.12,0.119997,0.0,1e-06,-0.1,-0.100002,0.2,0.199998,-0.1,-0.100001,0.0,-0.0
1787226316.288443,1.96,97,1.422851,1.338905,1.48353,1.48353,0.090253,0.105723,-0.174533,-0.174533,-0.523599,-0.523599,0.523599,0.523599,-0.082456,-0.254119,0.514872,0.514889,0.12,0.12,-0.276708,-0.232185,-0.066416,-0.143671,0.13,0.140477,-0.063585,0.003195,0.276708,0.232154,0.12,0.119997,0.0,1e-06,-0.1,-0.100003,0.2,0.199998,-0.1,-0.100001,0.0,-0.0
1787226316.304875,1.98,98,1.422851,1.355693,1.48353,1.48353,0.090253,0.102631,-0.174533,-0.174533,-0.523599,-0.523599,0.523599,0.523599,-0.082456,-0.21979,0.514872,0.514886,0.12,0.12,-0.27671,-0.24109,-0.065425,-0.12822,0.13,0.138382,-0.064575,-0.01016,0.27671,0.241065,0.12,0.119997,0.0,1e-06,-0.1,-0.100003,0.2,0.199998,-0.1,-0.100001,0.0,-0.0
1787226316.324285,2.0,99,1.438331,1.369125,1.48353,1.48353,0.09785,0.10016,-0.174533,-0.174533,-0.523599,-0.523599,0.523599,0.523599,-0.034504,-0.192325,0.514872,0.514884,0.12,0.12,-0.27671,-0.248214,-0.084136,-0.115661,0.13,0.136706,-0.045865,-0.021043,0.27671,0.248194,0.12,0.119997,0.0,0.0,-0.1,-0.100003,0.2,0.199998,-0.1,-0.100001,0.0,-0.0
1787226316.343624,2.02,100,1.438331,1.382966,1.48353,1.48353,0.09785,0.099702,-0.174533,-0.174533,-0.523599,-0.523599,0.523599,0.523599,-0.034504,-0.160763,0.514872,0.514883,0.12,0.12,-0.27671,-0.253913,-0.089749,-0.109356,0.13,0.135365,-0.040251,-0.026007,0.27671,0.253897,0.12,0.119997,0.0,0.0,-0.1,-0.100003,0.2,0.199998,-0.1,-0.100001,0.0,-0.0
1787226316.365481,2.04,101,1.448419,1.394039,1.48353,1.48353,0.101608,0.099337,-0.174533,-0.174533,-0.523599,-0.523599,0.523599,0.523599,-0.01244,-0.135513,0.514872,0.514881,0.12,0.12,-0.27671,-0.258472,-0.122903,-0.105434,0.13,0.134292,-0.007097,-0.028856,0.27671,0.25846,0.12,0.119997,0.0,0.0,-0.1,-0.100003,0.2,0.199998,-0.1,-0.100001,0.0,-0.0
1787226316.386024,2.06,102,1.448419,1.404915,1.48353,1.48353,0.101608,0.099797,-0.174533,-0.174533,-0.523599,-0.523599,0.523599,0.523599,-0.01244,-0.1109,0.514872,0.51488,0.12,0.12,-0.27671,-0.26212,-0.132849,-0.108927,0.13,0.133434,0.002849,-0.024504,0.27671,0.26211,0.12,0.119997,0.0,-0.0,-0.1,-0.100003,0.2,0.199998,-0.1,-0.100001,0.0,-0.0
1787226316.405335,2.08,103,1.448419,1.413616,1.48353,1.48353,0.101608,0.100166,-0.174533,-0.174533,-0.523599,-0.523599,0.523599,0.523599,-0.01244,-0.091209,0.514872,0.51488,0.12,0.120001,-0.27671,-0.265038,-0.135833,-0.113712,0.13,0.132747,0.005833,-0.019033,0.27671,0.26503,0.12,0.119997,0.0,-0.0,-0.1,-0.100003,0.2,0.199998,-0.1,-0.100001,0.0,-0.0
1787226316.437275,2.1,104,1.435917,1.420576,1.48353,1.48353,0.122418,0.100459,-0.174533,-0.174533,-0.523599,-0.523599,0.523599,0.523599,0.012929,-0.075456,0.514872,0.514879,0.098297,0.120001,-0.27671,-0.267372,-0.130864,-0.118136,0.13,0.132198,0.000864,-0.01406,0.27671,0.267366,0.098297,0.119997,0.0,-0.0,-0.1,-0.100003,0.2,0.199998,-0.1,-0.100001,0.0,-0.0
1787226316.454425,2.12,105,1.435917,1.42364,1.48353,1.48353,0.122418,0.104854,-0.174533,-0.174533,-0.523599,-0.523599,0.523599,0.523599,0.012929,-0.057779,0.514872,0.514872,0.089253,0.11566,-0.27671,-0.26924,-0.129374,-0.120681,0.13,0.131758,-0.000626,-0.011075,0.27671,0.269235,0.089253,0.115658,0.0,0.0,-0.1,-0.100002,0.2,0.199998,-0.1,-0.1,0.0,0.0
1787226316.472871,2.14,106,1.437772,1.426091,1.48353,1.48353,0.125547,0.108369,-0.174533,-0.174533,-0.523599,-0.523599,0.523599,0.523599,0.012007,-0.043638,0.514872,0.514867,0.061666,0.110379,-0.27671,-0.270734,-0.084312,-0.122419,0.13,0.131407,-0.045688,-0.008985,0.27671,0.27073,0.061666,0.110377,0.0,0.0,-0.1,-0.100002,0.2,0.199999,-0.1,-0.1,0.0,0.0
1787226316.494676,2.16,107,1.437772,1.428422,1.48353,1.48353,0.125547,0.111809,-0.174533,-0.174533,-0.523599,-0.523599,0.523599,0.523599,0.012007,-0.032509,0.514872,0.514862,0.047925,0.100636,-0.27671,-0.271929,-0.070794,-0.114798,0.13,0.131125,-0.059206,-0.016326,0.27671,0.271926,0.047925,0.100635,0.0,1e-06,-0.1,-0.100001,0.2,0.199999,-0.1,-0.1,0.0,1e-06
1787226316.512956,2.18,108,1.437772,1.430298,1.48353,1.48353,0.125547,0.114552,-0.174533,-0.174533,-0.523599,-0.523599,0.523599,0.523599,0.012007,-0.023606,0.514872,0.514856,0.041364,0.090095,-0.27671,-0.272885,-0.066738,-0.105997,0.13,0.1309,-0.063262,-0.024902,0.27671,0.272883,0.041364,0.090093,0.0,0.0,-0.1,-0.100001,0.2,0.2,-0.1,-0.1,0.0,1e-06
1787226316.53575,2.2,109,1.437772,1.431803,1.48353,1.48353,0.125547,0.116744,-0.174533,-0.174533,-0.523599,-0.523599,0.523599,0.523599,0.012007,-0.016484,0.514872,0.514853,0.039273,0.080349,-0.27671,-0.27365,-0.065521,-0.098145,0.13,0.13072,-0.064479,-0.032574,0.27671,0.273648,0.039273,0.080348,0.0,-0.0,-0.1,-0.100001,0.2,0.2,-0.1,-0.1,0.0,1e-06
1787226316.552572,2.22,110,1.437772,1.433006,1.48353,1.48353,0.125547,0.118499,-0.174533,-0.174533,-0.523599,-0.523599,0.523599,0.523599,0.012007,-0.010786,0.514872,0.514853,0.039351,0.072134,-0.27671,-0.274262,-0.065156,-0.09162,0.13,0.130576,-0.064844,-0.038955,0.27671,0.27426,0.039351,0.072133,0.0,-0.0,-0.1,-0.100001,0.2,0.2,-0.1,-0.099999,0.0,0.0
1787226316.570217,2.24,111,1.437772,1.433965,1.48353,1.48353,0.125547,0.119904,-0.174533,-0.174533,-0.523599,-0.523599,0.523599,0.523599,0.012007,-0.006227,0.514872,0.514855,0.040421,0.065578,-0.27671,-0.274752,-0.065047,-0.086327,0.13,0.130461,-0.064953,-0.044132,0.27671,0.27475,0.040421,0.065577,0.0,-0.0,-0.1,-0.100001,0.2,0.2,-0.1,-0.099999,0.0,0.0
1787226316.593631,2.26,112,1.358465,1.434729,1.48353,1.48353,-0.050335,0.121032,-0.174533,-0.174533,-0.523599,-0.523599,0.523599,0.523599,0.09236,-0.002581,0.514872,0.514857,-0.028761,0.060547,-0.27671,-0.275143,-0.230192,-0.082071,0.13,0.130369,0.057514,-0.048297,0.27671,0.275142,-0.028761,0.060546,0.0,0.0,-0.1,-0.1,0.2,0.2,-0.1,-0.099999,0.0,0.0
1787226316.613943,2.28,113,1.358465,1.419502,1.48353,1.48353,-0.050335,0.086753,-0.174533,-0.174533,-0.523599,-0.523599,0.523599,0.523599,0.09236,0.016407,0.514872,0.514843,-0.057446,0.042687,-0.27671,-0.275457,-0.279735,-0.11169,0.13,0.130296,0.094254,-0.027139,0.27671,0.275456,-0.057446,0.042685,0.0,0.0,-0.1,-0.1,0.2,0.2,-0.1,-0.099999,0.0,0.0
1787226316.633261,2.3,114,1.358465,1.407255,1.48353,1.48353,-0.050335,0.059358,-0.174533,-0.174533,-0.523599,-0.523599,0.523599,0.523599,0.09236,0.031597,0.514872,0.514836,-0.070091,0.022661,-0.27671,-0.275707,-0.294598,-0.145291,0.13,0.130237,0.105276,-0.002867,0.27671,0.275707,-0.070091,0.02266,0.0,0.0,-0.1,-0.1,0.2,0.2,-0.1,-0.1,0.0,0.0
1787226316.655146,2.32,115,1.358465,1.397504,1.48353,1.48353,-0.050335,0.037421,-0.174533,-0.174533,-0.523599,-0.523599,0.523599,0.523599,0.09236,0.04375,0.514872,0.514837,-0.075462,0.004111,-0.27671,-0.275908,-0.299057,-0.175145,0.13,0.130189,0.108583,0.018755,0.27671,0.275907,-0.075462,0.004111,0.0,0.0,-0.1,-0.099999,0.2,0.2,-0.1,-0.1,0.0,0.0
1787226316.674815,2.34,116,1.358465,1.389695,1.48353,1.48353,-0.050335,0.019875,-0.174533,-0.174533,-0.523599,-0.523599,0.523599,0.523599,0.09236,0.053472,0.514872,0.514839,-0.074442,-0.011802,-0.27671,-0.276068,-0.300395,-0.199922,0.13,0.130152,0.109575,0.036716,0.27671,0.276068,-0.074442,-0.011803,0.0,0.0,-0.1,-0.099999,0.2,0.2,-0.1,-0.1,0.0,0.0
1787226316.697973,2.36,117,1.358465,1.383449,1.48353,1.48353,-0.050335,0.005836,-0.174533,-0.174533,-0.523599,-0.523599,0.523599,0.523599,0.09236,0.061249,0.514872,0.514837,-0.071725,-0.02433,-0.27671,-0.276197,-0.300796,-0.220013,0.13,0.130121,0.109872,0.051286,0.27671,0.276196,-0.071725,-0.02433,0.0,0.0,-0.1,-0.099999,0.2,0.2,-0.1,-0.1,0.0,0.0
1787226316.718005,2.38,118,1.358465,1.378455,1.48353,1.48353,-0.050335,-0.005397,-0.174533,-0.174533,-0.523599,-0.523599,0.523599,0.523599,0.09236,0.067472,0.514872,0.514837,-0.068642,-0.033808,-0.27671,-0.276299,-0.300916,-0.236168,0.13,0.130097,0.109962,0.063002,0.27671,0.276299,-0.068642,-0.033808,0.0,0.0,-0.1,-0.099999,0.2,0.2,-0.1,-0.1,0.0,0.0
1787226316.743737,2.4,119,1.421575,1.374458,1.48353,1.48353,-0.008379,-0.014383,-0.174533,-0.174533,-0.523599,-0.523599,0.523599,0.523599,0.02404,0.072449,0.514872,0.514839,-0.102094,-0.040775,-0.27671,-0.276382,-0.28027,-0.249117,0.13,0.130078,0.109989,0.072393,0.27671,0.276381,-0.102094,-0.040775,0.0,0.0,-0.1,-0.099999,0.2,0.2,-0.1,-0.1,0.0,0.0
1787226316.763261,2.42,120,1.421575,1.383882,1.48353,1.48353,-0.008379,-0.013185,-0.174533,-0.174533,-0.523599,-0.523599,0.523599,0.523599,0.02404,0.062768,0.514872,0.514853,-0.111198,-0.053038,-0.27671,-0.276447,-0.274076,-0.255347,0.13,0.130062,0.109997,0.079912,0.27671,0.276447,-0.111198,-0.053038,0.0,0.0,-0.1,-0.099999,0.2,0.2,-0.1,-0.1,0.0,0.0
1787226316.790057,2.44,121,1.453444,1.39142,1.48353,1.48353,0.022792,-0.012226,-0.174533,-0.174533,-0.523599,-0.523599,0.523599,0.523599,0.034718,0.055022,0.514872,0.514862,-0.117359,-0.064669,-0.27671,-0.2765,-0.241449,-0.259093,0.13,0.13005,0.101226,0.085929,0.27671,0.2765,-0.117359,-0.06467,0.0,0.0,-0.1,-0.099999,0.2,0.2,-0.1,-0.1,0.0,0.0
1787226316.80737,2.46,122,1.453444,1.403824,1.48353,1.48353,0.022792,-0.005225,-0.174533,-0.174533,-0.523599,-0.523599,0.523599,0.523599,0.034718,0.050961,0.514872,0.514868,-0.119208,-0.075207,-0.27671,-0.276542,-0.231661,-0.255564,0.13,0.13004,0.098594,0.088988,0.27671,0.276542,-0.119208,-0.075207,0.0,0.0,-0.1,-0.099999,0.2,0.2,-0.1,-0.1,0.0,0.0
1787226316.827014,2.48,123,1.482207,1.413748,1.48353,1.48353,-0.004502,0.000377,-0.174533,-0.174533,-0.523599,-0.523599,0.523599,0.523599,0.084691,0.047713,0.514872,0.51487,-0.119762,-0.084006,-0.27671,-0.276575,-0.177905,-0.250783,0.13,0.130032,0.046985,0.090909,0.27671,0.276575,-0.119762,-0.084007,0.0,0.0,-0.1,-0.099999,0.2,0.2,-0.1,-0.1,0.0,0.0
1787226316.846465,2.5,124,1.482207,1.42744,1.48353,1.48353,-0.004502,-0.000599,-0.174533,-0.174533,-0.523599,-0.523599,0.523599,0.523599,0.084691,0.055108,0.514872,0.514866,-0.119929,-0.091157,-0.27671,-0.276602,-0.161778,-0.236208,0.13,0.130026,0.031502,0.082125,0.27671,0.276602,-0.119929,-0.091157,0.0,0.0,-0.1,-0.099999,0.2,0.2,-0.1,-0.1,0.0,0.0
1787226316.862457,2.52,125,1.482207,1.438393,1.48353,1.48353,-0.004502,-0.00138,-0.174533,-0.174533,-0.523599,-0.523599,0.523599,0.523599,0.084691,0.061025,0.514872,0.514865,-0.119979,-0.096911,-0.27671,-0.276624,-0.15694,-0.221322,0.13,0.130021,0.026858,0.072,0.27671,0.276624,-0.119979,-0.096911,0.0,0.0,-0.1,-0.099999,0.2,0.2,-0.1,-0.1,0.0,0.0
1787226316.891738,2.54,126,1.446593,1.447156,1.48353,1.48353,0.068348,-0.002006,-0.174533,-0.174533,-0.523599,-0.523599,0.523599,0.523599,0.002076,0.065758,0.514872,0.514865,-0.094962,-0.101524,-0.27671,-0.276641,-0.092582,-0.208445,0.13,0.130017,-0.037443,0.062972,0.27671,0.276641,-0.094962,-0.101524,0.0,0.0,-0.1,-0.099999,0.2,0.2,-0.1,-0.1,0.0,0.0
1787226316.90499,2.56,127,1.446593,1.447043,1.48353,1.48353,0.068348,0.012065,-0.174533,-0.174533,-0.523599,-0.523599,0.523599,0.523599,0.002076,0.053022,0.514872,0.514865,-0.08679,-0.100212,-0.27671,-0.276655,-0.073275,-0.185274,0.13,0.130013,-0.056733,0.04289,0.27671,0.276655,-0.08679,-0.100212,0.0,0.0,-0.1,-0.099999,0.2,0.2,-0.1,-0.1,0.0,0.0
1787226316.92561,2.58,128,1.369075,1.446953,1.48353,1.48353,0.168208,0.023322,-0.174533,-0.174533,-0.523599,-0.523599,0.523599,0.523599,-0.102747,0.042833,0.514872,0.514864,-0.006019,-0.097527,-0.27671,-0.276666,-0.10744,-0.162875,0.13,0.130011,-0.022563,0.022967,0.27671,0.276666,-0.006019,-0.097527,0.0,0.0,-0.1,-0.099999,0.2,0.2,-0.1,-0.1,0.0,0.0
1787226316.945121,2.6,129,1.369075,1.431375,1.48353,1.48353,0.168208,0.052293,-0.174533,-0.174533,-0.523599,-0.523599,0.523599,0.523599,-0.102747,0.013719,0.514872,0.514854,0.018002,-0.079226,-0.27671,-0.276675,-0.117689,-0.151789,0.13,0.130009,-0.012311,0.013862,0.27671,0.276675,0.018002,-0.079227,0.0,-0.0,-0.1,-0.099999,0.2,0.2,-0.1,-0.1,0.0,0.0
1787226316.9646,2.62,130,1.369075,1.418926,1.48353,1.48353,0.168208,0.075475,-0.174533,-0.174533,-0.523599,-0.523599,0.523599,0.523599,-0.102747,-0.009573,0.514872,0.514829,0.023455,-0.059781,-0.27671,-0.276682,-0.120764,-0.14497,0.13,0.130007,-0.009236,0.008628,0.27671,0.276682,0.023455,-0.059782,0.0,-0.0,-0.1,-0.099999,0.2,0.2,-0.1,-0.1,0.0,-0.0
1787226316.989763,2.64,131,1.351283,1.408954,1.48353,1.48353,0.199405,0.094015,-0.174533,-0.174533,-0.523599,-0.523599,0.523599,0.523599,-0.208452,-0.028207,0.514872,0.514818,0.091036,-0.043134,-0.27671,-0.276687,-0.141573,-0.140129,0.13,0.130006,0.011573,0.005056,0.27671,0.276687,0.091036,-0.043135,0.0,-0.0,-0.1,-0.099999,0.2,0.2,-0.1,-0.1,0.0,-0.0
1787226317.008519,2.66,132,1.351283,1.397412,1.48353,1.48353,0.199405,0.11508,-0.174533,-0.174533,-0.523599,-0.523599,0.523599,0.523599,-0.208452,-0.064253,0.514872,0.514775,0.111311,-0.016302,-0.27671,-0.276692,-0.147816,-0.140417,0.13,0.130005,0.017816,0.006359,0.27671,0.276692,0.111311,-0.016303,0.0,-0.0,-0.1,-0.099999,0.2,0.2,-0.1,-0.1,0.0,-0.0
1787226317.032915,2.68,133,1.351046,1.388183,1.48353,1.48353,0.207685,0.131936,-0.174533,-0.174533,-0.523599,-0.523599,0.523599,0.523599,-0.260487,-0.093091,0.514872,0.514747,0.117393,0.009219,-0.27671,-0.276695,-0.156805,-0.141896,0.13,0.130004,0.026805,0.00865,0.27671,0.276696,0.117393,0.009218,0.0,-0.0,-0.1,-0.099999,0.2,0.2,-0.1,-0.1,0.0,-0.0
1787226317.052701,2.7,134,1.351046,1.380775,1.48353,1.48353,0.207685,0.147091,-0.174533,-0.174533,-0.523599,-0.523599,0.523599,0.523599,-0.260487,-0.126567,0.514872,0.51472,0.119218,0.030853,-0.27671,-0.276698,-0.159502,-0.144877,0.13,0.130003,0.029502,0.01228,0.27671,0.276698,0.119218,0.030853,0.0,-0.0,-0.1,-0.099999,0.2,0.2,-0.1,-0.1,0.0,-0.0
1787226317.073229,2.72,135,1.332206,1.374842,1.48353,1.48353,0.231352,0.159212,-0.174533,-0.174533,-0.523599,-0.523599,0.523599,0.523599,-0.266392,-0.153349,0.514872,0.514699,0.119765,0.048525,-0.27671,-0.276701,-0.161237,-0.147802,0.13,0.130003,0.031237,0.015725,0.27671,0.276701,0.119765,0.048525,0.0,-0.0,-0.1,-0.099999,0.2,0.2,-0.1,-0.1,0.0,-0.0
1787226317.092179,2.74,136,1.332206,1.366318,1.48353,1.48353,0.231352,0.173636,-0.174533,-0.174533,-0.523599,-0.523599,0.523599,0.523599,-0.266392,-0.175956,0.514872,0.514702,0.11993,0.062774,-0.27671,-0.276702,-0.161757,-0.150488,0.13,0.130002,0.031757,0.018827,0.27671,0.276703,0.11993,0.062772,0.0,-1e-06,-0.1,-0.1,0.2,0.199999,-0.1,-0.1,0.0,-1e-06
1787226317.113205,2.76,137,1.370046,1.359499,1.48353,1.48353,0.196406,0.185176,-0.174533,-0.174533,-0.523599,-0.523599,0.523599,0.523599,-0.387092,-0.194043,0.514872,0.514712,0.119979,0.074205,-0.27671,-0.276704,-0.178349,-0.152742,0.13,0.130002,0.048349,0.021413,0.27671,0.276704,0.119979,0.074203,0.0,-1e-06,-0.1,-0.100001,0.2,0.199999,-0.1,-0.100001,0.0,-1e-06
1787226317.129961,2.78,138,1.370046,1.361608,1.48353,1.48353,0.196406,0.187425,-0.174533,-0.174533,-0.523599,-0.523599,0.523599,0.523599,-0.387092,-0.232648,0.514872,0.514698,0.119994,0.08336,-0.27671,-0.276705,-0.183327,-0.157863,0.13,0.130002,0.053327,0.0268,0.27671,0.276705,0.119994,0.083357,0.0,-1e-06,-0.1,-0.100002,0.2,0.199998,-0.1,-0.100001,0.0,-1e-06
1787226317.152445,2.8,139,1.370046,1.363295,1.48353,1.48353,0.196406,0.189222,-0.174533,-0.174533,-0.523599,-0.523599,0.523599,0.523599,-0.387092,-0.263535,0.514872,0.514699,0.119998,0.090687,-0.27671,-0.276706,-0.184821,-0.162956,0.13,0.130001,0.054821,0.032106,0.27671,0.276706,0.119998,0.090684,0.0,-1e-06,-0.1,-0.100002,0.2,0.199998,-0.1,-0.100001,0.0,-2e-06
1787226317.170598,2.82,140,1.370046,1.364645,1.48353,1.48353,0.196406,0.19066,-0.174533,-0.174533,-0.523599,-0.523599,0.523599,0.523599,-0.387092,-0.288245,0.514872,0.514709,0.119999,0.096549,-0.27671,-0.276707,-0.185269,-0.167328,0.13,0.130001,0.055269,0.036649,0.27671,0.276707,0.119999,0.096546,0.0,-2e-06,-0.1,-0.100003,0.2,0.199997,-0.1,-0.100002,0.0,-2e-06
1787226317.188159,2.84,141,1.370046,1.365725,1.48353,1.48353,0.196406,0.19181,-0.174533,-0.174533,-0.523599,-0.523599,0.523599,0.523599,-0.387092,-0.308014,0.514872,0.514724,0.12,0.10124,-0.27671,-0.276708,-0.185403,-0.170916,0.13,0.130001,0.055403,0.040373,0.27671,0.276708,0.12,0.101236,0.0,-2e-06,-0.1,-0.100003,0.2,0.199997,-0.1,-0.100002,0.0,-2e-06
1787226317.2086,2.86,142,1.370046,1.36659,1.48353,1.48353,0.196406,0.19273,-0.174533,-0.174533,-0.523599,-0.523599,0.523599,0.523599,-0.387092,-0.323829,0.514872,0.514742,0.12,0.104992,-0.27671,-0.276708,-0.185443,-0.173813,0.13,0.130001,0.055443,0.043379,0.27671,0.276708,0.12,0.104988,0.0,-2e-06,-0.1,-0.100003,0.2,0.199997,-0.1,-0.100002,0.0,-2e-06
1787226317.231415,2.88,143,1.410079,1.367281,1.48353,1.48353,0.158111,0.193465,-0.174533,-0.174533,-0.523599,-0.523599,0.523599,0.523599,-0.170165,-0.336482,0.514872,0.514761,0.12,0.107994,-0.27671,-0.276708,-0.220647,-0.176139,0.13,0.130001,0.090647,0.045792,0.27671,0.276708,0.12,0.10799,0.0,-2e-06,-0.1,-0.100004,0.2,0.199997,-0.1,-0.100002,0.0,-2e-06
1787226317.250069,2.9,144,1.410079,1.375836,1.48353,1.48353,0.158111,0.186391,-0.174533,-0.174533,-0.523599,-0.523599,0.523599,0.523599,-0.170165,-0.303221,0.514872,0.514798,0.12,0.110395,-0.27671,-0.276709,-0.231209,-0.18504,0.13,0.130001,0.101209,0.054763,0.27671,0.276709,0.12,0.110391,0.0,-2e-06,-0.1,-0.100004,0.2,0.199997,-0.1,-0.100002,0.0,-2e-06
1787226317.271244,2.92,145,1.410079,1.382683,1.48353,1.48353,0.158111,0.180734,-0.174533,-0.174533,-0.523599,-0.523599,0.523599,0.523599,-0.170165,-0.276612,0.514872,0.514822,0.12,0.112316,-0.27671,-0.276709,-0.234377,-0.194274,0.13,0.130001,0.104377,0.064052,0.27671,0.276709,0.12,0.112312,0.0,-2e-06,-0.1,-0.100004,0.2,0.199996,-0.1,-0.100002,0.0,-2e-06
1787226317.294629,2.94,146,1.410079,1.388162,1.48353,1.48353,0.158111,0.17621,-0.174533,-0.174533,-0.523599,-0.523599,0.523599,0.523599,-0.170165,-0.255323,0.514872,0.514838,0.12,0.113853,-0.27671,-0.276709,-0.235328,-0.202294,0.13,0.130001,0.105328,0.072117,0.27671,0.276709,0.12,0.113849,0.0,-2e-06,-0.1,-0.100004,0.2,0.199996,-0.1,-0.100002,0.0,-2e-06
1787226317.314122,2.96,147,1.410079,1.392546,1.48353,1.48353,0.158111,0.172591,-0.174533,-0.174533,-0.523599,-0.523599,0.523599,0.523599,-0.170165,-0.238292,0.514872,0.514848,0.12,0.115083,-0.27671,-0.276709,-0.235613,-0.208901,0.13,0.130001,0.105613,0.078759,0.27671,0.276709,0.12,0.115079,0.0,-2e-06,-0.1,-0.100004,0.2,0.199996,-0.1,-0.100002,0.0,-2e-06
1787226317.334683,2.98,148,1.410079,1.396053,1.48353,1.48353,0.158111,0.169696,-0.174533,-0.174533,-0.523599,-0.523599,0.523599,0.523599,-0.170165,-0.224667,0.514872,0.514855,0.12,0.116067,-0.27671,-0.27671,-0.235698,-0.214243,0.13,0.130001,0.105698,0.08413,0.27671,0.276709,0.12,0.116062,0.0,-2e-06,-0.1,-0.100004,0.2,0.199996,-0.1,-0.100002,0.0,-2e-06
1787226317.35637,3.0,149,1.459998,1.398859,1.48353,1.48353,0.109234,0.16738,-0.174533,-0.174533,-0.523599,-0.523599,0.523599,0.523599,-0.141304,-0.213767,0.514872,0.51486,0.12,0.116853,-0.27671,-0.27671,-0.201934,-0.218534,0.13,0.130001,0.071934,0.088444,0.27671,0.27671,0.12,0.116849,0.0,-2e-06,-0.1,-0.100004,0.2,0.199996,-0.1,-0.100002,0.0,-2e-06
1787226317.376453,3.02,150,1.459998,1.411087,1.48353,1.48353,0.109234,0.155754,-0.174533,-0.174533,-0.523599,-0.523599,0.523599,0.523599,-0.141304,-0.199275,0.514872,0.514864,0.12,0.117483,-0.27671,-0.27671,-0.191805,-0.215214,0.13,0.130001,0.061805,0.085142,0.27671,0.27671,0.12,0.117479,0.0,-2e-06,-0.1,-0.100004,0.2,0.199996,-0.1,-0.100002,0.0,-2e-06
1787226317.394911,3.04,151,1.459998,1.42087,1.48353,1.48353,0.109234,0.146454,-0.174533,-0.174533,-0.523599,-0.523599,0.523599,0.523599,-0.141304,-0.187681,0.514872,0.514866,0.12,0.117987,-0.27671,-0.27671,-0.188767,-0.210532,0.13,0.130001,0.058767,0.080474,0.27671,0.27671,0.12,0.117982,0.0,-2e-06,-0.1,-0.100004,0.2,0.199996,-0.1,-0.100002,0.0,-2e-06
1787226317.414391,3.06,152,1.459998,1.428698,1.48353,1.48353,0.109234,0.139014,-0.174533,-0.174533,-0.523599,-0.523599,0.523599,0.523599,-0.141304,-0.178405,0.514872,0.514868,0.12,0.118389,-0.27671,-0.27671,-0.187855,-0.206178,0.13,0.130001,0.057855,0.076133,0.27671,0.27671,0.12,0.118385,0.0,-2e-06,-0.1,-0.100004,0.2,0.199996,-0.1,-0.100002,0.0,-2e-06
1787226317.435114,3.08,153,1.492573,1.43496,1.48353,1.48353,0.077284,0.133061,-0.174533,-0.174533,-0.523599,-0.523599,0.523599,0.523599,-0.127154,-0.170985,0.514872,0.514869,0.12,0.118712,-0.27671,-0.27671,-0.22205,-0.202513,0.13,0.130001,0.09205,0.072477,0.27671,0.27671,0.12,0.118707,0.0,-2e-06,-0.1,-0.100004,0.2,0.199996,-0.1,-0.100002,0.0,-2e-06
1787226317.454988,3.1,154,1.492573,1.446487,1.48353,1.48353,0.077284,0.121915,-0.174533,-0.174533,-0.523599,-0.523599,0.523599,0.523599,-0.127154,-0.162219,0.514872,0.51487,0.12,0.11897,-0.27671,-0.27671,-0.232309,-0.20642,0.13,0.130001,0.102309,0.076392,0.27671,0.27671,0.12,0.118965,0.0,-2e-06,-0.1,-0.100005,0.2,0.199996,-0.1,-0.100002,0.0,-2e-06
1787226317.483896,3.12,155,1.492573,1.455709,1.48353,1.48353,0.077284,0.112997,-0.174533,-0.174533,-0.523599,-0.523599,0.523599,0.523599,-0.127154,-0.155206,0.514872,0.514871,0.12,0.119176,-0.27671,-0.27671,-0.235386,-0.211598,0.13,0.130001,0.105386,0.081575,0.27671,0.27671,0.12,0.119171,0.0,-2e-06,-0.1,-0.100005,0.2,0.199996,-0.1,-0.100002,0.0,-1e-06
1787226317.500108,3.14,156,1.492573,1.463085,1.48353,1.48353,0.077284,0.10586,-0.174533,-0.174533,-0.523599,-0.523599,0.523599,0.523599,-0.127154,-0.149596,0.514872,0.514871,0.12,0.119341,-0.27671,-0.27671,-0.23631,-0.216355,0.13,0.130001,0.10631,0.086338,0.27671,0.27671,0.12,0.119336,0.0,-2e-06,-0.1,-0.100005,0.2,0.199996,-0.1,-0.100002,0.0,-1e-06
1787226317.520578,3.16,157,1.492573,1.468985,1.48353,1.48353,0.077284,0.100149,-0.174533,-0.174533,-0.523599,-0.523599,0.523599,0.523599,-0.127154,-0.145108,0.514872,0.514872,0.12,0.119473,-0.27671,-0.27671,-0.236587,-0.220346,0.13,0.130001,0.106587,0.090332,0.27671,0.27671,0.12,0.119468,0.0,-2e-06,-0.1,-0.100005,0.2,0.199996,-0.1,-0.100002,0.0,-1e-06
1787226317.544339,3.18,158,1.471354,1.473704,1.48353,1.48353,0.098879,0.095579,-0.174533,-0.174533,-0.523599,-0.523599,0.523599,0.523599,-0.035366,-0.141517,0.514872,0.514872,0.115674,0.119579,-0.27671,-0.27671,-0.081448,-0.223594,0.179,0.130001,-0.050881,0.093583,0.27671,0.27671,0.115674,0.119574,-0.193697,-2e-06,-0.159528,-0.100005,0.2,0.199996,-0.087143,-0.100002,0.193697,-1e-06
1787226317.559583,3.2,159,1.471354,1.473236,1.48353,1.48353,0.098879,0.09624,-0.174533,-0.174533,-0.523599,-0.523599,0.523599,0.523599,-0.035366,-0.120287,0.514872,0.514931,0.107375,0.118798,-0.27671,-0.27671,-0.034907,-0.195169,0.1937,0.139796,-0.098122,0.064698,0.27671,0.27671,0.107375,0.118794,-0.251806,-0.035359,-0.177386,-0.111906,0.2,0.199997,-0.083285,-0.097431,0.251806,0.035356
1787226317.576885,3.22,160,1.471354,1.472861,1.48353,1.48353,0.098879,0.096769,-0.174533,-0.174533,-0.523599,-0.523599,0.523599,0.523599,-0.035366,-0.103304,0.514872,0.514954,0.088465,0.116513,-0.27671,-0.27671,-0.020944,-0.163126,0.19811,0.150569,-0.112294,0.032149,0.27671,0.27671,0.088465,0.116511,-0.269239,-0.070716,-0.182744,-0.125,0.2,0.199998,-0.082128,-0.094602,0.269239,0.070714
1787226317.603047,3.24,161,1.46145,1.47256,1.48353,1.48353,0.109008,0.097191,-0.174533,-0.174533,-0.523599,-0.523599,0.523599,0.523599,0.06469,-0.089717,0.514872,0.514912,0.053198,0.110904,-0.27671,-0.27671,-0.042882,-0.134692,0.199433,0.160074,-0.115758,0.003268,0.27671,0.27671,0.053198,0.110902,-0.274469,-0.106071,-0.158225,-0.136545,0.2,0.199998,-0.082569,-0.092108,0.274469,0.10607
1787226317.614895,3.26,162,1.46145,1.47034,1.48353,1.48353,0.109008,0.099556,-0.174533,-0.174533,-0.523599,-0.523599,0.523599,0.523599,0.06469,-0.058839,0.514872,0.514926,0.050264,0.099362,-0.27671,-0.27671,-0.049463,-0.116331,0.19983,0.167945,-0.116797,-0.020537,0.27671,0.27671,0.050264,0.099362,-0.276038,-0.139744,-0.150869,-0.14088,0.2,0.199999,-0.082701,-0.090201,0.276038,0.139743
1787226317.634575,3.28,163,1.46145,1.468565,1.48353,1.48353,0.109008,0.101449,-0.174533,-0.174533,-0.523599,-0.523599,0.523599,0.523599,0.06469,-0.034134,0.514872,0.514928,0.056158,0.089543,-0.27671,-0.276711,-0.051437,-0.102959,0.199949,0.174322,-0.117109,-0.039788,0.27671,0.27671,0.056158,0.089543,-0.276508,-0.166999,-0.148662,-0.142879,0.2,0.199999,-0.08274,-0.088701,0.276508,0.167
1787226317.657034,3.3,164,1.486314,1.467145,1.48353,1.48353,0.084279,0.102963,-0.174533,-0.174533,-0.523599,-0.523599,0.523599,0.523599,-0.00564,-0.01437,0.514872,0.51492,0.069177,0.082866,-0.27671,-0.276711,-0.053239,-0.092653,0.199985,0.179448,-0.113211,-0.055252,0.27671,0.276709,0.069177,0.082866,-0.276649,-0.1889,-0.146791,-0.144036,0.2,0.199999,-0.086744,-0.087509,0.276649,0.1889
1787226317.676211,3.32,165,1.486314,1.470971,1.48353,1.48353,0.084279,0.099218,-0.174533,-0.174533,-0.523599,-0.523599,0.523599,0.523599,-0.00564,-0.012624,0.514872,0.51491,0.079998,0.080128,-0.27671,-0.276711,-0.05378,-0.084771,0.199995,0.183555,-0.112041,-0.066844,0.27671,0.27671,0.079998,0.080129,-0.276692,-0.206449,-0.146229,-0.144587,0.2,0.2,-0.087945,-0.087355,0.276692,0.20645
1787226317.699829,3.34,166,1.517713,1.474031,1.48353,1.48353,0.048175,0.096222,-0.174533,-0.174533,-0.523599,-0.523599,0.523599,0.523599,0.047653,-0.011227,0.514872,0.514902,0.051656,0.080101,-0.27671,-0.27671,-0.037854,-0.078574,0.199999,0.186842,-0.116103,-0.075884,0.27671,0.27671,0.051656,0.080103,-0.276705,-0.220498,-0.162148,-0.144916,0.2,0.2,-0.083893,-0.087473,0.276705,0.220498
1787226317.717924,3.36,167,1.517713,1.482725,1.48353,1.48353,0.048175,0.086575,-0.174533,-0.174533,-0.523599,-0.523599,0.523599,0.523599,0.047653,0.000549,0.514872,0.514895,0.049494,0.074412,-0.27671,-0.27671,-0.033077,-0.070431,0.2,0.189473,-0.117322,-0.083927,0.27671,0.27671,0.049494,0.074414,-0.276708,-0.231739,-0.166924,-0.148362,0.2,0.2,-0.082677,-0.086757,0.276708,0.231739
1787226317.738417,3.38,168,1.517713,1.489684,1.48353,1.48353,0.048175,0.07886,-0.174533,-0.174533,-0.523599,-0.523599,0.523599,0.523599,0.047653,0.00997,0.514872,0.514888,0.055343,0.069428,-0.27671,-0.27671,-0.031644,-0.062961,0.2,0.191578,-0.117687,-0.090606,0.27671,0.27671,0.055343,0.06943,-0.27671,-0.240733,-0.168357,-0.152074,0.2,0.2,-0.082312,-0.085941,0.27671,0.240733
1787226317.757906,3.4,169,1.517713,1.495257,1.48353,1.48353,0.048175,0.072694,-0.174533,-0.174533,-0.523599,-0.523599,0.523599,0.523599,0.047653,0.017506,0.514872,0.514882,0.064179,0.06661,-0.27671,-0.276709,-0.031214,-0.056698,0.2,0.193261,-0.117797,-0.096022,0.27671,0.27671,0.064179,0.066613,-0.27671,-0.247928,-0.168786,-0.15533,0.2,0.2,-0.082203,-0.085215,0.27671,0.247929
1787226317.778136,3.42,170,1.517713,1.49972,1.48353,1.48353,0.048175,0.067765,-0.174533,-0.174533,-0.523599,-0.523599,0.523599,0.523599,0.047653,0.023535,0.514872,0.514876,0.07472,0.066123,-0.27671,-0.276709,-0.031085,-0.051602,0.2,0.194608,-0.11783,-0.100391,0.27671,0.27671,0.07472,0.066126,-0.27671,-0.253685,-0.168915,-0.158022,0.2,0.2,-0.08217,-0.084613,0.27671,0.253685
1787226317.799748,3.44,171,1.517713,1.503294,1.48353,1.48353,0.048175,0.063825,-0.174533,-0.174533,-0.523599,-0.523599,0.523599,0.523599,0.047653,0.028359,0.514872,0.514871,0.086717,0.067841,-0.27671,-0.276709,-0.031046,-0.0475,0.2,0.195686,-0.11784,-0.103868,0.27671,0.276711,0.086717,0.067845,-0.27671,-0.25829,-0.168954,-0.1602,0.2,0.2,-0.08216,-0.084124,0.27671,0.25829
1787226317.821185,3.46,172,1.482048,1.506157,1.48353,1.48353,-0.027994,0.060676,-0.174533,-0.174533,-0.523599,-0.523599,0.523599,0.523599,0.175717,0.032217,0.514872,0.514868,0.053221,0.071615,-0.27671,-0.276708,-0.175322,-0.04421,0.151,0.196548,0.039657,-0.106663,0.27671,0.276711,0.053221,0.071619,-0.083013,-0.261974,-0.120686,-0.161951,0.2,0.2,-0.094648,-0.083732,0.083013,0.261974
1787226317.842547,3.48,173,1.482048,1.501261,1.48353,1.48353,-0.027994,0.042965,-0.174533,-0.174533,-0.523599,-0.523599,0.523599,0.523599,0.175717,0.060915,0.514872,0.514744,0.038291,0.067937,-0.27671,-0.276709,-0.218605,-0.070431,0.1363,0.18744,0.086905,-0.0774,0.27671,0.276711,0.038291,0.06794,-0.024904,-0.226619,-0.106206,-0.1537,0.2,0.2,-0.098394,-0.085914,0.024904,0.22662
1787226317.868987,3.5,174,1.479519,1.497338,1.48353,1.48353,-0.054824,0.028797,-0.174533,-0.174533,-0.523599,-0.523599,0.523599,0.523599,0.210222,0.083872,0.514872,0.514675,0.015895,0.062009,-0.27671,-0.276709,-0.229078,-0.100269,0.13189,0.177213,0.098568,-0.04454,0.27671,0.27671,0.015895,0.062011,-0.007471,-0.191265,-0.101862,-0.144204,0.2,0.2,-0.099518,-0.088409,0.007471,0.19127
1787226317.890762,3.52,175,1.479519,1.493868,1.48353,1.48353,-0.054824,0.012053,-0.174533,-0.174533,-0.523599,-0.523599,0.523599,0.523599,0.210222,0.109137,0.514872,0.51459,-0.003385,0.052788,-0.27671,-0.276709,-0.23222,-0.125825,0.130567,0.168151,0.102067,-0.015924,0.27671,0.27671,-0.003385,0.052789,-0.002241,-0.155907,-0.100559,-0.135736,0.2,0.2,-0.099855,-0.090631,0.002241,0.155912
1787226317.910681,3.54,176,1.382025,1.491121,1.48353,1.48353,-0.158558,-0.001348,-0.174533,-0.174533,-0.523599,-0.523599,0.523599,0.523599,0.394498,0.129349,0.514872,0.514546,-0.059477,0.041555,-0.27671,-0.276709,-0.23658,-0.1471,0.13017,0.160637,0.106534,0.007669,0.27671,0.27671,-0.059477,0.041555,-0.000672,-0.125176,-0.100168,-0.1287,0.2,0.2,-0.099957,-0.092476,0.000672,0.125179
1787226317.932607,3.56,177,1.382025,1.469826,1.48353,1.48353,-0.158558,-0.033146,-0.174533,-0.174533,-0.523599,-0.523599,0.523599,0.523599,0.394498,0.182327,0.514872,0.514343,-0.095623,0.021356,-0.27671,-0.27671,-0.237888,-0.164988,0.130051,0.154547,0.107874,0.027431,0.27671,0.27671,-0.095623,0.021353,-0.000202,-0.100277,-0.10005,-0.122994,0.2,0.2,-0.099987,-0.093972,0.000202,0.100279
1787226317.951345,3.58,178,1.382025,1.452793,1.48353,1.48353,-0.158558,-0.058583,-0.174533,-0.174533,-0.523599,-0.523599,0.523599,0.523599,0.394498,0.224717,0.514872,0.514224,-0.112687,-0.002028,-0.27671,-0.27671,-0.23828,-0.17956,0.130015,0.149652,0.108276,0.04351,0.27671,0.27671,-0.112687,-0.002036,-6.1e-05,-0.080265,-0.100015,-0.118405,0.2,0.200001,-0.099996,-0.095175,6.1e-05,0.080267
1787226317.974438,3.6,179,1.382025,1.438537,1.48353,1.48353,-0.158558,-0.078507,-0.174533,-0.174533,-0.523599,-0.523599,0.523599,0.523599,0.394498,0.258673,0.514872,0.514328,-0.117806,-0.024157,-0.27671,-0.27671,-0.238398,-0.1913,0.130005,0.145726,0.108397,0.05646,0.27671,0.27671,-0.117806,-0.024163,-1.8e-05,-0.064229,-0.100005,-0.114728,0.2,0.200001,-0.099999,-0.096139,1.8e-05,0.06423
1787226317.992104,3.62,180,1.382025,1.427315,1.48353,1.48353,-0.158558,-0.094574,-0.174533,-0.174533,-0.523599,-0.523599,0.523599,0.523599,0.394498,0.285834,0.514872,0.514395,-0.119342,-0.042885,-0.27671,-0.27671,-0.238434,-0.200718,0.130001,0.142582,0.108433,0.066846,0.27671,0.27671,-0.119342,-0.042891,-5e-06,-0.051387,-0.100001,-0.111783,0.2,0.200001,-0.1,-0.096911,5e-06,0.051388
1787226318.010486,3.64,181,1.431277,1.418237,1.48353,1.48353,-0.121391,-0.107355,-0.174533,-0.174533,-0.523599,-0.523599,0.523599,0.523599,0.281525,0.307566,0.514872,0.514465,-0.110214,-0.058175,-0.27671,-0.27671,-0.072101,-0.208259,0.179,0.140067,-0.067999,0.075162,0.27671,0.27671,-0.110214,-0.05818,-0.193699,-0.041112,-0.169429,-0.109426,0.2,0.200001,-0.069471,-0.097528,0.193699,0.041113
1787226318.030554,3.66,182,1.431277,1.420849,1.48353,1.48353,-0.121391,-0.11016,-0.174533,-0.174533,-0.523599,-0.523599,0.523599,0.523599,0.281525,0.302358,0.514872,0.514547,-0.097518,-0.068581,-0.27671,-0.27671,-0.022202,-0.181028,0.1937,0.147853,-0.120929,0.04653,0.27671,0.27671,-0.097518,-0.068585,-0.251807,-0.071624,-0.190257,-0.121422,0.2,0.200001,-0.060312,-0.091919,0.251807,0.071624
1787226318.049715,3.68,183,1.431277,1.422935,1.48353,1.48353,-0.121391,-0.112405,-0.174533,-0.174533,-0.523599,-0.523599,0.523599,0.523599,0.281525,0.298191,0.514872,0.514617,-0.077628,-0.074367,-0.27671,-0.27671,-0.007232,-0.149264,0.19811,0.157022,-0.136808,0.013039,0.27671,0.27671,-0.077628,-0.074371,-0.269239,-0.106978,-0.196506,-0.135183,0.2,0.200001,-0.057565,-0.085601,0.269239,0.106976
1787226318.070674,3.7,184,1.201114,1.4246,1.48353,1.48353,-0.198498,-0.114206,-0.174533,-0.174533,-0.523599,-0.523599,0.523599,0.523599,0.260775,0.294858,0.514872,0.514667,-0.096176,-0.075019,-0.27671,-0.27671,-0.195869,-0.120861,0.150433,0.165238,0.035958,-0.016926,0.27671,0.27671,-0.096176,-0.075022,-0.080772,-0.139427,-0.128952,-0.147446,0.2,0.2,-0.087269,-0.079995,0.080772,0.139425
1787226318.098249,3.72,185,1.201114,1.380024,1.48353,1.48353,-0.198498,-0.131353,-0.174533,-0.174533,-0.523599,-0.523599,0.523599,0.523599,0.260775,0.288042,0.514872,0.514709,-0.112853,-0.07925,-0.27671,-0.27671,-0.25246,-0.13586,0.13613,0.162277,0.087787,-0.00635,0.27671,0.27671,-0.112853,-0.079253,-0.024232,-0.127697,-0.108686,-0.143747,0.2,0.2,-0.096181,-0.08145,0.024232,0.127694
1787226318.113315,3.74,186,1.201114,1.344225,1.48353,1.48353,-0.198498,-0.144702,-0.174533,-0.174533,-0.523599,-0.523599,0.523599,0.523599,0.260775,0.282589,0.514872,0.514744,-0.117856,-0.08597,-0.27671,-0.27671,-0.269437,-0.159177,0.131839,0.157049,0.103336,0.012475,0.27671,0.27671,-0.117856,-0.085973,-0.007269,-0.107005,-0.102606,-0.136734,0.2,0.2,-0.098854,-0.084396,0.007269,0.107002
1787226318.136909,3.76,187,1.201114,1.315604,1.48353,1.48353,-0.198498,-0.155435,-0.174533,-0.174533,-0.523599,-0.523599,0.523599,0.523599,0.260775,0.278226,0.514872,0.514773,-0.119357,-0.092346,-0.27671,-0.27671,-0.27453,-0.181227,0.130552,0.152008,0.108001,0.030645,0.27671,0.27671,-0.119357,-0.092349,-0.002181,-0.087058,-0.100782,-0.129908,0.2,0.2,-0.099656,-0.087288,0.002181,0.087056
1787226318.157614,3.78,188,1.201114,1.292708,1.48353,1.48353,-0.198498,-0.16403,-0.174533,-0.174533,-0.523599,-0.523599,0.523599,0.523599,0.260775,0.274736,0.514872,0.514796,-0.11933,-0.097748,-0.27671,-0.27671,-0.276058,-0.199886,0.130166,0.147718,0.1094,0.046114,0.27671,0.27671,-0.11933,-0.09775,-0.000654,-0.070083,-0.100235,-0.124082,0.2,0.2,-0.099897,-0.089761,0.000654,0.070081
1787226318.178819,3.8,189,1.201114,1.274392,1.48353,1.48353,-0.198498,-0.170912,-0.174533,-0.174533,-0.523599,-0.523599,0.523599,0.523599,0.260775,0.271944,0.514872,0.514816,-0.112566,-0.102064,-0.27671,-0.27671,-0.276517,-0.215119,0.13005,0.144208,0.10982,0.05877,0.27671,0.27671,-0.112566,-0.102065,-0.000196,-0.056198,-0.10007,-0.119312,0.2,0.200001,-0.099969,-0.091789,0.000196,0.056197
1787226318.205272,3.82,190,1.300784,1.259737,1.48353,1.48353,-0.167301,-0.176419,-0.174533,-0.174533,-0.523599,-0.523599,0.523599,0.523599,0.157644,0.26971,0.514872,0.514826,-0.11777,-0.104164,-0.27671,-0.27671,-0.256852,-0.227398,0.130015,0.141377,0.109946,0.068979,0.27671,0.27671,-0.11777,-0.104165,-5.9e-05,-0.044998,-0.100021,-0.115464,0.2,0.2,-0.099991,-0.093425,5.9e-05,0.044997
1787226318.222723,3.84,191,1.300784,1.267946,1.48353,1.48353,-0.167301,-0.1746,-0.174533,-0.174533,-0.523599,-0.523599,0.523599,0.523599,0.157644,0.247298,0.514872,0.514836,-0.119331,-0.106885,-0.27671,-0.27671,-0.250953,-0.233289,0.130004,0.139104,0.109984,0.077173,0.27671,0.27671,-0.119331,-0.106886,-1.8e-05,-0.03601,-0.100006,-0.112375,0.2,0.2,-0.099997,-0.094738,1.8e-05,0.036009
1787226318.243895,3.86,192,1.300784,1.274514,1.48353,1.48353,-0.167301,-0.173141,-0.174533,-0.174533,-0.523599,-0.523599,0.523599,0.523599,0.157644,0.229368,0.514872,0.514851,-0.119404,-0.109374,-0.27671,-0.27671,-0.249183,-0.236821,0.130001,0.137284,0.109995,0.083735,0.27671,0.27671,-0.119404,-0.109374,-5e-06,-0.028812,-0.100002,-0.109901,0.2,0.2,-0.099999,-0.09579,5e-06,0.028811
1787226318.263496,3.88,193,1.300784,1.279767,1.48353,1.48353,-0.167301,-0.171974,-0.174533,-0.174533,-0.523599,-0.523599,0.523599,0.523599,0.157644,0.215023,0.514872,0.514859,-0.118926,-0.11138,-0.27671,-0.27671,-0.248652,-0.239293,0.13,0.135828,0.109999,0.088987,0.27671,0.27671,-0.118926,-0.11138,-2e-06,-0.023051,-0.100001,-0.107921,0.2,0.2,-0.1,-0.096632,2e-06,0.02305
1787226318.281778,3.9,194,1.300784,1.283971,1.48353,1.48353,-0.167301,-0.171041,-0.174533,-0.174533,-0.523599,-0.523599,0.523599,0.523599,0.157644,0.203548,0.514872,0.514864,-0.118486,-0.112889,-0.27671,-0.27671,-0.248493,-0.241165,0.13,0.134663,0.11,0.093189,0.27671,0.27671,-0.118486,-0.112889,-0.0,-0.018441,-0.1,-0.106336,0.2,0.2,-0.1,-0.097305,0.0,0.01844
1787226318.301049,3.92,195,1.300784,1.287333,1.48353,1.48353,-0.167301,-0.170293,-0.174533,-0.174533,-0.523599,-0.523599,0.523599,0.523599,0.157644,0.194367,0.514872,0.514867,-0.118173,-0.114008,-0.27671,-0.27671,-0.248445,-0.24263,0.13,0.13373,0.11,0.096551,0.27671,0.27671,-0.118173,-0.114008,-0.0,-0.014753,-0.1,-0.105069,0.2,0.2,-0.1,-0.097844,0.0,0.014752
1787226318.325803,3.94,196,1.306128,1.290024,1.48353,1.48353,-0.203041,-0.169695,-0.174533,-0.174533,-0.523599,-0.523599,0.523599,0.523599,0.238282,0.187022,0.514872,0.514869,-0.119452,-0.114841,-0.27671,-0.27671,-0.078636,-0.243793,0.179,0.132984,-0.074502,0.099241,0.27671,0.27671,-0.119452,-0.11484,-0.193697,-0.011802,-0.165898,-0.104055,0.2,0.2,-0.062498,-0.098275,0.193697,0.011802
1787226318.341322,3.96,197,1.306128,1.293246,1.48353,1.48353,-0.203041,-0.176364,-0.174533,-0.174533,-0.523599,-0.523599,0.523599,0.523599,0.238282,0.197274,0.514872,0.514886,-0.119836,-0.115763,-0.27671,-0.27671,-0.027693,-0.210764,0.1937,0.142184,-0.129853,0.064498,0.27671,0.27671,-0.119836,-0.115762,-0.251806,-0.047159,-0.185667,-0.11642,0.2,0.200001,-0.051247,-0.091122,0.251806,0.047159
1787226318.368362,3.98,198,1.266696,1.295823,1.48353,1.48353,-0.247489,-0.1817,-0.174533,-0.174533,-0.523599,-0.523599,0.523599,0.523599,0.977237,0.205476,0.514872,0.514893,-0.119951,-0.116577,-0.27671,-0.27671,-0.111177,-0.174153,0.14911,0.152483,-0.027086,0.025635,0.27671,0.27671,-0.119951,-0.116577,-0.075542,-0.082516,-0.1257,-0.130266,0.2,0.200001,-0.085374,-0.083149,0.075542,0.082516
1787226318.384768,4.0,199,1.266696,1.28998,1.48353,1.48353,-0.247489,-0.194849,-0.174533,-0.174533,-0.523599,-0.523599,0.523599,0.523599,0.977237,0.288133,0.514872,0.514892,-0.119985,-0.117251,-0.27671,-0.27671,-0.136223,-0.161558,0.135733,0.151809,0.003744,0.015091,0.27671,0.27671,-0.119985,-0.117251,-0.022663,-0.081122,-0.10771,-0.129353,0.2,0.2,-0.095612,-0.083594,0.022663,0.081121
1787226318.406509,4.02,200,1.266696,1.285314,1.48353,1.48353,-0.247489,-0.205372,-0.174533,-0.174533,-0.523599,-0.523599,0.523599,0.523599,0.977237,0.37079,0.514872,0.514867,-0.119996,-0.117798,-0.27671,-0.27671,-0.143736,-0.15649,0.13172,0.148594,0.012992,0.012822,0.27671,0.27671,-0.119996,-0.117798,-0.006799,-0.06943,-0.102313,-0.125024,0.2,0.2,-0.098684,-0.085998,0.006799,0.069429
1787226318.428575,4.04,201,1.266696,1.281592,1.48353,1.48353,-0.247489,-0.213795,-0.174533,-0.174533,-0.523599,-0.523599,0.523599,0.523599,0.977237,0.453443,0.514872,0.51484,-0.119999,-0.118237,-0.27671,-0.27671,-0.14599,-0.153939,0.130516,0.145219,0.015767,0.012856,0.27671,0.27671,-0.119999,-0.118238,-0.00204,-0.056904,-0.100694,-0.120481,0.2,0.2,-0.099605,-0.088535,0.00204,0.056903
1787226318.446971,4.06,202,1.266696,1.278615,1.48353,1.48353,-0.247489,-0.220534,-0.174533,-0.174533,-0.523599,-0.523599,0.523599,0.523599,0.977237,0.536096,0.514872,0.514824,-0.12,-0.118589,-0.27671,-0.27671,-0.146667,-0.152349,0.130155,0.142279,0.0166,0.013438,0.27671,0.27671,-0.12,-0.11859,-0.000612,-0.045931,-0.100208,-0.116523,0.2,0.2,-0.099882,-0.090749,0.000612,0.045931
1787226318.467983,4.08,203,1.266696,1.276233,1.48353,1.48353,-0.247489,-0.225926,-0.174533,-0.174533,-0.523599,-0.523599,0.523599,0.523599,0.977237,0.618748,0.514872,0.514816,-0.12,-0.118871,-0.27671,-0.27671,-0.146869,-0.151212,0.130046,0.139854,0.016849,0.01407,0.27671,0.27671,-0.12,-0.118871,-0.000184,-0.036868,-0.100062,-0.11326,0.2,0.2,-0.099964,-0.092576,0.000184,0.036867
1787226318.491957,4.1,204,1.32602,1.274327,1.48353,1.48353,-0.21081,-0.230239,-0.174533,-0.174533,-0.523599,-0.523599,0.523599,0.523599,0.539596,0.690415,0.514872,0.514816,-0.12,-0.119097,-0.27671,-0.27671,-0.069424,-0.150344,0.179014,0.137893,-0.06671,0.014626,0.27671,0.27671,-0.12,-0.119097,-0.193752,-0.029531,-0.144655,-0.11062,0.2,0.2,-0.098225,-0.094053,0.193752,0.02953
1787226318.50535,4.12,205,1.32602,1.28466,1.48353,1.48353,-0.21081,-0.226339,-0.174533,-0.174533,-0.523599,-0.523599,0.523599,0.523599,0.539596,0.660253,0.514872,0.514806,-0.12,-0.119278,-0.27671,-0.27671,-0.04619,-0.13416,0.193704,0.146116,-0.091778,-0.00164,0.27671,0.27671,-0.12,-0.119277,-0.251823,-0.062372,-0.158033,-0.117426,0.2,0.200001,-0.097703,-0.094887,0.251823,0.062372
1787226318.525207,4.14,206,1.32602,1.292932,1.48353,1.48353,-0.21081,-0.223234,-0.174533,-0.174533,-0.523599,-0.523599,0.523599,0.523599,0.539596,0.636122,0.514872,0.514793,-0.12,-0.119422,-0.27671,-0.27671,-0.03922,-0.116566,0.198111,0.155633,-0.099298,-0.019666,0.27671,0.27671,-0.12,-0.119422,-0.269244,-0.097729,-0.162047,-0.125545,0.2,0.200001,-0.097546,-0.09545,0.269244,0.097728
1787226318.550052,4.16,207,1.371785,1.299551,1.48353,1.48353,-0.178631,-0.220753,-0.174533,-0.174533,-0.523599,-0.523599,0.523599,0.523599,0.307198,0.616818,0.514872,0.514786,-0.12,-0.119537,-0.27671,-0.27671,-0.034086,-0.101099,0.199433,0.164128,-0.103552,-0.035591,0.27671,0.27671,-0.12,-0.119537,-0.27447,-0.13203,-0.166295,-0.132845,0.2,0.200001,-0.095501,-0.095869,0.27447,0.132029
1787226318.573405,4.18,208,1.371785,1.314003,1.48353,1.48353,-0.178631,-0.21234,-0.174533,-0.174533,-0.523599,-0.523599,0.523599,0.523599,0.307198,0.554914,0.514872,0.514742,-0.12,-0.119629,-0.27671,-0.27671,-0.032545,-0.087694,0.19983,0.171188,-0.104829,-0.049183,0.27671,0.27671,-0.12,-0.119629,-0.276038,-0.160516,-0.167569,-0.139534,0.2,0.200001,-0.094887,-0.095795,0.276038,0.160515
1787226318.591206,4.2,209,1.412175,1.325563,1.48353,1.48353,-0.146393,-0.205606,-0.174533,-0.174533,-0.523599,-0.523599,0.523599,0.523599,0.180558,0.505382,0.514872,0.514728,-0.12,-0.119703,-0.27671,-0.27671,-0.174621,-0.076664,0.150949,0.176917,0.042409,-0.060312,0.27671,0.27671,-0.12,-0.119703,-0.082811,-0.18362,-0.120271,-0.145141,0.2,0.200001,-0.098466,-0.095614,0.082811,0.183619
1787226318.614366,4.22,210,1.412175,1.342894,1.48353,1.48353,-0.146393,-0.193781,-0.174533,-0.174533,-0.523599,-0.523599,0.523599,0.523599,0.180558,0.440442,0.514872,0.514784,-0.12,-0.119762,-0.27671,-0.27671,-0.217244,-0.096254,0.136285,0.171724,0.086581,-0.039768,0.27671,0.27671,-0.12,-0.119763,-0.024843,-0.163459,-0.106081,-0.140167,0.2,0.2,-0.09954,-0.096184,0.024843,0.163458
1787226318.634969,4.24,211,1.412175,1.356751,1.48353,1.48353,-0.146393,-0.184311,-0.174533,-0.174533,-0.523599,-0.523599,0.523599,0.523599,0.180558,0.388478,0.514872,0.51484,-0.12,-0.119809,-0.27671,-0.27671,-0.230031,-0.120451,0.131885,0.164637,0.099832,-0.014501,0.27671,0.27671,-0.12,-0.11981,-0.007453,-0.135738,-0.101824,-0.13335,0.2,0.2,-0.099862,-0.096855,0.007453,0.135737
1787226318.657146,4.26,212,1.461987,1.367835,1.48353,1.48353,-0.074199,-0.176732,-0.174533,-0.174533,-0.523599,-0.523599,0.523599,0.523599,0.06466,0.3469,0.514872,0.51488,-0.12,-0.119847,-0.27671,-0.27671,-0.095306,-0.142366,0.179566,0.158088,-0.043577,0.008364,0.27671,0.27671,-0.12,-0.119848,-0.195933,-0.110082,-0.14425,-0.127044,0.2,0.2,-0.096432,-0.097456,0.195933,0.110081
1787226318.677658,4.28,213,1.461987,1.386638,1.48353,1.48353,-0.074199,-0.156213,-0.174533,-0.174533,-0.523599,-0.523599,0.523599,0.523599,0.06466,0.290465,0.514872,0.514849,-0.12,-0.119878,-0.27671,-0.27671,-0.054889,-0.132954,0.19387,0.162383,-0.0866,-0.002024,0.27671,0.27671,-0.12,-0.119878,-0.252477,-0.127251,-0.156978,-0.130485,0.2,0.200001,-0.095403,-0.097252,0.252477,0.127251
1787226318.702007,4.3,214,1.462538,1.401692,1.48353,1.48353,-0.001547,-0.139807,-0.174533,-0.174533,-0.523599,-0.523599,0.523599,0.523599,-0.006403,0.245311,0.514872,0.514818,-0.12,-0.119902,-0.27671,-0.27671,-0.044581,-0.117341,0.198161,0.16868,-0.097795,-0.018939,0.27671,0.27671,-0.12,-0.119902,-0.26944,-0.152295,-0.158979,-0.135784,0.2,0.200001,-0.096806,-0.096882,0.26944,0.152295
1787226318.719386,4.32,215,1.462538,1.413857,1.48353,1.48353,-0.001547,-0.112166,-0.174533,-0.174533,-0.523599,-0.523599,0.523599,0.523599,-0.006403,0.194979,0.514872,0.514787,-0.12,-0.119921,-0.27671,-0.27671,-0.041488,-0.10279,0.199448,0.174576,-0.101153,-0.034709,0.27671,0.27671,-0.12,-0.119922,-0.274529,-0.175723,-0.15958,-0.140423,0.2,0.200001,-0.097227,-0.096867,0.274529,0.175723
1787226318.741249,4.34,216,1.483123,1.423588,1.48353,1.48353,0.021789,-0.09005,-0.174533,-0.174533,-0.523599,-0.523599,0.523599,0.523599,-0.019763,0.154708,0.514872,0.514775,-0.12,-0.119937,-0.27671,-0.27671,-0.039634,-0.090528,0.199834,0.17955,-0.105428,-0.047998,0.27671,0.27671,-0.12,-0.119937,-0.276056,-0.195484,-0.160686,-0.144254,0.2,0.200001,-0.094086,-0.096939,0.276056,0.195484
1787226318.755656,4.36,217,1.483123,1.43549,1.48353,1.48353,0.021789,-0.067693,-0.174533,-0.174533,-0.523599,-0.523599,0.523599,0.523599,-0.019763,0.119818,0.514872,0.514775,-0.12,-0.119949,-0.27671,-0.27671,-0.039078,-0.08035,0.19995,0.183607,-0.106711,-0.059483,0.27671,0.27671,-0.12,-0.119949,-0.276514,-0.211598,-0.161018,-0.147541,0.2,0.200001,-0.093144,-0.096368,0.276514,0.211598
1787226318.772819,4.38,218,1.483123,1.445011,1.48353,1.48353,0.021789,-0.049803,-0.174533,-0.174533,-0.523599,-0.523599,0.523599,0.523599,-0.019763,0.091903,0.514872,0.514782,-0.12,-0.119959,-0.27671,-0.27671,-0.038911,-0.072095,0.199985,0.186876,-0.107095,-0.068929,0.27671,0.27671,-0.12,-0.119959,-0.276651,-0.224581,-0.161118,-0.150236,0.2,0.2,-0.092861,-0.095723,0.276651,0.224581
1787226318.791243,4.4,219,1.465247,1.452628,1.48353,1.48353,0.066019,-0.035489,-0.174533,-0.174533,-0.523599,-0.523599,0.523599,0.523599,-0.015177,0.069571,0.514872,0.514793,-0.12,-0.119967,-0.27671,-0.27671,-0.040319,-0.065458,0.199996,0.189498,-0.106822,-0.076562,0.27671,0.27671,-0.12,-0.119967,-0.276692,-0.234995,-0.15969,-0.152412,0.2,0.2,-0.093165,-0.095151,0.276692,0.234995
1787226318.808419,4.42,220,1.465247,1.455147,1.48353,1.48353,0.066019,-0.01519,-0.174533,-0.174533,-0.523599,-0.523599,0.523599,0.523599,-0.015177,0.052622,0.514872,0.514804,-0.12,-0.119973,-0.27671,-0.27671,-0.040741,-0.06043,0.199999,0.191597,-0.10674,-0.082614,0.27671,0.27671,-0.12,-0.119974,-0.276705,-0.243334,-0.159261,-0.153868,0.2,0.2,-0.093256,-0.094753,0.276705,0.243334
1787226318.825813,4.44,221,1.465247,1.457162,1.48353,1.48353,0.066019,0.001051,-0.174533,-0.174533,-0.523599,-0.523599,0.523599,0.523599,-0.015177,0.039063,0.514872,0.514815,-0.12,-0.119978,-0.27671,-0.27671,-0.040868,-0.056492,0.2,0.193278,-0.106716,-0.087439,0.27671,0.27671,-0.12,-0.119979,-0.276708,-0.250008,-0.159133,-0.154946,0.2,0.2,-0.093283,-0.094454,0.276708,0.250008
1787226318.850883,4.46,222,1.448228,1.458776,1.48353,1.48353,0.09885,0.014044,-0.174533,-0.174533,-0.523599,-0.523599,0.523599,0.523599,-0.023783,0.028215,0.514872,0.514824,-0.104068,-0.119982,-0.27671,-0.27671,-0.04277,-0.053367,0.2,0.194622,-0.103822,-0.091295,0.27671,0.27671,-0.104068,-0.119983,-0.27671,-0.255348,-0.15723,-0.155783,0.2,0.2,-0.096177,-0.09422,0.27671,0.255348
1787226318.870605,4.48,223,1.448228,1.456664,1.48353,1.48353,0.09885,0.031005,-0.174533,-0.174533,-0.523599,-0.523599,0.523599,0.523599,-0.023783,0.017815,0.514872,0.514831,-0.099168,-0.116799,-0.27671,-0.27671,-0.043341,-0.051247,0.2,0.195698,-0.102954,-0.0938,0.27671,0.27671,-0.099168,-0.1168,-0.27671,-0.25962,-0.156659,-0.156073,0.2,0.2,-0.097046,-0.094611,0.27671,0.259621
1787226318.895549,4.5,224,1.426042,1.454976,1.48353,1.48353,0.130523,0.044574,-0.174533,-0.174533,-0.523599,-0.523599,0.523599,0.523599,-0.058741,0.009496,0.514872,0.514837,-0.095696,-0.113273,-0.27671,-0.27671,-0.041669,-0.049666,0.2,0.196558,-0.100886,-0.095631,0.27671,0.27671,-0.095696,-0.113274,-0.27671,-0.263038,-0.158331,-0.15619,0.2,0.2,-0.099114,-0.095098,0.27671,0.263038
1787226318.914668,4.52,225,1.426042,1.449187,1.48353,1.48353,0.130523,0.061764,-0.174533,-0.174533,-0.523599,-0.523599,0.523599,0.523599,-0.058741,-0.004152,0.514872,0.51484,-0.094973,-0.109757,-0.27671,-0.27671,-0.041168,-0.048066,0.2,0.197247,-0.100266,-0.096682,0.27671,0.27671,-0.094973,-0.109758,-0.27671,-0.265773,-0.158832,-0.156618,0.2,0.2,-0.099734,-0.095901,0.27671,0.265773
1787226318.942329,4.54,226,1.362638,1.444558,1.48353,1.48353,0.199619,0.075516,-0.174533,-0.174533,-0.523599,-0.523599,0.523599,0.523599,-0.08573,-0.015069,0.514872,0.514843,-0.088304,-0.1068,-0.27671,-0.27671,-0.043335,-0.046686,0.2,0.197798,-0.10008,-0.097399,0.27671,0.27671,-0.088304,-0.106801,-0.27671,-0.26796,-0.156665,-0.15706,0.2,0.2,-0.09992,-0.096668,0.27671,0.26796
1787226318.959975,4.56,227,1.362638,1.428176,1.48353,1.48353,0.199619,0.100334,-0.174533,-0.174533,-0.523599,-0.523599,0.523599,0.523599,-0.08573,-0.029201,0.514872,0.514845,-0.086661,-0.103101,-0.27671,-0.27671,-0.043985,-0.046016,0.2,0.198238,-0.100024,-0.097935,0.27671,0.27671,-0.086661,-0.103102,-0.27671,-0.26971,-0.156015,-0.156981,0.2,0.2,-0.099976,-0.097318,0.27671,0.26971
1787226318.981678,4.58,228,1.363959,1.415074,1.48353,1.48353,0.201714,0.120188,-0.174533,-0.174533,-0.523599,-0.523599,0.523599,0.523599,-0.067873,-0.040507,0.514872,0.514847,-0.080656,-0.099813,-0.27671,-0.27671,-0.043275,-0.045609,0.2,0.198591,-0.100007,-0.098353,0.27671,0.27671,-0.080656,-0.099814,-0.27671,-0.27111,-0.156725,-0.156788,0.2,0.2,-0.099993,-0.09785,0.27671,0.27111
1787226318.999466,4.6,229,1.363959,1.404857,1.48353,1.48353,0.201714,0.13649,-0.174533,-0.174533,-0.523599,-0.523599,0.523599,0.523599,-0.067873,-0.04598,0.514872,0.514849,-0.079157,-0.095982,-0.27671,-0.27671,-0.043062,-0.045142,0.2,0.198873,-0.100002,-0.098684,0.27671,0.27671,-0.079157,-0.095982,-0.27671,-0.27223,-0.156938,-0.156775,0.2,0.2,-0.099998,-0.098278,0.27671,0.27223
1787226319.017473,4.62,230,1.363959,1.396681,1.48353,1.48353,0.201714,0.149533,-0.174533,-0.174533,-0.523599,-0.523599,0.523599,0.523599,-0.067873,-0.050359,0.514872,0.514852,-0.079105,-0.092617,-0.27671,-0.27671,-0.042998,-0.044726,0.2,0.199098,-0.100001,-0.098947,0.27671,0.27671,-0.079105,-0.092617,-0.27671,-0.273126,-0.157002,-0.156807,0.2,0.2,-0.099999,-0.098622,0.27671,0.273126
1787226319.044034,4.64,231,1.364197,1.39014,1.48353,1.48353,0.203526,0.159967,-0.174533,-0.174533,-0.523599,-0.523599,0.523599,0.523599,-0.072294,-0.053861,0.514872,0.514855,-0.064355,-0.089914,-0.27671,-0.27671,-0.041989,-0.04438,0.2,0.199279,-0.1,-0.099158,0.27671,0.27671,-0.064355,-0.089915,-0.27671,-0.273843,-0.158011,-0.156846,0.2,0.2,-0.1,-0.098898,0.27671,0.273843
1787226319.059136,4.66,232,1.364197,1.384954,1.48353,1.48353,0.203526,0.168678,-0.174533,-0.174533,-0.523599,-0.523599,0.523599,0.523599,-0.072294,-0.057548,0.514872,0.514857,-0.060232,-0.084803,-0.27671,-0.27671,-0.041686,-0.043901,0.2,0.199423,-0.1,-0.099326,0.27671,0.27671,-0.060232,-0.084803,-0.27671,-0.274417,-0.158314,-0.157079,0.2,0.2,-0.1,-0.099118,0.27671,0.274416
1787226319.077319,4.68,233,1.359627,1.380804,1.48353,1.48353,0.209325,0.175647,-0.174533,-0.174533,-0.523599,-0.523599,0.523599,0.523599,-0.097714,-0.060497,0.514872,0.514858,-0.044012,-0.079888,-0.27671,-0.27671,-0.04289,-0.043458,0.2,0.199538,-0.1,-0.099461,0.27671,0.27671,-0.044012,-0.079889,-0.27671,-0.274875,-0.15711,-0.157326,0.2,0.2,-0.1,-0.099294,0.27671,0.274875
1787226319.097723,4.7,234,1.359627,1.37657,1.48353,1.48353,0.209325,0.182381,-0.174533,-0.174533,-0.523599,-0.523599,0.523599,0.523599,-0.097714,-0.06794,0.514872,0.514855,-0.039755,-0.072713,-0.27671,-0.27671,-0.043251,-0.043344,0.2,0.199631,-0.1,-0.099569,0.27671,0.27671,-0.039755,-0.072713,-0.27671,-0.275242,-0.156749,-0.157282,0.2,0.2,-0.1,-0.099436,0.27671,0.275242
1787226319.118263,4.72,235,1.359627,1.373182,1.48353,1.48353,0.209325,0.187769,-0.174533,-0.174533,-0.523599,-0.523599,0.523599,0.523599,-0.097714,-0.073895,0.514872,0.514854,-0.039307,-0.066121,-0.27671,-0.27671,-0.043359,-0.043325,0.2,0.199705,-0.1,-0.099655,0.27671,0.27671,-0.039307,-0.066122,-0.27671,-0.275536,-0.156641,-0.157175,0.2,0.2,-0.1,-0.099548,0.27671,0.275536
1787226319.144141,4.74,236,1.347521,1.370471,1.48353,1.48353,0.222169,0.19208,-0.174533,-0.174533,-0.523599,-0.523599,0.523599,0.523599,-0.093654,-0.078659,0.514872,0.514856,-0.04357,-0.060758,-0.27671,-0.27671,-0.213018,-0.043332,0.151,0.199764,0.047,-0.099724,0.27671,0.27671,-0.04357,-0.060758,-0.083013,-0.275771,-0.116992,-0.157068,0.2,0.2,-0.1,-0.099639,0.083013,0.27577
1787226319.160861,4.76,237,1.347521,1.365881,1.48353,1.48353,0.222169,0.198096,-0.174533,-0.174533,-0.523599,-0.523599,0.523599,0.523599,-0.093654,-0.081658,0.514872,0.514862,-0.046004,-0.05732,-0.27671,-0.27671,-0.263916,-0.077266,0.1363,0.190014,0.0911,-0.070384,0.27671,0.27671,-0.046004,-0.057321,-0.024904,-0.240415,-0.105098,-0.149055,0.2,0.2,-0.1,-0.099711,0.024904,0.240415
1787226319.187106,4.78,238,1.354908,1.362208,1.48353,1.48353,0.215224,0.202909,-0.174533,-0.174533,-0.523599,-0.523599,0.523599,0.523599,-0.049768,-0.084057,0.514872,0.514866,-0.062602,-0.055057,-0.27671,-0.27671,-0.251422,-0.114593,0.13189,0.179276,0.10433,-0.038095,0.27671,0.27671,-0.062602,-0.055058,-0.007471,-0.205058,-0.101529,-0.140265,0.2,0.2,-0.1,-0.099769,0.007471,0.205059
1787226319.204648,4.8,239,1.354908,1.360748,1.48353,1.48353,0.215224,0.205372,-0.174533,-0.174533,-0.523599,-0.523599,0.523599,0.523599,-0.049768,-0.077199,0.514872,0.51486,-0.066526,-0.056566,-0.27671,-0.27671,-0.247674,-0.141956,0.130567,0.169802,0.108299,-0.009615,0.27671,0.27671,-0.066526,-0.056566,-0.002241,-0.169701,-0.100459,-0.132519,0.2,0.2,-0.1,-0.099815,0.002241,0.169702
1787226319.22917,4.82,240,1.341374,1.35958,1.48353,1.48353,0.229024,0.207342,-0.174533,-0.174533,-0.523599,-0.523599,0.523599,0.523599,-0.099362,-0.071713,0.514872,0.514856,-0.077327,-0.058558,-0.27671,-0.27671,-0.251643,-0.163099,0.13017,0.161956,0.10949,0.013966,0.27671,0.27671,-0.077327,-0.058558,-0.000672,-0.136212,-0.100138,-0.126107,0.2,0.200001,-0.1,-0.099852,0.000672,0.136212
1787226319.249621,4.84,241,1.341374,1.355937,1.48353,1.48353,0.229024,0.211677,-0.174533,-0.174533,-0.523599,-0.523599,0.523599,0.523599,-0.099362,-0.077243,0.514872,0.514865,-0.079726,-0.062311,-0.27671,-0.27671,-0.252834,-0.180806,0.130051,0.1556,0.109847,0.033069,0.27671,0.27671,-0.079726,-0.062312,-0.000202,-0.109106,-0.100041,-0.120913,0.2,0.200001,-0.1,-0.099882,0.000202,0.109106
1787226319.272964,4.86,242,1.346258,1.353023,1.48353,1.48353,0.224299,0.215145,-0.174533,-0.174533,-0.523599,-0.523599,0.523599,0.523599,-0.150357,-0.081667,0.514872,0.514871,-0.084059,-0.065794,-0.27671,-0.27671,-0.244535,-0.195211,0.130015,0.150491,0.109954,0.048423,0.27671,0.27671,-0.084059,-0.065794,-6.1e-05,-0.087326,-0.100012,-0.116738,0.2,0.200001,-0.1,-0.099905,6.1e-05,0.087326
1787226319.289721,4.88,243,1.346258,1.35167,1.48353,1.48353,0.224299,0.216975,-0.174533,-0.174533,-0.523599,-0.523599,0.523599,0.523599,-0.150357,-0.095404,0.514872,0.514878,-0.084742,-0.069447,-0.27671,-0.27671,-0.242046,-0.205076,0.130005,0.146396,0.109986,0.060729,0.27671,0.27671,-0.084742,-0.069447,-1.8e-05,-0.069873,-0.100004,-0.113392,0.2,0.200001,-0.1,-0.099924,1.8e-05,0.069873
1787226319.310974,4.9,244,1.406053,1.350587,1.48353,1.48353,0.164599,0.21844,-0.174533,-0.174533,-0.523599,-0.523599,0.523599,0.523599,-0.227556,-0.106395,0.514872,0.514879,-0.095702,-0.072506,-0.27671,-0.27671,-0.292956,-0.212469,0.130001,0.143118,0.109996,0.07058,0.27671,0.27671,-0.095702,-0.072505,-5e-06,-0.055902,-0.100001,-0.110714,0.2,0.200001,-0.1,-0.099939,5e-06,0.055902
1787226319.328891,4.92,245,1.406053,1.361684,1.48353,1.48353,0.164599,0.207677,-0.174533,-0.174533,-0.523599,-0.523599,0.523599,0.523599,-0.227556,-0.130626,0.514872,0.514894,-0.099212,-0.077144,-0.27671,-0.27671,-0.308229,-0.228566,0.13,0.140495,0.109999,0.078463,0.27671,0.27671,-0.099212,-0.077144,-2e-06,-0.044723,-0.1,-0.108571,0.2,0.200001,-0.1,-0.099951,2e-06,0.044723
1787226319.346823,4.94,246,1.406053,1.370558,1.48353,1.48353,0.164599,0.199064,-0.174533,-0.174533,-0.523599,-0.523599,0.523599,0.523599,-0.227556,-0.150011,0.514872,0.514901,-0.099875,-0.081557,-0.27671,-0.27671,-0.312811,-0.244497,0.13,0.138396,0.11,0.084769,0.27671,0.27671,-0.099875,-0.081557,-0.0,-0.035779,-0.1,-0.106857,0.2,0.200001,-0.1,-0.099961,0.0,0.035779
1787226319.370086,4.96,247,1.436283,1.377657,1.48353,1.48353,0.134427,0.192172,-0.174533,-0.174533,-0.523599,-0.523599,0.523599,0.523599,-0.261897,-0.16552,0.514872,0.514902,-0.10614,-0.085221,-0.27671,-0.27671,-0.294316,-0.258159,0.13,0.136717,0.11,0.089815,0.27671,0.27671,-0.10614,-0.08522,-0.0,-0.028623,-0.1,-0.105485,0.2,0.200001,-0.1,-0.099969,0.0,0.028623
1787226319.384029,4.98,248,1.436283,1.389383,1.48353,1.48353,0.134427,0.180627,-0.174533,-0.174533,-0.523599,-0.523599,0.523599,0.523599,-0.261897,-0.184795,0.514872,0.514904,-0.107247,-0.089404,-0.27671,-0.27671,-0.288768,-0.26539,0.13,0.135374,0.11,0.093852,0.27671,0.27671,-0.107247,-0.089404,-0.0,-0.022899,-0.1,-0.104388,0.2,0.200001,-0.1,-0.099975,0.0,0.022898
1787226319.405627,5.0,249,1.444077,1.398762,1.48353,1.48353,0.126668,0.171389,-0.174533,-0.174533,-0.523599,-0.523599,0.523599,0.523599,-0.500447,-0.200215,0.514872,0.514903,-0.114926,-0.092973,-0.27671,-0.27671,-0.293819,-0.270066,0.13,0.134299,0.11,0.097082,0.27671,0.27671,-0.114926,-0.092972,-0.0,-0.018319,-0.1,-0.10351,0.2,0.200001,-0.1,-0.09998,0.0,0.018319
1787226319.425564,5.02,250,1.444077,1.407826,1.48353,1.48353,0.126668,0.162449,-0.174533,-0.174533,-0.523599,-0.523599,0.523599,0.523599,-0.500447,-0.260244,0.514872,0.51492,-0.11716,-0.097363,-0.27671,-0.27671,-0.295335,-0.274816,0.13,0.13344,0.11,0.099665,0.27671,0.27671,-0.11716,-0.097362,-0.0,-0.014655,-0.1,-0.102808,0.2,0.200001,-0.1,-0.099984,0.0,0.014655
1787226319.445216,5.04,251,1.444077,1.415075,1.48353,1.48353,0.126668,0.155294,-0.174533,-0.174533,-0.523599,-0.523599,0.523599,0.523599,-0.500447,-0.308275,0.514872,0.514925,-0.117419,-0.101322,-0.27671,-0.27671,-0.29579,-0.27892,0.13,0.132752,0.11,0.101732,0.27671,0.27671,-0.117419,-0.101322,-0.0,-0.011724,-0.1,-0.102246,0.2,0.200001,-0.1,-0.099987,0.0,0.011724
1787226319.470523,5.06,252,1.425223,1.420874,1.48353,1.48353,0.145542,0.149569,-0.174533,-0.174533,-0.523599,-0.523599,0.523599,0.523599,-0.831467,-0.346704,0.514872,0.514924,-0.086504,-0.104541,-0.27671,-0.27671,-0.306809,-0.282293,0.13,0.132202,0.11,0.103386,0.27671,0.27671,-0.086504,-0.104541,-0.0,-0.009379,-0.1,-0.101796,0.2,0.200001,-0.1,-0.09999,0.0,0.009379
1787226319.489876,5.08,253,1.425223,1.421744,1.48353,1.48353,0.145542,0.148764,-0.174533,-0.174533,-0.523599,-0.523599,0.523599,0.523599,-0.831467,-0.429358,0.514872,0.514896,-0.076889,-0.100934,-0.27671,-0.27671,-0.310115,-0.287196,0.13,0.131761,0.11,0.104709,0.27671,0.27671,-0.076889,-0.100934,-0.0,-0.007504,-0.1,-0.101437,0.2,0.2,-0.1,-0.099992,0.0,0.007503
1787226319.517104,5.1,254,1.397688,1.42244,1.48353,1.48353,0.173089,0.148119,-0.174533,-0.174533,-0.523599,-0.523599,0.523599,0.523599,-1.201278,-0.509736,0.514872,0.514865,-0.00444,-0.096125,-0.27671,-0.27671,-0.312848,-0.29178,0.13,0.131409,0.11,0.105767,0.27671,0.27671,-0.00444,-0.096125,-0.0,-0.006003,-0.1,-0.101149,0.2,0.2,-0.1,-0.099993,0.0,0.006003
1787226319.536628,5.12,255,1.397688,1.417492,1.48353,1.48353,0.173089,0.153115,-0.174533,-0.174533,-0.523599,-0.523599,0.523599,0.523599,-1.201278,-0.592388,0.514872,0.514746,0.017367,-0.077789,-0.27671,-0.27671,-0.313668,-0.295993,0.13,0.131127,0.11,0.106613,0.27671,0.27671,0.017367,-0.077788,-0.0,-0.004803,-0.1,-0.100919,0.2,0.2,-0.1,-0.099995,0.0,0.004802
1787226319.557237,5.14,256,1.349466,1.413533,1.48353,1.48353,0.221319,0.157111,-0.174533,-0.174533,-0.523599,-0.523599,0.523599,0.523599,-1.327924,-0.675041,0.514872,0.514656,-0.009146,-0.058758,-0.27671,-0.27671,-0.316443,-0.299527,0.13,0.130902,0.11,0.107291,0.27671,0.27671,-0.009146,-0.058758,-0.0,-0.003842,-0.1,-0.100735,0.2,0.2,-0.1,-0.099996,0.0,0.003842
1787226319.576371,5.16,257,1.349466,1.400716,1.48353,1.48353,0.221319,0.169946,-0.174533,-0.174533,-0.523599,-0.523599,0.523599,0.523599,-1.327924,-0.757695,0.514872,0.514709,-0.019628,-0.048836,-0.27671,-0.27671,-0.317276,-0.30291,0.13,0.130722,0.11,0.107833,0.27671,0.27671,-0.019628,-0.048836,-0.0,-0.003074,-0.1,-0.100588,0.2,0.2,-0.1,-0.099997,0.0,0.003074
1787226319.594611,5.18,258,1.349466,1.390465,1.48353,1.48353,0.221319,0.180217,-0.174533,-0.174533,-0.523599,-0.523599,0.523599,0.523599,-1.327924,-0.840349,0.514872,0.514767,-0.024411,-0.042994,-0.27671,-0.27671,-0.317525,-0.305783,0.13,0.130577,0.11,0.108266,0.27671,0.27671,-0.024411,-0.042994,-0.0,-0.002459,-0.1,-0.10047,0.2,0.200001,-0.1,-0.099997,0.0,0.002459
1787226319.613282,5.2,259,1.325587,1.382265,1.48353,1.48353,0.245203,0.188435,-0.174533,-0.174533,-0.523599,-0.523599,0.523599,0.523599,-1.243059,-0.923003,0.514872,0.514809,-0.050457,-0.039278,-0.27671,-0.27671,-0.324832,-0.308131,0.13,0.130462,0.11,0.108613,0.27671,0.27671,-0.050457,-0.039277,-0.0,-0.001968,-0.1,-0.100376,0.2,0.200001,-0.1,-0.099998,0.0,0.001967
1787226319.630796,5.22,260,1.325587,1.37093,1.48353,1.48353,0.245203,0.199786,-0.174533,-0.174533,-0.523599,-0.523599,0.523599,0.523599,-1.243059,-0.986992,0.514872,0.514859,-0.058915,-0.041513,-0.27671,-0.27671,-0.327024,-0.311471,0.13,0.13037,0.11,0.10889,0.27671,0.27671,-0.058915,-0.041513,-0.0,-0.001574,-0.1,-0.1003,0.2,0.200001,-0.1,-0.099998,0.0,0.001574
1787226319.656355,5.24,261,1.307695,1.361863,1.48353,1.48353,0.263098,0.208868,-0.174533,-0.174533,-0.523599,-0.523599,0.523599,0.523599,-1.230383,-1.038194,0.514872,0.514877,-0.072044,-0.044993,-0.27671,-0.27671,-0.325633,-0.314581,0.13,0.130296,0.11,0.109112,0.27671,0.27671,-0.072044,-0.044993,-0.0,-0.001259,-0.1,-0.10024,0.2,0.200001,-0.1,-0.099999,0.0,0.001259
1787226319.675303,5.26,262,1.307695,1.351031,1.48353,1.48353,0.263098,0.219711,-0.174533,-0.174533,-0.523599,-0.523599,0.523599,0.523599,-1.230383,-1.076627,0.514872,0.514968,-0.08411,-0.050403,-0.27671,-0.27671,-0.325216,-0.316791,0.13,0.130237,0.11,0.10929,0.27671,0.27671,-0.08411,-0.050403,-0.0,-0.001007,-0.1,-0.100192,0.2,0.200001,-0.1,-0.099999,0.0,0.001007
1787226319.698664,5.28,263,1.289055,1.342364,1.48353,1.48353,0.281739,0.228386,-0.174533,-0.174533,-0.523599,-0.523599,0.523599,0.523599,-1.284387,-1.107376,0.514872,0.515019,-0.08133,-0.057144,-0.27671,-0.27671,-0.329578,-0.318476,0.13,0.13019,0.11,0.109432,0.27671,0.27671,-0.08133,-0.057143,-0.0,-0.000806,-0.1,-0.100153,0.2,0.200001,-0.1,-0.099999,0.0,0.000806
1787226319.719414,5.3,264,1.289055,1.331702,1.48353,1.48353,0.281739,0.239053,-0.174533,-0.174533,-0.523599,-0.523599,0.523599,0.523599,-1.284387,-1.142774,0.514872,0.515071,-0.084785,-0.061981,-0.27671,-0.27671,-0.330886,-0.320696,0.13,0.130152,0.11,0.109545,0.27671,0.27671,-0.084785,-0.06198,-0.0,-0.000645,-0.1,-0.100122,0.2,0.200001,-0.1,-0.099999,0.0,0.000645
1787226319.7407,5.32,265,1.274849,1.323172,1.48353,1.48353,0.295946,0.247588,-0.174533,-0.174533,-0.523599,-0.523599,0.523599,0.523599,-1.2973,-1.171095,0.514872,0.515087,-0.083147,-0.066541,-0.27671,-0.27671,-0.333847,-0.322734,0.13,0.130121,0.11,0.109636,0.27671,0.27671,-0.083147,-0.066541,-0.0,-0.000516,-0.1,-0.100098,0.2,0.200001,-0.1,-0.099999,0.0,0.000516
1787226319.758125,5.34,266,1.274849,1.313508,1.48353,1.48353,0.295946,0.257257,-0.174533,-0.174533,-0.523599,-0.523599,0.523599,0.523599,-1.2973,-1.196335,0.514872,0.515087,-0.085701,-0.069862,-0.27671,-0.27671,-0.334735,-0.324956,0.13,0.130097,0.11,0.109709,0.27671,0.27671,-0.085701,-0.069861,-0.0,-0.000413,-0.1,-0.100078,0.2,0.200001,-0.1,-0.1,0.0,0.000413
1787226319.783667,5.36,267,1.240865,1.305777,1.48353,1.48353,0.32993,0.264993,-0.174533,-0.174533,-0.523599,-0.523599,0.523599,0.523599,-1.380057,-1.216527,0.514872,0.515072,0.02589,-0.073029,-0.27671,-0.27671,-0.323274,-0.326912,0.13,0.130078,0.11,0.109767,0.27671,0.27671,0.02589,-0.073029,-0.0,-0.00033,-0.1,-0.100062,0.2,0.200001,-0.1,-0.1,0.0,0.00033
1787226319.797619,5.38,268,1.240865,1.292788,1.48353,1.48353,0.32993,0.277969,-0.174533,-0.174533,-0.523599,-0.523599,0.523599,0.523599,-1.380057,-1.24923,0.514872,0.515054,0.054977,-0.053247,-0.27671,-0.27671,-0.319835,-0.326184,0.13,0.130062,0.11,0.109814,0.27671,0.27671,0.054977,-0.053246,-0.0,-0.000264,-0.1,-0.100049,0.2,0.2,-0.1,-0.1,0.0,0.000264
1787226319.816792,5.4,269,1.223757,1.282409,1.48353,1.48353,0.347038,0.288364,-0.174533,-0.174533,-0.523599,-0.523599,0.523599,0.523599,-1.295796,-1.275394,0.514872,0.515049,0.033486,-0.031603,-0.27671,-0.27671,-0.30112,-0.324914,0.13,0.13005,0.11,0.109851,0.27671,0.27671,0.033486,-0.031603,-0.0,-0.000211,-0.1,-0.100039,0.2,0.2,-0.1,-0.1,0.0,0.000211
1787226319.835624,5.42,270,1.223757,1.2707,1.48353,1.48353,0.347038,0.300116,-0.174533,-0.174533,-0.523599,-0.523599,0.523599,0.523599,-1.295796,-1.279474,0.514872,0.515015,0.026494,-0.018586,-0.27671,-0.27671,-0.295506,-0.320156,0.13,0.13004,0.11,0.109881,0.27671,0.27671,0.026494,-0.018586,-0.0,-0.000169,-0.1,-0.100031,0.2,0.2,-0.1,-0.1,0.0,0.000169
1787226319.855467,5.44,271,1.223757,1.261318,1.48353,1.48353,0.347038,0.309503,-0.174533,-0.174533,-0.523599,-0.523599,0.523599,0.523599,-1.295796,-1.282739,0.514872,0.514987,0.023349,-0.00957,-0.27671,-0.27671,-0.293821,-0.315225,0.13,0.130032,0.11,0.109905,0.27671,0.27671,0.023349,-0.00957,-0.0,-0.000135,-0.1,-0.100025,0.2,0.200001,-0.1,-0.1,0.0,0.000135
1787226319.878562,5.46,272,1.221954,1.253796,1.48353,1.48353,0.348842,0.316998,-0.174533,-0.174533,-0.523599,-0.523599,0.523599,0.523599,-1.12772,-1.28535,0.514872,0.514962,0.007005,-0.002986,-0.27671,-0.27671,-0.293184,-0.310944,0.13,0.130026,0.11,0.109924,0.27671,0.27671,0.007005,-0.002986,-0.0,-0.000108,-0.1,-0.10002,0.2,0.2,-0.1,-0.1,0.0,0.000108
1787226319.900596,5.48,273,1.221954,1.24743,1.48353,1.48353,0.348842,0.323366,-0.174533,-0.174533,-0.523599,-0.523599,0.523599,0.523599,-1.12772,-1.253827,0.514872,0.514987,0.004977,-0.000988,-0.27671,-0.27671,-0.292992,-0.307392,0.13,0.130021,0.11,0.109939,0.27671,0.27671,0.004977,-0.000988,-0.0,-8.6e-05,-0.1,-0.100016,0.2,0.2,-0.1,-0.1,0.0,8.7e-05
1787226319.921793,5.5,274,1.22865,1.242336,1.48353,1.48353,0.342146,0.328461,-0.174533,-0.174533,-0.523599,-0.523599,0.523599,0.523599,-1.002656,-1.228607,0.514872,0.514994,-0.009636,0.000205,-0.27671,-0.27671,-0.293286,-0.304512,0.13,0.130017,0.11,0.109951,0.27671,0.27671,-0.009636,0.000205,-0.0,-6.9e-05,-0.1,-0.100012,0.2,0.2,-0.1,-0.1,0.0,6.9e-05
1787226319.942236,5.52,275,1.22865,1.2396,1.48353,1.48353,0.342146,0.331198,-0.174533,-0.174533,-0.523599,-0.523599,0.523599,0.523599,-1.002656,-1.183424,0.514872,0.515067,-0.009177,-0.001762,-0.27671,-0.27671,-0.293374,-0.302266,0.13,0.130014,0.11,0.109961,0.27671,0.27671,-0.009177,-0.001763,-0.0,-5.5e-05,-0.1,-0.10001,0.2,0.2,-0.1,-0.1,0.0,5.5e-05
1787226319.963498,5.54,276,1.229981,1.23741,1.48353,1.48353,0.340815,0.333388,-0.174533,-0.174533,-0.523599,-0.523599,0.523599,0.523599,-1.07874,-1.147275,0.514872,0.515095,0.069889,-0.003245,-0.27671,-0.27671,-0.279728,-0.300488,0.13,0.130011,0.11,0.109969,0.27671,0.27671,0.069889,-0.003245,-0.0,-4.4e-05,-0.1,-0.100007,0.2,0.2,-0.1,-0.1,0.0,4.4e-05
1787226319.98381,5.56,277,1.229981,1.235922,1.48353,1.48353,0.340815,0.334871,-0.174533,-0.174533,-0.523599,-0.523599,0.523599,0.523599,-1.07874,-1.133568,0.514872,0.515058,0.097326,0.011382,-0.27671,-0.27671,-0.275634,-0.296336,0.13,0.130009,0.11,0.109975,0.27671,0.27671,0.097326,0.011381,-0.0,-3.5e-05,-0.1,-0.100006,0.2,0.2,-0.1,-0.1,0.0,3.5e-05
1787226320.008918,5.58,278,1.239684,1.234733,1.48353,1.48353,0.331113,0.336059,-0.174533,-0.174533,-0.523599,-0.523599,0.523599,0.523599,-1.146065,-1.122602,0.514872,0.515021,0.113198,0.02857,-0.27671,-0.27671,-0.249553,-0.292196,0.13,0.130007,0.108863,0.10998,0.27671,0.27671,0.113198,0.02857,-0.0,-2.8e-05,-0.1,-0.100004,0.2,0.2,-0.1,-0.1,0.0,2.8e-05
1787226320.027014,5.6,279,1.239684,1.235727,1.48353,1.48353,0.331113,0.335073,-0.174533,-0.174533,-0.523599,-0.523599,0.523599,0.523599,-1.146065,-1.127295,0.514872,0.514978,0.117959,0.045496,-0.27671,-0.27671,-0.241729,-0.283667,0.13,0.130006,0.108522,0.109757,0.27671,0.27671,0.117959,0.045493,-0.0,-2.2e-05,-0.1,-0.100005,0.2,0.199999,-0.1,-0.1,0.0,2.3e-05
1787226320.04604,5.62,280,1.2311,1.236523,1.48353,1.48353,0.339696,0.334286,-0.174533,-0.174533,-0.523599,-0.523599,0.523599,0.523599,-1.094429,-1.131048,0.514872,0.514945,0.119388,0.059988,-0.27671,-0.27671,-0.227497,-0.275279,0.13,0.130005,0.096535,0.10951,0.27671,0.27671,0.119388,0.059984,-0.0,-1.8e-05,-0.1,-0.100005,0.2,0.199998,-0.1,-0.100001,0.0,1.8e-05
1787226320.065443,5.64,281,1.2311,1.235431,1.48353,1.48353,0.339696,0.33536,-0.174533,-0.174533,-0.523599,-0.523599,0.523599,0.523599,-1.094429,-1.123725,0.514872,0.51495,0.119816,0.071868,-0.27671,-0.27671,-0.223227,-0.265723,0.13,0.130004,0.092938,0.106915,0.27671,0.27671,0.119816,0.071862,-0.0,-1.4e-05,-0.1,-0.100005,0.2,0.199998,-0.1,-0.100001,0.0,1.4e-05
1787226320.082322,5.66,282,1.2311,1.23456,1.48353,1.48353,0.339696,0.336223,-0.174533,-0.174533,-0.523599,-0.523599,0.523599,0.523599,-1.094429,-1.117866,0.514872,0.514947,0.119945,0.081458,-0.27671,-0.27671,-0.221946,-0.257224,0.13,0.130003,0.091859,0.10412,0.27671,0.27671,0.119945,0.081452,-0.0,-1.1e-05,-0.1,-0.100005,0.2,0.199998,-0.1,-0.100001,0.0,1.1e-05
1787226320.103829,5.68,283,1.225609,1.233865,1.48353,1.48353,0.345187,0.336914,-0.174533,-0.174533,-0.523599,-0.523599,0.523599,0.523599,-1.194628,-1.113179,0.514872,0.51494,0.119983,0.089155,-0.27671,-0.27671,-0.222796,-0.250168,0.13,0.130003,0.09277,0.101668,0.27671,0.27671,0.119983,0.08915,-0.0,-9e-06,-0.1,-0.100005,0.2,0.199997,-0.1,-0.100002,0.0,9e-06
1787226320.120583,5.7,284,1.225609,1.232205,1.48353,1.48353,0.345187,0.338559,-0.174533,-0.174533,-0.523599,-0.523599,0.523599,0.523599,-1.194628,-1.129468,0.514872,0.514904,0.119995,0.095321,-0.27671,-0.27671,-0.223051,-0.244693,0.13,0.130002,0.093043,0.099888,0.27671,0.27671,0.119995,0.095316,-0.0,-7e-06,-0.1,-0.100004,0.2,0.199997,-0.1,-0.100001,0.0,7e-06
1787226320.138889,5.72,285,1.225609,1.230881,1.48353,1.48353,0.345187,0.33988,-0.174533,-0.174533,-0.523599,-0.523599,0.523599,0.523599,-1.194628,-1.1425,0.514872,0.514884,0.119999,0.100255,-0.27671,-0.27671,-0.223128,-0.240365,0.13,0.130002,0.093125,0.098519,0.27671,0.27671,0.119999,0.100251,-0.0,-5e-06,-0.1,-0.100004,0.2,0.199998,-0.1,-0.100001,0.0,6e-06
1787226320.161034,5.74,286,1.225609,1.229824,1.48353,1.48353,0.345187,0.340938,-0.174533,-0.174533,-0.523599,-0.523599,0.523599,0.523599,-1.194628,-1.152925,0.514872,0.514873,0.12,0.104204,-0.27671,-0.27671,-0.223151,-0.236917,0.13,0.130002,0.09315,0.09744,0.27671,0.27671,0.12,0.1042,-0.0,-4e-06,-0.1,-0.100004,0.2,0.199998,-0.1,-0.100001,0.0,4e-06
1787226320.181702,5.76,287,1.244154,1.228979,1.48353,1.48353,0.326642,0.341786,-0.174533,-0.174533,-0.523599,-0.523599,0.523599,0.523599,-1.119984,-1.161266,0.514872,0.514868,0.12,0.107363,-0.27671,-0.27671,-0.234185,-0.234163,0.13,0.130001,0.104185,0.096582,0.27671,0.27671,0.12,0.10736,-0.0,-3e-06,-0.1,-0.100004,0.2,0.199998,-0.1,-0.100001,0.0,4e-06
1787226320.202421,5.78,288,1.244154,1.232016,1.48353,1.48353,0.326642,0.33876,-0.174533,-0.174533,-0.523599,-0.523599,0.523599,0.523599,-1.119984,-1.15301,0.514872,0.514872,0.12,0.109891,-0.27671,-0.27671,-0.237496,-0.234167,0.13,0.130001,0.107496,0.098103,0.27671,0.27671,0.12,0.109887,-0.0,-2e-06,-0.1,-0.100004,0.2,0.199997,-0.1,-0.100001,0.0,3e-06
1787226320.22472,5.8,289,1.25285,1.234446,1.48353,1.48353,0.317947,0.336338,-0.174533,-0.174533,-0.523599,-0.523599,0.523599,0.523599,-1.152932,-1.146405,0.514872,0.514875,0.12,0.111913,-0.27671,-0.27671,-0.212208,-0.234833,0.13,0.130001,0.082208,0.099981,0.27671,0.27671,0.12,0.111909,-0.0,-2e-06,-0.1,-0.100004,0.2,0.199997,-0.1,-0.100002,0.0,2e-06
1787226320.247184,5.82,290,1.25285,1.23813,1.48353,1.48353,0.317947,0.332663,-0.174533,-0.174533,-0.523599,-0.523599,0.523599,0.523599,-1.152932,-1.14771,0.514872,0.514874,0.12,0.11353,-0.27671,-0.27671,-0.204622,-0.230308,0.13,0.130001,0.074622,0.096427,0.27671,0.27671,0.12,0.113527,-0.0,-1e-06,-0.1,-0.100004,0.2,0.199997,-0.1,-0.100002,0.0,1e-06
1787226320.267936,5.84,291,1.256318,1.241076,1.48353,1.48353,0.314479,0.329722,-0.174533,-0.174533,-0.523599,-0.523599,0.523599,0.523599,-1.171007,-1.148754,0.514872,0.514873,0.12,0.114824,-0.27671,-0.27671,-0.19145,-0.22517,0.13,0.130001,0.06145,0.092066,0.27671,0.27671,0.12,0.114821,-0.0,-1e-06,-0.1,-0.100004,0.2,0.199997,-0.1,-0.100002,0.0,1e-06
1787226320.291391,5.86,292,1.256318,1.244127,1.48353,1.48353,0.314479,0.326676,-0.174533,-0.174533,-0.523599,-0.523599,0.523599,0.523599,-1.171007,-1.153205,0.514872,0.514872,0.12,0.11586,-0.27671,-0.27671,-0.187499,-0.218426,0.13,0.130001,0.057499,0.085943,0.27671,0.27671,0.12,0.115856,-0.0,-1e-06,-0.1,-0.100004,0.2,0.199997,-0.1,-0.100001,0.0,1e-06
1787226320.315677,5.88,293,1.26582,1.246567,1.48353,1.48353,0.304976,0.324238,-0.174533,-0.174533,-0.523599,-0.523599,0.523599,0.523599,-0.992503,-1.156765,0.514872,0.514872,0.12,0.116688,-0.27671,-0.27671,-0.18724,-0.21224,0.13,0.130001,0.05724,0.080254,0.27671,0.27671,0.12,0.116684,-0.0,-1e-06,-0.1,-0.100004,0.2,0.199997,-0.1,-0.100001,0.0,1e-06
1787226320.334905,5.9,294,1.26582,1.25041,1.48353,1.48353,0.304976,0.320378,-0.174533,-0.174533,-0.523599,-0.523599,0.523599,0.523599,-0.992503,-1.123914,0.514872,0.514877,0.12,0.11735,-0.27671,-0.27671,-0.187162,-0.20724,0.13,0.130001,0.057162,0.075651,0.27671,0.27671,0.12,0.117347,-0.0,-0.0,-0.1,-0.100003,0.2,0.199997,-0.1,-0.100001,0.0,1e-06
1787226320.356008,5.92,295,1.274552,1.253487,1.48353,1.48353,0.296244,0.317293,-0.174533,-0.174533,-0.523599,-0.523599,0.523599,0.523599,-0.901365,-1.097633,0.514872,0.514876,0.12,0.11788,-0.27671,-0.27671,-0.181386,-0.203224,0.13,0.130001,0.051386,0.071954,0.27671,0.27671,0.12,0.117877,-0.0,0.0,-0.1,-0.100003,0.2,0.199998,-0.1,-0.100001,0.0,1e-06
1787226320.374217,5.94,296,1.274552,1.257689,1.48353,1.48353,0.296244,0.313072,-0.174533,-0.174533,-0.523599,-0.523599,0.523599,0.523599,-0.901365,-1.058383,0.514872,0.514867,0.12,0.118305,-0.27671,-0.27671,-0.179654,-0.198857,0.13,0.130001,0.049654,0.06784,0.27671,0.27671,0.12,0.118301,-0.0,1e-06,-0.1,-0.100003,0.2,0.199998,-0.1,-0.100001,0.0,1e-06
1787226320.394478,5.96,297,1.274552,1.261056,1.48353,1.48353,0.296244,0.309701,-0.174533,-0.174533,-0.523599,-0.523599,0.523599,0.523599,-0.901365,-1.026981,0.514872,0.514877,0.12,0.118644,-0.27671,-0.27671,-0.179134,-0.195016,0.13,0.130001,0.049134,0.064203,0.27671,0.27671,0.12,0.118641,-0.0,0.0,-0.1,-0.100003,0.2,0.199998,-0.1,-0.100001,0.0,0.0
1787226320.420696,5.98,298,1.26604,1.26375,1.48353,1.48353,0.304756,0.307005,-0.174533,-0.174533,-0.523599,-0.523599,0.523599,0.523599,-0.869844,-1.001859,0.514872,0.514884,0.12,0.118915,-0.27671,-0.27671,-0.178023,-0.191839,0.13,0.130001,0.048023,0.061189,0.27671,0.27671,0.12,0.118912,-0.0,0.0,-0.1,-0.100003,0.2,0.199998,-0.1,-0.100001,0.0,0.0
1787226320.433424,6.0,299,1.26604,1.264207,1.48353,1.48353,0.304756,0.306554,-0.174533,-0.174533,-0.523599,-0.523599,0.523599,0.523599,-0.869844,-0.975457,0.514872,0.51489,0.12,0.119132,-0.27671,-0.27671,-0.17769,-0.189076,0.13,0.130001,0.04769,0.058556,0.27671,0.27671,0.12,0.119129,-0.0,0.0,-0.1,-0.100003,0.2,0.199998,-0.1,-0.100001,0.0,0.0
1787226320.451397,6.02,300,1.26604,1.264573,1.48353,1.48353,0.304756,0.306194,-0.174533,-0.174533,-0.523599,-0.523599,0.523599,0.523599,-0.869844,-0.954335,0.514872,0.514889,0.12,0.119306,-0.27671,-0.27671,-0.17759,-0.186798,0.13,0.130001,0.04759,0.056383,0.27671,0.27671,0.12,0.119303,-0.0,-0.0,-0.1,-0.100003,0.2,0.199998,-0.1,-0.100001,0.0,-0.0
1787226320.476138,6.04,301,1.270725,1.264866,1.48353,1.48353,0.300071,0.305906,-0.174533,-0.174533,-0.523599,-0.523599,0.523599,0.523599,-0.891112,-0.937437,0.514872,0.514888,0.12,0.119445,-0.27671,-0.27671,-0.177016,-0.184956,0.13,0.130001,0.047016,0.054624,0.27671,0.27671,0.12,0.119442,-0.0,-0.0,-0.1,-0.100003,0.2,0.199998,-0.1,-0.100001,0.0,-0.0
1787226320.493615,6.06,302,1.270725,1.266036,1.48353,1.48353,0.300071,0.304737,-0.174533,-0.174533,-0.523599,-0.523599,0.523599,0.523599,-0.891112,-0.928172,0.514872,0.514885,0.12,0.119556,-0.27671,-0.27671,-0.176844,-0.183368,0.13,0.130001,0.046844,0.053103,0.27671,0.27671,0.12,0.119553,-0.0,-0.0,-0.1,-0.100003,0.2,0.199998,-0.1,-0.100001,0.0,-0.0
1787226320.515102,6.08,303,1.277241,1.266973,1.48353,1.48353,0.293555,0.303803,-0.174533,-0.174533,-0.523599,-0.523599,0.523599,0.523599,-0.813762,-0.92076,0.514872,0.514883,0.12,0.119645,-0.27671,-0.27671,-0.162537,-0.182063,0.13,0.130001,0.032537,0.051851,0.27671,0.27671,0.12,0.119642,-0.0,-1e-06,-0.1,-0.100003,0.2,0.199998,-0.1,-0.100001,0.0,-0.0
1787226320.533323,6.1,304,1.277241,1.269024,1.48353,1.48353,0.293555,0.301751,-0.174533,-0.174533,-0.523599,-0.523599,0.523599,0.523599,-0.813762,-0.899361,0.514872,0.514882,0.12,0.119716,-0.27671,-0.27671,-0.158245,-0.178158,0.13,0.130001,0.028245,0.047988,0.27671,0.27671,0.12,0.119713,-0.0,-1e-06,-0.1,-0.100003,0.2,0.199998,-0.1,-0.100001,0.0,-0.0
1787226320.554852,6.12,305,1.24379,1.270666,1.48353,1.48353,0.327006,0.30011,-0.174533,-0.174533,-0.523599,-0.523599,0.523599,0.523599,-0.884732,-0.882241,0.514872,0.514881,0.12,0.119773,-0.27671,-0.27671,-0.223491,-0.174175,0.13,0.130001,0.085473,0.044039,0.27671,0.27671,0.12,0.11977,-0.0,-1e-06,-0.1,-0.100003,0.2,0.199998,-0.1,-0.100001,0.0,-0.0
1787226320.575786,6.14,306,1.24379,1.265294,1.48353,1.48353,0.327006,0.305492,-0.174533,-0.174533,-0.523599,-0.523599,0.523599,0.523599,-0.884732,-0.882739,0.514872,0.514879,0.12,0.119819,-0.27671,-0.27671,-0.243065,-0.184038,0.13,0.130001,0.102642,0.052326,0.27671,0.27671,0.12,0.119815,-0.0,-1e-06,-0.1,-0.100003,0.2,0.199997,-0.1,-0.100001,0.0,-0.0
1787226320.594667,6.16,307,1.24379,1.260996,1.48353,1.48353,0.327006,0.309798,-0.174533,-0.174533,-0.523599,-0.523599,0.523599,0.523599,-0.884732,-0.883138,0.514872,0.514878,0.12,0.119855,-0.27671,-0.27671,-0.248937,-0.195843,0.13,0.130001,0.107793,0.062389,0.27671,0.27671,0.12,0.119852,-0.0,-1e-06,-0.1,-0.100003,0.2,0.199997,-0.1,-0.100001,0.0,-0.0
1787226320.618058,6.18,308,1.2532,1.257558,1.48353,1.48353,0.317597,0.313242,-0.174533,-0.174533,-0.523599,-0.523599,0.523599,0.523599,-0.948822,-0.883457,0.514872,0.514877,0.12,0.119885,-0.27671,-0.27671,-0.248921,-0.206461,0.13,0.130001,0.109338,0.07147,0.27671,0.27671,0.12,0.119881,-0.0,-1e-06,-0.1,-0.100003,0.2,0.199998,-0.1,-0.100001,0.0,-0.0
1787226320.638191,6.2,309,1.2532,1.256685,1.48353,1.48353,0.317597,0.314112,-0.174533,-0.174533,-0.523599,-0.523599,0.523599,0.523599,-0.948822,-0.896529,0.514872,0.514878,0.12,0.119908,-0.27671,-0.27671,-0.248916,-0.214953,0.13,0.130001,0.109801,0.079043,0.27671,0.27671,0.12,0.119904,-0.0,-1e-06,-0.1,-0.100003,0.2,0.199997,-0.1,-0.100001,0.0,-0.0
1787226320.663768,6.22,310,1.255476,1.255987,1.48353,1.48353,0.31532,0.314808,-0.174533,-0.174533,-0.523599,-0.523599,0.523599,0.523599,-0.949821,-0.906988,0.514872,0.514878,0.12,0.119926,-0.27671,-0.27671,-0.237668,-0.221745,0.13,0.130001,0.104934,0.085195,0.27671,0.27671,0.12,0.119923,-0.0,-1e-06,-0.1,-0.100003,0.2,0.199997,-0.1,-0.100001,0.0,-0.0
1787226320.682472,6.24,311,1.255476,1.255885,1.48353,1.48353,0.31532,0.31491,-0.174533,-0.174533,-0.523599,-0.523599,0.523599,0.523599,-0.949821,-0.915554,0.514872,0.514877,0.12,0.119941,-0.27671,-0.27671,-0.234294,-0.224929,0.13,0.13,0.103473,0.089143,0.27671,0.27671,0.12,0.119938,-0.0,-1e-06,-0.1,-0.100003,0.2,0.199998,-0.1,-0.100001,0.0,-0.0
1787226320.706028,6.26,312,1.27997,1.255803,1.48353,1.48353,0.290826,0.314992,-0.174533,-0.174533,-0.523599,-0.523599,0.523599,0.523599,-0.934095,-0.922408,0.514872,0.514877,0.12,0.119953,-0.27671,-0.27671,-0.242488,-0.226802,0.13,0.13,0.108042,0.092009,0.27671,0.27671,0.12,0.11995,-0.0,-1e-06,-0.1,-0.100003,0.2,0.199998,-0.1,-0.100001,0.0,-0.0
1787226320.72356,6.28,313,1.27997,1.260639,1.48353,1.48353,0.290826,0.310162,-0.174533,-0.174533,-0.523599,-0.523599,0.523599,0.523599,-0.934095,-0.924745,0.514872,0.514876,0.12,0.119963,-0.27671,-0.27671,-0.244946,-0.229939,0.13,0.13,0.109413,0.095215,0.27671,0.27671,0.12,0.119959,-0.0,-1e-06,-0.1,-0.100003,0.2,0.199998,-0.1,-0.100001,0.0,-0.0
1787226320.750414,6.3,314,1.298091,1.264507,1.48353,1.48353,0.272705,0.306296,-0.174533,-0.174533,-0.523599,-0.523599,0.523599,0.523599,-0.926069,-0.926615,0.514872,0.514875,0.12,0.11997,-0.27671,-0.27671,-0.239855,-0.23294,0.13,0.13,0.108195,0.098055,0.27671,0.27671,0.12,0.119967,-0.0,-1e-06,-0.1,-0.100003,0.2,0.199998,-0.1,-0.100001,0.0,-0.0
1787226320.760452,6.32,315,1.298091,1.271224,1.48353,1.48353,0.272705,0.299578,-0.174533,-0.174533,-0.523599,-0.523599,0.523599,0.523599,-0.926069,-0.926506,0.514872,0.514875,0.12,0.119976,-0.27671,-0.27671,-0.238327,-0.234323,0.13,0.13,0.10783,0.100083,0.27671,0.27671,0.12,0.119973,-0.0,-1e-06,-0.1,-0.100003,0.2,0.199998,-0.1,-0.100001,0.0,-0.0
1787226320.779349,6.34,316,1.293539,1.276597,1.48353,1.48353,0.277257,0.294204,-0.174533,-0.174533,-0.523599,-0.523599,0.523599,0.523599,-0.911024,-0.926418,0.514872,0.514874,0.12,0.119981,-0.27671,-0.27671,-0.264135,-0.235123,0.13,0.13,0.109349,0.101632,0.27671,0.27671,0.12,0.119978,-0.0,-1e-06,-0.1,-0.100003,0.2,0.199998,-0.1,-0.100001,0.0,-0.0
1787226320.805878,6.36,317,1.293539,1.279985,1.48353,1.48353,0.277257,0.290814,-0.174533,-0.174533,-0.523599,-0.523599,0.523599,0.523599,-0.911024,-0.923339,0.514872,0.514874,0.12,0.119985,-0.27671,-0.27671,-0.271877,-0.240925,0.13,0.130001,0.109805,0.103176,0.27671,0.27671,0.12,0.119982,-0.0,-1e-06,-0.1,-0.100003,0.2,0.199998,-0.1,-0.100001,0.0,-0.0
1787226320.822243,6.38,318,1.293539,1.282695,1.48353,1.48353,0.277257,0.288102,-0.174533,-0.174533,-0.523599,-0.523599,0.523599,0.523599,-0.911024,-0.920876,0.514872,0.514873,0.12,0.119989,-0.27671,-0.27671,-0.2742,-0.247115,0.13,0.130001,0.109941,0.104501,0.27671,0.27671,0.12,0.119985,-0.0,-1e-06,-0.1,-0.100003,0.2,0.199998,-0.1,-0.100001,0.0,-0.0
1787226320.844347,6.4,319,1.284408,1.284863,1.48353,1.48353,0.286389,0.285933,-0.174533,-0.174533,-0.523599,-0.523599,0.523599,0.523599,-0.846557,-0.918906,0.514872,0.514873,0.12,0.119991,-0.27671,-0.27671,-0.274166,-0.252532,0.13,0.130001,0.109982,0.105589,0.27671,0.27671,0.12,0.119987,-0.0,-1e-06,-0.1,-0.100003,0.2,0.199998,-0.1,-0.100001,0.0,-0.0
1787226320.863247,6.42,320,1.284408,1.284772,1.48353,1.48353,0.286389,0.286024,-0.174533,-0.174533,-0.523599,-0.523599,0.523599,0.523599,-0.846557,-0.904436,0.514872,0.514874,0.12,0.119993,-0.27671,-0.27671,-0.274156,-0.256859,0.13,0.130001,0.109995,0.106468,0.27671,0.27671,0.12,0.11999,-0.0,-1e-06,-0.1,-0.100003,0.2,0.199998,-0.1,-0.100001,0.0,-0.0
1787226320.884146,6.44,321,1.313801,1.284699,1.48353,1.48353,0.256995,0.286097,-0.174533,-0.174533,-0.523599,-0.523599,0.523599,0.523599,-0.983921,-0.892861,0.514872,0.514874,0.099978,0.119995,-0.27671,-0.27671,-0.291413,-0.260318,0.13,0.13,0.109998,0.107173,0.27671,0.27671,0.099978,0.119991,-0.0,-1e-06,-0.1,-0.100003,0.2,0.199998,-0.1,-0.100001,0.0,-0.0
1787226320.903753,6.46,322,1.313801,1.290514,1.48353,1.48353,0.256995,0.280271,-0.174533,-0.174533,-0.523599,-0.523599,0.523599,0.523599,-0.983921,-0.911072,0.514872,0.51489,0.09317,0.115992,-0.27671,-0.27671,-0.29659,-0.266536,0.13,0.130001,0.11,0.107738,0.27671,0.27671,0.09317,0.115989,-0.0,-1e-06,-0.1,-0.100002,0.2,0.199998,-0.1,-0.100001,0.0,-0.0
1787226320.927721,6.48,323,1.326211,1.295167,1.48353,1.48353,0.244585,0.275611,-0.174533,-0.174533,-0.523599,-0.523599,0.523599,0.523599,-1.348423,-0.925641,0.514872,0.514905,0.046975,0.111428,-0.27671,-0.27671,-0.313356,-0.272547,0.13,0.130001,0.11,0.108191,0.27671,0.27671,0.046975,0.111425,-0.0,-1e-06,-0.1,-0.100002,0.2,0.199999,-0.1,-0.1,0.0,-0.0
1787226320.946081,6.5,324,1.326211,1.301379,1.48353,1.48353,0.244585,0.269411,-0.174533,-0.174533,-0.523599,-0.523599,0.523599,0.523599,-1.348423,-1.008295,0.514872,0.515156,0.021849,0.098538,-0.27671,-0.27671,-0.318386,-0.280708,0.13,0.130001,0.11,0.108552,0.27671,0.27671,0.021849,0.098535,-0.0,-1e-06,-0.1,-0.100001,0.2,0.199999,-0.1,-0.1,0.0,-0.0
1787226320.964666,6.52,325,1.326211,1.306333,1.48353,1.48353,0.244585,0.264435,-0.174533,-0.174533,-0.523599,-0.523599,0.523599,0.523599,-1.348423,-1.076288,0.514872,0.515378,0.005352,0.0832,-0.27671,-0.27671,-0.319895,-0.288243,0.13,0.130001,0.11,0.108842,0.27671,0.27671,0.005352,0.083199,-0.0,-1e-06,-0.1,-0.100001,0.2,0.2,-0.1,-0.1,0.0,0.0
1787226320.99189,6.54,326,1.264186,1.310294,1.48353,1.48353,0.30661,0.260451,-0.174533,-0.174533,-0.523599,-0.523599,0.523599,0.523599,-1.514531,-1.130695,0.514872,0.515486,-0.049031,0.067631,-0.27671,-0.27671,-0.31278,-0.294573,0.13,0.130001,0.11,0.109074,0.27671,0.27671,-0.049031,0.06763,-0.0,-1e-06,-0.1,-0.1,0.2,0.2,-0.1,-0.099999,0.0,0.0
1787226321.006557,6.56,327,1.264186,1.301127,1.48353,1.48353,0.30661,0.269734,-0.174533,-0.174533,-0.523599,-0.523599,0.523599,0.523599,-1.514531,-1.207402,0.514872,0.515853,-0.073944,0.044299,-0.27671,-0.27671,-0.310646,-0.298214,0.13,0.130001,0.11,0.109259,0.27671,0.27671,-0.073944,0.0443,-0.0,-1e-06,-0.1,-0.1,0.2,0.200001,-0.1,-0.099999,0.0,0.0
1787226321.030577,6.58,328,1.250131,1.293794,1.48353,1.48353,0.320665,0.277162,-0.174533,-0.174533,-0.523599,-0.523599,0.523599,0.523599,-1.510644,-1.26879,0.514872,0.516036,-0.106183,0.020651,-0.27671,-0.27671,-0.305281,-0.3007,0.13,0.13,0.11,0.109407,0.27671,0.27671,-0.106183,0.020654,-0.0,-2e-06,-0.1,-0.1,0.2,0.200001,-0.1,-0.099999,0.0,0.0
1787226321.046637,6.6,329,1.250131,1.285145,1.48353,1.48353,0.320665,0.285944,-0.174533,-0.174533,-0.523599,-0.523599,0.523599,0.523599,-1.510644,-1.317135,0.514872,0.516106,-0.115855,-0.004714,-0.27671,-0.27671,-0.303672,-0.301616,0.13,0.13,0.11,0.109526,0.27671,0.27671,-0.115855,-0.00471,-0.0,-2e-06,-0.1,-0.1,0.2,0.200001,-0.1,-0.099999,0.0,0.0
1787226321.066011,6.62,330,1.250934,1.278133,1.48353,1.48353,0.319862,0.292878,-0.174533,-0.174533,-0.523599,-0.523599,0.523599,0.523599,-1.600352,-1.355833,0.514872,0.516004,-0.075915,-0.026941,-0.27671,-0.27671,-0.304281,-0.302027,0.13,0.130001,0.11,0.109621,0.27671,0.27671,-0.075915,-0.026937,-0.0,-1e-06,-0.1,-0.099999,0.2,0.200001,-0.1,-0.099999,0.0,0.0
1787226321.083904,6.64,331,1.250934,1.272719,1.48353,1.48353,0.319862,0.2983,-0.174533,-0.174533,-0.523599,-0.523599,0.523599,0.523599,-1.600352,-1.404721,0.514872,0.515963,-0.069862,-0.036736,-0.27671,-0.27671,-0.304463,-0.302478,0.13,0.13,0.11,0.109696,0.27671,0.27671,-0.069862,-0.036733,-0.0,-1e-06,-0.1,-0.099999,0.2,0.200001,-0.1,-0.099999,0.0,0.0
1787226321.105667,6.66,332,1.268051,1.268358,1.48353,1.48353,0.302745,0.302608,-0.174533,-0.174533,-0.523599,-0.523599,0.523599,0.523599,-1.540397,-1.443843,0.514872,0.515842,-0.081428,-0.043361,-0.27671,-0.27671,-0.28667,-0.302875,0.13,0.13,0.11,0.109757,0.27671,0.27671,-0.081428,-0.043358,-0.0,-1e-06,-0.1,-0.099999,0.2,0.200001,-0.1,-0.099999,0.0,0.0
1787226321.12569,6.68,333,1.268051,1.268297,1.48353,1.48353,0.302745,0.302636,-0.174533,-0.174533,-0.523599,-0.523599,0.523599,0.523599,-1.540397,-1.463154,0.514872,0.515681,-0.087032,-0.050974,-0.27671,-0.27671,-0.281332,-0.299633,0.13,0.13,0.11,0.109806,0.27671,0.27671,-0.087032,-0.050971,-0.0,-1e-06,-0.1,-0.099999,0.2,0.200001,-0.1,-0.099999,0.0,0.0
1787226321.144045,6.7,334,1.268051,1.268248,1.48353,1.48353,0.302745,0.302658,-0.174533,-0.174533,-0.523599,-0.523599,0.523599,0.523599,-1.540397,-1.478602,0.514872,0.51554,-0.09026,-0.058185,-0.27671,-0.27671,-0.279731,-0.295973,0.13,0.13,0.11,0.109845,0.27671,0.27671,-0.09026,-0.058183,-0.0,-1e-06,-0.1,-0.099999,0.2,0.200001,-0.1,-0.1,0.0,0.0
1787226321.16595,6.72,335,1.279616,1.268209,1.48353,1.48353,0.29118,0.302675,-0.174533,-0.174533,-0.523599,-0.523599,0.523599,0.523599,-1.627074,-1.490961,0.514872,0.51542,-0.082536,-0.0646,-0.27671,-0.27671,-0.301701,-0.292724,0.13,0.13,0.11,0.109876,0.27671,0.27671,-0.082536,-0.064598,-0.0,-1e-06,-0.1,-0.099999,0.2,0.200001,-0.1,-0.1,0.0,0.0
1787226321.186059,6.74,336,1.279616,1.27049,1.48353,1.48353,0.29118,0.300376,-0.174533,-0.174533,-0.523599,-0.523599,0.523599,0.523599,-1.627074,-1.518182,0.514872,0.515355,-0.083022,-0.068186,-0.27671,-0.27671,-0.308292,-0.294519,0.13,0.13,0.11,0.109901,0.27671,0.27671,-0.083022,-0.068185,-0.0,-1e-06,-0.1,-0.099999,0.2,0.200001,-0.1,-0.1,0.0,0.0
1787226321.20987,6.76,337,1.272079,1.272315,1.48353,1.48353,0.298717,0.298537,-0.174533,-0.174533,-0.523599,-0.523599,0.523599,0.523599,-1.664102,-1.539959,0.514872,0.51529,-0.039602,-0.071153,-0.27671,-0.27671,-0.295791,-0.297274,0.13,0.13,0.11,0.10992,0.27671,0.27671,-0.039602,-0.071152,-0.0,-0.0,-0.1,-0.099999,0.2,0.200001,-0.1,-0.1,0.0,0.0
1787226321.23163,6.78,338,1.272079,1.272268,1.48353,1.48353,0.298717,0.298573,-0.174533,-0.174533,-0.523599,-0.523599,0.523599,0.523599,-1.664102,-1.564786,0.514872,0.515236,-0.029839,-0.064843,-0.27671,-0.27671,-0.29204,-0.296977,0.13,0.13,0.11,0.109936,0.27671,0.27671,-0.029839,-0.064842,-0.0,-0.0,-0.1,-0.099999,0.2,0.200001,-0.1,-0.1,0.0,0.0
1787226321.251731,6.8,339,1.272079,1.27223,1.48353,1.48353,0.298717,0.298602,-0.174533,-0.174533,-0.523599,-0.523599,0.523599,0.523599,-1.664102,-1.584649,0.514872,0.515189,-0.029914,-0.057843,-0.27671,-0.27671,-0.290915,-0.295989,0.13,0.13,0.11,0.109949,0.27671,0.27671,-0.029914,-0.057841,-0.0,-0.0,-0.1,-0.099999,0.2,0.200001,-0.1,-0.1,0.0,0.0
1787226321.274691,6.82,340,1.266476,1.2722,1.48353,1.48353,0.304321,0.298625,-0.174533,-0.174533,-0.523599,-0.523599,0.523599,0.523599,-1.832729,-1.600539,0.514872,0.515125,0.061809,-0.052257,-0.27671,-0.27671,-0.292725,-0.294974,0.13,0.13,0.11,0.109959,0.27671,0.27671,0.061809,-0.052256,-0.0,-1e-06,-0.1,-0.1,0.2,0.2,-0.1,-0.1,0.0,-0.0
1787226321.294291,6.84,341,1.266476,1.271046,1.48353,1.48353,0.304321,0.299754,-0.174533,-0.174533,-0.523599,-0.523599,0.523599,0.523599,-1.832729,-1.646974,0.514872,0.515011,0.082784,-0.029445,-0.27671,-0.27671,-0.293268,-0.294524,0.13,0.13,0.11,0.109967,0.27671,0.27671,0.082784,-0.029449,-0.0,-0.0,-0.1,-0.100001,0.2,0.199999,-0.1,-0.1,0.0,0.0
1787226321.316957,6.86,342,1.273367,1.270123,1.48353,1.48353,0.29743,0.300658,-0.174533,-0.174533,-0.523599,-0.523599,0.523599,0.523599,-1.933905,-1.684123,0.514872,0.514902,0.108835,-0.007001,-0.27671,-0.27671,-0.274417,-0.294273,0.13,0.13,0.11,0.109974,0.27671,0.27671,0.108835,-0.007009,-0.0,0.0,-0.1,-0.100002,0.2,0.199999,-0.1,-0.100001,0.0,0.0
1787226321.335263,6.88,343,1.273367,1.270781,1.48353,1.48353,0.29743,0.300022,-0.174533,-0.174533,-0.523599,-0.523599,0.523599,0.523599,-1.933905,-1.734075,0.514872,0.514748,0.116651,0.016163,-0.27671,-0.27671,-0.268762,-0.290302,0.13,0.13,0.11,0.109979,0.27671,0.27671,0.116651,0.016149,-0.0,-0.0,-0.1,-0.100003,0.2,0.199998,-0.1,-0.100001,0.0,-0.0
1787226321.35783,6.9,344,1.266972,1.271305,1.48353,1.48353,0.303824,0.299511,-0.174533,-0.174533,-0.523599,-0.523599,0.523599,0.523599,-1.99461,-1.774038,0.514872,0.514681,0.118995,0.036257,-0.27671,-0.27671,-0.220908,-0.285994,0.13,0.13,0.082279,0.109983,0.27671,0.27671,0.118995,0.03624,-0.0,0.0,-0.1,-0.100003,0.2,0.199998,-0.1,-0.100001,0.0,-0.0
1787226321.37366,6.92,345,1.266972,1.270427,1.48353,1.48353,0.303824,0.300361,-0.174533,-0.174533,-0.523599,-0.523599,0.523599,0.523599,-1.99461,-1.818149,0.514872,0.514665,0.119699,0.052802,-0.27671,-0.27671,-0.206551,-0.272978,0.13,0.13,0.073963,0.104443,0.27671,0.27671,0.119699,0.052786,-0.0,-0.0,-0.1,-0.100003,0.2,0.199998,-0.1,-0.100001,0.0,-1e-06
1787226321.393566,6.94,346,1.241782,1.269728,1.48353,1.48353,0.329015,0.301046,-0.174533,-0.174533,-0.523599,-0.523599,0.523599,0.523599,-2.031033,-1.85344,0.514872,0.514685,0.11991,0.06618,-0.27671,-0.27671,-0.187329,-0.259694,0.13,0.13,0.056552,0.098348,0.27671,0.27671,0.11991,0.066166,-0.0,-0.0,-0.1,-0.100003,0.2,0.199998,-0.1,-0.100001,0.0,-0.0
1787226321.412412,6.96,347,1.241782,1.26409,1.48353,1.48353,0.329015,0.306589,-0.174533,-0.174533,-0.523599,-0.523599,0.523599,0.523599,-2.031033,-1.888957,0.514872,0.514722,0.119973,0.076926,-0.27671,-0.27671,-0.181562,-0.245221,0.13,0.13,0.051329,0.089989,0.27671,0.27671,0.119973,0.076914,-0.0,-1e-06,-0.1,-0.100002,0.2,0.199998,-0.1,-0.100001,0.0,-1e-06
1787226321.430181,6.98,348,1.241782,1.259599,1.48353,1.48353,0.329015,0.311044,-0.174533,-0.174533,-0.523599,-0.523599,0.523599,0.523599,-2.031033,-1.917372,0.514872,0.514758,0.119992,0.085536,-0.27671,-0.27671,-0.179832,-0.232489,0.13,0.13,0.049762,0.082258,0.27671,0.27671,0.119992,0.085526,-0.0,-1e-06,-0.1,-0.100002,0.2,0.199998,-0.1,-0.100001,0.0,-1e-06
1787226321.455979,7.0,349,1.228479,1.256017,1.48353,1.48353,0.342317,0.314619,-0.174533,-0.174533,-0.523599,-0.523599,0.523599,0.523599,-2.052887,-1.940104,0.514872,0.514788,0.119998,0.092428,-0.27671,-0.27671,-0.190682,-0.221958,0.13,0.13,0.060661,0.075758,0.27671,0.27671,0.119998,0.09242,-0.0,-2e-06,-0.1,-0.100002,0.2,0.199998,-0.1,-0.100001,0.0,-1e-06
1787226321.476163,7.02,350,1.228479,1.250486,1.48353,1.48353,0.342317,0.320135,-0.174533,-0.174533,-0.523599,-0.523599,0.523599,0.523599,-2.052887,-1.96266,0.514872,0.514815,0.119999,0.097943,-0.27671,-0.27671,-0.193937,-0.215702,0.13,0.130001,0.063931,0.072739,0.27671,0.27671,0.119999,0.097936,-0.0,-2e-06,-0.1,-0.100002,0.2,0.199998,-0.1,-0.100001,0.0,-1e-06
1787226321.501018,7.04,351,1.246103,1.246071,1.48353,1.48353,0.324693,0.324558,-0.174533,-0.174533,-0.523599,-0.523599,0.523599,0.523599,-1.941545,-1.980705,0.514872,0.514835,0.12,0.102355,-0.27671,-0.27671,-0.196975,-0.211349,0.13,0.130001,0.066973,0.070977,0.27671,0.27671,0.12,0.10235,-0.0,-2e-06,-0.1,-0.100002,0.2,0.199998,-0.1,-0.100001,0.0,-1e-06
1787226321.519342,7.06,352,1.246103,1.246077,1.48353,1.48353,0.324693,0.324585,-0.174533,-0.174533,-0.523599,-0.523599,0.523599,0.523599,-1.941545,-1.972874,0.514872,0.514845,0.12,0.105884,-0.27671,-0.27671,-0.197886,-0.208473,0.13,0.130001,0.067885,0.070176,0.27671,0.27671,0.12,0.10588,-0.0,-2e-06,-0.1,-0.100003,0.2,0.199998,-0.1,-0.100001,0.0,-1e-06
1787226321.542654,7.08,353,1.273612,1.246082,1.48353,1.48353,0.297184,0.324607,-0.174533,-0.174533,-0.523599,-0.523599,0.523599,0.523599,-1.881754,-1.966608,0.514872,0.514853,0.12,0.108708,-0.27671,-0.27671,-0.23941,-0.206356,0.13,0.130001,0.097366,0.069718,0.27671,0.27671,0.12,0.108704,-0.0,-2e-06,-0.1,-0.100003,0.2,0.199997,-0.1,-0.100001,0.0,-1e-06
1787226321.561805,7.1,354,1.273612,1.251589,1.48353,1.48353,0.297184,0.319123,-0.174533,-0.174533,-0.523599,-0.523599,0.523599,0.523599,-1.881754,-1.949638,0.514872,0.514868,0.12,0.110967,-0.27671,-0.27671,-0.251868,-0.212966,0.13,0.130001,0.10621,0.075248,0.27671,0.27671,0.12,0.110963,-0.0,-1e-06,-0.1,-0.100004,0.2,0.199997,-0.1,-0.100002,0.0,-1e-06
1787226321.580315,7.12,355,1.273612,1.255995,1.48353,1.48353,0.297184,0.314737,-0.174533,-0.174533,-0.523599,-0.523599,0.523599,0.523599,-1.881754,-1.936061,0.514872,0.514877,0.12,0.112774,-0.27671,-0.27671,-0.255605,-0.220746,0.13,0.130001,0.108863,0.08144,0.27671,0.27671,0.12,0.11277,-0.0,-1e-06,-0.1,-0.100004,0.2,0.199997,-0.1,-0.100002,0.0,-1e-06
1787226321.599597,7.14,356,1.289146,1.25952,1.48353,1.48353,0.281651,0.311228,-0.174533,-0.174533,-0.523599,-0.523599,0.523599,0.523599,-1.914631,-1.9252,0.514872,0.51488,0.12,0.11422,-0.27671,-0.27671,-0.255652,-0.227718,0.13,0.130001,0.109659,0.086925,0.27671,0.27671,0.12,0.114215,-0.0,-1e-06,-0.1,-0.100004,0.2,0.199996,-0.1,-0.100002,0.0,-1e-06
1787226321.617373,7.16,357,1.289146,1.265449,1.48353,1.48353,0.281651,0.305316,-0.174533,-0.174533,-0.523599,-0.523599,0.523599,0.523599,-1.914631,-1.923086,0.514872,0.514879,0.12,0.115376,-0.27671,-0.27671,-0.255666,-0.233304,0.13,0.130001,0.109898,0.091471,0.27671,0.27671,0.12,0.115372,-0.0,-1e-06,-0.1,-0.100005,0.2,0.199996,-0.1,-0.100002,0.0,-1e-06
1787226321.639927,7.18,358,1.269103,1.27019,1.48353,1.48353,0.301693,0.300585,-0.174533,-0.174533,-0.523599,-0.523599,0.523599,0.523599,-1.730035,-1.921395,0.514872,0.514877,0.12,0.116301,-0.27671,-0.27671,-0.247999,-0.237776,0.13,0.130001,0.109969,0.095157,0.27671,0.27671,0.12,0.116297,-0.0,-1e-06,-0.1,-0.100005,0.2,0.199996,-0.1,-0.100002,0.0,-1e-06
1787226321.655511,7.2,359,1.269103,1.269973,1.48353,1.48353,0.301693,0.300807,-0.174533,-0.174533,-0.523599,-0.523599,0.523599,0.523599,-1.730035,-1.883126,0.514872,0.514921,0.12,0.117041,-0.27671,-0.27671,-0.245699,-0.239821,0.13,0.13,0.109991,0.098119,0.27671,0.27671,0.12,0.117037,-0.0,-1e-06,-0.1,-0.100005,0.2,0.199996,-0.1,-0.100002,0.0,-1e-06
1787226321.676362,7.22,360,1.273146,1.2698,1.48353,1.48353,0.29765,0.300985,-0.174533,-0.174533,-0.523599,-0.523599,0.523599,0.523599,-1.619013,-1.85251,0.514872,0.514941,0.12,0.117633,-0.27671,-0.27671,-0.273746,-0.240996,0.13,0.13,0.109997,0.100494,0.27671,0.27671,0.12,0.117629,-0.0,-1e-06,-0.1,-0.100005,0.2,0.199996,-0.1,-0.100002,0.0,-1e-06
1787226321.697938,7.24,361,1.273146,1.270468,1.48353,1.48353,0.29765,0.300316,-0.174533,-0.174533,-0.523599,-0.523599,0.523599,0.523599,-1.619013,-1.805816,0.514872,0.514988,0.12,0.118107,-0.27671,-0.27671,-0.28216,-0.247545,0.13,0.130001,0.109999,0.102394,0.27671,0.27671,0.12,0.118102,-0.0,-1e-06,-0.1,-0.100005,0.2,0.199996,-0.1,-0.100002,0.0,-1e-06
1787226321.717901,7.26,362,1.273146,1.271002,1.48353,1.48353,0.29765,0.299782,-0.174533,-0.174533,-0.523599,-0.523599,0.523599,0.523599,-1.619013,-1.768458,0.514872,0.514997,0.12,0.118486,-0.27671,-0.27671,-0.284684,-0.254468,0.13,0.130001,0.11,0.103915,0.27671,0.27671,0.12,0.118481,-0.0,-1e-06,-0.1,-0.100005,0.2,0.199996,-0.1,-0.100003,0.0,-1e-06
1787226321.73849,7.28,363,1.279241,1.271431,1.48353,1.48353,0.291555,0.299355,-0.174533,-0.174533,-0.523599,-0.523599,0.523599,0.523599,-1.62608,-1.738571,0.514872,0.514989,0.12,0.118789,-0.27671,-0.27671,-0.287073,-0.260511,0.13,0.130001,0.11,0.105132,0.27671,0.27671,0.12,0.118784,-0.0,-1e-06,-0.1,-0.100005,0.2,0.199996,-0.1,-0.100003,0.0,-1e-06
1787226321.760348,7.3,364,1.279241,1.272992,1.48353,1.48353,0.291555,0.297794,-0.174533,-0.174533,-0.523599,-0.523599,0.523599,0.523599,-1.62608,-1.716073,0.514872,0.514973,0.12,0.119031,-0.27671,-0.27671,-0.28779,-0.265823,0.13,0.130001,0.11,0.106106,0.27671,0.27671,0.12,0.119026,-0.0,-1e-06,-0.1,-0.100005,0.2,0.199996,-0.1,-0.100003,0.0,-1e-06
1787226321.78306,7.32,365,1.307862,1.274241,1.48353,1.48353,0.262935,0.296545,-0.174533,-0.174533,-0.523599,-0.523599,0.523599,0.523599,-1.316322,-1.698075,0.514872,0.514956,0.071463,0.119225,-0.27671,-0.27671,-0.259765,-0.270216,0.13,0.13,0.11,0.106885,0.27671,0.27671,0.071463,0.11922,-0.0,-1e-06,-0.1,-0.100005,0.2,0.199996,-0.1,-0.100003,0.0,-1e-06
1787226321.80219,7.34,366,1.307862,1.280913,1.48353,1.48353,0.262935,0.289773,-0.174533,-0.174533,-0.523599,-0.523599,0.523599,0.523599,-1.316322,-1.621742,0.514872,0.514927,0.065665,0.109673,-0.27671,-0.27671,-0.251357,-0.268126,0.13,0.13,0.11,0.107508,0.27671,0.27671,0.065665,0.10967,-0.0,-0.0,-0.1,-0.100004,0.2,0.199996,-0.1,-0.100002,0.0,-1e-06
1787226321.82377,7.36,367,1.30843,1.286253,1.48353,1.48353,0.262367,0.284357,-0.174533,-0.174533,-0.523599,-0.523599,0.523599,0.523599,-1.162605,-1.560665,0.514872,0.514861,0.026662,0.100872,-0.27671,-0.27671,-0.254628,-0.264772,0.13,0.13,0.11,0.108006,0.27671,0.27671,0.026662,0.100869,-0.0,0.0,-0.1,-0.100004,0.2,0.199997,-0.1,-0.100002,0.0,-0.0
1787226321.843624,7.38,368,1.30843,1.290632,1.48353,1.48353,0.262367,0.279904,-0.174533,-0.174533,-0.523599,-0.523599,0.523599,0.523599,-1.162605,-1.481068,0.514872,0.514677,0.028053,0.086033,-0.27671,-0.27671,-0.25561,-0.262744,0.13,0.13,0.11,0.108405,0.27671,0.27671,0.028053,0.086032,-0.0,0.0,-0.1,-0.100004,0.2,0.199997,-0.1,-0.100002,0.0,-0.0
1787226321.865001,7.4,369,1.30843,1.294152,1.48353,1.48353,0.262367,0.276357,-0.174533,-0.174533,-0.523599,-0.523599,0.523599,0.523599,-1.162605,-1.417382,0.514872,0.51456,0.040272,0.074438,-0.27671,-0.27671,-0.255904,-0.261317,0.13,0.13,0.11,0.108724,0.27671,0.27671,0.040272,0.074438,-0.0,1e-06,-0.1,-0.100003,0.2,0.199997,-0.1,-0.100001,0.0,0.0
1787226321.890104,7.42,370,1.311644,1.296983,1.48353,1.48353,0.259153,0.273534,-0.174533,-0.174533,-0.523599,-0.523599,0.523599,0.523599,-1.066479,-1.366429,0.514872,0.514529,0.022982,0.067605,-0.27671,-0.27671,-0.244892,-0.260234,0.13,0.13,0.11,0.108979,0.27671,0.27671,0.022982,0.067605,-0.0,1e-06,-0.1,-0.100003,0.2,0.199998,-0.1,-0.100001,0.0,0.0
1787226321.902888,7.44,371,1.311644,1.299887,1.48353,1.48353,0.259153,0.27063,-0.174533,-0.174533,-0.523599,-0.523599,0.523599,0.523599,-1.066479,-1.306445,0.514872,0.514457,0.028574,0.058681,-0.27671,-0.27671,-0.241588,-0.257166,0.13,0.13,0.11,0.109183,0.27671,0.27671,0.028574,0.058681,-0.0,1e-06,-0.1,-0.100003,0.2,0.199998,-0.1,-0.100001,0.0,0.0
1787226321.923745,7.46,372,1.311644,1.302222,1.48353,1.48353,0.259153,0.268318,-0.174533,-0.174533,-0.523599,-0.523599,0.523599,0.523599,-1.066479,-1.258454,0.514872,0.514457,0.039556,0.05266,-0.27671,-0.27671,-0.240597,-0.25405,0.13,0.13,0.11,0.109347,0.27671,0.27671,0.039556,0.05266,-0.0,1e-06,-0.1,-0.100003,0.2,0.199998,-0.1,-0.100001,0.0,0.0
1787226321.949841,7.48,373,1.307238,1.304098,1.48353,1.48353,0.263558,0.266476,-0.174533,-0.174533,-0.523599,-0.523599,0.523599,0.523599,-1.042581,-1.220061,0.514872,0.514494,0.034114,0.050039,-0.27671,-0.27671,-0.234517,-0.251359,0.13,0.13,0.104338,0.109477,0.27671,0.27671,0.034114,0.050038,-0.0,1e-06,-0.1,-0.100003,0.2,0.199998,-0.1,-0.100001,0.0,0.0
1787226321.964579,7.5,374,1.307238,1.304724,1.48353,1.48353,0.263558,0.26589,-0.174533,-0.174533,-0.523599,-0.523599,0.523599,0.523599,-1.042581,-1.184566,0.514872,0.514525,0.038687,0.046855,-0.27671,-0.27671,-0.232693,-0.24799,0.13,0.13,0.102639,0.10845,0.27671,0.27671,0.038687,0.046853,-0.0,2e-06,-0.1,-0.100003,0.2,0.199998,-0.1,-0.1,0.0,0.0
1787226321.988968,7.52,375,1.303507,1.305226,1.48353,1.48353,0.267289,0.265422,-0.174533,-0.174533,-0.523599,-0.523599,0.523599,0.523599,-1.041266,-1.15617,0.514872,0.514567,0.040155,0.045221,-0.27671,-0.27671,-0.235004,-0.244931,0.13,0.13,0.104987,0.107287,0.27671,0.27671,0.040155,0.04522,-0.0,2e-06,-0.1,-0.100003,0.2,0.199998,-0.1,-0.1,0.0,0.0
1787226322.006762,7.54,376,1.303507,1.304883,1.48353,1.48353,0.267289,0.265796,-0.174533,-0.174533,-0.523599,-0.523599,0.523599,0.523599,-1.041266,-1.133189,0.514872,0.51461,0.044696,0.044208,-0.27671,-0.27671,-0.235697,-0.242945,0.13,0.13,0.105692,0.106827,0.27671,0.27671,0.044696,0.044206,-0.0,2e-06,-0.1,-0.100002,0.2,0.199998,-0.1,-0.1,0.0,0.0
1787226322.025878,7.56,377,1.303507,1.304608,1.48353,1.48353,0.267289,0.266095,-0.174533,-0.174533,-0.523599,-0.523599,0.523599,0.523599,-1.041266,-1.114805,0.514872,0.514653,0.049308,0.044306,-0.27671,-0.27671,-0.235905,-0.241495,0.13,0.13,0.105903,0.1066,0.27671,0.27671,0.049308,0.044304,-0.0,2e-06,-0.1,-0.100002,0.2,0.199998,-0.1,-0.1,0.0,0.0
1787226322.048542,7.58,378,1.294775,1.304388,1.48353,1.48353,0.276021,0.266334,-0.174533,-0.174533,-0.523599,-0.523599,0.523599,0.523599,-1.034665,-1.100097,0.514872,0.514693,0.052273,0.045306,-0.27671,-0.27671,-0.226789,-0.240377,0.13,0.13,0.096789,0.106461,0.27671,0.27671,0.052273,0.045304,-0.0,2e-06,-0.1,-0.100003,0.2,0.199998,-0.1,-0.100001,0.0,0.0
1787226322.068798,7.6,379,1.294775,1.302466,1.48353,1.48353,0.276021,0.268272,-0.174533,-0.174533,-0.523599,-0.523599,0.523599,0.523599,-1.034665,-1.087011,0.514872,0.514727,0.055129,0.0467,-0.27671,-0.27671,-0.224055,-0.237659,0.13,0.13,0.094054,0.104527,0.27671,0.27671,0.055129,0.046697,-0.0,2e-06,-0.1,-0.100003,0.2,0.199998,-0.1,-0.100001,0.0,0.0
1787226322.092037,7.62,380,1.288383,1.300927,1.48353,1.48353,0.282414,0.269821,-0.174533,-0.174533,-0.523599,-0.523599,0.523599,0.523599,-1.039698,-1.076542,0.514872,0.514758,0.088207,0.048386,-0.27671,-0.27671,-0.175094,-0.234938,0.13,0.13,0.045094,0.102432,0.27671,0.27671,0.088207,0.048383,-0.0,2e-06,-0.1,-0.100003,0.2,0.199998,-0.1,-0.100001,0.0,0.0
1787226322.112214,7.64,381,1.288383,1.298413,1.48353,1.48353,0.282414,0.272334,-0.174533,-0.174533,-0.523599,-0.523599,0.523599,0.523599,-1.039698,-1.069173,0.514872,0.514791,0.099858,0.05635,-0.27671,-0.27671,-0.160406,-0.222969,0.13,0.13,0.030406,0.090965,0.27671,0.27671,0.099858,0.056347,-0.0,2e-06,-0.1,-0.100003,0.2,0.199997,-0.1,-0.100001,0.0,-0.0
1787226322.132601,7.66,382,1.288383,1.296399,1.48353,1.48353,0.282414,0.274342,-0.174533,-0.174533,-0.523599,-0.523599,0.523599,0.523599,-1.039698,-1.063279,0.514872,0.514816,0.103826,0.065052,-0.27671,-0.27671,-0.155999,-0.210457,0.13,0.13,0.025999,0.078853,0.27671,0.27671,0.103826,0.065048,-0.0,1e-06,-0.1,-0.100004,0.2,0.199997,-0.1,-0.100002,0.0,-0.0
1787226322.171112,7.68,383,1.288035,1.294789,1.48353,1.48353,0.282762,0.27595,-0.174533,-0.174533,-0.523599,-0.523599,0.523599,0.523599,-1.041432,-1.058563,0.514872,0.514834,0.115148,0.072807,-0.27671,-0.27671,-0.156989,-0.199565,0.13,0.13,0.026989,0.068283,0.27671,0.27671,0.115148,0.072802,-0.0,1e-06,-0.1,-0.100004,0.2,0.199997,-0.1,-0.100002,0.0,-0.0
1787226322.189417,7.7,384,1.30237,1.293432,1.48353,1.48353,0.268426,0.277306,-0.174533,-0.174533,-0.523599,-0.523599,0.523599,0.523599,-0.989581,-1.055137,0.514872,0.514847,0.11624,0.081275,-0.27671,-0.27671,-0.225402,-0.19105,0.13,0.13,0.085097,0.060024,0.27671,0.27671,0.11624,0.08127,-0.0,1e-06,-0.1,-0.100004,0.2,0.199996,-0.1,-0.100002,0.0,-0.0
1787226322.206934,7.72,385,1.30237,1.295226,1.48353,1.48353,0.268426,0.275536,-0.174533,-0.174533,-0.523599,-0.523599,0.523599,0.523599,-0.989581,-1.042026,0.514872,0.514873,0.116525,0.088268,-0.27671,-0.27671,-0.245927,-0.19792,0.13,0.130001,0.102529,0.065039,0.27671,0.27671,0.116525,0.088263,-0.0,1e-06,-0.1,-0.100004,0.2,0.199996,-0.1,-0.100002,0.0,-1e-06
1787226322.22159,7.74,386,1.30237,1.296659,1.48353,1.48353,0.268426,0.274118,-0.174533,-0.174533,-0.523599,-0.523599,0.523599,0.523599,-0.989581,-1.031537,0.514872,0.514887,0.116764,0.09392,-0.27671,-0.27671,-0.252084,-0.207521,0.13,0.130001,0.107759,0.072537,0.27671,0.27671,0.116764,0.093915,-0.0,1e-06,-0.1,-0.100005,0.2,0.199996,-0.1,-0.100002,0.0,-1e-06
1787226322.236582,7.76,387,1.299264,1.297804,1.48353,1.48353,0.271533,0.272983,-0.174533,-0.174533,-0.523599,-0.523599,0.523599,0.523599,-1.004859,-1.023146,0.514872,0.514893,0.117326,0.098489,-0.27671,-0.27671,-0.273437,-0.216433,0.13,0.130001,0.109328,0.079581,0.27671,0.27671,0.117326,0.098484,-0.0,0.0,-0.1,-0.100005,0.2,0.199996,-0.1,-0.100002,0.0,-1e-06
1787226322.256498,7.78,388,1.299264,1.298096,1.48353,1.48353,0.271533,0.272693,-0.174533,-0.174533,-0.523599,-0.523599,0.523599,0.523599,-1.004859,-1.019489,0.514872,0.514892,0.117388,0.102256,-0.27671,-0.27671,-0.279843,-0.227833,0.13,0.130001,0.109798,0.08553,0.27671,0.27671,0.117388,0.102251,-0.0,0.0,-0.1,-0.100005,0.2,0.199996,-0.1,-0.100002,0.0,-1e-06
1787226322.270913,7.8,389,1.299264,1.29833,1.48353,1.48353,0.271533,0.272461,-0.174533,-0.174533,-0.523599,-0.523599,0.523599,0.523599,-1.004859,-1.016563,0.514872,0.51489,0.117312,0.105283,-0.27671,-0.27671,-0.281764,-0.238235,0.13,0.130001,0.109939,0.090384,0.27671,0.27671,0.117312,0.105278,-0.0,0.0,-0.1,-0.100005,0.2,0.199996,-0.1,-0.100002,0.0,-1e-06
1787226322.291485,7.82,390,1.309234,1.298517,1.48353,1.48353,0.261562,0.272276,-0.174533,-0.174533,-0.523599,-0.523599,0.523599,0.523599,-1.069303,-1.014222,0.514872,0.514887,0.119194,0.107689,-0.27671,-0.27671,-0.282099,-0.246941,0.13,0.130001,0.109982,0.094295,0.27671,0.27671,0.119194,0.107684,-0.0,0.0,-0.1,-0.100005,0.2,0.199996,-0.1,-0.100002,0.0,-1e-06
1787226322.306779,7.84,391,1.309234,1.300665,1.48353,1.48353,0.261562,0.270138,-0.174533,-0.174533,-0.523599,-0.523599,0.523599,0.523599,-1.069303,-1.025238,0.514872,0.514878,0.119758,0.10999,-0.27671,-0.27671,-0.282199,-0.253972,0.13,0.130001,0.109995,0.097432,0.27671,0.27671,0.119758,0.109985,-0.0,-0.0,-0.1,-0.100004,0.2,0.199996,-0.1,-0.100002,0.0,-1e-06
1787226322.322671,7.86,392,1.309234,1.302382,1.48353,1.48353,0.261562,0.268425,-0.174533,-0.174533,-0.523599,-0.523599,0.523599,0.523599,-1.069303,-1.034051,0.514872,0.514872,0.119927,0.111944,-0.27671,-0.27671,-0.282229,-0.259617,0.13,0.130001,0.109998,0.099945,0.27671,0.27671,0.119927,0.11194,-0.0,-1e-06,-0.1,-0.100004,0.2,0.199997,-0.1,-0.100002,0.0,-1e-06
1787226322.343945,7.88,393,1.286236,1.303755,1.48353,1.48353,0.28456,0.267055,-0.174533,-0.174533,-0.523599,-0.523599,0.523599,0.523599,-1.031803,-1.041101,0.514872,0.51487,0.119978,0.113541,-0.27671,-0.27671,-0.298351,-0.264139,0.13,0.13,0.11,0.101955,0.27671,0.27671,0.119978,0.113537,-0.0,-1e-06,-0.1,-0.100004,0.2,0.199997,-0.1,-0.100002,0.0,-1e-06
1787226322.359802,7.9,394,1.286236,1.300249,1.48353,1.48353,0.28456,0.270554,-0.174533,-0.174533,-0.523599,-0.523599,0.523599,0.523599,-1.031803,-1.039241,0.514872,0.514871,0.119993,0.114828,-0.27671,-0.27671,-0.303187,-0.270981,0.13,0.130001,0.11,0.103564,0.27671,0.27671,0.119993,0.114824,-0.0,-1e-06,-0.1,-0.100004,0.2,0.199997,-0.1,-0.100002,0.0,-1e-06
1787226322.379761,7.92,395,1.279461,1.297445,1.48353,1.48353,0.291335,0.273354,-0.174533,-0.174533,-0.523599,-0.523599,0.523599,0.523599,-1.025548,-1.037754,0.514872,0.514871,0.119998,0.115862,-0.27671,-0.27671,-0.311173,-0.277422,0.13,0.130001,0.11,0.104851,0.27671,0.27671,0.119998,0.115857,-0.0,-1e-06,-0.1,-0.100004,0.2,0.199997,-0.1,-0.100002,0.0,-1e-06
1787226322.397025,7.94,396,1.279461,1.293848,1.48353,1.48353,0.291335,0.276949,-0.174533,-0.174533,-0.523599,-0.523599,0.523599,0.523599,-1.025548,-1.035313,0.514872,0.514872,0.119999,0.116689,-0.27671,-0.27671,-0.313568,-0.284172,0.13,0.130001,0.11,0.105881,0.27671,0.27671,0.119999,0.116685,-0.0,-0.0,-0.1,-0.100004,0.2,0.199997,-0.1,-0.100002,0.0,-1e-06
1787226322.414995,7.96,397,1.279461,1.29097,1.48353,1.48353,0.291335,0.279826,-0.174533,-0.174533,-0.523599,-0.523599,0.523599,0.523599,-1.025548,-1.03336,0.514872,0.514872,0.12,0.117351,-0.27671,-0.27671,-0.314287,-0.290051,0.13,0.130001,0.11,0.106705,0.27671,0.27671,0.12,0.117347,-0.0,-0.0,-0.1,-0.100004,0.2,0.199997,-0.1,-0.100002,0.0,-1e-06
1787226322.437593,7.98,398,1.277172,1.288668,1.48353,1.48353,0.293624,0.282127,-0.174533,-0.174533,-0.523599,-0.523599,0.523599,0.523599,-0.967435,-1.031798,0.514872,0.514872,0.12,0.117881,-0.27671,-0.27671,-0.313002,-0.294898,0.13,0.13,0.11,0.107364,0.27671,0.27671,0.12,0.117877,-0.0,0.0,-0.1,-0.100004,0.2,0.199997,-0.1,-0.100002,0.0,-1e-06
1787226322.458571,8.0,399,1.277172,1.286371,1.48353,1.48353,0.293624,0.284428,-0.174533,-0.174533,-0.523599,-0.523599,0.523599,0.523599,-0.967435,-1.018925,0.514872,0.514876,0.12,0.118305,-0.27671,-0.27671,-0.312617,-0.298519,0.13,0.13,0.11,0.107891,0.27671,0.27671,0.12,0.118301,-0.0,0.0,-0.1,-0.100004,0.2,0.199997,-0.1,-0.100002,0.0,-1e-06
1787226322.482732,8.02,400,1.277268,1.284532,1.48353,1.48353,0.293528,0.286269,-0.174533,-0.174533,-0.523599,-0.523599,0.523599,0.523599,-0.920828,-1.008627,0.514872,0.514877,0.12,0.118644,-0.27671,-0.27671,-0.300228,-0.301338,0.13,0.13,0.11,0.108313,0.27671,0.27671,0.12,0.11864,-0.0,0.0,-0.1,-0.100004,0.2,0.199997,-0.1,-0.100002,0.0,-1e-06
1787226322.502762,8.04,401,1.277268,1.283082,1.48353,1.48353,0.293528,0.287722,-0.174533,-0.174533,-0.523599,-0.523599,0.523599,0.523599,-0.920828,-0.991068,0.514872,0.514882,0.12,0.118915,-0.27671,-0.27671,-0.296511,-0.301116,0.13,0.13,0.11,0.10865,0.27671,0.27671,0.12,0.118912,-0.0,-0.0,-0.1,-0.100004,0.2,0.199997,-0.1,-0.100002,0.0,-1e-06
1787226322.531067,8.06,402,1.281367,1.28192,1.48353,1.48353,0.289429,0.288885,-0.174533,-0.174533,-0.523599,-0.523599,0.523599,0.523599,-0.853778,-0.97702,0.514872,0.514884,0.11896,0.119132,-0.27671,-0.27671,-0.293182,-0.300195,0.13,0.13,0.11,0.10892,0.27671,0.27671,0.11896,0.119129,-0.0,-0.0,-0.1,-0.100004,0.2,0.199997,-0.1,-0.100002,0.0,-1e-06
1787226322.546821,8.08,403,1.281367,1.28181,1.48353,1.48353,0.289429,0.288994,-0.174533,-0.174533,-0.523599,-0.523599,0.523599,0.523599,-0.853778,-0.952373,0.514872,0.514887,0.119688,0.119098,-0.27671,-0.27671,-0.292183,-0.298792,0.13,0.13,0.11,0.109136,0.27671,0.27671,0.119688,0.119094,-0.0,-0.0,-0.1,-0.100004,0.2,0.199997,-0.1,-0.100002,0.0,-1e-06
1787226322.575504,8.1,404,1.307356,1.281722,1.48353,1.48353,0.26344,0.289081,-0.174533,-0.174533,-0.523599,-0.523599,0.523599,0.523599,-0.836086,-0.932654,0.514872,0.514887,0.119906,0.119216,-0.27671,-0.27671,-0.283281,-0.29747,0.13,0.13,0.11,0.109309,0.27671,0.27671,0.119906,0.119213,-0.0,-1e-06,-0.1,-0.100004,0.2,0.199997,-0.1,-0.100002,0.0,-1e-06
1787226322.589538,8.12,405,1.307356,1.28684,1.48353,1.48353,0.26344,0.283944,-0.174533,-0.174533,-0.523599,-0.523599,0.523599,0.523599,-0.836086,-0.913341,0.514872,0.514888,0.119972,0.119355,-0.27671,-0.27671,-0.28061,-0.294632,0.13,0.13,0.11,0.109447,0.27671,0.27671,0.119972,0.119351,-0.0,-1e-06,-0.1,-0.100004,0.2,0.199997,-0.1,-0.100002,0.0,-1e-06
1787226322.606704,8.14,406,1.307356,1.290937,1.48353,1.48353,0.26344,0.279837,-0.174533,-0.174533,-0.523599,-0.523599,0.523599,0.523599,-0.836086,-0.89789,0.514872,0.514886,0.119992,0.119478,-0.27671,-0.27671,-0.279809,-0.291827,0.13,0.13,0.11,0.109558,0.27671,0.27671,0.119992,0.119475,-0.0,-1e-06,-0.1,-0.100004,0.2,0.199997,-0.1,-0.100002,0.0,-1e-06
1787226322.631103,8.16,407,1.315841,1.294216,1.48353,1.48353,0.254955,0.276553,-0.174533,-0.174533,-0.523599,-0.523599,0.523599,0.523599,-0.858434,-0.885529,0.514872,0.514885,0.119997,0.119581,-0.27671,-0.27671,-0.26532,-0.289423,0.13,0.13,0.11,0.109646,0.27671,0.27671,0.119997,0.119577,-0.0,-1e-06,-0.1,-0.100004,0.2,0.199997,-0.1,-0.100002,0.0,-1e-06
1787226322.646713,8.18,408,1.315841,1.298534,1.48353,1.48353,0.254955,0.272227,-0.174533,-0.174533,-0.523599,-0.523599,0.523599,0.523599,-0.858434,-0.88011,0.514872,0.514883,0.119999,0.119665,-0.27671,-0.27671,-0.260974,-0.284602,0.13,0.13,0.11,0.109717,0.27671,0.27671,0.119999,0.119661,-0.0,-1e-06,-0.1,-0.100004,0.2,0.199997,-0.1,-0.100002,0.0,-1e-06
1787226322.666461,8.2,409,1.319353,1.301991,1.48353,1.48353,0.251443,0.268768,-0.174533,-0.174533,-0.523599,-0.523599,0.523599,0.523599,-0.775232,-0.875775,0.514872,0.514881,0.12,0.119732,-0.27671,-0.27671,-0.251675,-0.279876,0.13,0.13,0.11,0.109774,0.27671,0.27671,0.12,0.119728,-0.0,-1e-06,-0.1,-0.100004,0.2,0.199997,-0.1,-0.100002,0.0,-1e-06
1787226322.683518,8.22,410,1.319353,1.305456,1.48353,1.48353,0.251443,0.265296,-0.174533,-0.174533,-0.523599,-0.523599,0.523599,0.523599,-0.775232,-0.855667,0.514872,0.51488,0.12,0.119786,-0.27671,-0.27671,-0.248885,-0.274236,0.13,0.13,0.11,0.109819,0.27671,0.27671,0.12,0.119782,-0.0,-1e-06,-0.1,-0.100004,0.2,0.199997,-0.1,-0.100002,0.0,-1e-06
1787226322.701983,8.24,411,1.319353,1.30823,1.48353,1.48353,0.251443,0.26252,-0.174533,-0.174533,-0.523599,-0.523599,0.523599,0.523599,-0.775232,-0.83958,0.514872,0.514879,0.12,0.119829,-0.27671,-0.27671,-0.248048,-0.269166,0.13,0.13,0.11,0.109855,0.27671,0.27671,0.12,0.119825,-0.0,-1e-06,-0.1,-0.100004,0.2,0.199997,-0.1,-0.100002,0.0,-1e-06
1787226322.73009,8.26,412,1.30138,1.31045,1.48353,1.48353,0.269417,0.2603,-0.174533,-0.174533,-0.523599,-0.523599,0.523599,0.523599,-0.707626,-0.826711,0.514872,0.514878,0.12,0.119863,-0.27671,-0.27671,-0.237503,-0.264942,0.13,0.13,0.105088,0.109884,0.27671,0.27671,0.12,0.119859,-0.0,-1e-06,-0.1,-0.100004,0.2,0.199997,-0.1,-0.100002,0.0,-1e-06
1787226322.748649,8.28,413,1.30138,1.30864,1.48353,1.48353,0.269417,0.262127,-0.174533,-0.174533,-0.523599,-0.523599,0.523599,0.523599,-0.707626,-0.802894,0.514872,0.514878,0.12,0.119891,-0.27671,-0.27671,-0.234339,-0.259454,0.13,0.13,0.103615,0.108925,0.27671,0.27671,0.12,0.119887,-0.0,-1e-06,-0.1,-0.100003,0.2,0.199997,-0.1,-0.100002,0.0,-1e-06
1787226322.775832,8.3,414,1.287955,1.307191,1.48353,1.48353,0.282841,0.263588,-0.174533,-0.174533,-0.523599,-0.523599,0.523599,0.523599,-0.665298,-0.783841,0.514872,0.514877,0.12,0.119913,-0.27671,-0.27671,-0.224736,-0.254431,0.13,0.13,0.094518,0.107863,0.27671,0.27671,0.12,0.119909,-0.0,-1e-06,-0.1,-0.100003,0.2,0.199997,-0.1,-0.100002,0.0,-1e-06
1787226322.792812,8.32,415,1.287955,1.303351,1.48353,1.48353,0.282841,0.267446,-0.174533,-0.174533,-0.523599,-0.523599,0.523599,0.523599,-0.665298,-0.760133,0.514872,0.514876,0.12,0.11993,-0.27671,-0.27671,-0.221855,-0.248491,0.13,0.13,0.091789,0.105194,0.27671,0.27671,0.12,0.119927,-0.0,-1e-06,-0.1,-0.100003,0.2,0.199997,-0.1,-0.100001,0.0,-1e-06
1787226322.819251,8.34,416,1.297867,1.300277,1.48353,1.48353,0.272929,0.270529,-0.174533,-0.174533,-0.523599,-0.523599,0.523599,0.523599,-0.702175,-0.741166,0.514872,0.514876,0.12,0.119945,-0.27671,-0.27671,-0.226004,-0.243164,0.13,0.13,0.095985,0.102513,0.27671,0.27671,0.12,0.119941,-0.0,-1e-06,-0.1,-0.100003,0.2,0.199997,-0.1,-0.100001,0.0,-1e-06
1787226322.833964,8.36,417,1.297867,1.299796,1.48353,1.48353,0.272929,0.27101,-0.174533,-0.174533,-0.523599,-0.523599,0.523599,0.523599,-0.702175,-0.733368,0.514872,0.514875,0.12,0.119956,-0.27671,-0.27671,-0.227249,-0.239732,0.13,0.130001,0.097243,0.101208,0.27671,0.27671,0.12,0.119952,-0.0,-1e-06,-0.1,-0.100003,0.2,0.199997,-0.1,-0.100001,0.0,-1e-06
1787226322.852794,8.38,418,1.297867,1.29941,1.48353,1.48353,0.272929,0.271394,-0.174533,-0.174533,-0.523599,-0.523599,0.523599,0.523599,-0.702175,-0.727129,0.514872,0.514874,0.12,0.119965,-0.27671,-0.27671,-0.227623,-0.237235,0.13,0.130001,0.097621,0.100415,0.27671,0.27671,0.12,0.119961,-0.0,-1e-06,-0.1,-0.100003,0.2,0.199997,-0.1,-0.100001,0.0,-1e-06
1787226322.87269,8.4,419,1.301479,1.299102,1.48353,1.48353,0.269317,0.271701,-0.174533,-0.174533,-0.523599,-0.523599,0.523599,0.523599,-0.703071,-0.722138,0.514872,0.514874,0.12,0.119972,-0.27671,-0.27671,-0.229758,-0.235312,0.13,0.130001,0.099757,0.099856,0.27671,0.27671,0.12,0.119968,-0.0,-1e-06,-0.1,-0.100003,0.2,0.199997,-0.1,-0.100001,0.0,-1e-06
1787226322.890594,8.42,420,1.301479,1.299577,1.48353,1.48353,0.269317,0.271224,-0.174533,-0.174533,-0.523599,-0.523599,0.523599,0.523599,-0.703071,-0.718325,0.514872,0.514873,0.12,0.119978,-0.27671,-0.27671,-0.230398,-0.234201,0.13,0.130001,0.100398,0.099836,0.27671,0.27671,0.12,0.119974,-0.0,-1e-06,-0.1,-0.100003,0.2,0.199997,-0.1,-0.100001,0.0,-1e-06
1787226322.913985,8.44,421,1.303586,1.299958,1.48353,1.48353,0.26721,0.270843,-0.174533,-0.174533,-0.523599,-0.523599,0.523599,0.523599,-0.742563,-0.715274,0.514872,0.514873,0.12,0.119983,-0.27671,-0.27671,-0.21688,-0.23344,0.13,0.130001,0.08688,0.099949,0.27671,0.27671,0.12,0.119979,-0.0,-1e-06,-0.1,-0.100003,0.2,0.199997,-0.1,-0.100001,0.0,-1e-06
1787226322.932379,8.46,422,1.303586,1.300683,1.48353,1.48353,0.26721,0.270116,-0.174533,-0.174533,-0.523599,-0.523599,0.523599,0.523599,-0.742563,-0.720732,0.514872,0.514873,0.12,0.119986,-0.27671,-0.27671,-0.212824,-0.230128,0.13,0.13,0.082824,0.097335,0.27671,0.27671,0.12,0.119983,-0.0,-1e-06,-0.1,-0.100003,0.2,0.199997,-0.1,-0.100001,0.0,-1e-06
1787226322.952759,8.48,423,1.29633,1.301264,1.48353,1.48353,0.274466,0.269535,-0.174533,-0.174533,-0.523599,-0.523599,0.523599,0.523599,-0.734024,-0.725098,0.514872,0.514873,0.12,0.119989,-0.27671,-0.27671,-0.207877,-0.226667,0.13,0.13,0.077877,0.094433,0.27671,0.27671,0.12,0.119985,-0.0,-1e-06,-0.1,-0.100003,0.2,0.199997,-0.1,-0.100001,0.0,-1e-06
1787226322.974005,8.5,424,1.29633,1.300277,1.48353,1.48353,0.274466,0.270521,-0.174533,-0.174533,-0.523599,-0.523599,0.523599,0.523599,-0.734024,-0.726884,0.514872,0.514872,0.12,0.119992,-0.27671,-0.27671,-0.206392,-0.222909,0.13,0.13,0.076392,0.091122,0.27671,0.27671,0.12,0.119988,-0.0,-1e-06,-0.1,-0.100003,0.2,0.199997,-0.1,-0.100001,0.0,-1e-06
1787226322.996781,8.52,425,1.314202,1.299488,1.48353,1.48353,0.256595,0.27131,-0.174533,-0.174533,-0.523599,-0.523599,0.523599,0.523599,-0.764554,-0.728312,0.514872,0.514872,0.12,0.119993,-0.27671,-0.27671,-0.251243,-0.219605,0.13,0.130001,0.099918,0.088176,0.27671,0.27671,0.12,0.11999,-0.0,-1e-06,-0.1,-0.100003,0.2,0.199997,-0.1,-0.100001,0.0,-1e-06
1787226323.014126,8.54,426,1.314202,1.302432,1.48353,1.48353,0.256595,0.268368,-0.174533,-0.174533,-0.523599,-0.523599,0.523599,0.523599,-0.764554,-0.73556,0.514872,0.514872,0.12,0.119995,-0.27671,-0.27671,-0.264698,-0.225932,0.13,0.130001,0.106975,0.090524,0.27671,0.27671,0.12,0.119991,-0.0,-1e-06,-0.1,-0.100003,0.2,0.199997,-0.1,-0.100001,0.0,-1e-06
1787226323.033839,8.56,427,1.314202,1.304786,1.48353,1.48353,0.256595,0.266014,-0.174533,-0.174533,-0.523599,-0.523599,0.523599,0.523599,-0.764554,-0.741359,0.514872,0.514872,0.12,0.119996,-0.27671,-0.27671,-0.268735,-0.233685,0.13,0.130001,0.109093,0.093814,0.27671,0.27671,0.12,0.119992,-0.0,-1e-06,-0.1,-0.100003,0.2,0.199997,-0.1,-0.100001,0.0,-1e-06
1787226323.055052,8.58,428,1.340527,1.30667,1.48353,1.48353,0.230269,0.264131,-0.174533,-0.174533,-0.523599,-0.523599,0.523599,0.523599,-0.720446,-0.745998,0.514872,0.514872,0.12,0.119997,-0.27671,-0.27671,-0.258029,-0.240695,0.13,0.130001,0.109728,0.09687,0.27671,0.27671,0.12,0.119993,-0.0,-1e-06,-0.1,-0.100003,0.2,0.199997,-0.1,-0.100001,0.0,-1e-06
1787226323.078437,8.6,429,1.340527,1.313441,1.48353,1.48353,0.230269,0.257358,-0.174533,-0.174533,-0.523599,-0.523599,0.523599,0.523599,-0.720446,-0.740888,0.514872,0.514872,0.12,0.119998,-0.27671,-0.27671,-0.254818,-0.244161,0.13,0.130001,0.109918,0.099442,0.27671,0.27671,0.12,0.119994,-0.0,-1e-06,-0.1,-0.100003,0.2,0.199997,-0.1,-0.100001,0.0,-1e-06
1787226323.104824,8.62,430,1.348417,1.318858,1.48353,1.48353,0.22238,0.25194,-0.174533,-0.174533,-0.523599,-0.523599,0.523599,0.523599,-0.689842,-0.736799,0.514872,0.514872,0.12,0.119999,-0.27671,-0.27671,-0.238401,-0.246293,0.13,0.13,0.103932,0.101537,0.27671,0.27671,0.12,0.119995,-0.0,-1e-06,-0.1,-0.100003,0.2,0.199997,-0.1,-0.100001,0.0,-1e-06
1787226323.120124,8.64,431,1.348417,1.324768,1.48353,1.48353,0.22238,0.246027,-0.174533,-0.174533,-0.523599,-0.523599,0.523599,0.523599,-0.689842,-0.727408,0.514872,0.514872,0.12,0.119999,-0.27671,-0.27671,-0.233476,-0.244714,0.13,0.13,0.102135,0.102016,0.27671,0.27671,0.12,0.119995,-0.0,-1e-06,-0.1,-0.100003,0.2,0.199998,-0.1,-0.100001,0.0,-1e-06
1787226323.14175,8.66,432,1.307509,1.329496,1.48353,1.48353,0.263287,0.241296,-0.174533,-0.174533,-0.523599,-0.523599,0.523599,0.523599,-0.66864,-0.719895,0.514872,0.514872,0.12,0.12,-0.27671,-0.27671,-0.223007,-0.242466,0.13,0.13,0.092605,0.10204,0.27671,0.27671,0.12,0.119996,-0.0,-1e-06,-0.1,-0.100003,0.2,0.199998,-0.1,-0.100001,0.0,-0.0
1787226323.162218,8.68,433,1.307509,1.325101,1.48353,1.48353,0.263287,0.245696,-0.174533,-0.174533,-0.523599,-0.523599,0.523599,0.523599,-0.66864,-0.709644,0.514872,0.514872,0.12,0.12,-0.27671,-0.27671,-0.219866,-0.238574,0.13,0.13,0.089746,0.100153,0.27671,0.27671,0.12,0.119996,-0.0,-1e-06,-0.1,-0.100003,0.2,0.199998,-0.1,-0.100001,0.0,-0.0
1787226323.181989,8.7,434,1.305162,1.321583,1.48353,1.48353,0.265635,0.249214,-0.174533,-0.174533,-0.523599,-0.523599,0.523599,0.523599,-0.648925,-0.701443,0.514872,0.514872,0.12,0.12,-0.27671,-0.27671,-0.20817,-0.234832,0.13,0.13,0.078134,0.098071,0.27671,0.27671,0.12,0.119996,-0.0,-1e-06,-0.1,-0.100003,0.2,0.199998,-0.1,-0.100001,0.0,-0.0
1787226323.200532,8.72,435,1.305162,1.3183,1.48353,1.48353,0.265635,0.252499,-0.174533,-0.174533,-0.523599,-0.523599,0.523599,0.523599,-0.648925,-0.69094,0.514872,0.514872,0.12,0.12,-0.27671,-0.27671,-0.204661,-0.2295,0.13,0.13,0.07465,0.094084,0.27671,0.27671,0.12,0.119997,-0.0,-1e-06,-0.1,-0.100003,0.2,0.199998,-0.1,-0.100001,0.0,-0.0
1787226323.219225,8.74,436,1.305162,1.315673,1.48353,1.48353,0.265635,0.255127,-0.174533,-0.174533,-0.523599,-0.523599,0.523599,0.523599,-0.648925,-0.682537,0.514872,0.514872,0.12,0.12,-0.27671,-0.27671,-0.203608,-0.224532,0.13,0.13,0.073605,0.090197,0.27671,0.27671,0.12,0.119997,-0.0,-1e-06,-0.1,-0.100003,0.2,0.199998,-0.1,-0.100001,0.0,-0.0
1787226323.241736,8.76,437,1.295932,1.313571,1.48353,1.48353,0.274864,0.257228,-0.174533,-0.174533,-0.523599,-0.523599,0.523599,0.523599,-0.62272,-0.675815,0.514872,0.514872,0.105974,0.120001,-0.27671,-0.27671,-0.194774,-0.220347,0.13,0.13,0.064773,0.086879,0.27671,0.27671,0.105974,0.119997,-0.0,-1e-06,-0.1,-0.100003,0.2,0.199998,-0.1,-0.100001,0.0,-0.0
1787226323.260693,8.78,438,1.295932,1.310042,1.48353,1.48353,0.274864,0.260754,-0.174533,-0.174533,-0.523599,-0.523599,0.523599,0.523599,-0.62272,-0.665196,0.514872,0.514866,0.100362,0.117195,-0.27671,-0.27671,-0.192123,-0.215232,0.13,0.13,0.062123,0.082458,0.27671,0.27671,0.100362,0.117193,-0.0,-0.0,-0.1,-0.100002,0.2,0.199998,-0.1,-0.100001,0.0,-0.0
1787226323.282979,8.8,439,1.295766,1.307219,1.48353,1.48353,0.27503,0.263575,-0.174533,-0.174533,-0.523599,-0.523599,0.523599,0.523599,-0.626866,-0.656701,0.514872,0.514861,0.114109,0.113829,-0.27671,-0.27671,-0.103137,-0.21061,0.13,0.13,-0.026863,0.078391,0.27671,0.27671,0.114109,0.113827,-0.0,-0.0,-0.1,-0.100002,0.2,0.199999,-0.1,-0.1,0.0,0.0
1787226323.303637,8.82,440,1.295766,1.304928,1.48353,1.48353,0.27503,0.265866,-0.174533,-0.174533,-0.523599,-0.523599,0.523599,0.523599,-0.626866,-0.650734,0.514872,0.514864,0.118233,0.113885,-0.27671,-0.27671,-0.076441,-0.189116,0.13,0.13,-0.053559,0.057341,0.27671,0.27671,0.118233,0.113883,-0.0,0.0,-0.1,-0.100002,0.2,0.199999,-0.1,-0.1,0.0,0.0
1787226323.324076,8.84,441,1.295766,1.303096,1.48353,1.48353,0.27503,0.267699,-0.174533,-0.174533,-0.523599,-0.523599,0.523599,0.523599,-0.626866,-0.64596,0.514872,0.514866,0.11947,0.114755,-0.27671,-0.27671,-0.068432,-0.166582,0.13,0.13,-0.061568,0.035162,0.27671,0.27671,0.11947,0.114752,-0.0,-0.0,-0.1,-0.100002,0.2,0.199999,-0.1,-0.1,0.0,0.0
1787226323.34674,8.86,442,1.299805,1.30163,1.48353,1.48353,0.270992,0.269165,-0.174533,-0.174533,-0.523599,-0.523599,0.523599,0.523599,-0.682129,-0.642141,0.514872,0.514868,0.119841,0.115698,-0.27671,-0.27671,-0.06603,-0.146952,0.13,0.13,-0.06397,0.015817,0.27671,0.27671,0.119841,0.115695,-0.0,-0.0,-0.1,-0.100003,0.2,0.199998,-0.1,-0.100001,0.0,-0.0
1787226323.366217,8.88,443,1.299805,1.301265,1.48353,1.48353,0.270992,0.26953,-0.174533,-0.174533,-0.523599,-0.523599,0.523599,0.523599,-0.682129,-0.650139,0.514872,0.514867,0.119952,0.116527,-0.27671,-0.27671,-0.065309,-0.130768,0.13,0.13,-0.064691,-0.00014,0.27671,0.27671,0.119952,0.116524,-0.0,-1e-06,-0.1,-0.100003,0.2,0.199998,-0.1,-0.100001,0.0,-0.0
1787226323.390398,8.9,444,1.274256,1.300973,1.48353,1.48353,0.29654,0.269822,-0.174533,-0.174533,-0.523599,-0.523599,0.523599,0.523599,-0.686538,-0.656537,0.514872,0.514867,0.119986,0.117212,-0.27671,-0.27671,-0.065093,-0.117676,0.13,0.130001,-0.064907,-0.01305,0.27671,0.27671,0.119986,0.117209,-0.0,-1e-06,-0.1,-0.100003,0.2,0.199998,-0.1,-0.100001,0.0,-0.0
1787226323.41039,8.92,445,1.274256,1.295628,1.48353,1.48353,0.29654,0.275163,-0.174533,-0.174533,-0.523599,-0.523599,0.523599,0.523599,-0.686538,-0.662537,0.514872,0.514868,0.119996,0.117767,-0.27671,-0.27671,-0.065028,-0.107159,0.13,0.130001,-0.064972,-0.023422,0.27671,0.27671,0.119996,0.117763,-0.0,-1e-06,-0.1,-0.100003,0.2,0.199997,-0.1,-0.100001,0.0,-0.0
1787226323.433557,8.94,446,1.255669,1.291352,1.48353,1.48353,0.315128,0.279437,-0.174533,-0.174533,-0.523599,-0.523599,0.523599,0.523599,-0.720014,-0.667337,0.514872,0.514868,0.119999,0.118213,-0.27671,-0.27671,-0.112153,-0.098733,0.13,0.130001,-0.017847,-0.031732,0.27671,0.27671,0.119999,0.118209,-0.0,-1e-06,-0.1,-0.100003,0.2,0.199997,-0.1,-0.100001,0.0,-1e-06
1787226323.451989,8.96,447,1.255669,1.284209,1.48353,1.48353,0.315128,0.286569,-0.174533,-0.174533,-0.523599,-0.523599,0.523599,0.523599,-0.720014,-0.677873,0.514872,0.514868,0.12,0.118571,-0.27671,-0.27671,-0.12629,-0.101416,0.13,0.130001,-0.00371,-0.028955,0.27671,0.27671,0.12,0.118566,-0.0,-1e-06,-0.1,-0.100004,0.2,0.199997,-0.1,-0.100002,0.0,-1e-06
1787226323.474243,8.98,448,1.266157,1.278497,1.48353,1.48353,0.30464,0.292276,-0.174533,-0.174533,-0.523599,-0.523599,0.523599,0.523599,-0.699772,-0.686301,0.514872,0.514868,0.12,0.118857,-0.27671,-0.27671,-0.083387,-0.106391,0.13,0.130001,-0.046613,-0.023906,0.27671,0.27671,0.12,0.118852,-0.0,-1e-06,-0.1,-0.100004,0.2,0.199997,-0.1,-0.100002,0.0,-1e-06
1787226323.490597,9.0,449,1.266157,1.276029,1.48353,1.48353,0.30464,0.294748,-0.174533,-0.174533,-0.523599,-0.523599,0.523599,0.523599,-0.699772,-0.688995,0.514872,0.514869,0.12,0.119085,-0.27671,-0.27671,-0.070516,-0.10179,0.13,0.130001,-0.059484,-0.028447,0.27671,0.27671,0.12,0.119081,-0.0,-1e-06,-0.1,-0.100004,0.2,0.199997,-0.1,-0.100002,0.0,-1e-06
1787226323.514317,9.02,450,1.283476,1.274054,1.48353,1.48353,0.28732,0.296725,-0.174533,-0.174533,-0.523599,-0.523599,0.523599,0.523599,-0.677075,-0.691151,0.514872,0.514869,0.12,0.119269,-0.27671,-0.27671,-0.066655,-0.095535,0.13,0.130001,-0.063345,-0.034655,0.27671,0.27671,0.12,0.119265,-0.0,-1e-06,-0.1,-0.100004,0.2,0.199997,-0.1,-0.100002,0.0,-1e-06
1787226323.528162,9.04,451,1.283476,1.275939,1.48353,1.48353,0.28732,0.294845,-0.174533,-0.174533,-0.523599,-0.523599,0.523599,0.523599,-0.677075,-0.688336,0.514872,0.51487,0.12,0.119415,-0.27671,-0.27671,-0.065496,-0.089759,0.13,0.130001,-0.064504,-0.040393,0.27671,0.27671,0.12,0.119411,-0.0,-1e-06,-0.1,-0.100004,0.2,0.199997,-0.1,-0.100002,0.0,-1e-06
1787226323.546122,9.06,452,1.283476,1.277446,1.48353,1.48353,0.28732,0.29334,-0.174533,-0.174533,-0.523599,-0.523599,0.523599,0.523599,-0.677075,-0.686084,0.514872,0.514871,0.12,0.119531,-0.27671,-0.27671,-0.065149,-0.084907,0.13,0.13,-0.064851,-0.045215,0.27671,0.27671,0.12,0.119529,-0.0,-1e-06,-0.1,-0.100003,0.2,0.199998,-0.1,-0.100001,0.0,-1e-06
1787226323.567961,9.08,453,1.322224,1.278653,1.48353,1.48353,0.248572,0.292137,-0.174533,-0.174533,-0.523599,-0.523599,0.523599,0.523599,-0.743593,-0.684282,0.514872,0.514872,0.12,0.119624,-0.27671,-0.27671,-0.065045,-0.080956,0.13,0.129999,-0.064955,-0.049143,0.27671,0.27671,0.12,0.119623,-0.0,-1e-06,-0.1,-0.100002,0.2,0.199998,-0.1,-0.100001,0.0,-0.0
1787226323.592212,9.1,454,1.322224,1.287372,1.48353,1.48353,0.248572,0.283429,-0.174533,-0.174533,-0.523599,-0.523599,0.523599,0.523599,-0.743593,-0.696144,0.514872,0.514867,0.12,0.119699,-0.27671,-0.27671,-0.065013,-0.077774,0.13,0.129999,-0.064987,-0.052305,0.27671,0.27671,0.12,0.119699,-0.0,-0.0,-0.1,-0.100001,0.2,0.199999,-0.1,-0.100001,0.0,-0.0
1787226323.610848,9.12,455,1.322224,1.294346,1.48353,1.48353,0.248572,0.276462,-0.174533,-0.174533,-0.523599,-0.523599,0.523599,0.523599,-0.743593,-0.705634,0.514872,0.514865,0.12,0.119759,-0.27671,-0.276709,-0.065004,-0.075223,0.13,0.129999,-0.064996,-0.054842,0.27671,0.27671,0.12,0.119759,-0.0,-0.0,-0.1,-0.100001,0.2,0.199999,-0.1,-0.100001,0.0,-0.0
1787226323.635622,9.14,456,1.343619,1.299924,1.48353,1.48353,0.227177,0.270887,-0.174533,-0.174533,-0.523599,-0.523599,0.523599,0.523599,-0.756946,-0.713225,0.514872,0.514864,0.12,0.119806,-0.27671,-0.276709,-0.065001,-0.07318,0.13,0.129998,-0.064999,-0.056873,0.27671,0.27671,0.12,0.119808,-0.0,-0.0,-0.1,-0.1,0.2,0.199999,-0.1,-0.100001,0.0,-0.0
1787226323.653603,9.16,457,1.343619,1.308666,1.48353,1.48353,0.227177,0.262149,-0.174533,-0.174533,-0.523599,-0.523599,0.523599,0.523599,-0.756946,-0.72197,0.514872,0.514863,0.12,0.119844,-0.27671,-0.276709,-0.065,-0.071545,0.13,0.129998,-0.065,-0.058498,0.27671,0.27671,0.12,0.119846,-0.0,-0.0,-0.1,-0.1,0.2,0.2,-0.1,-0.1,0.0,-0.0
1787226323.675052,9.18,458,1.340481,1.315659,1.48353,1.48353,0.230315,0.255158,-0.174533,-0.174533,-0.523599,-0.523599,0.523599,0.523599,-0.800532,-0.728965,0.514872,0.514864,0.12,0.119875,-0.27671,-0.276709,-0.104761,-0.070237,0.13,0.129998,-0.025239,-0.059799,0.27671,0.27671,0.12,0.119877,-0.0,-0.0,-0.1,-0.1,0.2,0.2,-0.1,-0.1,0.0,-0.0
1787226323.694646,9.2,459,1.340481,1.320624,1.48353,1.48353,0.230315,0.250192,-0.174533,-0.174533,-0.523599,-0.523599,0.523599,0.523599,-0.800532,-0.743278,0.514872,0.514881,0.12,0.1199,-0.27671,-0.276709,-0.11669,-0.077142,0.13,0.129998,-0.01331,-0.052887,0.27671,0.27671,0.12,0.119902,-0.0,-0.0,-0.1,-0.1,0.2,0.2,-0.1,-0.1,0.0,-0.0
1787226323.712092,9.22,460,1.340481,1.324596,1.48353,1.48353,0.230315,0.246218,-0.174533,-0.174533,-0.523599,-0.523599,0.523599,0.523599,-0.800532,-0.754729,0.514872,0.514895,0.12,0.119919,-0.27671,-0.276709,-0.120268,-0.085052,0.13,0.129998,-0.009732,-0.044972,0.27671,0.27671,0.12,0.119922,-0.0,-0.0,-0.1,-0.099999,0.2,0.2,-0.1,-0.1,0.0,-0.0
1787226323.73402,9.24,461,1.330846,1.327774,1.48353,1.48353,0.23995,0.243038,-0.174533,-0.174533,-0.523599,-0.523599,0.523599,0.523599,-0.902173,-0.76389,0.514872,0.514891,0.12,0.119936,-0.27671,-0.27671,-0.216284,-0.092095,0.13,0.129999,0.07408,-0.037924,0.27671,0.27671,0.12,0.119937,-0.0,-0.0,-0.1,-0.1,0.2,0.199999,-0.1,-0.1,0.0,-0.0
1787226323.750669,9.26,462,1.330846,1.328389,1.48353,1.48353,0.23995,0.242422,-0.174533,-0.174533,-0.523599,-0.523599,0.523599,0.523599,-0.902173,-0.791545,0.514872,0.51489,0.12,0.119949,-0.27671,-0.27671,-0.245089,-0.116931,0.13,0.129999,0.099224,-0.015524,0.27671,0.27671,0.12,0.119949,-0.0,-0.0,-0.1,-0.100001,0.2,0.199999,-0.1,-0.1,0.0,-0.0
1787226323.770029,9.28,463,1.330846,1.328881,1.48353,1.48353,0.23995,0.241928,-0.174533,-0.174533,-0.523599,-0.523599,0.523599,0.523599,-0.902173,-0.81367,0.514872,0.514887,0.12,0.119959,-0.27671,-0.27671,-0.253731,-0.142561,0.13,0.129999,0.106767,0.007424,0.27671,0.27671,0.12,0.119959,-0.0,-0.0,-0.1,-0.100001,0.2,0.199999,-0.1,-0.100001,0.0,-0.0
1787226323.799879,9.3,464,1.314931,1.329274,1.48353,1.48353,0.255865,0.241532,-0.174533,-0.174533,-0.523599,-0.523599,0.523599,0.523599,-0.982207,-0.83137,0.514872,0.514885,0.12,0.119968,-0.27671,-0.27671,-0.252712,-0.164794,0.13,0.13,0.10903,0.027292,0.27671,0.27671,0.12,0.119966,-0.0,-0.0,-0.1,-0.100002,0.2,0.199999,-0.1,-0.100001,0.0,-0.0
1787226323.814588,9.32,465,1.314931,1.326405,1.48353,1.48353,0.255865,0.244398,-0.174533,-0.174533,-0.523599,-0.523599,0.523599,0.523599,-0.982207,-0.861535,0.514872,0.514883,0.12,0.119974,-0.27671,-0.27671,-0.252407,-0.182377,0.13,0.13,0.109709,0.043639,0.27671,0.27671,0.12,0.119973,-0.0,-0.0,-0.1,-0.100002,0.2,0.199999,-0.1,-0.100001,0.0,-0.0
1787226323.839106,9.34,466,1.321449,1.324101,1.48353,1.48353,0.249347,0.246682,-0.174533,-0.174533,-0.523599,-0.523599,0.523599,0.523599,-0.946746,-0.885669,0.514872,0.514873,0.12,0.11998,-0.27671,-0.27671,-0.23464,-0.196382,0.13,0.13,0.10083,0.056852,0.27671,0.27671,0.12,0.119977,-0.0,-0.0,-0.1,-0.100002,0.2,0.199998,-0.1,-0.100001,0.0,-0.0
1787226323.858036,9.36,467,1.321449,1.323569,1.48353,1.48353,0.249347,0.247213,-0.174533,-0.174533,-0.523599,-0.523599,0.523599,0.523599,-0.946746,-0.897884,0.514872,0.514875,0.12,0.119984,-0.27671,-0.27671,-0.229309,-0.204033,0.13,0.13,0.098167,0.065648,0.27671,0.27671,0.12,0.119981,-0.0,-1e-06,-0.1,-0.100002,0.2,0.199998,-0.1,-0.100001,0.0,-0.0
1787226323.879019,9.38,468,1.321449,1.323144,1.48353,1.48353,0.249347,0.247639,-0.174533,-0.174533,-0.523599,-0.523599,0.523599,0.523599,-0.946746,-0.907657,0.514872,0.514875,0.12,0.119987,-0.27671,-0.27671,-0.22771,-0.209088,0.13,0.13,0.097368,0.072152,0.27671,0.27671,0.12,0.119985,-0.0,-1e-06,-0.1,-0.100002,0.2,0.199998,-0.1,-0.100001,0.0,-0.0
1787226323.903065,9.4,469,1.289278,1.322804,1.48353,1.48353,0.281518,0.247979,-0.174533,-0.174533,-0.523599,-0.523599,0.523599,0.523599,-1.402315,-0.915474,0.514872,0.514875,0.12,0.11999,-0.27671,-0.27671,-0.278111,-0.212812,0.13,0.13,0.10621,0.077195,0.27671,0.27671,0.12,0.119987,-0.0,-1e-06,-0.1,-0.100003,0.2,0.199998,-0.1,-0.100001,0.0,-0.0
1787226323.92046,9.42,470,1.289278,1.316057,1.48353,1.48353,0.281518,0.254643,-0.174533,-0.174533,-0.523599,-0.523599,0.523599,0.523599,-1.402315,-0.998146,0.514872,0.514795,0.12,0.119992,-0.27671,-0.27671,-0.293231,-0.225871,0.13,0.13,0.108863,0.082998,0.27671,0.27671,0.12,0.119989,-0.0,-1e-06,-0.1,-0.100002,0.2,0.199998,-0.1,-0.100001,0.0,-1e-06
1787226323.93912,9.44,471,1.231312,1.31067,1.48353,1.48353,0.043247,0.259987,-0.174533,-0.174533,-0.523599,-0.523599,0.523599,0.523599,-1.675656,-1.078954,0.514872,0.514794,0.12,0.119994,-0.27671,-0.27671,-0.322247,-0.239342,0.13,0.13,0.109659,0.08817,0.27671,0.27671,0.12,0.119991,-0.0,-1e-06,-0.1,-0.100002,0.2,0.199998,-0.1,-0.100001,0.0,-1e-06
1787226323.956657,9.46,472,1.231312,1.295122,1.48353,1.48353,0.043247,0.216532,-0.174533,-0.174533,-0.523599,-0.523599,0.523599,0.523599,-1.675656,-1.161628,0.514872,0.514835,0.12,0.119996,-0.27671,-0.27671,-0.330951,-0.255921,0.13,0.13,0.109898,0.092468,0.27671,0.27671,0.12,0.119993,-0.0,-2e-06,-0.1,-0.100002,0.2,0.199998,-0.1,-0.100001,0.0,-1e-06
1787226323.973552,9.48,473,1.231312,1.282557,1.48353,1.48353,0.043247,0.181816,-0.174533,-0.174533,-0.523599,-0.523599,0.523599,0.523599,-1.675656,-1.244299,0.514872,0.514922,0.12,0.119997,-0.27671,-0.27671,-0.333563,-0.270926,0.13,0.13,0.109969,0.095954,0.27671,0.27671,0.12,0.119994,-0.0,-2e-06,-0.1,-0.100002,0.2,0.199998,-0.1,-0.100001,0.0,-1e-06
1787226323.997017,9.5,474,1.21746,1.272465,1.48353,1.48353,0.175594,0.154057,-0.174533,-0.174533,-0.523599,-0.523599,0.523599,0.523599,-1.839661,-1.326971,0.514872,0.515033,0.12,0.119997,-0.27671,-0.27671,-0.288161,-0.283453,0.13,0.13,0.109991,0.098757,0.27671,0.27671,0.12,0.119994,-0.0,-2e-06,-0.1,-0.100002,0.2,0.199998,-0.1,-0.100001,0.0,-1e-06
1787226324.015363,9.52,475,1.21746,1.261442,1.48353,1.48353,0.175594,0.15832,-0.174533,-0.174533,-0.523599,-0.523599,0.523599,0.523599,-1.839661,-1.409641,0.514872,0.515163,0.12,0.119999,-0.27671,-0.27671,-0.274541,-0.284395,0.13,0.13,0.109997,0.101004,0.27671,0.27671,0.12,0.119995,-0.0,-2e-06,-0.1,-0.100003,0.2,0.199998,-0.1,-0.100001,0.0,-1e-06
1787226324.039975,9.54,476,1.213612,1.252626,1.48353,1.48353,0.250539,0.161735,-0.174533,-0.174533,-0.523599,-0.523599,0.523599,0.523599,-1.938064,-1.492313,0.514872,0.515309,0.12,0.119999,-0.083013,-0.27671,-0.152362,-0.282425,0.179,0.13,-0.037001,0.102802,0.083013,0.27671,0.12,0.119995,-0.0,-2e-06,-0.1,-0.100003,0.2,0.199998,-0.1,-0.100001,0.0,-1e-06
1787226324.05885,9.56,477,1.213612,1.244754,1.48353,1.48353,0.250539,0.17947,-0.174533,-0.174533,-0.523599,-0.523599,0.523599,0.523599,-1.938064,-1.574981,0.514872,0.515455,0.12,0.119999,-0.024904,-0.241359,-0.115709,-0.256429,0.1937,0.139792,-0.0811,0.074863,0.024904,0.24136,0.12,0.119996,-0.0,-2e-06,-0.1,-0.100003,0.2,0.199998,-0.1,-0.100001,0.0,-1e-06
1787226324.083397,9.58,478,1.212383,1.238468,1.48353,1.48353,0.294426,0.193661,-0.174533,-0.174533,-0.523599,-0.523599,0.523599,0.523599,-1.997106,-1.647579,0.514872,0.515568,0.12,0.119999,-0.007471,-0.206008,-0.104713,-0.228303,0.19811,0.150564,-0.09433,0.043693,0.007471,0.206009,0.12,0.119996,-0.0,-2e-06,-0.1,-0.100003,0.2,0.199998,-0.1,-0.100001,0.0,-1e-06
1787226324.102409,9.6,479,1.212383,1.233169,1.48353,1.48353,0.294426,0.213793,-0.174533,-0.174533,-0.523599,-0.523599,0.523599,0.523599,-1.997106,-1.717467,0.514872,0.515665,0.12,0.12,-0.002241,-0.170656,-0.101414,-0.2036,0.199433,0.160066,-0.098299,0.016107,0.002241,0.170658,0.12,0.119996,-0.0,-2e-06,-0.1,-0.100003,0.2,0.199998,-0.1,-0.100001,0.0,-1e-06
1787226324.122041,9.62,480,1.212383,1.228958,1.48353,1.48353,0.294426,0.229906,-0.174533,-0.174533,-0.523599,-0.523599,0.523599,0.523599,-1.997106,-1.773387,0.514872,0.515685,0.12,0.12,-0.000672,-0.13698,-0.100424,-0.183171,0.19983,0.167935,-0.09949,-0.006763,0.000672,0.136981,0.12,0.119997,-0.0,-2e-06,-0.1,-0.100002,0.2,0.199998,-0.1,-0.100001,0.0,-1e-06
1787226324.143942,9.64,481,1.208671,1.225606,1.48353,1.48353,0.323733,0.242801,-0.174533,-0.174533,-0.523599,-0.523599,0.523599,0.523599,-2.032531,-1.818127,0.514872,0.51565,0.12,0.12,-0.000202,-0.109722,-0.100127,-0.166624,0.199949,0.174313,-0.099847,-0.025305,0.000202,0.109723,0.12,0.119997,-0.0,-2e-06,-0.1,-0.100002,0.2,0.199999,-0.1,-0.1,0.0,-1e-06
1787226324.160485,9.66,482,1.208671,1.222174,1.48353,1.48353,0.323733,0.258978,-0.174533,-0.174533,-0.523599,-0.523599,0.523599,0.523599,-2.032531,-1.861002,0.514872,0.51541,0.12,0.12,-6.1e-05,-0.087819,-0.100038,-0.153324,0.199985,0.179441,-0.099954,-0.040215,6.1e-05,0.087819,0.12,0.119999,-0.0,-1e-06,-0.1,-0.100001,0.2,0.199999,-0.1,-0.1,0.0,-0.0
1787226324.180073,9.68,483,1.198501,1.219492,1.48353,1.48353,0.34926,0.271933,-0.174533,-0.174533,-0.523599,-0.523599,0.523599,0.523599,-2.053786,-1.895302,0.514872,0.515264,0.12,0.12,-1.8e-05,-0.070268,-0.100011,-0.142665,0.199995,0.18355,-0.099986,-0.052166,1.8e-05,0.070268,0.12,0.119999,-0.0,-1e-06,-0.1,-0.100001,0.2,0.199999,-0.1,-0.1,0.0,-0.0
1787226324.200109,9.7,484,1.198501,1.215373,1.48353,1.48353,0.34926,0.287419,-0.174533,-0.174533,-0.523599,-0.523599,0.523599,0.523599,-2.053786,-1.926992,0.514872,0.515186,0.12,0.12,-5e-06,-0.056218,-0.100003,-0.134133,0.199999,0.186839,-0.099996,-0.061733,5e-06,0.056218,0.12,0.12,-0.0,-1e-06,-0.1,-0.100001,0.2,0.199999,-0.1,-0.1,0.0,-0.0
1787226324.220399,9.72,485,1.198501,1.212107,1.48353,1.48353,0.34926,0.299816,-0.174533,-0.174533,-0.523599,-0.523599,0.523599,0.523599,-2.053786,-1.952344,0.514872,0.515148,0.12,0.119996,-2e-06,-0.044977,-0.100001,-0.127306,0.2,0.189471,-0.099999,-0.069388,2e-06,0.044977,0.12,0.12,-0.0,-1e-06,-0.1,-0.1,0.2,0.2,-0.1,-0.1,0.0,-0.0
1787226324.241946,9.74,486,1.171821,1.209507,1.48353,1.48353,0.083892,0.309736,-0.174533,-0.174533,-0.523599,-0.523599,0.523599,0.523599,-2.066539,-1.972625,0.514872,0.515132,0.12,0.119995,-0.0,-0.035984,-0.1,-0.121845,0.2,0.191576,-0.1,-0.075512,0.0,0.035983,0.12,0.12,-0.0,-0.0,-0.1,-0.1,0.2,0.2,-0.1,-0.1,0.0,-0.0
1787226324.262766,9.76,487,1.171821,1.201398,1.48353,1.48353,0.083892,0.264683,-0.174533,-0.174533,-0.523599,-0.523599,0.523599,0.523599,-2.066539,-1.991401,0.514872,0.515123,0.12,0.120002,-0.0,-0.028789,-0.1,-0.117476,0.2,0.193261,-0.1,-0.080411,0.0,0.028788,0.12,0.12,-0.0,-0.0,-0.1,-0.1,0.2,0.2,-0.1,-0.1,0.0,-0.0
1787226324.285926,9.78,488,1.171821,1.194898,1.48353,1.48353,0.083892,0.22864,-0.174533,-0.174533,-0.523599,-0.523599,0.523599,0.523599,-2.066539,-2.006422,0.514872,0.515111,0.12,0.119995,-0.0,-0.023033,-0.1,-0.113981,0.2,0.194608,-0.1,-0.08433,0.0,0.023032,0.12,0.12,-0.0,-0.0,-0.1,-0.1,0.2,0.2,-0.1,-0.1,0.0,-0.0
1787226324.305164,9.8,489,1.171821,1.189756,1.48353,1.48353,0.083892,0.19979,-0.174533,-0.174533,-0.523599,-0.523599,0.523599,0.523599,-2.066539,-2.018439,0.514872,0.515087,0.12,0.119995,-0.0,-0.018428,-0.1,-0.111186,0.2,0.195686,-0.1,-0.087465,0.0,0.018427,0.12,0.12,-0.0,-0.0,-0.1,-0.099999,0.2,0.2,-0.1,-0.1,0.0,-0.0
1787226324.326023,9.82,490,1.171821,1.185768,1.48353,1.48353,0.083892,0.176684,-0.174533,-0.174533,-0.523599,-0.523599,0.523599,0.523599,-2.066539,-2.028055,0.514872,0.515051,0.12,0.120001,-0.0,-0.014745,-0.1,-0.108948,0.2,0.196549,-0.1,-0.089973,0.0,0.014743,0.12,0.119999,-0.0,1e-06,-0.1,-0.100001,0.2,0.199999,-0.1,-0.1,0.0,0.0
1787226324.350955,9.84,491,1.316384,1.18269,1.48353,1.48353,0.035309,0.158175,-0.174533,-0.174533,-0.523599,-0.523599,0.523599,0.523599,-1.283172,-2.035749,0.514872,0.515018,0.12,0.12,-0.0,-0.011796,-0.1,-0.107157,0.2,0.197239,-0.1,-0.09198,0.0,0.011794,0.12,0.119998,-0.0,1e-06,-0.1,-0.100001,0.2,0.199999,-0.1,-0.1,0.0,0.0
1787226324.368201,9.86,492,1.316384,1.208907,1.48353,1.48353,0.035309,0.133074,-0.174533,-0.174533,-0.523599,-0.523599,0.523599,0.523599,-1.283172,-1.953064,0.514872,0.515291,0.12,0.12,-0.0,-0.009438,-0.1,-0.105725,0.2,0.197792,-0.1,-0.093584,0.0,0.009436,0.12,0.119998,-0.0,1e-06,-0.1,-0.100002,0.2,0.199998,-0.1,-0.100001,0.0,0.0
1787226324.389894,9.88,493,1.353687,1.229998,1.48353,1.48353,-0.043276,0.113102,-0.174533,-0.174533,-0.523599,-0.523599,0.523599,0.523599,-1.604171,-1.87038,0.514872,0.515544,0.12,0.119999,-0.0,-0.007551,-0.1,-0.104579,0.2,0.198234,-0.1,-0.094868,0.0,0.00755,0.12,0.119997,-0.0,1e-06,-0.1,-0.100003,0.2,0.199998,-0.1,-0.100001,0.0,-0.0
1787226324.408471,9.9,494,1.353687,1.254448,1.48353,1.48353,-0.043276,0.081606,-0.174533,-0.174533,-0.523599,-0.523599,0.523599,0.523599,-1.604171,-1.817142,0.514872,0.51559,0.12,0.119999,-0.0,-0.00604,-0.1,-0.103662,0.2,0.198588,-0.1,-0.095895,0.0,0.006039,0.12,0.119997,-0.0,1e-06,-0.1,-0.100004,0.2,0.199997,-0.1,-0.100001,0.0,0.0
1787226324.426684,9.92,495,1.353687,1.274229,1.48353,1.48353,-0.043276,0.05658,-0.174533,-0.174533,-0.523599,-0.523599,0.523599,0.523599,-1.604171,-1.774551,0.514872,0.51552,0.12,0.119999,-0.0,-0.004831,-0.1,-0.102928,0.2,0.198871,-0.1,-0.096717,0.0,0.00483,0.12,0.119996,-0.0,1e-06,-0.1,-0.100004,0.2,0.199997,-0.1,-0.100001,0.0,1e-06
1787226324.449149,9.94,496,1.409379,1.290186,1.48353,1.48353,0.005186,0.036666,-0.174533,-0.174533,-0.523599,-0.523599,0.523599,0.523599,-1.79677,-1.74048,0.514872,0.515408,0.12,0.12,-0.0,-0.003865,-0.1,-0.102342,0.2,0.199097,-0.1,-0.097375,0.0,0.003863,0.12,0.119996,-0.0,1e-06,-0.1,-0.100004,0.2,0.199997,-0.1,-0.100002,0.0,1e-06
1787226324.467983,9.96,497,1.409379,1.314093,1.48353,1.48353,0.005186,0.030659,-0.174533,-0.174533,-0.523599,-0.523599,0.523599,0.523599,-1.79677,-1.751737,0.514872,0.515329,0.12,0.12,-0.0,-0.003091,-0.1,-0.101873,0.2,0.199278,-0.1,-0.0979,0.0,0.00309,0.12,0.119997,-0.0,1e-06,-0.1,-0.100004,0.2,0.199997,-0.1,-0.100001,0.0,1e-06
1787226324.489905,9.98,498,1.409379,1.333222,1.48353,1.48353,0.005186,0.025866,-0.174533,-0.174533,-0.523599,-0.523599,0.523599,0.523599,-1.79677,-1.760742,0.514872,0.515255,0.12,0.12,-0.0,-0.002473,-0.1,-0.101497,0.2,0.199422,-0.1,-0.098321,0.0,0.002472,0.12,0.119997,-0.0,1e-06,-0.1,-0.100004,0.2,0.199997,-0.1,-0.100001,0.0,1e-06
1787226324.511541,10.0,499,1.409379,1.34852,1.48353,1.48353,0.005186,0.022006,-0.174533,-0.174533,-0.523599,-0.523599,0.523599,0.523599,-1.79677,-1.767945,0.514872,0.515186,0.12,0.12,-0.0,-0.001978,-0.1,-0.101197,0.2,0.199538,-0.1,-0.098657,0.0,0.001977,0.12,0.119997,-0.0,1e-06,-0.1,-0.100004,0.2,0.199997,-0.1,-0.100001,0.0,1e-06
1787226324.533802,10.02,500,1.409379,1.360753,1.48353,1.48353,0.005186,0.018893,-0.174533,-0.174533,-0.523599,-0.523599,0.523599,0.523599,-1.79677,-1.773708,0.514872,0.515128,0.12,0.12,-0.0,-0.001583,-0.1,-0.100958,0.2,0.199631,-0.1,-0.098926,0.0,0.001582,0.12,0.119997,-0.0,1e-06,-0.1,-0.100004,0.2,0.199997,-0.1,-0.100001,0.0,0.0
1787226324.554595,10.04,501,1.409379,1.370523,1.48353,1.48353,0.005186,0.016327,-0.174533,-0.174533,-0.523599,-0.523599,0.523599,0.523599,-1.79677,-1.778319,0.514872,0.515071,0.12,0.119999,-0.0,-0.001266,-0.1,-0.100767,0.2,0.199704,-0.1,-0.099141,0.0,0.001266,0.12,0.119998,-0.0,1e-06,-0.1,-0.100003,0.2,0.199998,-0.1,-0.100001,0.0,0.0
1787226324.586353,10.06,502,1.454121,1.378327,1.48353,1.48353,-0.016713,0.014227,-0.174533,-0.174533,-0.523599,-0.523599,0.523599,0.523599,-1.008034,-1.782008,0.514872,0.515027,0.12,0.12,-0.193697,-0.001013,-0.204728,-0.100615,0.151,0.199762,0.047,-0.099313,0.193697,0.001013,0.12,0.119999,-0.0,1e-06,-0.1,-0.100002,0.2,0.199998,-0.1,-0.100001,0.0,0.0
1787226324.601545,10.08,503,1.454121,1.393484,1.48353,1.48353,-0.016713,0.008047,-0.174533,-0.174533,-0.523599,-0.523599,0.523599,0.523599,-1.008034,-1.699361,0.514872,0.514695,0.12,0.12,-0.251806,-0.03637,-0.236146,-0.121435,0.1363,0.190012,0.0911,-0.070055,0.251806,0.036371,0.12,0.119999,-0.0,0.0,-0.1,-0.100002,0.2,0.199999,-0.1,-0.100001,0.0,0.0
1787226324.619143,10.1,504,1.454121,1.405676,1.48353,1.48353,-0.016713,0.003268,-0.174533,-0.174533,-0.523599,-0.523599,0.523599,0.523599,-1.008034,-1.61677,0.514872,0.514937,0.12,0.119999,-0.269239,-0.071716,-0.245572,-0.144365,0.13189,0.179277,0.10433,-0.037842,0.269239,0.071717,0.12,0.119998,-0.0,-0.0,-0.1,-0.100003,0.2,0.199998,-0.1,-0.100001,0.0,0.0
1787226324.641398,10.12,505,1.418074,1.415431,1.48353,1.48353,0.072689,-0.000554,-0.174533,-0.174533,-0.523599,-0.523599,0.523599,0.523599,-0.721135,-1.534201,0.514872,0.515072,0.12,0.119999,-0.274469,-0.107061,-0.212458,-0.164596,0.130567,0.169806,0.079085,-0.009424,0.274469,0.107062,0.12,0.119998,-0.0,0.0,-0.1,-0.100003,0.2,0.199998,-0.1,-0.1,0.0,1e-06
1787226324.658833,10.14,506,1.418074,1.415664,1.48353,1.48353,0.072689,0.0141,-0.174533,-0.174533,-0.523599,-0.523599,0.523599,0.523599,-0.721135,-1.451649,0.514872,0.515115,0.12,0.12,-0.276038,-0.140528,-0.202523,-0.174166,0.13017,0.161962,0.071511,0.008271,0.276038,0.140529,0.12,0.119998,-0.0,0.0,-0.1,-0.100003,0.2,0.199999,-0.1,-0.1,0.0,1e-06
1787226324.67883,10.16,507,1.415721,1.416089,1.48353,1.48353,0.107055,0.02582,-0.174533,-0.174533,-0.523599,-0.523599,0.523599,0.523599,-0.552945,-1.369015,0.514872,0.515175,0.12,0.12,-0.276508,-0.167622,-0.210377,-0.179836,0.130051,0.155606,0.080073,0.020916,0.276508,0.167623,0.12,0.119999,-0.0,1e-06,-0.1,-0.100002,0.2,0.199999,-0.1,-0.1,0.0,1e-06
1787226324.695381,10.18,508,1.415721,1.416031,1.48353,1.48353,0.107055,0.042067,-0.174533,-0.174533,-0.523599,-0.523599,0.523599,0.523599,-0.552945,-1.286359,0.514872,0.515183,0.12,0.12,-0.276649,-0.189392,-0.212732,-0.185943,0.130015,0.150496,0.082641,0.032745,0.276649,0.189393,0.12,0.119999,-0.0,1e-06,-0.1,-0.100001,0.2,0.199999,-0.1,-0.1,0.0,1e-06
1787226324.711078,10.2,509,1.415721,1.416049,1.48353,1.48353,0.107055,0.055064,-0.174533,-0.174533,-0.523599,-0.523599,0.523599,0.523599,-0.552945,-1.203687,0.514872,0.514881,0.12,0.12,-0.276692,-0.206837,-0.213439,-0.191299,0.130005,0.146401,0.083412,0.042722,0.276692,0.206838,0.12,0.12,-0.0,1e-06,-0.1,-0.100001,0.2,0.199999,-0.1,-0.1,0.0,0.0
1787226324.733895,10.22,510,1.416209,1.416105,1.48353,1.48353,0.125776,0.065461,-0.174533,-0.174533,-0.523599,-0.523599,0.523599,0.523599,-0.470102,-1.121006,0.514872,0.514434,0.12,0.12,-0.276705,-0.220802,-0.199641,-0.195726,0.130001,0.143123,0.069633,0.050858,0.276705,0.220802,0.12,0.12,-0.0,1e-06,-0.1,-0.100001,0.2,0.2,-0.1,-0.1,0.0,0.0
1787226324.751175,10.24,511,1.416209,1.416315,1.48353,1.48353,0.125776,0.07752,-0.174533,-0.174533,-0.523599,-0.523599,0.523599,0.523599,-0.470102,-1.038321,0.514872,0.513973,0.12,0.12,-0.276708,-0.231976,-0.195501,-0.196509,0.13,0.140499,0.065499,0.054612,0.276708,0.231977,0.12,0.12,-0.0,1e-06,-0.1,-0.1,0.2,0.2,-0.1,-0.1,0.0,0.0
1787226324.77414,10.26,512,1.38594,1.416467,1.48353,1.48353,0.167569,0.087168,-0.174533,-0.174533,-0.523599,-0.523599,0.523599,0.523599,-0.509115,-0.955634,0.514872,0.513554,0.12,0.12,-0.27671,-0.240919,-0.202885,-0.196307,0.13,0.1384,0.072885,0.056788,0.27671,0.240919,0.12,0.12,-0.0,0.0,-0.1,-0.1,0.2,0.2,-0.1,-0.1,0.0,0.0
1787226324.791768,10.28,513,1.38594,1.410632,1.48353,1.48353,0.167569,0.103344,-0.174533,-0.174533,-0.523599,-0.523599,0.523599,0.523599,-0.509115,-0.872948,0.514872,0.513786,0.12,0.12,-0.27671,-0.248076,-0.205101,-0.197621,0.13,0.136721,0.0751,0.060006,0.27671,0.248076,0.12,0.119999,-0.0,0.0,-0.1,-0.100001,0.2,0.199999,-0.1,-0.1,0.0,-0.0
1787226324.817992,10.3,514,1.354226,1.405893,1.48353,1.48353,0.206198,0.11626,-0.174533,-0.174533,-0.523599,-0.523599,0.523599,0.523599,-0.423812,-0.80019,0.514872,0.513977,0.12,0.120001,-0.27671,-0.253802,-0.203032,-0.199116,0.13,0.135377,0.073032,0.063024,0.27671,0.253802,0.12,0.119999,-0.0,-0.0,-0.1,-0.100002,0.2,0.199999,-0.1,-0.100001,0.0,-0.0
1787226324.837755,10.32,515,1.354226,1.395829,1.48353,1.48353,0.206198,0.134392,-0.174533,-0.174533,-0.523599,-0.523599,0.523599,0.523599,-0.423812,-0.724924,0.514872,0.514123,0.12,0.120001,-0.27671,-0.258383,-0.202411,-0.199899,0.13,0.134302,0.072411,0.065025,0.27671,0.258383,0.12,0.119998,-0.0,-0.0,-0.1,-0.100002,0.2,0.199998,-0.1,-0.100001,0.0,-0.0
1787226324.862943,10.34,516,1.332124,1.387681,1.48353,1.48353,0.232449,0.148844,-0.174533,-0.174533,-0.523599,-0.523599,0.523599,0.523599,-0.418254,-0.664707,0.514872,0.514245,0.12,0.120001,-0.27671,-0.262049,-0.220022,-0.200401,0.13,0.133442,0.090022,0.066502,0.27671,0.262049,0.12,0.119998,-0.0,-0.0,-0.1,-0.100002,0.2,0.199998,-0.1,-0.100001,0.0,-0.0
1787226324.881884,10.36,517,1.332124,1.376724,1.48353,1.48353,0.232449,0.165657,-0.174533,-0.174533,-0.523599,-0.523599,0.523599,0.523599,-0.418254,-0.615419,0.514872,0.514342,0.12,0.120001,-0.27671,-0.264981,-0.225305,-0.204324,0.13,0.132753,0.095305,0.071206,0.27671,0.264981,0.12,0.119998,-0.0,-0.0,-0.1,-0.100003,0.2,0.199998,-0.1,-0.100001,0.0,0.0
1787226324.900504,10.38,518,1.312275,1.367895,1.48353,1.48353,0.254787,0.179067,-0.174533,-0.174533,-0.523599,-0.523599,0.523599,0.523599,-0.393505,-0.575988,0.514872,0.514424,0.095532,0.120001,-0.27671,-0.267327,-0.226296,-0.20852,0.13,0.132203,0.096296,0.076025,0.27671,0.267327,0.095532,0.119998,-0.0,-0.0,-0.1,-0.100003,0.2,0.199998,-0.1,-0.100001,0.0,0.0
1787226324.923149,10.4,519,1.312275,1.356838,1.48353,1.48353,0.254787,0.19425,-0.174533,-0.174533,-0.523599,-0.523599,0.523599,0.523599,-0.393505,-0.539493,0.514872,0.514462,0.091136,0.115107,-0.27671,-0.269204,-0.226593,-0.212075,0.13,0.131762,0.096593,0.08008,0.27671,0.269204,0.091136,0.115105,-0.0,-0.0,-0.1,-0.100002,0.2,0.199998,-0.1,-0.1,0.0,-0.0
1787226324.940054,10.42,520,1.312275,1.347955,1.48353,1.48353,0.254787,0.206371,-0.174533,-0.174533,-0.523599,-0.523599,0.523599,0.523599,-0.393505,-0.510297,0.514872,0.514506,0.090482,0.110313,-0.27671,-0.270705,-0.226683,-0.214979,0.13,0.13141,0.096683,0.083382,0.27671,0.270705,0.090482,0.110312,-0.0,0.0,-0.1,-0.100002,0.2,0.199999,-0.1,-0.1,0.0,0.0
1787226324.96225,10.44,521,1.303609,1.340807,1.48353,1.48353,0.264947,0.21604,-0.174533,-0.174533,-0.523599,-0.523599,0.523599,0.523599,-0.375453,-0.48694,0.514872,0.514553,0.064805,0.106347,-0.27671,-0.271906,-0.196924,-0.217319,0.13,0.131128,0.066924,0.086042,0.27671,0.271906,0.064805,0.106346,-0.0,1e-06,-0.1,-0.100001,0.2,0.199999,-0.1,-0.1,0.0,0.0
1787226324.978407,10.46,522,1.303609,1.333325,1.48353,1.48353,0.264947,0.225784,-0.174533,-0.174533,-0.523599,-0.523599,0.523599,0.523599,-0.375453,-0.464646,0.514872,0.51458,0.049205,0.098039,-0.27671,-0.272867,-0.187996,-0.21324,0.13,0.130903,0.057996,0.082219,0.27671,0.272867,0.049205,0.098038,-0.0,1e-06,-0.1,-0.100001,0.2,0.2,-0.1,-0.1,0.0,0.0
1787226324.998922,10.48,523,1.303609,1.327329,1.48353,1.48353,0.264947,0.233572,-0.174533,-0.174533,-0.523599,-0.523599,0.523599,0.523599,-0.375453,-0.44681,0.514872,0.514606,0.033324,0.088273,-0.27671,-0.273635,-0.185318,-0.208192,0.13,0.130722,0.055318,0.077375,0.27671,0.273635,0.033324,0.088272,-0.0,1e-06,-0.1,-0.100001,0.2,0.2,-0.1,-0.1,0.0,0.0
1787226325.024014,10.5,524,1.300838,1.322528,1.48353,1.48353,0.268614,0.2398,-0.174533,-0.174533,-0.523599,-0.523599,0.523599,0.523599,-0.364634,-0.432542,0.514872,0.514633,0.048886,0.077285,-0.27671,-0.27425,-0.183441,-0.203617,0.13,0.130578,0.053441,0.072964,0.27671,0.27425,0.048886,0.077283,-0.0,2e-06,-0.1,-0.1,0.2,0.2,-0.1,-0.1,0.0,0.0
1787226325.03905,10.52,525,1.300838,1.318135,1.48353,1.48353,0.268614,0.24552,-0.174533,-0.174533,-0.523599,-0.523599,0.523599,0.523599,-0.364634,-0.418963,0.514872,0.514666,0.040866,0.071606,-0.27671,-0.274742,-0.182878,-0.199582,0.13,0.130462,0.052878,0.06906,0.27671,0.274742,0.040866,0.071604,-0.0,2e-06,-0.1,-0.1,0.2,0.2,-0.1,-0.099999,0.0,0.0
1787226325.061173,10.54,526,1.296749,1.314629,1.48353,1.48353,0.273241,0.250102,-0.174533,-0.174533,-0.523599,-0.523599,0.523599,0.523599,-0.41271,-0.408099,0.514872,0.514696,0.070439,0.065458,-0.27671,-0.275135,-0.200116,-0.196241,0.13,0.13037,0.070116,0.065823,0.27671,0.275135,0.070439,0.065457,-0.0,2e-06,-0.1,-0.1,0.2,0.2,-0.1,-0.099999,0.0,1e-06
1787226325.081503,10.56,527,1.296749,1.311038,1.48353,1.48353,0.273241,0.254717,-0.174533,-0.174533,-0.523599,-0.523599,0.523599,0.523599,-0.41271,-0.409021,0.514872,0.514731,0.07609,0.066454,-0.27671,-0.27545,-0.205288,-0.197016,0.13,0.130296,0.075288,0.066682,0.27671,0.27545,0.07609,0.066453,-0.0,2e-06,-0.1,-0.1,0.2,0.2,-0.1,-0.099999,0.0,1e-06
1787226325.102494,10.58,528,1.296749,1.308173,1.48353,1.48353,0.273241,0.258416,-0.174533,-0.174533,-0.523599,-0.523599,0.523599,0.523599,-0.41271,-0.409759,0.514872,0.514759,0.076055,0.068381,-0.27671,-0.275702,-0.206839,-0.19867,0.13,0.130237,0.076839,0.068403,0.27671,0.275702,0.076055,0.06838,-0.0,2e-06,-0.1,-0.1,0.2,0.2,-0.1,-0.1,0.0,0.0
1787226325.128158,10.6,529,1.284611,1.305884,1.48353,1.48353,0.285702,0.261378,-0.174533,-0.174533,-0.523599,-0.523599,0.523599,0.523599,-0.450078,-0.410349,0.514872,0.514781,0.099092,0.069916,-0.27671,-0.275904,-0.204697,-0.200303,0.13,0.13019,0.074697,0.07009,0.27671,0.275904,0.099092,0.069915,-0.0,1e-06,-0.1,-0.100001,0.2,0.199999,-0.1,-0.1,0.0,0.0
1787226325.143882,10.62,530,1.284611,1.301624,1.48353,1.48353,0.285702,0.266237,-0.174533,-0.174533,-0.523599,-0.523599,0.523599,0.523599,-0.450078,-0.418295,0.514872,0.514793,0.107252,0.075752,-0.27671,-0.276065,-0.204054,-0.201182,0.13,0.130152,0.074054,0.071011,0.27671,0.276065,0.107252,0.075749,-0.0,1e-06,-0.1,-0.100002,0.2,0.199999,-0.1,-0.1,0.0,-0.0
1787226325.163788,10.64,531,1.283745,1.298217,1.48353,1.48353,0.28676,0.270126,-0.174533,-0.174533,-0.523599,-0.523599,0.523599,0.523599,-0.472211,-0.424652,0.514872,0.514802,0.116176,0.082052,-0.27671,-0.276194,-0.203999,-0.201756,0.13,0.130122,0.073999,0.07162,0.27671,0.276194,0.116176,0.082049,-0.0,0.0,-0.1,-0.100002,0.2,0.199998,-0.1,-0.100001,0.0,-1e-06
1787226325.183149,10.66,532,1.283745,1.295319,1.48353,1.48353,0.28676,0.273449,-0.174533,-0.174533,-0.523599,-0.523599,0.523599,0.523599,-0.472211,-0.434163,0.514872,0.514806,0.118853,0.088877,-0.27671,-0.276297,-0.203982,-0.202204,0.13,0.130097,0.073982,0.072096,0.27671,0.276297,0.118853,0.088874,-0.0,-0.0,-0.1,-0.100003,0.2,0.199998,-0.1,-0.100001,0.0,-1e-06
1787226325.201705,10.68,533,1.283745,1.293002,1.48353,1.48353,0.28676,0.276109,-0.174533,-0.174533,-0.523599,-0.523599,0.523599,0.523599,-0.472211,-0.441773,0.514872,0.514812,0.119656,0.094872,-0.27671,-0.27638,-0.203977,-0.20256,0.13,0.130078,0.073977,0.072473,0.27671,0.27638,0.119656,0.094869,-0.0,-1e-06,-0.1,-0.100003,0.2,0.199997,-0.1,-0.100001,0.0,-1e-06
1787226325.227068,10.7,534,1.280765,1.291149,1.48353,1.48353,0.289857,0.278238,-0.174533,-0.174533,-0.523599,-0.523599,0.523599,0.523599,-0.567572,-0.447861,0.514872,0.514819,0.119897,0.099829,-0.27671,-0.276446,-0.200308,-0.202843,0.13,0.130063,0.070308,0.072774,0.27671,0.276446,0.119897,0.099825,-0.0,-1e-06,-0.1,-0.100003,0.2,0.199997,-0.1,-0.100002,0.0,-1e-06
1787226325.245667,10.72,535,1.280765,1.28907,1.48353,1.48353,0.289857,0.280559,-0.174533,-0.174533,-0.523599,-0.523599,0.523599,0.523599,-0.567572,-0.471802,0.514872,0.514813,0.119969,0.103843,-0.27671,-0.276499,-0.199207,-0.202336,0.13,0.13005,0.069207,0.072281,0.27671,0.276499,0.119969,0.103839,-0.0,-1e-06,-0.1,-0.100004,0.2,0.199997,-0.1,-0.100002,0.0,-1e-06
1787226325.273165,10.74,536,1.279671,1.287407,1.48353,1.48353,0.29102,0.282417,-0.174533,-0.174533,-0.523599,-0.523599,0.523599,0.523599,-0.686014,-0.490956,0.514872,0.514813,0.119991,0.107068,-0.27671,-0.276541,-0.189796,-0.20171,0.13,0.13004,0.059796,0.071666,0.27671,0.276541,0.119991,0.107064,-0.0,-1e-06,-0.1,-0.100004,0.2,0.199997,-0.1,-0.100002,0.0,-1e-06
1787226325.290086,10.76,537,1.279671,1.285858,1.48353,1.48353,0.29102,0.284135,-0.174533,-0.174533,-0.523599,-0.523599,0.523599,0.523599,-0.686014,-0.529963,0.514872,0.514805,0.119997,0.109653,-0.27671,-0.276575,-0.186973,-0.199327,0.13,0.130032,0.056973,0.069292,0.27671,0.276575,0.119997,0.109649,-0.0,-1e-06,-0.1,-0.100004,0.2,0.199996,-0.1,-0.100002,0.0,-1e-06
1787226325.316404,10.78,538,1.284394,1.284619,1.48353,1.48353,0.28634,0.285511,-0.174533,-0.174533,-0.523599,-0.523599,0.523599,0.523599,-0.705771,-0.561172,0.514872,0.514805,0.119999,0.111722,-0.27671,-0.276602,-0.202292,-0.196856,0.13,0.130026,0.072292,0.066828,0.27671,0.276602,0.119999,0.111718,-0.0,-1e-06,-0.1,-0.100004,0.2,0.199996,-0.1,-0.100002,0.0,-1e-06
1787226325.331592,10.8,539,1.284394,1.284574,1.48353,1.48353,0.28634,0.285677,-0.174533,-0.174533,-0.523599,-0.523599,0.523599,0.523599,-0.705771,-0.59009,0.514872,0.514808,0.12,0.113378,-0.27671,-0.276623,-0.206888,-0.197943,0.13,0.130021,0.076888,0.067921,0.27671,0.276623,0.12,0.113373,-0.0,-2e-06,-0.1,-0.100004,0.2,0.199996,-0.1,-0.100002,0.0,-1e-06
1787226325.356034,10.82,540,1.279794,1.284538,1.48353,1.48353,0.290965,0.285809,-0.174533,-0.174533,-0.523599,-0.523599,0.523599,0.523599,-0.735231,-0.613225,0.514872,0.514814,0.12,0.114702,-0.27671,-0.276641,-0.225991,-0.199731,0.13,0.130017,0.095991,0.069714,0.27671,0.276641,0.12,0.114698,-0.0,-2e-06,-0.1,-0.100004,0.2,0.199996,-0.1,-0.100002,0.0,-1e-06
1787226325.371333,10.84,541,1.279794,1.283588,1.48353,1.48353,0.290965,0.28684,-0.174533,-0.174533,-0.523599,-0.523599,0.523599,0.523599,-0.735231,-0.637625,0.514872,0.51482,0.12,0.115762,-0.27671,-0.276655,-0.231721,-0.204983,0.13,0.130014,0.101721,0.07497,0.27671,0.276655,0.12,0.115757,-0.0,-2e-06,-0.1,-0.100004,0.2,0.199996,-0.1,-0.100002,0.0,-1e-06
1787226325.393114,10.86,542,1.278528,1.282829,1.48353,1.48353,0.292245,0.287665,-0.174533,-0.174533,-0.523599,-0.523599,0.523599,0.523599,-0.578969,-0.657146,0.514872,0.514826,0.12,0.11661,-0.27671,-0.276666,-0.211203,-0.21033,0.13,0.130011,0.081203,0.08032,0.27671,0.276666,0.12,0.116605,-0.0,-2e-06,-0.1,-0.100005,0.2,0.199996,-0.1,-0.100002,0.0,-1e-06
1787226325.409405,10.88,543,1.278528,1.28197,1.48353,1.48353,0.292245,0.288581,-0.174533,-0.174533,-0.523599,-0.523599,0.523599,0.523599,-0.578969,-0.641511,0.514872,0.514838,0.12,0.117288,-0.27671,-0.276675,-0.205048,-0.210505,0.13,0.130009,0.075048,0.080497,0.27671,0.276675,0.12,0.117284,-0.0,-2e-06,-0.1,-0.100004,0.2,0.199996,-0.1,-0.100002,0.0,-1e-06
1787226325.42911,10.9,544,1.281664,1.281282,1.48353,1.48353,0.289119,0.289314,-0.174533,-0.174533,-0.523599,-0.523599,0.523599,0.523599,-0.604314,-0.629003,0.514872,0.514846,0.12,0.117831,-0.27671,-0.276682,-0.194797,-0.209413,0.13,0.130007,0.064797,0.079407,0.27671,0.276682,0.12,0.117826,-0.0,-2e-06,-0.1,-0.100004,0.2,0.199996,-0.1,-0.100003,0.0,-1e-06
1787226325.448009,10.92,545,1.281664,1.281358,1.48353,1.48353,0.289119,0.289275,-0.174533,-0.174533,-0.523599,-0.523599,0.523599,0.523599,-0.604314,-0.624065,0.514872,0.514852,0.12,0.118265,-0.27671,-0.276687,-0.191722,-0.20649,0.13,0.130006,0.061722,0.076485,0.27671,0.276687,0.12,0.11826,-0.0,-2e-06,-0.1,-0.100005,0.2,0.199996,-0.1,-0.100003,0.0,-1e-06
1787226325.466478,10.94,546,1.281664,1.281419,1.48353,1.48353,0.289119,0.289244,-0.174533,-0.174533,-0.523599,-0.523599,0.523599,0.523599,-0.604314,-0.620115,0.514872,0.514856,0.12,0.118612,-0.27671,-0.276692,-0.190799,-0.203536,0.13,0.130005,0.060799,0.073532,0.27671,0.276692,0.12,0.118607,-0.0,-2e-06,-0.1,-0.100005,0.2,0.199996,-0.1,-0.100003,0.0,-1e-06
1787226325.49123,10.96,547,1.285199,1.281468,1.48353,1.48353,0.28559,0.289219,-0.174533,-0.174533,-0.523599,-0.523599,0.523599,0.523599,-0.655909,-0.616955,0.514872,0.51486,0.12,0.11889,-0.27671,-0.276696,-0.208627,-0.200988,0.13,0.130004,0.078627,0.070986,0.27671,0.276695,0.12,0.118885,-0.0,-2e-06,-0.1,-0.100005,0.2,0.199996,-0.1,-0.100003,0.0,-1e-06
1787226325.510752,10.98,548,1.285199,1.282215,1.48353,1.48353,0.28559,0.288493,-0.174533,-0.174533,-0.523599,-0.523599,0.523599,0.523599,-0.655909,-0.624746,0.514872,0.514862,0.12,0.119112,-0.27671,-0.276698,-0.213975,-0.202516,0.13,0.130003,0.083975,0.072514,0.27671,0.276698,0.12,0.119107,-0.0,-2e-06,-0.1,-0.100005,0.2,0.199996,-0.1,-0.100003,0.0,-1e-06
1787226325.535172,11.0,549,1.283225,1.282812,1.48353,1.48353,0.287566,0.287913,-0.174533,-0.174533,-0.523599,-0.523599,0.523599,0.523599,-0.672052,-0.630978,0.514872,0.514863,0.12,0.11929,-0.27671,-0.276701,-0.217595,-0.204807,0.13,0.130003,0.087595,0.074806,0.27671,0.276701,0.12,0.119285,-0.0,-2e-06,-0.1,-0.100005,0.2,0.199996,-0.1,-0.100003,0.0,-1e-06
1787226325.557287,11.02,550,1.283225,1.282894,1.48353,1.48353,0.287566,0.287843,-0.174533,-0.174533,-0.523599,-0.523599,0.523599,0.523599,-0.672052,-0.639193,0.514872,0.514865,0.12,0.119432,-0.27671,-0.276703,-0.218681,-0.207364,0.13,0.130002,0.088681,0.077364,0.27671,0.276703,0.12,0.119427,-0.0,-2e-06,-0.1,-0.100005,0.2,0.199996,-0.1,-0.100003,0.0,-1e-06
1787226325.57779,11.04,551,1.260526,1.282961,1.48353,1.48353,0.310267,0.287788,-0.174533,-0.174533,-0.523599,-0.523599,0.523599,0.523599,-0.702899,-0.645765,0.514872,0.514866,0.12,0.119546,-0.27671,-0.276704,-0.240838,-0.209628,0.13,0.130002,0.103604,0.079627,0.27671,0.276704,0.12,0.119541,-0.0,-2e-06,-0.1,-0.100005,0.2,0.199996,-0.1,-0.100003,0.0,-1e-06
1787226325.597652,11.06,552,1.260526,1.278473,1.48353,1.48353,0.310267,0.292283,-0.174533,-0.174533,-0.523599,-0.523599,0.523599,0.523599,-0.702899,-0.657191,0.514872,0.514867,0.12,0.119637,-0.27671,-0.276705,-0.247485,-0.215869,0.13,0.130002,0.108081,0.084423,0.27671,0.276705,0.12,0.119632,-0.0,-2e-06,-0.1,-0.100005,0.2,0.199996,-0.1,-0.100003,0.0,-1e-06
1787226325.616794,11.08,553,1.215395,1.274883,1.48353,1.48353,0.3554,0.295879,-0.174533,-0.174533,-0.523599,-0.523599,0.523599,0.523599,-0.882383,-0.666333,0.514872,0.514868,0.12,0.11971,-0.27671,-0.276706,-0.27719,-0.222192,0.13,0.130001,0.109424,0.089154,0.27671,0.276706,0.12,0.119705,-0.0,-2e-06,-0.1,-0.100005,0.2,0.199996,-0.1,-0.100002,0.0,-1e-06
1787226325.63439,11.1,554,1.215395,1.262977,1.48353,1.48353,0.3554,0.307773,-0.174533,-0.174533,-0.523599,-0.523599,0.523599,0.523599,-0.882383,-0.709537,0.514872,0.514869,0.12,0.119768,-0.27671,-0.276707,-0.286102,-0.233191,0.13,0.130001,0.109827,0.093208,0.27671,0.276707,0.12,0.119763,-0.0,-2e-06,-0.1,-0.100005,0.2,0.199996,-0.1,-0.100002,0.0,-1e-06
1787226325.658165,11.12,555,1.193658,1.253457,1.48353,1.48353,0.377137,0.317292,-0.174533,-0.174533,-0.523599,-0.523599,0.523599,0.523599,-1.363697,-0.744103,0.514872,0.514869,0.12,0.119815,-0.083013,-0.276708,-0.155831,-0.243773,0.179,0.130001,-0.037052,0.096532,0.083013,0.276708,0.12,0.11981,-0.0,-2e-06,-0.1,-0.100005,0.2,0.199996,-0.1,-0.100002,0.0,-1e-06
1787226325.691708,11.14,556,1.193658,1.241525,1.48353,1.48353,0.377137,0.329285,-0.174533,-0.174533,-0.523599,-0.523599,0.523599,0.523599,-1.363697,-0.826747,0.514872,0.514863,0.12,0.119852,-0.024904,-0.241352,-0.116749,-0.226191,0.1937,0.139796,-0.081116,0.069826,0.024904,0.241352,0.12,0.119848,-0.0,-1e-06,-0.1,-0.100004,0.2,0.199996,-0.1,-0.100002,0.0,-1e-06
