wall_time_s,sim_time_s,frame_index,LShoulderPitch_cmd_rad,LShoulderPitch_meas_rad,RShoulderPitch_cmd_rad,RShoulderPitch_meas_rad,LShoulderRoll_cmd_rad,LShoulderRoll_meas_rad,RShoulderRoll_cmd_rad,RShoulderRoll_meas_rad,LElbowRoll_cmd_rad,LElbowRoll_meas_rad,RElbowRoll_cmd_rad,RElbowRoll_meas_rad,HeadYaw_cmd_rad,HeadYaw_meas_rad,HeadPitch_cmd_rad,HeadPitch_meas_rad,LHipYawPitch_cmd_rad,LHipYawPitch_meas_rad,LHipRoll_cmd_rad,LHipRoll_meas_rad,LHipPitch_cmd_rad,LHipPitch_meas_rad,LKneePitch_cmd_rad,LKneePitch_meas_rad,LAnklePitch_cmd_rad,LAnklePitch_meas_rad,LAnkleRoll_cmd_rad,LAnkleRoll_meas_rad,RHipYawPitch_cmd_rad,RHipYawPitch_meas_rad,RHipRoll_cmd_rad,RHipRoll_meas_rad,RHipPitch_cmd_rad,RHipPitch_meas_rad,RKneePitch_cmd_rad,RKneePitch_meas_rad,RAnklePitch_cmd_rad,RAnklePitch_meas_rad,RAnkleRoll_cmd_rad,RAnkleRoll_meas_rad
1787224268.239844,0.02,0,1.48353,0.049599,1.48353,0.049599,0.174533,0.034885,-0.174533,-0.034886,-0.523599,-0.043112,0.523599,0.043112,0.0,0.0,0.0,0.0,0.0,0.0,0.0,-0.0,-0.1,0.0,0.2,0.0,-0.1,0.0,0.0,-0.0,0.0,0.0,0.0,0.0,-0.1,0.0,0.2,0.0,-0.1,0.0,0.0,0.0
1787224268.260858,0.04,1,1.48353,0.09918,1.48353,0.09918,0.174533,0.062761,-0.174533,-0.062762,-0.523599,-0.086226,0.523599,0.086226,0.0,-0.0,0.0,-0.0,0.0,-0.0,0.0,0.0,-0.1,-0.019999,0.2,0.039999,-0.1,-0.019999,0.0,0.0,0.0,-0.0,0.0,-0.0,-0.1,-0.019999,0.2,0.039999,-0.1,-0.019999,0.0,-0.0
1787224268.282215,0.06,2,1.48353,0.148757,1.459322,0.148756,0.174533,0.085042,-0.045605,-0.085042,-0.523599,-0.129342,0.523599,0.129342,0.301732,-0.0,-0.191648,-0.0,0.0,-0.0,0.032392,0.0,-0.079,-0.035999,0.158,0.071998,-0.079,-0.035999,-0.032392,0.0,0.0,-0.0,0.0,-0.0,-0.1,-0.035999,0.2,0.071998,-0.1,-0.035999,0.0,-0.0
1787224268.299914,0.08,3,1.48353,0.198332,1.459322,0.231416,0.174533,0.102868,-0.045605,-0.077031,-0.523599,-0.172461,0.523599,0.172433,0.301732,0.060297,-0.191648,-0.038303,-0.000436,3e-06,0.042109,0.004362,-0.0727,-0.044599,0.1454,0.089198,-0.0727,-0.044599,-0.042109,-0.006479,-0.000436,-3e-06,0.0,0.002409,-0.1,-0.0488,0.2,0.097598,-0.1,-0.048799,0.0,0.0
1787224268.324343,0.1,4,1.48353,0.247918,1.489541,0.314072,0.174533,0.117108,-0.012992,-0.070695,-0.523599,-0.215583,0.523599,0.215533,0.470623,0.108535,-0.363177,-0.068893,0.081071,-8.6e-05,0.035636,0.008169,-0.07081,-0.050219,0.14162,0.100439,-0.07081,-0.05022,-0.035636,-0.013605,0.081071,-8.6e-05,0.0,0.004286,-0.1,-0.05904,0.2,0.118078,-0.1,-0.059039,0.0,2e-06
1787224268.336497,0.12,5,1.48353,0.297492,1.489541,0.396715,0.174533,0.128585,-0.012992,-0.05899,-0.523599,-0.258707,0.523599,0.258639,0.470623,0.180692,-0.363177,-0.12761,0.10507,0.00842,0.033695,0.013687,-0.070243,-0.054338,0.140486,0.108674,-0.070243,-0.054338,-0.033695,-0.018011,0.10507,0.016143,0.0,0.003426,-0.1,-0.067231,0.2,0.134461,-0.1,-0.067231,0.0,-2e-06
1787224268.353078,0.14,6,1.48353,0.347069,1.489541,0.479355,0.174533,0.13782,-0.012992,-0.049543,-0.523599,-0.301833,0.523599,0.301752,0.470623,0.238387,-0.363177,-0.174569,0.111837,0.025248,0.033112,0.019619,-0.070073,-0.05752,0.140146,0.115036,-0.070073,-0.057519,-0.033112,-0.021147,0.111837,0.033926,0.0,0.000768,-0.1,-0.073783,0.2,0.147567,-0.1,-0.073784,0.0,-4e-06
1787224268.377072,0.16,7,1.48353,0.396664,1.517998,0.562007,0.174533,0.145181,-0.01184,-0.042048,-0.523599,-0.344962,0.447117,0.34487,0.507321,0.28462,-0.486687,-0.212131,0.117551,0.039504,0.033033,0.022319,-0.070022,-0.060031,0.140044,0.120058,-0.070022,-0.06003,-0.033033,-0.02354,0.117551,0.049505,0.0,0.000613,-0.1,-0.079026,0.2,0.158053,-0.1,-0.079028,0.0,7e-06
1787224268.393528,0.18,8,1.48353,0.446265,1.517998,0.644662,0.174533,0.151082,-0.01184,-0.035819,-0.523599,-0.380684,0.447117,0.365329,0.507321,0.328844,-0.486687,-0.266871,0.119265,0.051743,0.03301,0.024463,-0.070007,-0.062029,0.140013,0.124055,-0.070007,-0.062028,-0.03301,-0.025438,0.119265,0.063111,0.0,0.000489,-0.1,-0.083221,0.2,0.166442,-0.1,-0.083222,0.0,-1e-05
1787224268.416615,0.2,9,1.486303,0.495872,1.52756,0.727321,0.136853,0.155775,-0.018661,-0.03092,-0.523599,-0.409266,0.394323,0.381699,0.505573,0.364307,-0.560793,-0.310686,0.11978,0.058166,0.033239,0.026172,-0.070002,-0.063625,0.140004,0.127247,-0.070002,-0.063624,-0.033239,-0.026952,0.11978,0.070296,0.028092,0.000392,0.015099,-0.086577,0.158,0.173154,-0.173099,-0.086578,-0.028092,1.2e-05
1787224268.433595,0.22,10,1.486303,0.578544,1.52756,0.809978,0.136853,0.152144,-0.018661,-0.028208,-0.523599,-0.432129,0.394323,0.384252,0.505573,0.392262,-0.560793,-0.360609,0.119934,0.070489,0.033308,0.027588,-0.070001,-0.064898,0.140001,0.129799,-0.070001,-0.064899,-0.033308,-0.028209,0.119934,0.067947,0.03652,0.005928,0.049628,-0.066244,0.1454,0.170123,-0.195028,-0.103882,-0.03652,-0.00562
1787224268.454423,0.24,11,1.473393,0.661218,1.519402,0.892642,0.128819,0.149264,-0.03665,-0.026061,-0.523599,-0.450425,0.396634,0.38629,0.491798,0.414665,-0.587917,-0.400591,0.11998,0.080378,0.024929,0.028734,-0.07,-0.058876,0.14,0.131841,-0.07,-0.065919,-0.024929,-0.029228,0.11998,0.069917,0.038946,0.012044,0.072077,-0.043072,0.14162,0.165178,-0.213697,-0.122111,-0.038946,-0.011801
1787224268.473386,0.26,12,1.473393,0.74389,1.519402,0.975313,0.128819,0.145337,-0.03665,-0.027983,-0.523599,-0.465065,0.396634,0.388378,0.491798,0.429881,-0.587917,-0.43802,0.119994,0.0883,0.022415,0.027974,-0.07,-0.051762,0.14,0.133474,-0.07,-0.066736,-0.022415,-0.028368,0.119994,0.079928,0.039675,0.017423,0.078812,-0.025407,0.140486,0.160466,-0.219298,-0.140428,-0.039675,-0.01723
1787224268.494931,0.28,13,1.45959,0.826559,1.500881,1.057982,0.130055,0.142193,-0.061068,-0.029539,-0.752178,-0.476778,0.436259,0.390045,0.430286,0.442112,-0.57303,-0.467977,0.119998,0.09464,0.015568,0.026862,-0.07,-0.044086,0.14,0.13478,-0.07,-0.067388,-0.015568,-0.027178,0.119998,0.087939,0.039336,0.021873,0.078567,-0.008988,0.140146,0.156469,-0.218713,-0.156202,-0.039336,-0.021719
1787224268.514934,0.3,14,1.45959,0.909231,1.500881,1.140657,0.130055,0.139909,-0.061068,-0.035687,-0.752178,-0.531821,0.436259,0.399289,0.430286,0.439637,-0.57303,-0.488987,0.119999,0.099713,0.013514,0.024605,-0.07,-0.030944,0.14,0.135825,-0.07,-0.067911,-0.013514,-0.024855,0.119999,0.094348,0.039234,0.025364,0.078493,0.008528,0.140044,0.153203,-0.218537,-0.168704,-0.039234,-0.025242
1787224268.534265,0.32,15,1.45959,0.9919,1.500881,1.212684,0.130055,0.138069,-0.061068,-0.040633,-0.752178,-0.575869,0.436259,0.406685,0.430286,0.437695,-0.57303,-0.505795,0.12,0.103771,0.012897,0.022388,-0.07,-0.020483,0.14,0.136661,-0.07,-0.068329,-0.012897,-0.022587,0.12,0.099476,0.039203,0.028136,0.078471,0.022517,0.140013,0.150571,-0.218484,-0.178671,-0.039203,-0.028041
1787224268.55812,0.34,16,1.44749,1.074567,1.475911,1.270314,0.134616,0.136591,-0.089578,-0.044622,-0.888579,-0.611115,0.480557,0.412603,0.335668,0.436165,-0.537728,-0.519242,0.12,0.107017,0.001446,0.020492,0.052153,-0.012154,0.14,0.13733,-0.192153,-0.068663,-0.001446,-0.020649,0.12,0.103579,0.044022,0.030347,0.100356,0.033705,0.140004,0.148458,-0.240359,-0.186634,-0.044022,-0.030274
1787224268.578938,0.36,17,1.44749,1.149127,1.475911,1.311419,0.134616,0.136227,-0.089578,-0.053602,-0.888579,-0.666584,0.480557,0.426189,0.335668,0.41605,-0.537728,-0.52291,0.12,0.109614,-0.00199,0.016684,0.088799,0.00071,0.14,0.137864,-0.228799,-0.09336,0.00199,-0.016808,0.12,0.106862,0.045468,0.033082,0.106921,0.047034,0.140001,0.146767,-0.246922,-0.197379,-0.045468,-0.033024
1787224268.601071,0.38,18,1.433719,1.208786,1.443322,1.344308,0.143863,0.135935,-0.12429,-0.060782,-0.972701,-0.710974,0.575557,0.43706,0.252709,0.399963,-0.492926,-0.525848,0.12,0.111691,-0.019777,0.012949,0.119605,0.018326,0.14,0.138291,-0.259605,-0.120447,0.019777,-0.013049,0.12,0.10949,0.041929,0.035559,0.115089,0.059012,0.14,0.145415,-0.25509,-0.207287,-0.041929,-0.035512
1787224268.621575,0.4,19,1.433719,1.253768,1.443322,1.364108,0.143863,0.137547,-0.12429,-0.073464,-0.972701,-0.763308,0.575557,0.464749,0.252709,0.370527,-0.492926,-0.519261,0.12,0.113352,-0.025114,0.008669,0.128847,0.03858,0.14,0.138633,-0.268847,-0.148278,0.025114,-0.006484,0.12,0.111593,0.040867,0.03683,0.11754,0.075781,0.14,0.144333,-0.25754,-0.216847,-0.040867,-0.036796
1787224268.646549,0.42,20,1.415837,1.289757,1.408088,1.379937,0.159031,0.138788,-0.160797,-0.083632,-0.968903,-0.805184,0.665697,0.486906,0.151205,0.34697,-0.427956,-0.514015,0.068146,0.11468,-0.031498,0.004592,0.117305,0.056632,0.14,0.138906,-0.257305,-0.172391,0.031498,-0.000186,0.068146,0.113276,0.034708,0.037635,0.111547,0.090547,0.14,0.143468,-0.251547,-0.224985,-0.034708,-0.037611
1787224268.665321,0.44,21,1.415837,1.314973,1.408088,1.385553,0.159031,0.142827,-0.160797,-0.099064,-0.968903,-0.837928,0.665697,0.522657,0.151205,0.307801,-0.427956,-0.49693,0.05035,0.105374,-0.033413,0.002905,0.113843,0.068765,0.14,0.139124,-0.253843,-0.189374,0.033413,0.006174,0.05035,0.111344,0.03286,0.03513,0.109749,0.094748,0.14,0.142775,-0.249749,-0.230297,-0.03286,-0.037031
1787224268.686535,0.46,22,1.405208,1.335153,1.382243,1.390016,0.168032,0.146009,-0.187407,-0.111422,-0.959364,-0.864125,0.693513,0.551263,0.083476,0.276478,-0.370115,-0.483219,-0.017464,0.094371,-0.034373,0.003388,0.105162,0.07778,0.14,0.139299,-0.245162,-0.202267,0.034373,0.011622,-0.017464,0.099148,0.033746,0.030604,0.087053,0.097749,0.14,0.142221,-0.227053,-0.234186,-0.033746,-0.036197
1787224268.704726,0.48,23,1.405208,1.349179,1.382243,1.388391,0.168032,0.150356,-0.187407,-0.126612,-0.959364,-0.883173,0.693513,0.57971,0.083476,0.237859,-0.370115,-0.460734,-0.041953,0.072007,-0.034661,0.007457,0.102557,0.083257,0.14,0.13944,-0.242557,-0.210845,0.034661,0.016172,-0.041953,0.075831,0.034011,0.022571,0.080244,0.095611,0.14,0.141778,-0.220244,-0.232759,-0.034011,-0.035707
1787224268.728202,0.5,24,1.401155,1.360394,1.350374,1.387111,0.171107,0.15385,-0.219734,-0.138767,-0.963442,-0.898411,0.746049,0.60247,0.039961,0.206969,-0.334099,-0.44271,-0.090289,0.049219,-0.026552,0.012632,0.08261,0.087117,0.14,0.139552,-0.22261,-0.217187,0.026552,0.01987,-0.090289,0.052281,0.033967,0.015673,-0.104453,0.092538,0.14,0.141423,-0.035547,-0.230256,-0.033967,-0.035369
1787224268.744141,0.52,25,1.401155,1.368546,1.350374,1.379722,0.171107,0.157281,-0.219734,-0.154942,-0.963442,-0.911413,0.746049,0.631176,0.039961,0.173604,-0.334099,-0.421043,-0.111087,0.021339,-0.024119,0.004799,0.076626,0.086215,0.14,0.139641,-0.216626,-0.218272,0.024119,0.021206,-0.111087,0.0238,0.033953,0.019328,-0.159862,0.053155,0.14,0.141139,0.019862,-0.191324,-0.033953,-0.035088
1787224268.761336,0.54,26,1.401155,1.375095,1.350374,1.37369,0.171107,0.159966,-0.219734,-0.167832,-0.963442,-0.921812,0.746049,0.654143,0.039961,0.146797,-0.334099,-0.403838,-0.117326,-0.005199,-0.023389,-0.000997,0.074831,0.054637,0.14,0.139712,-0.214831,-0.217943,0.023389,0.021789,-0.117326,-0.003511,0.033949,0.022251,-0.176485,0.010661,0.14,0.140912,0.036485,-0.149113,-0.033949,-0.03486
1787224268.778755,0.56,27,1.401155,1.380286,1.350374,1.369102,0.171107,0.162234,-0.219734,-0.178253,-0.963442,-0.930137,0.746049,0.672517,0.039961,0.125421,-0.334099,-0.389918,-0.119198,-0.027586,-0.02317,-0.005464,0.074292,0.058674,0.14,0.139769,-0.214292,-0.217321,0.02317,0.022109,-0.119198,-0.02598,0.033948,0.024591,-0.181472,-0.026882,0.14,0.140729,0.041472,-0.111995,-0.033948,-0.034678
1787224268.804463,0.58,28,1.405756,1.384446,1.321824,1.365405,0.16592,0.164036,-0.248559,-0.186578,-0.884457,-0.936799,0.736817,0.68722,0.022826,0.108326,-0.309511,-0.37875,-0.119759,-0.045901,-0.006951,-0.009004,-0.047712,0.061797,0.182,0.139815,-0.134288,-0.216716,0.006951,0.022321,-0.119759,-0.044602,0.033768,0.026462,-0.167036,-0.057783,0.14,0.140583,0.027036,-0.081303,-0.033768,-0.034532
1787224268.818716,0.6,29,1.405756,1.388705,1.321824,1.356747,0.16592,0.164435,-0.248559,-0.19903,-0.884457,-0.926336,0.736817,0.697137,0.022826,0.091229,-0.309511,-0.36488,-0.119928,-0.060669,-0.002085,-0.008593,-0.084314,0.039899,0.1946,0.148251,-0.110286,-0.200232,0.002085,0.019247,-0.119928,-0.059626,0.033714,0.027924,-0.162705,-0.07963,0.14,0.140465,0.022705,-0.059635,-0.033714,-0.034379
1787224268.839646,0.62,30,1.412435,1.392113,1.296957,1.349819,0.158889,0.164753,-0.273591,-0.208986,-0.831969,-0.917963,0.708897,0.705072,0.020346,0.077563,-0.293285,-0.353771,-0.119978,-0.072518,-0.000626,-0.007291,-0.095294,0.015063,0.19838,0.15752,-0.103086,-0.182245,0.000626,0.015816,-0.119978,-0.071682,0.023947,0.029083,-0.142503,-0.096244,0.14,0.140372,0.002503,-0.043168,-0.023947,-0.034246
1787224268.863279,0.64,31,1.412435,1.396174,1.296957,1.339199,0.158889,0.163567,-0.273591,-0.221882,-0.831969,-0.900768,0.708897,0.705837,0.020346,0.06612,-0.293285,-0.341664,-0.119994,-0.082005,-0.000188,-0.005961,-0.098588,-0.007016,0.199514,0.165693,-0.100926,-0.166414,0.000188,0.012777,-0.119994,-0.081341,0.021016,0.036415,-0.136443,-0.111035,0.14,0.140296,-0.003557,-0.034034,-0.021016,-0.032185
1787224268.883799,0.66,32,1.412435,1.399424,1.296957,1.330719,0.158889,0.162623,-0.273591,-0.232208,-0.831969,-0.88701,0.708897,0.706449,0.020346,0.056957,-0.293285,-0.331989,-0.119998,-0.089599,-5.6e-05,-0.004809,-0.099576,-0.02329,0.199854,0.172458,-0.100278,-0.153316,5.6e-05,0.010259,-0.119998,-0.089072,0.020137,0.042475,-0.134624,-0.120843,0.14,0.140236,-0.005376,-0.027938,-0.020137,-0.029951
1787224268.909889,0.68,33,1.424546,1.402025,1.28058,1.323946,0.146567,0.161871,-0.290068,-0.240474,-0.810323,-0.876002,0.695717,0.706939,0.002186,0.049624,-0.282285,-0.324254,-0.119999,-0.095675,-0.014625,-0.003861,0.031627,-0.031416,0.157956,0.177938,-0.189583,-0.142709,0.014625,0.008218,-0.119999,-0.095257,-0.000396,0.04684,-0.010819,-0.123601,0.14,0.140187,-0.129181,-0.023425,0.000396,-0.027988
1787224268.929913,0.7,34,1.424546,1.406535,1.28058,1.315288,0.146567,0.158818,-0.290068,-0.250409,-0.810323,-0.862866,0.695717,0.704694,0.002186,0.040127,-0.282285,-0.315867,-0.12,-0.100536,-0.018995,-0.006016,0.070988,-0.014036,0.145387,0.173943,-0.216375,-0.152083,0.018995,0.009499,-0.12,-0.100205,-0.006556,0.044233,0.026323,-0.103011,0.14,0.140149,-0.166323,-0.044575,0.006556,-0.022311
1787224268.953662,0.72,35,1.427593,1.41014,1.270741,1.308355,0.143393,0.156372,-0.299966,-0.258348,-0.798809,-0.852358,0.682213,0.702899,-0.002352,0.03253,-0.284428,-0.30916,-0.12,-0.104425,-0.020508,-0.008614,0.086328,0.010874,0.141616,0.168233,-0.227944,-0.164941,0.020508,0.011398,-0.12,-0.104163,-0.018288,0.039871,0.047864,-0.077147,0.14,0.140118,-0.187864,-0.068924,0.018288,-0.016538
1787224268.971961,0.74,36,1.427593,1.413633,1.270741,1.300839,0.143393,0.15378,-0.299966,-0.266677,-0.798809,-0.841648,0.682213,0.698763,-0.002352,0.025548,-0.284428,-0.304223,-0.12,-0.107536,-0.020962,-0.010996,0.090931,0.035411,0.140485,0.16291,-0.231415,-0.177542,0.020962,0.013219,-0.12,-0.10733,-0.021807,0.034998,0.054327,-0.052147,0.14,0.140093,-0.194327,-0.092712,0.021807,-0.009573
1787224268.991994,0.76,37,1.427639,1.416426,1.265023,1.294824,0.143271,0.151704,-0.30572,-0.273336,-0.793354,-0.83308,0.71003,0.695453,0.021833,0.019963,-0.292606,-0.300272,-0.12,-0.110026,-0.015682,-0.012992,-0.119216,0.056578,0.140145,0.158426,-0.020929,-0.188316,0.015682,0.014767,-0.12,-0.109864,-0.027256,0.030608,0.066335,-0.030855,0.14,0.140073,-0.206335,-0.113035,0.027256,-0.0033
1787224269.009245,0.78,38,1.427639,1.418675,1.265023,1.288884,0.143271,0.150025,-0.30572,-0.279827,-0.793354,-0.825136,0.71003,0.698368,0.021833,0.02033,-0.292606,-0.298737,-0.12,-0.10041,-0.014098,-0.019284,-0.18226,0.05631,0.140044,0.154771,0.042217,-0.154841,0.014098,0.01495,-0.12,-0.111891,-0.028891,0.01904,0.069938,-0.011421,0.14,0.140057,-0.209938,-0.131695,0.028891,0.002821
1787224269.02539,0.8,39,1.421871,1.420476,1.256116,1.284147,0.148993,0.148687,-0.314648,-0.285036,-0.785613,-0.818781,0.697643,0.7007,0.045177,0.02063,-0.317318,-0.297511,-0.12,-0.104327,-0.011611,-0.018247,-0.190136,0.008613,0.140013,0.151827,0.050123,-0.115437,0.011611,0.014779,-0.12,-0.113513,-0.031884,0.009455,-0.121841,0.004858,0.14,0.140046,-0.018159,-0.147341,0.031884,0.008029
1787224269.042803,0.82,40,1.421871,1.420756,1.256116,1.278533,0.148993,0.148748,-0.314648,-0.290948,-0.785613,-0.812147,0.697643,0.700089,0.045177,0.025548,-0.317318,-0.301461,-0.12,-0.107462,-0.010864,-0.01692,-0.192499,-0.031145,0.140004,0.149464,0.052495,-0.08233,0.010864,0.014145,-0.12,-0.11481,-0.032782,0.00119,-0.179375,-0.020491,0.14,0.140037,0.039375,-0.121505,0.032782,0.012799
1787224269.061571,0.84,41,1.421871,1.420979,1.256116,1.274049,0.148993,0.148797,-0.314648,-0.295687,-0.785613,-0.80684,0.697643,0.699599,0.045177,0.029477,-0.317318,-0.304628,-0.12,-0.109967,-0.01064,-0.015712,-0.193208,-0.062322,0.140001,0.147574,0.053207,-0.055368,0.01064,0.013489,-0.12,-0.115849,-0.033051,0.006681,-0.196635,-0.05462,0.14,0.140028,0.056635,-0.089333,0.033051,0.016796
1787224269.084813,0.86,42,1.416677,1.421157,1.250402,1.270467,0.15416,0.148836,-0.320375,-0.299483,-0.873389,-0.802595,0.703493,0.699208,0.062028,0.032615,-0.304559,-0.307168,-0.12,-0.111971,-0.007234,-0.0147,-0.193042,-0.088496,0.14,0.14606,0.053042,-0.033656,0.007234,0.012918,-0.12,-0.116679,-0.034547,0.011345,-0.207242,-0.083021,0.14,0.140021,0.067242,-0.060143,0.034547,0.020047
1787224269.103137,0.88,43,1.416677,1.420262,1.250402,1.266453,0.15416,0.149901,-0.320375,-0.303659,-0.873389,-0.816753,0.703493,0.700065,0.062028,0.038498,-0.304559,-0.306652,-0.12,-0.113576,-0.006212,-0.013751,-0.192993,-0.109402,0.14,0.144849,0.052993,-0.016319,0.006212,0.011781,-0.12,-0.117342,-0.034996,0.015189,-0.210424,-0.107862,0.14,0.140017,0.070424,-0.03467,0.034996,0.022947
1787224269.12667,0.9,44,1.416022,1.419546,1.246122,1.263242,0.154799,0.150754,-0.324662,-0.307,-0.942114,-0.828079,0.806961,0.70075,0.084706,0.043204,-0.286447,-0.306236,-0.12,-0.114861,-0.001567,-0.01556,-0.187863,-0.126118,0.14,0.143879,0.047863,-0.002463,0.001567,0.010667,-0.12,-0.117872,-0.026559,0.01572,0.0013,-0.128371,0.14,0.140014,-0.1413,-0.013655,0.026559,0.025357
1787224269.147091,0.92,45,1.416022,1.418841,1.246122,1.259823,0.154799,0.151562,-0.324662,-0.310535,-0.942114,-0.850873,0.806961,0.72198,0.084706,0.051517,-0.286447,-0.302312,-0.12,-0.115886,-0.000174,-0.012765,-0.186324,-0.107223,0.14,0.143104,0.046324,0.007608,0.000174,0.008847,-0.12,-0.118299,-0.024027,0.01508,0.064817,-0.102442,0.14,0.14001,-0.204817,-0.03918,0.024027,0.025598
1787224269.169274,0.94,46,1.415742,1.418273,1.237078,1.257104,0.155069,0.152205,-0.333711,-0.313378,-0.974988,-0.869113,0.833463,0.738968,0.093576,0.058162,-0.278217,-0.29916,-0.12,-0.116708,0.005157,-0.010248,-0.194045,-0.123035,0.14,0.142484,0.054045,0.015347,-0.005157,0.007113,-0.12,-0.118639,-0.019553,0.007263,0.093074,-0.068996,0.14,0.140008,-0.233074,-0.072303,0.019553,0.025283
1787224269.18964,0.96,47,1.415742,1.417767,1.237078,1.253106,0.155069,0.152778,-0.333711,-0.317448,-0.974988,-0.890277,0.833463,0.757857,0.093576,0.065268,-0.278217,-0.295018,-0.12,-0.117366,0.006756,-0.00717,-0.196361,-0.098144,0.14,0.141988,0.056361,0.023086,-0.006756,0.004659,-0.12,-0.118914,-0.01821,0.00577,0.101551,-0.036589,0.14,0.140006,-0.241551,-0.104453,0.01821,0.024138
1787224269.211073,0.98,48,1.420677,1.417354,1.22803,1.24996,0.150128,0.153229,-0.342762,-0.320755,-0.989662,-0.90721,0.839387,0.772968,0.114851,0.070942,-0.271373,-0.291688,-0.12,-0.117891,0.00793,-0.00439,-0.180301,-0.091399,0.14,0.141592,0.040301,0.02974,-0.00793,0.002377,-0.12,-0.119133,-0.017793,0.005924,0.100486,-0.009002,0.14,0.140004,-0.240486,-0.131865,0.017793,0.022954
1787224269.231334,1.0,49,1.420677,1.418038,1.22803,1.24572,0.150128,0.152631,-0.342762,-0.32529,-0.989662,-0.923684,0.839387,0.786233,0.114851,0.079723,-0.271373,-0.287659,-0.12,-0.118312,0.008282,-0.001936,-0.175483,-0.10155,0.14,0.141275,0.035483,0.031851,-0.008282,0.000342,-0.12,-0.119308,-0.017668,0.008623,0.100166,0.012973,0.14,0.140003,-0.240166,-0.153572,0.017668,0.021923
1787224269.252776,1.02,50,1.427908,1.418582,1.208759,1.242305,0.142893,0.15215,-0.362035,-0.328898,-0.917192,-0.936869,0.811857,0.796851,0.141476,0.086746,-0.278573,-0.284424,-0.12,-0.118649,0.005715,0.000233,-0.033916,-0.116319,0.14,0.141021,-0.106084,0.032579,-0.005715,-0.001417,-0.12,-0.119447,-0.012987,0.013722,0.10337,0.030377,0.14,0.140002,-0.24337,-0.17088,0.012987,0.021074
1787224269.269563,1.04,51,1.427908,1.420454,1.208759,1.235621,0.142893,0.150305,-0.362035,-0.335547,-0.917192,-0.932935,0.811857,0.799852,0.141476,0.097694,-0.278573,-0.283287,-0.12,-0.11892,0.004944,-0.003899,0.008554,-0.09984,0.14,0.140817,-0.148554,0.00485,-0.004944,-0.002271,-0.12,-0.119557,-0.011582,0.008383,0.104331,0.044954,0.14,0.140003,-0.244331,-0.185375,0.011582,0.019457
1787224269.2889,1.06,52,1.427908,1.421936,1.208759,1.230224,0.142893,0.148814,-0.362035,-0.340815,-0.917192,-0.929785,0.811857,0.802252,0.141476,0.106453,-0.278573,-0.282373,-0.12,-0.119137,0.004713,-0.004892,0.021295,-0.078163,0.14,0.140653,-0.161295,-0.025831,-0.004713,-0.002804,-0.12,-0.119645,-0.011161,0.004394,0.104619,0.056816,0.14,0.140003,-0.244619,-0.197162,0.011161,0.017883
1787224269.307503,1.08,53,1.422358,1.423122,1.182814,1.225904,0.148442,0.147621,-0.387981,-0.345028,-0.934129,-0.927266,0.842834,0.804173,0.158336,0.113458,-0.285459,-0.28163,-0.12,-0.11931,0.001582,-0.005017,0.011117,-0.058272,0.14,0.140523,-0.151117,-0.052922,-0.001582,-0.003185,-0.12,-0.119717,-0.006837,0.001293,0.08605,0.066369,0.14,0.140002,-0.22605,-0.20665,0.006837,0.016539
1787224269.326617,1.1,54,1.422358,1.42297,1.182814,1.217225,0.148442,0.147786,-0.387981,-0.353551,-0.934129,-0.928637,0.842834,0.811903,0.158336,0.122434,-0.285459,-0.282408,-0.12,-0.119448,0.000643,-0.004782,0.008064,-0.044394,0.14,0.140419,-0.148064,-0.07256,-0.000643,-0.002864,-0.12,-0.119774,-0.00554,-0.000368,0.080479,0.070302,0.14,0.140002,-0.220479,-0.210528,0.00554,0.014599
1787224269.35429,1.12,55,1.418909,1.422849,1.160604,1.210297,0.151889,0.147918,-0.410192,-0.360387,-0.97298,-0.929735,0.878544,0.818089,0.15097,0.129614,-0.287056,-0.283022,-0.12,-0.119558,-0.002082,-0.0037,-0.0036,-0.033902,0.160181,0.140336,-0.156581,-0.087659,0.002082,-0.00242,-0.12,-0.11982,-0.004667,-0.00052,0.060044,0.072335,0.14,0.140001,-0.200044,-0.212517,0.004667,0.012788
1787224269.37397,1.14,56,1.418909,1.422069,1.160604,1.200269,0.151889,0.14872,-0.410192,-0.370252,-0.97298,-0.938382,0.878544,0.830178,0.15097,0.133886,-0.287056,-0.283828,-0.12,-0.119647,-0.002899,-0.003379,-0.007099,-0.02784,0.166235,0.144305,-0.159136,-0.101443,0.002899,-0.00152,-0.12,-0.119857,-0.004406,-0.001034,0.053914,0.069876,0.14,0.140001,-0.193914,-0.210021,0.004406,0.011165
1787224269.397637,1.16,57,1.412425,1.421443,1.133546,1.192266,0.158373,0.14936,-0.43725,-0.378165,-0.997635,-0.9453,0.909506,0.83985,0.137895,0.137304,-0.283636,-0.28447,-0.12,-0.119717,-0.005551,-0.003286,0.013424,-0.02369,0.14787,0.148691,-0.161294,-0.112981,0.005551,-0.000638,-0.12,-0.119886,-0.003012,-0.001429,0.054713,0.066683,0.14,0.140001,-0.194713,-0.206799,0.003012,0.009814
1787224269.41586,1.18,58,1.412425,1.419642,1.133546,1.1805,0.158373,0.151165,-0.43725,-0.389954,-0.997635,-0.955767,0.909506,0.853779,0.137895,0.137422,-0.283636,-0.284303,-0.12,-0.119775,-0.006347,-0.00374,0.019581,-0.016269,0.142361,0.148526,-0.161942,-0.122643,0.006347,0.000604,-0.12,-0.119907,-0.002594,-0.001743,0.054952,0.069633,0.14,0.140002,-0.194952,-0.204381,0.002594,0.008454
1787224269.438636,1.2,59,1.404689,1.4182,1.112021,1.1711,0.166108,0.152608,-0.458775,-0.399397,-1.013204,-0.96414,0.930275,0.864924,0.112303,0.137516,-0.282482,-0.284169,-0.12,-0.119821,-0.005806,-0.004261,0.026149,-0.009102,0.140708,0.147292,-0.166857,-0.130503,0.005806,0.001751,-0.12,-0.119923,-0.001895,-0.001913,0.050739,0.07338,0.14,0.140003,-0.190739,-0.202494,0.001895,0.007282
1787224269.456997,1.22,60,1.404689,1.4155,1.112021,1.159272,0.166108,0.15531,-0.458775,-0.411252,-1.013204,-0.973953,0.930275,0.877993,0.112303,0.132473,-0.282482,-0.283841,-0.12,-0.119858,-0.005643,-0.004569,0.028119,-0.002134,0.140213,0.145974,-0.168332,-0.137774,0.005643,0.002562,-0.12,-0.119936,-0.001685,-0.00191,0.049476,0.076721,0.14,0.140004,-0.189476,-0.200143,0.001685,0.006204
1787224269.475717,1.24,61,1.389808,1.413341,1.07834,1.149808,0.180989,0.157473,-0.492456,-0.420736,-1.017993,-0.981803,0.942008,0.888449,0.060554,0.128439,-0.279077,-0.283575,-0.12,-0.119887,-0.006746,-0.004783,0.039423,0.003722,0.140064,0.144821,-0.179487,-0.143886,0.006746,0.003178,-0.12,-0.119947,-0.000556,-0.001866,0.045194,0.078383,0.14,0.140004,-0.185194,-0.198009,0.000556,0.0053
1787224269.493097,1.26,62,1.389808,1.408655,1.07834,1.135459,0.180989,0.162196,-0.492456,-0.435012,-1.017993,-0.989041,0.942008,0.89916,0.060554,0.114861,-0.279077,-0.282688,-0.12,-0.119911,-0.007077,-0.005175,0.042814,0.006928,0.140019,0.143868,-0.182833,-0.151006,0.007077,0.003892,-0.12,-0.119955,-0.000218,-0.001605,0.04391,0.072643,0.14,0.140005,-0.18391,-0.195445,0.000218,0.004351
1787224269.511963,1.28,63,1.389808,1.404912,1.07834,1.123966,0.180989,0.165981,-0.492456,-0.446422,-1.017993,-0.994831,0.942008,0.907729,0.060554,0.104001,-0.279077,-0.281968,-0.12,-0.119929,-0.007176,-0.005552,0.043831,0.014026,0.140006,0.143097,-0.183837,-0.157372,0.007176,0.00453,-0.12,-0.119962,-0.000116,-0.001587,0.043524,0.066898,0.14,0.140005,-0.183524,-0.193137,0.000116,0.003524
1787224269.535058,1.3,64,1.372252,1.401893,1.056563,1.114837,0.198545,0.168984,-0.514234,-0.455618,-1.007794,-0.999463,0.94447,0.914585,0.013264,0.095311,-0.266968,-0.2814,-0.12,-0.119945,-0.009039,-0.005876,0.052608,0.014503,0.140002,0.142478,-0.19261,-0.162665,0.009039,0.005059,-0.12,-0.119968,-0.001444,-0.001293,0.044574,0.065043,0.14,0.140005,-0.184574,-0.191214,0.001444,0.002842
1787224269.556643,1.32,65,1.372252,1.395968,1.056563,1.103178,0.198545,0.174899,-0.514234,-0.467329,-1.007794,-1.001129,0.94447,0.920562,0.013264,0.078898,-0.266968,-0.278532,-0.12,-0.119957,-0.009597,-0.006508,0.055241,0.014567,0.140001,0.141982,-0.195241,-0.168654,0.009597,0.005855,-0.12,-0.119972,-0.001843,-0.001325,0.044889,0.062823,0.14,0.140006,-0.184889,-0.189885,0.001843,0.002562
1787224269.579433,1.34,66,1.355877,1.391227,1.038796,1.093852,0.214919,0.17963,-0.532,-0.476701,-1.010361,-1.002462,0.967323,0.925344,-0.020318,0.06577,-0.251547,-0.276232,-0.12,-0.119968,-0.008485,-0.007125,0.063173,0.014535,0.14,0.141584,-0.203173,-0.173972,0.008485,0.006604,-0.12,-0.119976,-0.0012,-0.001429,0.052769,0.060785,0.14,0.140006,-0.192769,-0.188885,0.0012,0.002418
1787224269.603724,1.36,67,1.341841,1.38416,1.021477,1.082838,0.228956,0.18669,-0.54932,-0.487752,-1.028431,-1.004042,1.051658,0.93374,-0.031275,0.048549,-0.240121,-0.271309,-0.12,-0.119976,-0.007888,-0.007396,0.063853,0.015146,0.14,0.141266,-0.203853,-0.179812,0.007888,0.006981,-0.12,-0.119979,-0.001979,-0.001384,0.055476,0.059772,0.14,0.140006,-0.195476,-0.189661,0.001979,0.002174
1787224269.623713,1.38,68,1.341841,1.375699,1.021477,1.070563,0.228956,0.195146,-0.54932,-0.500056,-1.028431,-1.00892,1.051658,0.957321,-0.031275,0.03258,-0.240121,-0.265083,-0.12,-0.119982,-0.007709,-0.007494,0.064057,0.016804,0.14,0.141012,-0.204057,-0.184621,0.007709,0.007162,-0.12,-0.119982,-0.002213,-0.001504,0.056289,0.060199,0.14,0.140006,-0.196289,-0.190824,0.002213,0.002135
1787224269.644616,1.4,69,1.341841,1.36893,1.021477,1.060745,0.228956,0.201909,-0.54932,-0.509902,-1.028431,-1.012822,1.051658,0.976188,-0.031275,0.019807,-0.240121,-0.260097,-0.12,-0.119987,-0.007655,-0.007536,0.064118,0.018793,0.14,0.140809,-0.204118,-0.188508,0.007655,0.007272,-0.12,-0.119984,-0.002283,-0.001646,0.056532,0.0612,0.14,0.140006,-0.196532,-0.191916,0.002283,0.00215
1787224269.666778,1.42,70,1.326442,1.363513,1.008187,1.052891,0.244354,0.20732,-0.562609,-0.517781,-1.015994,-1.015944,1.079083,0.991282,-0.040238,0.009589,-0.230234,-0.256107,-0.12,-0.119992,-0.00741,-0.007559,0.062698,0.020561,0.14,0.140646,-0.202698,-0.19163,0.00741,0.007349,-0.12,-0.119985,-0.002649,-0.001775,0.051155,0.062159,0.14,0.140006,-0.191155,-0.192839,0.002649,0.002176
1787224269.685289,1.44,71,1.326442,1.356101,1.008187,1.043949,0.244354,0.214728,-0.562609,-0.526741,-1.015994,-1.015954,1.079083,1.008841,-0.040238,-0.000378,-0.230234,-0.250936,-0.12,-0.119995,-0.007337,-0.007529,0.062272,0.022411,0.14,0.140515,-0.202272,-0.193844,0.007337,0.007361,-0.12,-0.119987,-0.002759,-0.00195,0.049542,0.063162,0.14,0.140006,-0.189542,-0.192501,0.002759,0.002271
1787224269.708012,1.46,72,1.304879,1.350171,1.001876,1.036796,0.265918,0.220654,-0.568921,-0.533912,-0.97343,-1.015962,1.073236,1.022889,-0.040978,-0.008351,-0.216889,-0.246798,-0.12,-0.119998,-0.008396,-0.00749,0.058208,0.024176,0.14,0.140411,-0.198208,-0.19553,0.008396,0.007357,-0.12,-0.119988,-0.003002,-0.002113,0.044548,0.064172,0.14,0.140006,-0.184548,-0.191909,0.003002,0.002368
1787224269.723902,1.48,73,1.304879,1.341115,1.001876,1.029811,0.265918,0.229709,-0.568921,-0.54091,-0.97343,-1.007456,1.073236,1.032959,-0.040978,-0.014878,-0.216889,-0.240819,-0.12,-0.12,-0.008714,-0.00767,0.056989,0.024778,0.14,0.140328,-0.196989,-0.196066,0.008714,0.007565,-0.12,-0.119988,-0.003074,-0.002292,0.043049,0.064089,0.14,0.140006,-0.183049,-0.190436,0.003074,0.002494
1787224269.747319,1.5,74,1.277275,1.333869,1.000401,1.024223,0.293521,0.236952,-0.570395,-0.54651,-0.920282,-1.000651,1.061999,1.041014,-0.042361,-0.020099,-0.203398,-0.236034,-0.12,-0.120001,-0.008449,-0.007879,0.04931,0.024934,0.14,0.140261,-0.18931,-0.19625,0.008449,0.007795,-0.12,-0.119989,-0.003221,-0.002449,0.037375,0.063659,0.14,0.140006,-0.177375,-0.188958,0.003221,0.00261
1787224269.764211,1.52,75,1.277275,1.322553,1.000401,1.019458,0.293521,0.248268,-0.570395,-0.551285,-0.920282,-0.984578,1.061999,1.045211,-0.042361,-0.024552,-0.203398,-0.229508,-0.12,-0.120002,-0.008369,-0.007992,0.047006,0.025138,0.14,0.140208,-0.187006,-0.194862,0.008369,0.007926,-0.12,-0.119989,-0.003266,-0.002605,0.035673,0.063496,0.14,0.140006,-0.175673,-0.186641,0.003266,0.002732
1787224269.784031,1.54,76,1.277275,1.3135,1.000401,1.015646,0.293521,0.25732,-0.570395,-0.555106,-0.920282,-0.971719,1.061999,1.048569,-0.042361,-0.028115,-0.203398,-0.224287,-0.12,-0.120003,-0.008345,-0.008067,0.046315,0.025369,0.14,0.140165,-0.186315,-0.193291,0.008345,0.008015,-0.12,-0.119989,-0.003279,-0.002738,0.035162,0.063462,0.14,0.140006,-0.175162,-0.184447,0.003279,0.002839
1787224269.805651,1.56,77,1.249243,1.306256,1.001093,1.012597,0.321553,0.264561,-0.569704,-0.558162,-0.906506,-0.961432,1.069587,1.051255,-0.04712,-0.030964,-0.194632,-0.220109,-0.12,-0.120004,-0.008134,-0.008122,0.042286,0.025614,0.14,0.140131,-0.182286,-0.191896,0.008134,0.008081,-0.12,-0.11999,-0.004172,-0.002847,0.035083,0.063501,0.14,0.140006,-0.175083,-0.18259,0.004172,0.002926
1787224269.825081,1.58,78,1.249243,1.294856,1.001093,1.010296,0.321553,0.275961,-0.569704,-0.56047,-0.906506,-0.950447,1.069587,1.054921,-0.04712,-0.034196,-0.194632,-0.215014,-0.12,-0.120005,-0.008071,-0.008124,0.041078,0.026621,0.14,0.140104,-0.181078,-0.189975,0.008071,0.008092,-0.12,-0.11999,-0.004441,-0.003113,0.03506,0.064536,0.14,0.140006,-0.17506,-0.181088,0.004441,0.003175
1787224269.847941,1.6,79,1.215973,1.285735,1.006883,1.008455,0.354823,0.285081,-0.563913,-0.562316,-0.901367,-0.941659,1.062993,1.057854,-0.06141,-0.036781,-0.197849,-0.210938,-0.12,-0.120005,-0.008499,-0.008113,0.034185,0.027851,0.14,0.140082,-0.174185,-0.188196,0.008499,0.008088,-0.12,-0.11999,-0.007698,-0.003379,0.02967,0.065853,0.14,0.140006,-0.16967,-0.179882,0.007698,0.003428
1787224269.868644,1.62,80,1.215973,1.271785,1.006883,1.00814,0.354823,0.299032,-0.563913,-0.562635,-0.901367,-0.933601,1.062993,1.058882,-0.06141,-0.041707,-0.197849,-0.208321,-0.12,-0.120005,-0.008628,-0.008191,0.032117,0.029116,0.14,0.140065,-0.172117,-0.185394,0.008628,0.00817,-0.12,-0.11999,-0.008675,-0.004242,0.028053,0.067266,0.14,0.140006,-0.168053,-0.177839,0.008675,0.004282
1787224269.890242,1.64,81,1.190039,1.260625,1.014203,1.007889,0.380758,0.310192,-0.556594,-0.562891,-0.916472,-0.927154,1.05229,1.059704,-0.073386,-0.045648,-0.199224,-0.206227,-0.12,-0.120006,-0.007921,-0.00828,0.022696,0.029715,0.146427,0.140051,-0.169123,-0.182739,0.007921,0.008261,-0.12,-0.11999,-0.011531,-0.005128,0.021137,0.068032,0.14,0.140006,-0.161137,-0.175881,0.011531,0.005161
1787224269.910803,1.66,82,1.190039,1.24651,1.014203,1.009152,0.380758,0.324308,-0.556594,-0.561632,-0.916472,-0.925018,1.05229,1.058221,-0.073386,-0.051195,-0.199224,-0.204826,-0.12,-0.120006,-0.007708,-0.008629,0.01987,0.02831,0.148355,0.141325,-0.168225,-0.180016,0.007708,0.008192,-0.12,-0.119991,-0.012388,-0.006406,0.019063,0.067409,0.14,0.140006,-0.159063,-0.172932,0.012388,0.006435
1787224269.930895,1.68,83,1.190039,1.235217,1.014203,1.010162,0.380758,0.335601,-0.556594,-0.560625,-0.916472,-0.923309,1.05229,1.057035,-0.073386,-0.055633,-0.199224,-0.203705,-0.12,-0.120006,-0.007645,-0.00909,0.019022,0.026621,0.148934,0.142731,-0.167956,-0.177658,0.007645,0.008095,-0.12,-0.119991,-0.012645,-0.007599,0.01844,0.066548,0.14,0.140006,-0.15844,-0.170158,0.012645,0.007626
1787224269.952,1.7,84,1.172019,1.226184,1.024489,1.010971,0.398777,0.344636,-0.546308,-0.559819,-0.941318,-0.921941,1.042811,1.056086,-0.081838,-0.059183,-0.197749,-0.202808,-0.12,-0.120007,-0.007728,-0.009463,0.019132,0.0251,0.147593,0.14397,-0.166725,-0.175718,0.007728,0.008004,-0.12,-0.119993,-0.014346,-0.008606,0.014854,0.065563,0.14,0.140006,-0.154854,-0.167815,0.014346,0.00863
1787224269.971349,1.72,85,1.172019,1.215396,1.024489,1.013684,0.398777,0.35551,-0.546308,-0.557127,-0.941318,-0.925816,1.042811,1.053432,-0.081838,-0.063713,-0.197749,-0.201792,-0.12,-0.120008,-0.007753,-0.009728,0.019165,0.023905,0.147191,0.144694,-0.166356,-0.17392,0.007753,0.007948,-0.12,-0.119994,-0.014857,-0.009752,0.013778,0.061049,0.14,0.140006,-0.153778,-0.165222,0.014857,0.009774
1787224269.989831,1.74,86,1.172019,1.206718,1.024489,1.015844,0.398777,0.364163,-0.546308,-0.554963,-0.941318,-0.928916,1.042811,1.051308,-0.081838,-0.067337,-0.197749,-0.200977,-0.12,-0.120008,-0.00776,-0.009334,0.019175,0.022956,0.14707,0.145193,-0.166245,-0.172407,0.00776,0.007909,-0.12,-0.119994,-0.01501,-0.010771,0.013456,0.051597,0.14,0.140005,-0.153456,-0.162935,0.01501,0.010791
1787224270.013146,1.76,87,1.160894,1.199775,1.033662,1.017571,0.409903,0.371084,-0.537135,-0.553231,-0.966106,-0.931396,1.051577,1.049609,-0.087862,-0.070235,-0.184175,-0.200324,-0.12,-0.120006,-0.007892,-0.00902,0.014622,0.0222,0.14909,0.145568,-0.163711,-0.171175,0.007892,0.007879,-0.12,-0.119995,-0.015847,-0.011618,0.009971,0.043969,0.14,0.140003,-0.149971,-0.16104,0.015847,0.011635
1787224270.031234,1.78,88,1.160894,1.191993,1.033662,1.020785,0.409903,0.378845,-0.537135,-0.550009,-0.966106,-0.938338,1.051577,1.050002,-0.087862,-0.073751,-0.184175,-0.197083,-0.12,-0.120005,-0.007931,-0.008794,0.013256,0.020684,0.149695,0.146273,-0.162951,-0.169683,0.007931,0.007882,-0.12,-0.119996,-0.016097,-0.012463,0.008926,0.03717,0.14,0.140002,-0.148926,-0.158827,0.016097,0.012477
1787224270.052274,1.8,89,1.149947,1.185814,1.040076,1.023375,0.42085,0.385099,-0.530721,-0.54745,-1.029115,-0.943891,0.99095,1.050317,-0.087786,-0.076569,-0.181696,-0.194497,-0.12,-0.120005,-0.007948,-0.009146,0.010839,0.018892,0.148253,0.146956,-0.159092,-0.168337,0.007948,0.007891,-0.12,-0.119995,-0.016727,-0.013188,0.012514,0.03292,0.14,0.140003,-0.152514,-0.156847,0.016727,0.013202
1787224270.072382,1.82,90,1.149947,1.178636,1.040076,1.026712,0.42085,0.392247,-0.530721,-0.544102,-1.029115,-0.960936,0.99095,1.038446,-0.087786,-0.078807,-0.181696,-0.191931,-0.12,-0.120005,-0.007953,-0.009594,0.010114,0.017279,0.14782,0.147214,-0.157934,-0.166489,0.007953,0.007902,-0.12,-0.119994,-0.016916,-0.013893,0.013591,0.031284,0.14,0.140003,-0.153591,-0.155981,0.016916,0.013907
1787224270.096723,1.84,91,1.144964,1.172896,1.044822,1.029383,0.425832,0.397967,-0.525975,-0.541425,-1.011248,-0.974571,0.98358,1.028947,-0.082293,-0.080599,-0.183393,-0.18988,-0.12,-0.120005,-0.007969,-0.009971,0.003418,0.015845,0.153176,0.147334,-0.156594,-0.164779,0.007969,0.007911,-0.12,-0.119993,-0.01756,-0.014495,0.014007,0.029887,0.14,0.140004,-0.154007,-0.155502,0.01756,0.01451
1787224270.113927,1.86,92,1.144964,1.167309,1.044822,1.03247,0.425832,0.40354,-0.525975,-0.538334,-1.011248,-0.981907,0.98358,1.019875,-0.082293,-0.080936,-0.183393,-0.188582,-0.12,-0.120005,-0.007974,-0.01047,0.001409,0.013357,0.154783,0.148501,-0.156192,-0.163143,0.007974,0.007922,-0.12,-0.119992,-0.017753,-0.015106,0.014132,0.028115,0.14,0.140004,-0.154132,-0.155203,0.017753,0.01512
1787224270.136031,1.88,93,1.144964,1.162839,1.044822,1.03494,0.425832,0.407999,-0.525975,-0.535863,-1.011248,-0.987775,0.98358,1.012616,-0.082293,-0.081207,-0.183393,-0.187544,-0.12,-0.120006,-0.007975,-0.010934,0.000806,0.010966,0.155265,0.149756,-0.156071,-0.161754,0.007975,0.007932,-0.12,-0.119992,-0.017811,-0.015633,0.014169,0.026486,0.14,0.140004,-0.154169,-0.154989,0.017811,0.015647
1787224270.15588,1.9,94,1.143219,1.159264,1.05355,1.036916,0.427577,0.411567,-0.517246,-0.533885,-0.998947,-0.992469,0.979763,1.006809,-0.070165,-0.081424,-0.180857,-0.186714,-0.12,-0.120006,-0.007986,-0.01133,0.001957,0.008932,0.15267,0.150856,-0.154627,-0.160618,0.007986,0.00794,-0.12,-0.119992,-0.018216,-0.016066,0.017509,0.025103,0.14,0.140005,-0.157509,-0.154825,0.018216,0.016081
1787224270.17671,1.92,95,1.143219,1.156056,1.05355,1.040243,0.427577,0.41477,-0.517246,-0.530559,-0.998947,-0.993765,0.979763,1.0014,-0.070165,-0.079173,-0.180857,-0.185542,-0.12,-0.120006,-0.00799,-0.01171,0.002302,0.007535,0.151891,0.151218,-0.154193,-0.159421,0.00799,0.007949,-0.12,-0.119991,-0.018337,-0.016493,0.018512,0.024096,0.14,0.140005,-0.158512,-0.155362,0.018337,0.016508
1787224270.197168,1.94,96,1.14502,1.153489,1.058391,1.042905,0.425776,0.417332,-0.512405,-0.527897,-0.96947,-0.994801,0.976068,0.997073,-0.053803,-0.077372,-0.184354,-0.184605,-0.12,-0.120006,-0.007918,-0.012031,-0.001654,0.006487,0.154933,0.151351,-0.153279,-0.158376,0.007918,0.007956,-0.12,-0.119991,-0.018817,-0.01686,0.019469,0.023308,0.14,0.140005,-0.159469,-0.155991,0.018817,0.016875
1787224270.216664,1.96,97,1.14502,1.151795,1.058391,1.046003,0.425776,0.419021,-0.512405,-0.5248,-0.96947,-0.989735,0.976068,0.992872,-0.053803,-0.072658,-0.184354,-0.184553,-0.12,-0.120005,-0.007896,-0.012378,-0.002841,0.004857,0.155846,0.152067,-0.153005,-0.157357,0.007896,0.007948,-0.12,-0.119992,-0.018961,-0.017248,0.019757,0.022541,0.14,0.140004,-0.159757,-0.156687,0.018961,0.017264
1787224270.237139,1.98,98,1.143211,1.15044,1.058623,1.048481,0.427585,0.420373,-0.512174,-0.522322,-0.954294,-0.985682,0.94885,0.989511,-0.031792,-0.068887,-0.19319,-0.184511,-0.12,-0.120004,-0.007893,-0.012659,-0.009668,0.003317,0.163456,0.152822,-0.153788,-0.156487,0.007893,0.007937,-0.12,-0.119993,-0.019062,-0.017588,0.015992,0.021985,0.14,0.140004,-0.155992,-0.157301,0.019062,0.017604
1787224270.256932,2.0,99,1.143211,1.148995,1.058623,1.050509,0.427585,0.421816,-0.512174,-0.520293,-0.954294,-0.979405,0.94885,0.981379,-0.031792,-0.061467,-0.19319,-0.186244,-0.12,-0.120004,-0.007892,-0.012993,-0.011716,0.00072,0.165739,0.154948,-0.154023,-0.155948,0.007892,0.007927,-0.12,-0.119993,-0.019093,-0.01788,0.014862,0.020787,0.14,0.140003,-0.154862,-0.15704,0.019093,0.017896
1787224270.278774,2.02,100,1.143211,1.147838,1.058623,1.052132,0.427585,0.42297,-0.512174,-0.518669,-0.954294,-0.974383,0.94885,0.974873,-0.031792,-0.055532,-0.19319,-0.187631,-0.12,-0.120003,-0.007892,-0.013288,-0.01233,-0.001768,0.166424,0.157106,-0.154094,-0.155564,0.007892,0.00792,-0.12,-0.119993,-0.019102,-0.01812,0.014524,0.019603,0.14,0.140003,-0.154524,-0.156604,0.019102,0.018136
1787224270.302313,2.04,101,1.14689,1.146913,1.058675,1.05343,0.423906,0.423893,-0.512121,-0.517371,-0.963142,-0.970365,0.911155,0.969669,-0.005246,-0.050784,-0.20245,-0.188741,-0.12,-0.120003,-0.0088,-0.013524,-0.023274,-0.003882,0.173419,0.158968,-0.150144,-0.15527,0.0088,0.007913,-0.12,-0.119993,-0.019295,-0.018314,0.00968,0.018588,0.14,0.140003,-0.14968,-0.156188,0.019295,0.01833
1787224270.322404,2.06,102,1.14689,1.146908,1.058675,1.054479,0.423906,0.423896,-0.512121,-0.516321,-0.963142,-0.968921,0.911155,0.957966,-0.005246,-0.041676,-0.20245,-0.191481,-0.12,-0.120002,-0.009073,-0.013453,-0.026558,-0.00776,0.175517,0.161858,-0.148959,-0.154245,0.009073,0.00809,-0.12,-0.119995,-0.019353,-0.018049,0.008226,0.016806,0.14,0.140002,-0.148226,-0.154887,0.019353,0.018523
1787224270.343534,2.08,103,1.151663,1.146905,1.05593,1.055318,0.419133,0.423898,-0.514866,-0.515481,-1.022188,-0.967765,0.989474,0.948604,0.019744,-0.034391,-0.210562,-0.193675,-0.12,-0.120001,-0.008311,-0.013043,-0.056967,-0.011519,0.202931,0.16459,-0.145964,-0.153188,0.008311,0.008286,-0.12,-0.119995,-0.018504,-0.017433,-0.095343,0.01509,0.188811,0.140001,-0.093468,-0.153555,0.018504,0.01869
1787224270.367496,2.1,104,1.151663,1.147856,1.05593,1.055441,0.419133,0.422945,-0.514866,-0.515358,-1.022188,-0.978649,0.989474,0.956778,0.019744,-0.023566,-0.210562,-0.197056,-0.12,-0.120002,-0.008083,-0.014041,-0.06609,-0.020611,0.211156,0.172257,-0.145066,-0.151744,0.008083,0.00829,-0.12,-0.119994,-0.018249,-0.017645,-0.126414,0.001561,0.203454,0.149764,-0.07704,-0.141539,0.018249,0.018653
1787224270.386109,2.12,105,1.151663,1.148618,1.05593,1.055539,0.419133,0.422182,-0.514866,-0.515259,-1.022188,-0.987357,0.989474,0.963317,0.019744,-0.014907,-0.210562,-0.199766,-0.12,-0.120002,-0.008015,-0.014961,-0.068827,-0.029708,0.213623,0.180036,-0.144796,-0.150409,0.008015,0.008248,-0.12,-0.119993,-0.018173,-0.017763,-0.135735,-0.01273,0.207847,0.160503,-0.072112,-0.12864,0.018173,0.018573
1787224270.406329,2.14,106,1.161507,1.149227,1.052721,1.055617,0.409289,0.421573,-0.518076,-0.515181,-1.030617,-0.994323,1.003769,0.968549,0.038192,-0.007981,-0.216859,-0.201936,-0.12,-0.120003,-0.006846,-0.015772,-0.069648,-0.037534,0.214583,0.186752,-0.144935,-0.149287,0.006846,0.008201,-0.12,-0.119992,-0.017343,-0.017842,-0.137787,-0.025272,0.20842,0.169973,-0.070634,-0.117335,0.017343,0.018494
1787224270.42385,2.16,107,1.161507,1.151683,1.052721,1.055038,0.409289,0.419116,-0.518076,-0.51576,-1.030617,-1.001582,1.003769,0.975593,0.038192,0.001248,-0.216859,-0.204935,-0.12,-0.120003,-0.006496,-0.016281,-0.069894,-0.043959,0.214871,0.192317,-0.144977,-0.148417,0.006496,0.007929,-0.12,-0.119991,-0.017094,-0.017739,-0.138402,-0.035554,0.208592,0.177663,-0.07019,-0.107995,0.017094,0.018264
1787224270.441699,2.18,108,1.161507,1.153648,1.052721,1.054575,0.409289,0.417151,-0.518076,-0.516223,-1.030617,-1.007389,1.003769,0.981228,0.038192,0.008632,-0.216859,-0.207331,-0.12,-0.120004,-0.00639,-0.016645,-0.069968,-0.049148,0.214958,0.196827,-0.14499,-0.14773,0.00639,0.007642,-0.12,-0.119991,-0.017019,-0.017607,-0.138587,-0.043889,0.208644,0.18385,-0.070057,-0.100434,0.017019,0.018031
1787224270.463776,2.2,109,1.16771,1.15522,1.050364,1.054204,0.403087,0.415579,-0.520432,-0.516594,-1.017627,-1.012034,0.991095,0.985736,0.051272,0.014541,-0.218895,-0.209246,-0.12,-0.120004,-0.005493,-0.016926,-0.06999,-0.053314,0.214135,0.200452,-0.144145,-0.147182,0.005493,0.007391,-0.12,-0.11999,-0.016765,-0.017487,-0.137694,-0.050624,0.207711,0.18881,-0.070017,-0.094359,0.016765,0.017829
1787224270.482882,2.22,110,1.16771,1.157718,1.050364,1.053436,0.403087,0.41308,-0.520432,-0.517361,-1.017627,-1.013153,0.991095,0.986808,0.051272,0.021884,-0.218895,-0.211185,-0.12,-0.120004,-0.005224,-0.017087,-0.069997,-0.056651,0.213888,0.203187,-0.143891,-0.146575,0.005224,0.007011,-0.12,-0.11999,-0.016689,-0.01734,-0.137427,-0.056009,0.207432,0.192591,-0.070005,-0.089491,0.016689,0.017617
1787224270.505488,2.24,111,1.171465,1.159717,1.049126,1.052822,0.399331,0.411082,-0.52167,-0.517976,-1.016476,-1.014048,0.987939,0.987665,0.057981,0.027759,-0.218511,-0.212734,-0.12,-0.120005,-0.004729,-0.017191,-0.069999,-0.059322,0.212595,0.205326,-0.142596,-0.146039,0.004729,0.006653,-0.12,-0.11999,-0.016566,-0.017207,-0.136564,-0.060345,0.206565,0.19556,-0.070002,-0.085594,0.016566,0.017432
1787224270.529694,2.26,112,1.171465,1.162066,1.049126,1.052083,0.399331,0.408732,-0.52167,-0.518715,-1.016476,-1.014533,0.987939,0.98772,0.057981,0.033802,-0.218511,-0.213895,-0.12,-0.120005,-0.00458,-0.017245,-0.07,-0.061459,0.212207,0.206779,-0.142207,-0.145351,0.00458,0.006268,-0.12,-0.11999,-0.016528,-0.017076,-0.136305,-0.063846,0.206305,0.197762,-0.07,-0.082475,0.016528,0.017259
1787224270.549914,2.28,113,1.171465,1.163946,1.049126,1.051492,0.399331,0.406852,-0.52167,-0.519306,-1.016476,-1.014922,0.987939,0.987764,0.057981,0.038637,-0.218511,-0.214822,-0.12,-0.120005,-0.004535,-0.017272,-0.07,-0.063169,0.212091,0.207863,-0.142091,-0.144723,0.004535,0.00593,-0.12,-0.11999,-0.016517,-0.016964,-0.136227,-0.066685,0.206227,0.199472,-0.07,-0.07998,0.016517,0.017114
1787224270.572556,2.3,114,1.174472,1.165432,1.048165,1.051013,0.396324,0.40533,-0.522631,-0.519773,-1.002698,-1.015233,0.978668,0.987799,0.058197,0.042507,-0.218027,-0.215548,-0.12,-0.120004,-0.004125,-0.016998,-0.07,-0.064536,0.211186,0.208708,-0.141187,-0.144197,0.004125,0.00565,-0.12,-0.11999,-0.016446,-0.015354,-0.135968,-0.08059,0.216286,0.200823,-0.080318,-0.077985,0.016446,0.016995
1787224270.590618,2.32,115,1.174472,1.167238,1.048165,1.050443,0.396324,0.403527,-0.522631,-0.520344,-1.002698,-1.012726,0.978668,0.985973,0.058197,0.045645,-0.218027,-0.216043,-0.12,-0.120005,-0.004002,-0.017739,-0.07,-0.06759,0.210915,0.209202,-0.140915,-0.143596,0.004002,0.005345,-0.12,-0.11999,-0.016425,-0.015569,-0.135891,-0.086144,0.219304,0.203917,-0.083413,-0.078451,0.016425,0.016886
1787224270.608938,2.34,116,1.174472,1.168685,1.048165,1.049988,0.396324,0.402086,-0.522631,-0.520801,-1.002698,-1.01072,0.978668,0.984512,0.058197,0.048156,-0.218027,-0.216439,-0.12,-0.120005,-0.003965,-0.017888,-0.07,-0.068074,0.210834,0.209543,-0.140834,-0.14306,0.003965,0.005076,-0.12,-0.119989,-0.016418,-0.015738,-0.135867,-0.088227,0.220209,0.206995,-0.084342,-0.079444,0.016418,0.016794
1787224270.628807,2.36,117,1.174472,1.169842,1.048165,1.049623,0.396324,0.400934,-0.522631,-0.521167,-1.002698,-1.009116,0.978668,0.983343,0.058197,0.050164,-0.218027,-0.216756,-0.12,-0.120005,-0.003954,-0.017988,-0.07,-0.068461,0.21081,0.2098,-0.14081,-0.142616,0.003954,0.004853,-0.12,-0.119989,-0.016416,-0.015871,-0.13586,-0.089994,0.220481,0.209639,-0.08462,-0.080423,0.016416,0.01672
1787224270.647077,2.38,118,1.175185,1.170768,1.048444,1.049332,0.395611,0.400012,-0.522352,-0.52146,-1.021328,-1.007832,1.001496,0.982408,0.058668,0.051771,-0.218967,-0.217009,-0.12,-0.120005,-0.003678,-0.018058,-0.07,-0.06877,0.218133,0.210001,-0.148133,-0.142255,0.003678,0.004672,-0.12,-0.119989,-0.01618,-0.015978,-0.135736,-0.09147,0.22189,0.211809,-0.086155,-0.081263,0.01618,0.01666
1787224270.663007,2.4,119,1.175185,1.171651,1.048444,1.049154,0.395611,0.399132,-0.522352,-0.521638,-1.021328,-1.010531,1.001496,0.986225,0.058668,0.05315,-0.218967,-0.2174,-0.12,-0.120005,-0.003596,-0.017967,-0.07,-0.069018,0.22033,0.211626,-0.15033,-0.143431,0.003596,0.004473,-0.12,-0.119989,-0.01611,-0.016015,-0.135698,-0.092252,0.222313,0.213826,-0.086615,-0.082241,0.01611,0.016565
1787224270.681401,2.42,120,1.175185,1.172358,1.048444,1.049012,0.395611,0.398428,-0.522352,-0.521781,-1.021328,-1.012691,1.001496,0.989279,0.058668,0.054254,-0.218967,-0.217713,-0.12,-0.120005,-0.003571,-0.017844,-0.07,-0.069216,0.220989,0.213366,-0.150989,-0.144812,0.003571,0.004297,-0.12,-0.119989,-0.016088,-0.016032,-0.135687,-0.092792,0.22244,0.215524,-0.086753,-0.083116,0.016088,0.016474
1787224270.703178,2.44,121,1.175059,1.172924,1.049062,1.048899,0.395737,0.397864,-0.521735,-0.521895,-1.033567,-1.014418,1.020059,0.991723,0.055023,0.055137,-0.218935,-0.217963,-0.12,-0.120005,-0.003027,-0.017727,-0.07,-0.069375,0.225679,0.214889,-0.155679,-0.146048,0.003027,0.004151,-0.12,-0.119989,-0.015833,-0.01604,-0.04363,-0.093238,0.164732,0.216909,-0.121102,-0.083843,0.015833,0.016398
1787224270.723462,2.46,122,1.175059,1.173351,1.049062,1.048931,0.395737,0.397439,-0.521735,-0.521863,-1.033567,-1.018248,1.020059,0.99739,0.055023,0.055114,-0.218935,-0.218158,-0.12,-0.120003,-0.002864,-0.016484,-0.07,-0.0695,0.227085,0.217047,-0.157085,-0.147974,0.002864,0.003926,-0.12,-0.11999,-0.015757,-0.015331,-0.016013,-0.083317,0.14742,0.206474,-0.131406,-0.091295,0.015757,0.016285
1787224270.747111,2.48,123,1.17591,1.173693,1.049534,1.048957,0.394886,0.397099,-0.521262,-0.521837,-1.032486,-1.021311,1.007378,1.001924,0.050029,0.055096,-0.218487,-0.218313,-0.12,-0.12,-0.00284,-0.013763,-0.07,-0.067887,0.229599,0.219055,-0.159599,-0.149796,0.00284,0.003713,-0.12,-0.119993,-0.015561,-0.013483,-0.00658,-0.069859,0.142226,0.194662,-0.135646,-0.099318,0.015561,0.01618
1787224270.768221,2.5,124,1.17591,1.174137,1.049534,1.049073,0.394886,0.396656,-0.521262,-0.521722,-1.032486,-1.023546,1.007378,1.003015,0.050029,0.054083,-0.218487,-0.218349,-0.12,-0.119998,-0.002832,-0.011581,-0.07,-0.06581,0.230353,0.221165,-0.160353,-0.151757,0.002832,0.003538,-0.12,-0.119995,-0.015502,-0.012184,-0.00375,-0.057206,0.140668,0.184175,-0.136918,-0.106584,0.015502,0.016057
1787224270.794735,2.52,125,1.176316,1.174492,1.049848,1.049165,0.39448,0.396302,-0.520949,-0.52163,-1.041641,-1.025334,1.006147,1.003887,0.045165,0.053272,-0.21918,-0.218378,-0.12,-0.119996,-0.002935,-0.009833,-0.07,-0.063957,0.23122,0.223004,-0.16122,-0.153476,0.002935,0.003396,-0.12,-0.119997,-0.015578,-0.011193,-0.001769,-0.046517,0.1402,0.175473,-0.138431,-0.112652,0.015578,0.015947
1787224270.815602,2.54,126,1.176316,1.174858,1.049848,1.049301,0.39448,0.39594,-0.520949,-0.521493,-1.041641,-1.028595,1.006147,1.004339,0.045165,0.051651,-0.21918,-0.218539,-0.12,-0.119994,-0.002966,-0.008456,-0.07,-0.06357,0.23148,0.224648,-0.16148,-0.155024,0.002966,0.003304,-0.12,-0.119998,-0.0156,-0.010367,-0.001175,-0.03757,0.14006,0.168418,-0.138885,-0.117808,0.0156,0.015874
1787224270.837347,2.56,127,1.176434,1.175152,1.049618,1.049409,0.394362,0.39565,-0.521178,-0.521383,-1.057015,-1.031204,0.999057,1.004701,0.041432,0.050354,-0.220391,-0.218666,-0.12,-0.119993,-0.003316,-0.007361,-0.07,-0.064854,0.232876,0.226015,-0.162876,-0.156315,0.003316,0.003235,-0.12,-0.119999,-0.015966,-0.009563,-0.001162,-0.030294,0.140018,0.162746,-0.138856,-0.122024,0.015966,0.01582
1787224270.855341,2.58,128,1.176434,1.175411,1.049618,1.049451,0.394362,0.395395,-0.521178,-0.521342,-1.057015,-1.036366,0.999057,1.003572,0.041432,0.04857,-0.220391,-0.21901,-0.12,-0.119994,-0.003421,-0.007462,-0.07,-0.065883,0.233295,0.227387,-0.163295,-0.157628,0.003421,0.003251,-0.12,-0.119999,-0.016076,-0.009892,-0.001158,-0.024469,0.140005,0.158201,-0.138847,-0.12539,0.016076,0.01585
1787224270.874288,2.6,129,1.177699,1.175617,1.048716,1.049484,0.393098,0.39519,-0.52208,-0.521309,-1.062748,-1.040495,0.999904,1.002669,0.03822,0.047143,-0.221624,-0.219287,-0.12,-0.119995,-0.003576,-0.008506,-0.07,-0.066706,0.237285,0.228568,-0.167285,-0.158761,0.003576,0.003284,-0.12,-0.119998,-0.016201,-0.011087,-0.00054,-0.019807,0.140002,0.154562,-0.139462,-0.128082,0.016201,0.015896
1787224270.890685,2.62,130,1.177699,1.176036,1.048716,1.049331,0.393098,0.394774,-0.52208,-0.521464,-1.062748,-1.044945,0.999904,1.002116,0.03822,0.045359,-0.221624,-0.219756,-0.12,-0.119995,-0.003623,-0.009378,-0.07,-0.067365,0.238483,0.230311,-0.168483,-0.160466,0.003623,0.003342,-0.12,-0.119997,-0.016239,-0.012107,-0.000355,-0.015954,0.14,0.151651,-0.139646,-0.130358,0.016239,0.015957
1787224270.909388,2.64,131,1.177699,1.176369,1.048716,1.049208,0.393098,0.394439,-0.52208,-0.521587,-1.062748,-1.048505,0.999904,1.001674,0.03822,0.043932,-0.221624,-0.220132,-0.12,-0.119994,-0.003637,-0.008229,-0.07,-0.067589,0.238842,0.231946,-0.168842,-0.162069,0.003637,0.003397,-0.12,-0.119999,-0.01625,-0.01111,-0.000299,-0.012836,0.14,0.14932,-0.139701,-0.132216,0.01625,0.016014
1787224270.928593,2.66,132,1.178688,1.176635,1.047632,1.04911,0.392108,0.394171,-0.523165,-0.521686,-1.047958,-1.051353,1.057093,1.00132,0.035036,0.04279,-0.223001,-0.220432,-0.12,-0.119993,-0.0039,-0.007313,-0.063739,-0.067785,0.230307,0.233326,-0.166568,-0.163423,0.0039,0.003445,-0.12,-0.12,-0.016225,-0.010367,-0.000407,-0.010331,0.14,0.147455,-0.139593,-0.133714,0.016225,0.016062
1787224270.947375,2.68,133,1.178688,1.177045,1.047632,1.048814,0.392108,0.393758,-0.523165,-0.521981,-1.047958,-1.050674,1.057093,1.012473,0.035036,0.04124,-0.223001,-0.220949,-0.12,-0.119992,-0.003979,-0.006633,-0.06186,-0.066974,0.227747,0.232724,-0.165887,-0.164052,0.003979,0.003535,-0.12,-0.120001,-0.016218,-0.00984,-0.000439,-0.008348,0.14,0.145963,-0.139561,-0.13489,0.016218,0.016096
1787224270.971206,2.7,134,1.178725,1.177374,1.046538,1.048578,0.392071,0.393428,-0.524258,-0.522218,-1.034654,-1.050131,1.088649,1.021396,0.03127,0.04,-0.224409,-0.221362,-0.12,-0.119992,-0.004063,-0.006105,-0.062454,-0.06595,0.226756,0.231729,-0.164302,-0.164419,0.004063,0.003623,-0.12,-0.120001,-0.016232,-0.009468,-0.00122,-0.006768,0.14,0.14477,-0.13878,-0.135825,0.016232,0.016121
1787224270.993415,2.72,135,1.178725,1.177644,1.046538,1.04817,0.392071,0.393157,-0.524258,-0.522626,-1.034654,-1.047037,1.088649,1.034844,0.03127,0.038256,-0.224409,-0.221974,-0.12,-0.119992,-0.004089,-0.005699,-0.062632,-0.06525,0.226458,0.230735,-0.163826,-0.164395,0.004089,0.003711,-0.12,-0.120001,-0.016236,-0.009186,-0.001454,-0.005659,0.14,0.143815,-0.138546,-0.136417,0.016236,0.016144
1787224271.013131,2.74,136,1.178725,1.17786,1.046538,1.047844,0.392071,0.392939,-0.524258,-0.522952,-1.034654,-1.044561,1.088649,1.045603,0.03127,0.03686,-0.224409,-0.222464,-0.12,-0.119992,-0.004096,-0.00538,-0.062686,-0.064725,0.226369,0.229881,-0.163684,-0.164281,0.004096,0.003786,-0.12,-0.120001,-0.016237,-0.008978,-0.001525,-0.004819,0.14,0.143052,-0.138475,-0.136843,0.016237,0.016163
1787224271.037276,2.76,137,1.179024,1.178033,1.045537,1.047583,0.391772,0.392766,-0.525259,-0.523213,-1.020836,-1.04258,1.105513,1.05421,0.0264,0.035743,-0.225275,-0.222855,-0.12,-0.119992,-0.004175,-0.005126,-0.059911,-0.064317,0.220141,0.229179,-0.16023,-0.164162,0.004175,0.003847,-0.12,-0.120001,-0.016231,-0.008841,-0.002359,-0.004161,0.14,0.142441,-0.137641,-0.13717,0.016231,0.016178
1787224271.059148,2.78,138,1.179024,1.178231,1.045537,1.047174,0.391772,0.392567,-0.525259,-0.523622,-1.020836,-1.038234,1.105513,1.064468,0.0264,0.033876,-0.225275,-0.223343,-0.12,-0.119993,-0.004199,-0.004939,-0.059079,-0.063436,0.218273,0.227373,-0.159194,-0.163376,0.004199,0.003912,-0.12,-0.12,-0.016229,-0.008766,-0.00261,-0.003801,0.14,0.141953,-0.13739,-0.137264,0.016229,0.01619
1787224271.07967,2.8,139,1.179372,1.17839,1.045115,1.046847,0.391424,0.392408,-0.525682,-0.523949,-1.003047,-1.034756,1.104212,1.072674,0.022765,0.032382,-0.225908,-0.223733,-0.12,-0.119993,-0.004265,-0.004793,-0.056356,-0.062564,0.214197,0.225554,-0.157841,-0.16254,0.004265,0.003969,-0.12,-0.119999,-0.016192,-0.008729,-0.004127,-0.003563,0.14,0.141562,-0.135873,-0.13729,0.016192,0.016198
1787224271.100458,2.82,140,1.179372,1.178586,1.045115,1.0465,0.391424,0.392211,-0.525682,-0.524295,-1.003047,-1.028419,1.104212,1.078979,0.022765,0.030461,-0.225908,-0.224173,-0.12,-0.119994,-0.004285,-0.005156,-0.055539,-0.061323,0.212975,0.223284,-0.157435,-0.161601,0.004285,0.004027,-0.12,-0.119999,-0.016181,-0.0092,-0.004582,-0.003676,0.14,0.14125,-0.135418,-0.137007,0.016181,0.016198
1787224271.121126,2.84,141,1.180367,1.178743,1.044642,1.046223,0.39043,0.392054,-0.526154,-0.524572,-0.986714,-1.023349,1.085946,1.084023,0.018467,0.028923,-0.226024,-0.224525,-0.12,-0.119994,-0.004349,-0.005498,-0.054702,-0.060167,0.203918,0.221224,-0.149216,-0.160769,0.004349,0.004078,-0.12,-0.119998,-0.016171,-0.009653,-0.005544,-0.003857,0.14,0.141,-0.134456,-0.136689,0.016171,0.016195
1787224271.139792,2.86,142,1.180367,1.179067,1.044642,1.045907,0.39043,0.391729,-0.526154,-0.524888,-0.986714,-1.01603,1.085946,1.084409,0.018467,0.026834,-0.226024,-0.224831,-0.12,-0.119994,-0.004369,-0.005432,-0.054451,-0.059075,0.201201,0.217767,-0.14675,-0.158461,0.004369,0.004132,-0.12,-0.119998,-0.016168,-0.009608,-0.005833,-0.004194,0.14,0.1408,-0.134167,-0.136243,0.016168,0.016191
1787224271.15878,2.88,143,1.181713,1.179327,1.044608,1.045654,0.389083,0.391469,-0.526188,-0.525141,-0.971119,-1.010174,1.088079,1.084717,0.013251,0.025162,-0.224262,-0.225075,-0.12,-0.119994,-0.004395,-0.005222,-0.050508,-0.058151,0.191414,0.214458,-0.140906,-0.156122,0.004395,0.004179,-0.12,-0.119998,-0.016113,-0.010916,-0.093341,-0.004521,0.182591,0.14064,-0.08925,-0.135829,0.016113,0.016187
1787224271.176636,2.9,144,1.181713,1.179802,1.044608,1.045445,0.389083,0.390991,-0.526188,-0.52535,-0.971119,-1.002376,1.088079,1.08539,0.013251,0.022781,-0.224262,-0.224924,-0.12,-0.119996,-0.004403,-0.005057,-0.049325,-0.056625,0.188478,0.209857,-0.139153,-0.153084,0.004403,0.004222,-0.12,-0.119998,-0.016097,-0.011954,-0.119593,-0.02226,0.195368,0.149021,-0.075775,-0.126527,0.016097,0.016172
1787224271.19957,2.92,145,1.183287,1.180182,1.045268,1.045277,0.38751,0.390609,-0.525528,-0.525517,-0.940018,-0.996136,1.084078,1.085928,0.00919,0.020876,-0.22233,-0.224801,-0.12,-0.119997,-0.004462,-0.004927,-0.048772,-0.055168,0.184845,0.205589,-0.136073,-0.150303,0.004462,0.004258,-0.12,-0.119998,-0.015967,-0.012782,-0.126299,-0.041694,0.198032,0.158277,-0.071733,-0.116396,0.015967,0.016157
1787224271.219359,2.94,146,1.183287,1.1808,1.045268,1.045275,0.38751,0.389988,-0.525528,-0.52552,-0.940018,-0.98494,1.084078,1.08556,0.00919,0.018539,-0.22233,-0.224319,-0.12,-0.119998,-0.00448,-0.004834,-0.048606,-0.053892,0.183755,0.20145,-0.135149,-0.147463,0.00448,0.004299,-0.12,-0.119998,-0.015929,-0.013418,-0.128311,-0.058581,0.198831,0.166214,-0.07052,-0.107482,0.015929,0.01612
1787224271.24302,2.96,147,1.185211,1.181294,1.046206,1.045274,0.385585,0.389491,-0.52459,-0.525522,-0.945985,-0.975979,1.073584,1.085266,0.00699,0.016668,-0.219471,-0.223931,-0.12,-0.119998,-0.004614,-0.004763,-0.048436,-0.052838,0.180971,0.197921,-0.132535,-0.145007,0.004614,0.004335,-0.12,-0.119998,-0.015765,-0.01392,-0.12744,-0.072494,0.197596,0.172723,-0.070156,-0.100108,0.015765,0.016081
1787224271.263949,2.98,148,1.185211,1.384335,1.046206,1.211181,0.385585,0.475505,-0.52459,-0.528951,-0.945985,-1.055759,1.073584,1.215336,0.00699,0.014727,-0.219471,-0.223054,-0.12,-0.119999,-0.004654,-0.004733,-0.048385,-0.051958,0.180136,0.194532,-0.131751,-0.142514,0.004654,0.004391,-0.12,-0.119999,-0.015716,-0.014289,-0.127179,-0.083478,0.197226,0.177696,-0.070047,-0.09412,0.015716,0.016018
1787224271.28694,3.0,149,1.186572,1.344434,1.048099,1.231121,0.384224,0.458378,-0.522697,-0.528341,-0.949271,-1.033811,1.075813,1.18701,0.00502,0.013177,-0.217157,-0.222343,-0.12,-0.119999,-0.004573,-0.004718,-0.049235,-0.051244,0.182546,0.191653,-0.133311,-0.140361,0.004573,0.004444,-0.12,-0.119999,-0.015677,-0.014575,-0.12569,-0.092217,0.195704,0.181602,-0.070014,-0.089306,0.015677,0.015957
1787224271.30848,3.02,150,1.186572,1.396516,1.048099,1.276485,0.384224,0.443178,-0.522697,-0.527268,-0.949271,-1.016931,1.075813,1.164811,0.00502,0.011545,-0.217157,-0.221306,-0.12,-0.12,-0.004549,-0.004689,-0.049489,-0.050843,0.183268,0.189832,-0.133779,-0.138951,0.004549,0.00447,-0.12,-0.119999,-0.015666,-0.014796,-0.125243,-0.098911,0.195247,0.184422,-0.070004,-0.085448,0.015666,0.015901
1787224271.332143,3.04,151,1.187812,1.428925,1.051257,1.310972,0.382984,0.431115,-0.519539,-0.526492,-0.950507,-1.003414,1.056465,1.147037,-0.002895,0.010241,-0.213709,-0.220474,-0.12,-0.12,-0.004773,-0.004661,-0.049335,-0.050572,0.182557,0.188519,-0.133222,-0.137917,0.004773,0.004485,-0.12,-0.12,-0.015677,-0.01497,-0.123993,-0.104177,0.193994,0.186587,-0.070001,-0.082359,0.015677,0.015854
1787224271.350999,3.06,152,1.187812,1.453243,1.051257,1.337166,0.382984,0.421321,-0.519539,-0.525199,-0.950507,-0.992842,1.056465,1.128943,-0.002895,0.007617,-0.213709,-0.219114,-0.12,-0.12,-0.00484,-0.004683,-0.049289,-0.050325,0.182344,0.187327,-0.133055,-0.136978,0.00484,0.004543,-0.12,-0.12,-0.01568,-0.015111,-0.123618,-0.10814,0.193618,0.188068,-0.07,-0.079888,0.01568,0.015819
1787224271.371743,3.08,153,1.188647,1.47023,1.055801,1.360453,0.382149,0.413573,-0.514995,-0.524126,-0.951101,-0.98438,1.039435,1.11446,-0.009309,0.005518,-0.202948,-0.218027,-0.12,-0.12,-0.004778,-0.004715,-0.05094,-0.050118,0.184559,0.18633,-0.133619,-0.136194,0.004778,0.004602,-0.12,-0.12,-0.015671,-0.015225,-0.121792,-0.111236,0.20093,0.189178,-0.079138,-0.077911,0.015671,0.015791
1787224271.388587,3.1,154,1.188647,1.482675,1.055801,1.376993,0.382149,0.407241,-0.514995,-0.522336,-0.951101,-0.977728,1.039435,1.099466,-0.009309,0.00256,-0.202948,-0.215004,-0.12,-0.12,-0.004759,-0.004727,-0.051435,-0.050283,0.185223,0.185976,-0.133788,-0.135679,0.004759,0.004637,-0.12,-0.12,-0.015669,-0.015314,-0.121244,-0.113347,0.203123,0.191528,-0.08188,-0.078156,0.015669,0.015767
1787224271.406785,3.12,155,1.188647,1.492515,1.055801,1.389057,0.382149,0.402192,-0.514995,-0.520894,-0.951101,-0.972404,1.039435,1.087467,-0.009309,0.000192,-0.202948,-0.212587,-0.12,-0.120001,-0.004753,-0.004734,-0.051584,-0.050514,0.185422,0.185825,-0.133838,-0.135301,0.004753,0.004662,-0.12,-0.12,-0.015668,-0.015385,-0.121079,-0.114926,0.203781,0.193846,-0.082702,-0.078901,0.015668,0.015747
1787224271.428795,3.14,156,1.185592,1.499147,1.061796,1.396893,0.385204,0.398166,-0.509,-0.519729,-0.933813,-0.968144,1.026749,1.077865,-0.014099,-0.001705,-0.187671,-0.210656,-0.12,-0.120001,-0.004759,-0.004738,-0.051401,-0.050728,0.185299,0.185744,-0.133898,-0.135008,0.004759,0.00468,-0.12,-0.120001,-0.015458,-0.015442,-0.120677,-0.116157,0.205503,0.195833,-0.084826,-0.079661,0.015458,0.015731
1787224271.447758,3.16,157,1.185592,1.501104,1.061796,1.39931,0.385204,0.395571,-0.509,-0.517587,-0.933813,-0.96128,1.026749,1.067645,-0.014099,-0.004178,-0.187671,-0.206056,-0.12,-0.120001,-0.004761,-0.004742,-0.051346,-0.050863,0.185261,0.185655,-0.133915,-0.134786,0.004761,0.004696,-0.12,-0.120001,-0.015395,-0.015445,-0.120557,-0.117061,0.206019,0.197766,-0.085463,-0.080693,0.015395,0.015677
1787224271.467083,3.18,158,1.182363,1.500957,1.072805,1.398231,0.388434,0.3935,-0.497991,-0.515866,-0.921505,-0.955788,1.004883,1.059468,-0.025275,-0.006159,-0.170589,-0.202378,-0.12,-0.120001,-0.004733,-0.004746,-0.064404,-0.05096,0.202322,0.185576,-0.137918,-0.134612,0.004733,0.004709,-0.12,-0.120001,-0.015239,-0.015435,-0.121332,-0.11776,0.2079,0.199416,-0.086568,-0.081647,0.015239,0.01562
1787224271.486912,3.2,159,1.182363,1.497262,1.072805,1.390764,0.388434,0.392498,-0.497991,-0.512272,-0.921505,-0.948932,1.004883,1.048554,-0.025275,-0.009977,-0.170589,-0.196019,-0.12,-0.120001,-0.004725,-0.004743,-0.068321,-0.053648,0.20744,0.188924,-0.139119,-0.135273,0.004725,0.004714,-0.12,-0.120001,-0.015192,-0.015396,-0.121565,-0.118475,0.208464,0.201113,-0.086899,-0.082631,0.015192,0.015544
1787224271.512608,3.22,160,1.179206,1.491892,1.089637,1.38057,0.391591,0.391701,-0.481159,-0.509389,-0.92959,-0.943448,0.987356,1.039821,-0.032091,-0.013034,-0.149961,-0.190932,-0.12,-0.120001,-0.004755,-0.00474,-0.069496,-0.056582,0.21003,0.192626,-0.140534,-0.136042,0.004755,0.004716,-0.12,-0.120001,-0.014863,-0.015355,-0.121499,-0.119093,0.207911,0.202582,-0.086412,-0.083484,0.014863,0.015474
1787224271.532046,3.24,161,1.179206,1.486851,1.089637,1.364062,0.391591,0.391698,-0.481159,-0.503684,-0.92959,-0.940677,0.987356,1.029329,-0.032091,-0.016844,-0.149961,-0.18274,-0.12,-0.120001,-0.004764,-0.004743,-0.069849,-0.059165,0.210807,0.196106,-0.140958,-0.13694,0.004764,0.004724,-0.12,-0.120001,-0.014764,-0.015257,-0.121479,-0.119574,0.207745,0.203648,-0.086266,-0.08407,0.014764,0.015352
1787224271.552849,3.26,162,1.175961,1.479542,1.119546,1.34594,0.394835,0.391702,-0.451251,-0.499116,-0.969107,-0.93846,1.003762,1.020936,-0.046047,-0.019893,-0.128948,-0.176186,-0.12,-0.120001,-0.005008,-0.004747,-0.069955,-0.061301,0.218953,0.199045,-0.148999,-0.137743,0.005008,0.004732,-0.12,-0.120001,-0.014374,-0.015158,-0.047008,-0.119955,0.160323,0.204467,-0.113315,-0.084509,0.014374,0.015234
1787224271.57178,3.28,163,1.175961,1.484079,1.119546,1.32065,0.394835,0.392298,-0.451251,-0.489357,-0.969107,-0.944586,1.003762,1.017501,-0.046047,-0.025147,-0.128948,-0.166756,-0.12,-0.120001,-0.005081,-0.004799,-0.069986,-0.063032,0.221397,0.203025,-0.151411,-0.139994,0.005081,0.004787,-0.12,-0.120001,-0.014257,-0.015002,-0.024667,-0.105374,0.146097,0.195643,-0.12143,-0.090268,0.014257,0.015062
1787224271.592076,3.3,164,1.172518,1.48876,1.150168,1.289847,0.398278,0.392767,-0.420629,-0.48146,-1.008022,-0.949487,0.991862,1.014753,-0.060766,-0.029358,-0.102067,-0.159216,-0.12,-0.120001,-0.005487,-0.004856,-0.069996,-0.064422,0.225573,0.206698,-0.155577,-0.142276,0.005487,0.004846,-0.12,-0.120001,-0.013475,-0.014853,-0.017714,-0.089243,0.141829,0.185741,-0.124115,-0.096497,0.013475,0.014901
1787224271.610137,3.32,165,1.172518,1.501503,1.150168,1.262033,0.398278,0.39375,-0.420629,-0.469015,-1.008022,-0.961186,0.991862,1.010175,-0.060766,-0.035672,-0.102067,-0.147812,-0.12,-0.120001,-0.005609,-0.004982,-0.069999,-0.065537,0.226825,0.210471,-0.156826,-0.144935,0.005609,0.004974,-0.12,-0.120001,-0.01324,-0.014577,-0.015628,-0.074946,0.140549,0.176964,-0.124921,-0.102018,0.01324,0.014616
1787224271.627888,3.34,166,1.172518,1.515458,1.150168,1.239754,0.398278,0.394529,-0.420629,-0.459122,-1.008022,-0.970548,0.991862,1.006512,-0.060766,-0.040713,-0.102067,-0.138681,-0.12,-0.120001,-0.005645,-0.005107,-0.07,-0.066429,0.227201,0.213741,-0.157201,-0.147312,0.005645,0.005101,-0.12,-0.120001,-0.01317,-0.01431,-0.015002,-0.06309,0.140165,0.169685,-0.125162,-0.106597,0.01317,0.014341
1787224271.650522,3.36,167,1.170228,1.53308,1.176058,1.221916,0.400569,0.395112,-0.394738,-0.451242,-1.002133,-0.978037,0.972699,1.003582,-0.067997,-0.04474,-0.080432,-0.131373,-0.12,-0.120001,-0.005101,-0.005215,-0.07,-0.067143,0.230208,0.216431,-0.160208,-0.149289,0.005101,0.00521,-0.12,-0.120001,-0.012343,-0.014082,-0.092755,-0.053478,0.196648,0.163784,-0.103892,-0.110308,0.012343,0.014107
1787224271.66946,3.38,168,1.170228,1.516098,1.176058,1.212775,0.400569,0.39625,-0.394738,-0.439911,-1.002133,-0.982856,0.972699,0.997405,-0.067997,-0.049405,-0.080432,-0.121192,-0.12,-0.120001,-0.004938,-0.005192,-0.07,-0.067714,0.23111,0.219187,-0.16111,-0.151473,0.004938,0.005188,-0.12,-0.12,-0.012095,-0.013734,-0.116081,-0.061332,0.213593,0.170357,-0.097511,-0.109025,0.012095,0.013754
1787224271.689832,3.4,169,1.171554,1.502541,1.200556,1.205423,0.399242,0.397112,-0.370241,-0.43088,-1.046431,-0.986711,0.991099,0.992464,-0.061773,-0.053104,-0.049334,-0.113032,-0.12,-0.120001,-0.004802,-0.005141,-0.07,-0.068172,0.239496,0.221571,-0.169496,-0.1534,0.004802,0.005138,-0.12,-0.12,-0.011962,-0.013406,-0.125227,-0.072282,0.224576,0.179004,-0.099349,-0.106722,0.011962,0.013422
1787224271.711182,3.42,170,1.171554,1.493242,1.200556,1.204367,0.399242,0.397485,-0.370241,-0.418759,-1.046431,-0.998654,0.991099,0.992191,-0.061773,-0.054777,-0.049334,-0.100285,-0.12,-0.120001,-0.004761,-0.005073,-0.07,-0.068538,0.242012,0.225156,-0.172012,-0.156619,0.004761,0.005071,-0.12,-0.12,-0.011923,-0.013117,-0.127971,-0.082871,0.227871,0.188118,-0.099901,-0.105248,0.011923,0.01313
1787224271.730742,3.44,171,1.171554,1.486246,1.200556,1.203515,0.399242,0.397774,-0.370241,-0.409063,-1.046431,-1.008207,0.991099,0.991973,-0.061773,-0.056149,-0.049334,-0.090092,-0.12,-0.120001,-0.004748,-0.00501,-0.07,-0.06883,0.242767,0.228527,-0.172767,-0.159697,0.004748,0.005009,-0.12,-0.12,-0.011911,-0.012878,-0.128794,-0.09189,0.22886,0.196068,-0.100066,-0.104178,0.011911,0.012889
1787224271.752601,3.46,172,1.174604,1.49068,1.225678,1.212888,0.396192,0.398062,-0.345118,-0.401306,-1.096072,-1.015851,0.994107,0.991797,-0.052712,-0.057254,-0.02063,-0.081938,-0.12,-0.120001,-0.004134,-0.004958,-0.07,-0.069064,0.249161,0.231375,-0.179161,-0.162311,0.004134,0.004957,-0.12,-0.12,-0.01175,-0.012685,-0.130847,-0.099271,0.234994,0.202626,-0.104147,-0.103356,0.01175,0.012693
1787224271.773547,3.48,173,1.174604,1.50206,1.225678,1.215457,0.396192,0.39767,-0.345118,-0.390072,-1.096072,-1.031894,0.994107,0.992259,-0.052712,-0.056325,-0.02063,-0.069678,-0.12,-0.120001,-0.003949,-0.004793,-0.07,-0.069252,0.251079,0.234932,-0.181079,-0.165681,0.003949,0.004792,-0.12,-0.120001,-0.011702,-0.012498,-0.131463,-0.105586,0.236835,0.2091,-0.105371,-0.103514,0.011702,0.012505
1787224271.794728,3.5,174,1.180855,1.514167,1.253576,1.217515,0.389941,0.397351,-0.31722,-0.381086,-1.103185,-1.044729,0.977857,0.992628,-0.045271,-0.055596,-0.001645,-0.059869,-0.12,-0.120001,-0.003037,-0.004624,-0.07,-0.069401,0.251491,0.238161,-0.181491,-0.168761,0.003037,0.004623,-0.12,-0.120001,-0.011976,-0.012339,-0.133364,-0.110761,0.247499,0.214646,-0.114135,-0.103886,0.011976,0.012344
1787224271.814212,3.52,175,1.180855,1.533474,1.253576,1.224757,0.389941,0.395815,-0.31722,-0.368331,-1.103185,-1.056419,0.977857,0.989674,-0.045271,-0.053523,-0.001645,-0.048226,-0.12,-0.120001,-0.002763,-0.004307,-0.07,-0.069521,0.251614,0.240827,-0.181614,-0.171307,0.002763,0.004306,-0.12,-0.120001,-0.012058,-0.012266,-0.133934,-0.115282,0.250698,0.221216,-0.116765,-0.105935,0.012058,0.01227
1787224271.837131,3.54,176,1.187343,1.552818,1.281393,1.230549,0.383453,0.394583,-0.289403,-0.358126,-1.10035,-1.065771,0.946741,0.98731,-0.016454,-0.051876,0.00506,-0.038909,-0.12,-0.120001,-0.003116,-0.003998,-0.07,-0.069617,0.257468,0.242984,-0.187468,-0.173368,0.003116,0.003998,-0.12,-0.120001,-0.012448,-0.012224,-0.128376,-0.119012,0.263642,0.227112,-0.135266,-0.108101,0.012448,0.012228
1787224271.854756,3.56,177,1.187343,1.577014,1.281393,1.240759,0.383453,0.392273,-0.289403,-0.344414,-1.10035,-1.072686,0.946741,0.979196,-0.016454,-0.04479,0.00506,-0.030118,-0.12,-0.120001,-0.003222,-0.003822,-0.07,-0.069694,0.259224,0.245881,-0.189224,-0.176188,0.003222,0.003821,-0.12,-0.120001,-0.012565,-0.012269,-0.126708,-0.120885,0.267525,0.234418,-0.140817,-0.113534,0.012565,0.012272
1787224271.874078,3.58,178,1.203658,1.603948,1.312041,1.248934,0.367139,0.390397,-0.258755,-0.333448,-1.104974,-1.078218,0.907348,0.972705,0.024452,-0.039133,-0.001612,-0.023075,-0.12,-0.120001,-0.002477,-0.003702,-0.07,-0.069755,0.272211,0.248549,-0.202211,-0.178795,0.002477,0.003702,-0.12,-0.120001,-0.012608,-0.012328,-0.04643,-0.12205,0.214363,0.241039,-0.167933,-0.11899,0.012608,0.01233
1787224271.893727,3.6,179,1.203658,1.638393,1.312041,1.261635,0.367139,0.385563,-0.258755,-0.318577,-1.104974,-1.083569,0.907348,0.959634,0.024452,-0.026422,-0.001612,-0.018772,-0.12,-0.120001,-0.002253,-0.003457,-0.07,-0.069804,0.276108,0.253281,-0.206108,-0.183478,0.002253,0.003457,-0.12,-0.120001,-0.012621,-0.012384,-0.022346,-0.106927,0.198414,0.235704,-0.176068,-0.128778,0.012621,0.012386
1787224271.915487,3.62,180,1.223368,1.674271,1.345935,1.271795,0.347428,0.381671,-0.224861,-0.30668,-1.104498,-1.087849,0.864406,0.949177,0.051274,-0.016258,-0.012508,-0.015316,-0.12,-0.120001,-0.002124,-0.003216,-0.07,-0.069844,0.283601,0.257846,-0.213601,-0.188003,0.002124,0.003216,-0.12,-0.120001,-0.013826,-0.012432,-0.011904,-0.090012,0.205765,0.228246,-0.193861,-0.138236,0.013826,0.012433
1787224271.933861,3.64,181,1.223368,1.715415,1.345935,1.286733,0.347428,0.374564,-0.224861,-0.290416,-1.104498,-1.091178,0.864406,0.932224,0.051274,-0.002753,-0.012508,-0.014742,-0.12,-0.120001,-0.002085,-0.002998,-0.07,-0.069875,0.285849,0.262996,-0.215849,-0.193122,0.002085,0.002998,-0.12,-0.120001,-0.014187,-0.01271,-0.008771,-0.074392,0.20797,0.22375,-0.199199,-0.14936,0.014187,0.012712
1787224271.956572,3.66,182,1.241371,1.759585,1.37925,1.298688,0.329426,0.36882,-0.191546,-0.277408,-1.100104,-1.093842,0.843679,0.918661,0.070909,0.008049,-0.04264,-0.014265,-0.12,-0.120001,-5e-06,-0.002815,-0.07,-0.0699,0.298354,0.267566,-0.228354,-0.197667,5e-06,0.002815,-0.12,-0.120001,-0.01488,-0.013006,-0.008043,-0.06127,0.22242,0.220594,-0.214377,-0.159326,0.01488,0.013007
1787224271.975514,3.68,183,1.241371,1.809275,1.37925,1.314969,0.329426,0.360544,-0.191546,-0.260393,-1.100104,-1.095094,0.843679,0.903666,0.070909,0.020638,-0.04264,-0.01991,-0.12,-0.120001,0.000619,-0.002253,-0.07,-0.06992,0.302105,0.273722,-0.232105,-0.203803,-0.000619,0.002253,-0.12,-0.120001,-0.015087,-0.01338,-0.007824,-0.050627,0.226755,0.220959,-0.21893,-0.170335,0.015087,0.013381
1787224272.000622,3.7,184,1.259174,1.860631,1.416206,1.327983,0.311622,0.353894,-0.15459,-0.24677,-1.081369,-1.096095,0.81287,0.891669,0.081569,0.030712,-0.07923,-0.024419,-0.12,-0.120001,0.003612,-0.001679,-0.07,-0.069937,0.297268,0.279398,-0.227268,-0.209463,-0.003612,0.001679,-0.12,-0.120001,-0.01535,-0.013722,-0.014256,-0.042068,0.241669,0.222118,-0.227414,-0.180053,0.01535,0.013722
1787224272.020133,3.72,185,1.259174,1.917995,1.416206,1.345866,0.311622,0.344901,-0.15459,-0.228561,-1.081369,-1.093151,0.81287,0.875912,0.081569,0.040927,-0.07923,-0.035348,-0.12,-0.120001,0.00451,-0.000622,-0.07,-0.069949,0.295817,0.282971,-0.225817,-0.213023,-0.00451,0.000622,-0.12,-0.120001,-0.015429,-0.014047,-0.016185,-0.036507,0.246144,0.226027,-0.229959,-0.189523,0.015429,0.014048
1787224272.043052,3.74,186,1.270462,1.977374,1.452227,1.360154,0.300334,0.337673,-0.11857,-0.213975,-1.057397,-1.090795,0.769505,0.863304,0.115975,0.049102,-0.114444,-0.044089,-0.12,-0.120001,0.008562,0.000409,-0.07,-0.06996,0.277043,0.28554,-0.207043,-0.215581,-0.008562,-0.000409,-0.12,-0.120001,-0.017347,-0.014323,-0.002219,-0.032443,0.242969,0.230049,-0.24075,-0.197609,0.017347,0.014324
1787224272.062411,3.76,187,1.270462,2.044055,1.452227,1.378881,0.300334,0.329496,-0.11857,-0.195194,-1.057397,-1.084119,0.769505,0.844549,0.115975,0.062535,-0.114444,-0.058117,-0.12,-0.120001,0.009777,0.002037,-0.07,-0.069968,0.271411,0.283842,-0.201411,-0.213875,-0.009777,-0.002037,-0.12,-0.120001,-0.017922,-0.014928,0.00197,-0.026401,0.242017,0.232632,-0.243987,-0.206235,0.017922,0.014928
1787224272.083378,3.78,188,1.270462,2.075264,1.452227,1.393579,0.300334,0.32369,-0.11857,-0.18864,-1.057397,-1.078775,0.769505,0.82954,0.115975,0.073261,-0.114444,-0.069357,-0.12,-0.120001,0.010142,0.003585,-0.07,-0.069975,0.269721,0.281357,-0.199721,-0.211384,-0.010142,-0.003584,-0.12,-0.120001,-0.018095,-0.015526,0.003227,-0.020729,0.241731,0.234509,-0.244959,-0.213783,0.018095,0.015527
1787224272.102886,3.8,189,1.285179,2.051602,1.481175,1.405483,0.285618,0.318762,-0.089621,-0.201826,-1.040793,-1.074501,0.727085,0.81754,0.191115,0.081763,-0.135411,-0.07842,-0.12,-0.12,0.015305,0.004895,-0.07,-0.069978,0.178916,0.279032,-0.108916,-0.209051,-0.015305,-0.004895,-0.12,-0.120001,-0.020275,-0.016039,0.007667,-0.015939,0.250647,0.235952,-0.258313,-0.220015,0.020275,0.01604
1787224272.121845,3.82,190,1.285179,2.024105,1.481175,1.420826,0.285618,0.3118,-0.089621,-0.21512,-1.040793,-1.067762,0.727085,0.79946,0.191115,0.103556,-0.135411,-0.089957,-0.12,-0.12,0.016853,0.006977,-0.07,-0.069982,0.151675,0.259014,-0.081675,-0.18903,-0.016853,-0.006976,-0.12,-0.120001,-0.020929,-0.016886,0.008998,-0.011219,0.253321,0.23889,-0.26232,-0.227671,0.020929,0.016887
1787224272.143333,3.84,191,1.312758,2.006433,1.499125,1.432987,0.258038,0.306433,-0.071671,-0.224221,-1.022077,-1.062369,0.691411,0.78499,0.242652,0.121008,-0.157659,-0.099154,-0.12,-0.12,0.021381,0.008952,-0.07,-0.069986,0.143502,0.237549,-0.073502,-0.167561,-0.021381,-0.008951,-0.12,-0.120001,-0.023055,-0.017694,0.016542,-0.007176,0.251544,0.241776,-0.268086,-0.2346,0.023055,0.017695
1787224272.161986,3.86,192,1.312758,1.994809,1.499125,1.446202,0.258038,0.2967,-0.071671,-0.222823,-1.022077,-1.054311,0.691411,0.76628,0.242652,0.145245,-0.157659,-0.111021,-0.12,-0.12,0.02274,0.011438,-0.07,-0.069989,0.141051,0.218741,-0.071051,-0.14875,-0.02274,-0.011437,-0.12,-0.120001,-0.023693,-0.018766,0.018805,-0.002434,0.25101,0.243729,-0.269815,-0.241296,0.023693,0.018767
1787224272.184396,3.88,193,1.342428,1.995086,1.500557,1.456756,0.228368,0.288968,-0.070239,-0.212394,-1.010381,-1.047865,0.656152,0.751309,0.295036,0.164666,-0.183759,-0.120454,-0.12,-0.12,0.026249,0.013698,-0.07,-0.069991,0.140315,0.203203,-0.070315,-0.133211,-0.026249,-0.013697,-0.12,-0.120001,-0.025176,-0.019752,0.024854,0.001815,0.243362,0.245185,-0.268215,-0.246999,0.025176,0.019752
1787224272.205241,3.9,194,1.342428,2.002777,1.500557,1.465539,0.228368,0.276818,-0.070239,-0.18825,-1.010381,-1.040369,0.656152,0.732283,0.295036,0.19065,-0.183759,-0.13326,-0.12,-0.12,0.027302,0.016208,-0.07,-0.069993,0.140095,0.190626,-0.070095,-0.120632,-0.027302,-0.016207,-0.12,-0.120001,-0.025621,-0.020836,0.026668,0.006421,0.241067,0.24482,-0.267735,-0.251242,0.025621,0.020837
1787224272.22628,3.92,195,1.367019,1.982832,1.494625,1.472394,0.203777,0.267004,-0.076171,-0.164612,-1.003455,-1.034372,0.645456,0.717059,0.32,0.211514,-0.20378,-0.143346,-0.12,-0.12,0.028937,0.018426,-0.07,-0.069994,0.140028,0.18052,-0.070028,-0.110525,-0.028937,-0.018426,-0.12,-0.120001,-0.029445,-0.021793,0.045204,0.01047,0.227753,0.24407,-0.272958,-0.254541,0.029445,0.021794
1787224272.247123,3.94,196,1.367019,1.967205,1.494625,1.47673,0.203777,0.25429,-0.076171,-0.146901,-1.003455,-1.028188,0.645456,0.702739,0.32,0.23316,-0.20378,-0.155483,-0.12,-0.12,0.029428,0.020529,-0.07,-0.069995,0.140009,0.172421,-0.070009,-0.102425,-0.029428,-0.020528,-0.12,-0.120001,-0.030592,-0.023323,0.050765,0.017416,0.223759,0.240806,-0.274524,-0.258224,0.030592,0.023324
1787224272.267717,3.96,197,1.382681,1.95846,1.484493,1.480257,0.188115,0.244175,-0.086303,-0.132953,-1.028861,-1.023241,0.637424,0.691282,0.370664,0.250476,-0.222861,-0.165207,-0.12,-0.12,0.026117,0.022309,-0.087651,-0.069996,0.157654,0.165938,-0.070003,-0.095942,-0.026117,-0.022308,-0.12,-0.120001,-0.037666,-0.024777,0.068926,0.024086,0.205212,0.237397,-0.274138,-0.261484,0.037666,0.024777
1787224272.289461,3.98,198,1.403317,1.949909,1.473016,1.481064,0.16748,0.232934,-0.09778,-0.123621,-1.046002,-1.024364,0.628496,0.68051,0.405805,0.274487,-0.251592,-0.176747,-0.12,-0.12,0.023947,0.023071,-0.130551,-0.073527,0.200551,0.164281,-0.070001,-0.090754,-0.023947,-0.02307,-0.12,-0.120001,-0.046471,-0.027355,0.093679,0.033053,0.190811,0.23096,-0.278241,-0.264015,0.046471,0.027355
1787224272.307315,4.0,199,1.403317,1.941368,1.473016,1.479459,0.16748,0.219815,-0.09778,-0.12457,-1.046002,-1.02869,0.628496,0.670107,0.405805,0.300714,-0.251592,-0.191728,-0.12,-0.12,0.023296,0.023246,-0.14342,-0.084932,0.213421,0.171535,-0.07,-0.086603,-0.023296,-0.023245,-0.12,-0.120001,-0.049112,-0.031178,0.101105,0.045178,0.18649,0.22293,-0.279472,-0.26686,0.049112,0.031178
1787224272.325497,4.02,200,1.403317,1.933814,1.473016,1.478167,0.16748,0.209328,-0.09778,-0.123785,-1.046002,-1.032151,0.628496,0.661785,0.405805,0.321704,-0.251592,-0.203708,-0.12,-0.12,0.023101,0.023257,-0.147281,-0.096629,0.217281,0.179911,-0.07,-0.083282,-0.023101,-0.023255,-0.12,-0.120001,-0.049905,-0.034765,0.103333,0.056363,0.185194,0.215643,-0.279842,-0.269383,0.049905,0.034765
1787224272.35008,4.04,201,1.42158,1.927876,1.466914,1.477123,0.149216,0.200948,-0.103882,-0.118588,-1.074834,-1.03492,0.637185,0.655127,0.410893,0.338504,-0.272878,-0.213289,-0.12,-0.12,0.019872,0.023226,-0.158316,-0.10676,0.228316,0.187385,-0.07,-0.080626,-0.019872,-0.023224,-0.12,-0.120001,-0.051566,-0.037793,0.108182,0.065757,0.202546,0.209553,-0.279953,-0.271474,0.051566,0.037793
1787224272.370066,4.06,202,1.42158,1.925236,1.466914,1.475084,0.149216,0.1906,-0.103882,-0.119846,-1.074834,-1.042901,0.637185,0.651538,0.410893,0.352959,-0.272878,-0.225209,-0.12,-0.120001,0.018903,0.022555,-0.161627,-0.117071,0.231627,0.195571,-0.07,-0.078501,-0.018903,-0.022554,-0.12,-0.120001,-0.052064,-0.040547,0.109637,0.074241,0.207752,0.208152,-0.279986,-0.27317,0.052064,0.040547
1787224272.396565,4.08,203,1.426339,1.923391,1.457218,1.473447,0.144457,0.182323,-0.113578,-0.116655,-1.087635,-1.049287,0.634591,0.648668,0.412659,0.36453,-0.291398,-0.234744,-0.12,-0.120001,0.017788,0.021825,-0.097488,-0.125982,0.203179,0.202782,-0.105691,-0.076801,-0.017788,-0.021823,-0.12,-0.120001,-0.051135,-0.04285,0.095145,0.08132,0.258499,0.208071,-0.279996,-0.274533,0.051135,0.042851
1787224272.417043,4.1,204,1.426339,1.930893,1.457218,1.470203,0.144457,0.174729,-0.113578,-0.116031,-1.087635,-1.056956,0.634591,0.645852,0.412659,0.374143,-0.291398,-0.246072,-0.12,-0.120001,0.017454,0.021018,-0.078246,-0.120284,0.194644,0.202861,-0.116398,-0.082579,-0.017454,-0.021016,-0.12,-0.120001,-0.050856,-0.044507,0.090797,0.084085,0.273724,0.218157,-0.279999,-0.275626,0.050856,0.044507
1787224272.442254,4.12,205,1.428689,1.939888,1.450721,1.467608,0.142107,0.168649,-0.120075,-0.115533,-1.099298,-1.063091,0.641956,0.6436,0.421989,0.381841,-0.298662,-0.255132,-0.12,-0.120001,0.013266,0.020305,-0.072474,-0.111876,0.201541,0.201218,-0.129067,-0.089343,-0.013266,-0.020304,-0.12,-0.120001,-0.043733,-0.045777,-0.112208,0.085427,0.453117,0.22927,-0.28,-0.2765,0.043733,0.045777
1787224272.45727,4.14,206,1.428689,1.951092,1.450721,1.464226,0.142107,0.163299,-0.120075,-0.116426,-1.099298,-1.070331,0.641956,0.643271,0.421989,0.389875,-0.298662,-0.263827,-0.12,-0.120001,0.012009,0.018897,-0.070742,-0.103996,0.20361,0.201282,-0.132867,-0.097287,-0.012009,-0.018896,-0.12,-0.120001,-0.041596,-0.045368,-0.173109,0.045906,0.506935,0.274034,-0.28,-0.2772,0.041596,0.045368
1787224272.478593,4.16,207,1.420806,1.95472,1.437424,1.461524,0.14999,0.159059,-0.133373,-0.117339,-1.088273,-1.076124,0.632851,0.643008,0.46422,0.3963,-0.314423,-0.270787,-0.12,-0.120001,0.000396,0.01752,-0.070223,-0.097346,0.26147,0.201748,-0.191248,-0.104403,-0.000396,-0.017519,-0.12,-0.120001,-0.028109,-0.044614,-0.150468,0.002132,0.523081,0.320605,-0.28,-0.27776,0.028109,0.044614
1787224272.494672,4.18,208,1.420806,1.956928,1.437424,1.460273,0.14999,0.157244,-0.133373,-0.120544,-1.088273,-1.078553,0.632851,0.640976,0.46422,0.40988,-0.314423,-0.279512,-0.12,-0.120001,-0.003087,0.014095,-0.070067,-0.091921,0.278829,0.213692,-0.208762,-0.121772,0.003087,-0.014094,-0.12,-0.120001,-0.024064,-0.041313,-0.143676,-0.028408,0.527924,0.361097,-0.28,-0.278208,0.024064,0.041313
1787224272.512005,4.2,209,1.420806,1.957517,1.437424,1.459548,0.14999,0.155793,-0.133373,-0.123109,-1.088273,-1.080497,0.632851,0.639351,0.46422,0.420744,-0.314423,-0.286494,-0.12,-0.120001,-0.004133,0.010659,-0.07002,-0.087551,0.284036,0.226719,-0.214016,-0.13917,0.004133,-0.010658,-0.12,-0.120001,-0.02285,-0.037863,-0.141638,-0.05146,0.529377,0.394461,-0.28,-0.278566,0.02285,0.037863
1787224272.530026,4.22,210,1.417869,1.956015,1.432544,1.458438,0.152928,0.154631,-0.138252,-0.125162,-1.099449,-1.082052,0.63947,0.638051,0.490983,0.429437,-0.300393,-0.292079,-0.12,-0.120001,-0.007145,0.0077,-0.168479,-0.084045,0.483411,0.238182,-0.314932,-0.154138,0.007145,-0.0077,-0.12,-0.120001,-0.013461,-0.03486,-0.15379,-0.069495,0.601549,0.421443,-0.340992,-0.278853,0.013461,0.034861
1787224272.548176,4.24,211,1.417869,1.952628,1.432544,1.457445,0.152928,0.154286,-0.138252,-0.127781,-1.099449,-1.085531,0.63947,0.638334,0.490983,0.441745,-0.300393,-0.293742,-0.12,-0.120001,-0.008048,0.004731,-0.198016,-0.100932,0.543223,0.287223,-0.345207,-0.186293,0.008048,-0.004731,-0.12,-0.120001,-0.010645,-0.03058,-0.157436,-0.086354,0.623201,0.457463,-0.35929,-0.29128,0.010645,0.030581
1787224272.569354,4.26,212,1.416743,1.946845,1.421702,1.455206,0.154054,0.154007,-0.149094,-0.129878,-1.07688,-1.088314,0.60203,0.638561,0.500009,0.451592,-0.29002,-0.295069,-0.12,-0.120001,-0.01096,0.002176,-0.190508,-0.120349,0.519582,0.338418,-0.329074,-0.218071,0.01096,-0.002175,-0.12,-0.120001,-0.002335,-0.026593,-0.119775,-0.10057,0.478904,0.490609,-0.327187,-0.304881,0.002335,0.026594
1787224272.58898,4.28,213,1.416743,1.942424,1.421702,1.448507,0.154054,0.154013,-0.149094,-0.133723,-1.07688,-1.086027,0.60203,0.631255,0.500009,0.461275,-0.29002,-0.29405,-0.12,-0.120001,-0.011833,-0.000452,-0.188256,-0.13438,0.51249,0.37465,-0.324234,-0.240271,0.011833,0.000452,-0.12,-0.120001,0.000158,-0.021741,-0.108476,-0.104411,0.435615,0.488268,-0.317556,-0.309342,-0.000158,0.021742
1787224272.614961,4.3,214,1.409327,1.939181,1.411115,1.443147,0.16147,0.15402,-0.159681,-0.136797,-1.09063,-1.084197,0.610717,0.62541,0.505871,0.469021,-0.275579,-0.293238,-0.12,-0.120001,-0.016135,-0.002728,-0.156801,-0.145156,0.411358,0.402217,-0.254556,-0.257063,0.016135,0.002728,-0.12,-0.120001,0.009299,-0.017361,-0.081543,-0.105225,0.319038,0.477738,-0.234621,-0.310985,-0.009299,0.017362
1787224272.631514,4.32,215,1.409327,1.935812,1.411115,1.438231,0.16147,0.155507,-0.159681,-0.141375,-1.09063,-1.085483,0.610717,0.622471,0.505871,0.47639,-0.275579,-0.289702,-0.12,-0.120001,-0.017425,-0.005409,-0.147365,-0.147485,0.381018,0.404045,-0.233653,-0.256562,0.017425,0.005409,-0.12,-0.120001,0.012042,-0.012029,-0.073463,-0.100489,0.284065,0.446,-0.20974,-0.295713,-0.012042,0.01203
1787224272.658785,4.34,216,1.398042,1.931658,1.403906,1.43401,0.172755,0.156695,-0.16689,-0.145039,-1.106486,-1.086512,0.628991,0.62012,0.498453,0.482285,-0.269841,-0.286875,-0.12,-0.120001,-0.020502,-0.007812,-0.145534,-0.147461,0.34692,0.39944,-0.201386,-0.25198,0.020502,0.007812,-0.12,-0.120001,0.021167,-0.007215,-0.071039,-0.095084,0.239857,0.413614,-0.168559,-0.27852,-0.021167,0.007216
1787224272.678037,4.36,217,1.398042,1.927258,1.403906,1.431452,0.172755,0.159901,-0.16689,-0.149412,-1.106486,-1.090507,0.628991,0.621894,0.498453,0.485518,-0.269841,-0.283467,-0.12,-0.120001,-0.021425,-0.01035,-0.144985,-0.147076,0.33669,0.388936,-0.191706,-0.241861,0.021425,0.01035,-0.12,-0.120001,0.023904,-0.001539,-0.070312,-0.090275,0.226594,0.378865,-0.156205,-0.25653,-0.023904,0.00154
1787224272.701443,4.38,218,1.387837,1.921833,1.402347,1.429338,0.182959,0.162463,-0.168449,-0.152911,-1.152222,-1.093702,0.625416,0.623313,0.502373,0.488105,-0.260724,-0.280741,-0.12,-0.120001,-0.022373,-0.012565,-0.021864,-0.146658,0.248037,0.378487,-0.226173,-0.23183,0.022373,0.012565,-0.12,-0.120001,0.027027,0.00355,-0.030548,-0.086283,0.229342,0.348412,-0.198771,-0.236466,-0.027027,-0.00355
1787224272.720944,4.4,219,1.387837,1.92983,1.402347,1.427563,0.182959,0.166553,-0.168449,-0.156016,-1.152222,-1.105406,0.625416,0.623733,0.502373,0.49096,-0.260724,-0.276739,-0.12,-0.120001,-0.022658,-0.014527,0.015072,-0.121701,0.221442,0.352398,-0.236513,-0.230699,0.022658,0.014527,-0.12,-0.120001,0.027964,0.008246,-0.018619,-0.075136,0.230166,0.324598,-0.211541,-0.228927,-0.027964,-0.008245
1787224272.740938,4.42,220,1.38257,1.937268,1.403995,1.425981,0.188226,0.169823,-0.166801,-0.1585,-1.193961,-1.114769,0.616951,0.62407,0.508807,0.493244,-0.247299,-0.273537,-0.12,-0.120001,-0.020853,-0.016153,0.001874,-0.094348,0.333374,0.326208,-0.335248,-0.231862,0.020853,0.016153,-0.12,-0.120001,0.029092,0.012189,-0.057061,-0.063833,0.386238,0.305712,-0.329175,-0.22545,-0.029092,-0.012189
1787224272.758358,4.44,221,1.38257,1.952759,1.403995,1.421579,0.188226,0.17345,-0.166801,-0.160142,-1.193961,-1.130606,0.616951,0.622646,0.508807,0.496358,-0.247299,-0.268291,-0.12,-0.120001,-0.020311,-0.017093,-0.002086,-0.075105,0.366954,0.327641,-0.364868,-0.252538,0.020311,0.017093,-0.12,-0.120001,0.02943,0.01557,-0.068594,-0.062479,0.43306,0.321816,-0.364465,-0.246194,-0.02943,-0.015569
1787224272.785039,4.46,222,1.376502,1.966451,1.412665,1.418058,0.194295,0.176361,-0.158132,-0.161461,-1.206988,-1.143276,0.627834,0.621507,0.527067,0.498849,-0.230482,-0.264093,-0.12,-0.120001,-0.020636,-0.017736,-0.191359,-0.060502,0.528711,0.335503,-0.337353,-0.275003,0.020636,0.017737,-0.12,-0.120001,0.027515,0.018342,-0.030326,-0.063702,0.357787,0.344064,-0.327461,-0.269848,-0.027515,-0.018341
1787224272.798992,4.48,223,1.376502,1.977645,1.412665,1.416981,0.194295,0.179921,-0.158132,-0.160792,-1.206988,-1.156018,0.627834,0.622772,0.527067,0.504498,-0.230482,-0.257376,-0.12,-0.120001,-0.020734,-0.018316,-0.24814,-0.086671,0.577238,0.374142,-0.329098,-0.287473,0.020734,0.018317,-0.12,-0.120001,0.026941,0.020177,-0.018845,-0.057027,0.335206,0.346809,-0.31636,-0.28137,-0.026941,-0.020176
1787224272.816905,4.5,224,1.376502,1.988818,1.412665,1.41612,0.194295,0.182769,-0.158132,-0.160257,-1.206988,-1.166211,0.627834,0.623784,0.527067,0.509015,-0.230482,-0.252,-0.12,-0.120001,-0.020763,-0.0188,-0.265175,-0.118961,0.591796,0.414758,-0.326621,-0.295798,0.020763,0.0188,-0.12,-0.120001,0.026768,0.021529,-0.015401,-0.049391,0.328431,0.344488,-0.31303,-0.288368,-0.026768,-0.021529
1787224272.841574,4.52,225,1.370271,1.994175,1.422679,1.41543,0.200526,0.185068,-0.148117,-0.159831,-1.193215,-1.174366,0.627561,0.624594,0.542573,0.512629,-0.22958,-0.247699,-0.12,-0.120001,-0.020154,-0.019192,-0.26495,-0.148201,0.580446,0.450163,-0.315496,-0.301963,0.020154,0.019193,-0.12,-0.120001,0.029153,0.022577,-0.006446,-0.042593,0.302932,0.341277,-0.296486,-0.293301,-0.029153,-0.022577
1787224272.862208,4.54,226,1.370271,2.001861,1.422679,1.416884,0.200526,0.188147,-0.148117,-0.15749,-1.193215,-1.178135,0.627561,0.625188,0.542573,0.51862,-0.22958,-0.24408,-0.12,-0.120001,-0.019972,-0.019385,-0.264882,-0.17155,0.577041,0.476218,-0.312159,-0.304669,0.019972,0.019385,-0.12,-0.120001,0.029868,0.023892,-0.00376,-0.035364,0.295282,0.333608,-0.291522,-0.293938,-0.029868,-0.023892
1787224272.882895,4.56,227,1.369885,2.006719,1.428448,1.418045,0.200912,0.190619,-0.142348,-0.155617,-1.146863,-1.181151,0.588351,0.625662,0.570786,0.523413,-0.235459,-0.241184,-0.12,-0.120001,-0.001812,-0.019502,-0.128465,-0.190216,0.346048,0.496382,-0.217583,-0.306167,0.001812,0.019502,-0.12,-0.120001,0.031886,0.025088,-0.098905,-0.029043,0.186585,0.325942,-0.087679,-0.293455,-0.031886,-0.025087
1787224272.902855,4.58,228,1.369885,2.005717,1.428448,1.420123,0.200912,0.192676,-0.142348,-0.152961,-1.146863,-1.174293,0.588351,0.6182,0.570786,0.532888,-0.235459,-0.240045,-0.12,-0.120001,0.003636,-0.015964,-0.087539,-0.177866,0.27675,0.466316,-0.18921,-0.288451,-0.003636,0.015964,-0.12,-0.120001,0.032491,0.026447,-0.127449,-0.043015,0.153975,0.298078,-0.026526,-0.252307,-0.032491,-0.026447
1787224272.925067,4.6,229,1.392054,2.005693,1.434671,1.421787,0.178742,0.194323,-0.136126,-0.150837,-1.122822,-1.168807,0.575279,0.61223,0.594255,0.540469,-0.261618,-0.239136,-0.12,-0.120001,0.017165,-0.012044,-0.112637,-0.159801,0.181025,0.428404,-0.068388,-0.268604,-0.017165,0.012044,-0.12,-0.120001,0.033692,0.027656,-0.153722,-0.059902,0.144193,0.269267,0.00953,-0.207161,-0.033692,-0.027656
1787224272.942973,4.62,230,1.392054,2.007156,1.434671,1.424364,0.178742,0.191207,-0.136126,-0.147896,-1.122822,-1.159609,0.575279,0.60484,0.594255,0.551222,-0.261618,-0.243641,-0.12,-0.120001,0.021223,-0.006202,-0.120166,-0.150369,0.152307,0.378935,-0.032141,-0.228568,-0.021223,0.006202,-0.12,-0.120001,0.034052,0.028863,-0.161604,-0.078665,0.141258,0.24426,0.020347,-0.163832,-0.034052,-0.028863
1787224272.962925,4.64,231,1.392054,2.009031,1.434671,1.426426,0.178742,0.188715,-0.136126,-0.146135,-1.122822,-1.152251,0.575279,0.598927,0.594255,0.559826,-0.261618,-0.247243,-0.12,-0.120001,0.022441,-0.000718,-0.122425,-0.144328,0.143692,0.333617,-0.021267,-0.18929,-0.022441,0.000718,-0.12,-0.120001,0.03416,0.029901,-0.163969,-0.095252,0.140377,0.223664,0.023592,-0.127002,-0.03416,-0.029901
1787224272.983665,4.66,232,1.392054,1.993296,1.434671,1.428064,0.178742,0.186648,-0.136126,-0.144123,-1.122822,-1.146365,0.575279,0.594197,0.594255,0.566711,-0.261618,-0.25012,-0.12,-0.12,0.022806,0.003913,-0.123102,-0.139948,0.141108,0.295635,-0.018005,-0.15569,-0.022806,-0.003914,-0.12,-0.120001,0.034193,0.030753,-0.164678,-0.108996,0.140113,0.207009,0.024565,-0.096886,-0.034193,-0.030753
1787224273.011158,4.68,233,1.410313,1.978891,1.437648,1.429377,0.160484,0.185005,-0.133149,-0.142517,-1.142273,-1.141656,0.553173,0.590413,0.617353,0.572218,-0.302584,-0.252422,-0.12,-0.12,0.027943,0.007692,-0.142446,-0.136579,0.140332,0.264731,0.002114,-0.128155,-0.027943,-0.007692,-0.12,-0.120001,0.035558,0.031441,-0.160714,-0.120132,0.140034,0.193631,0.02068,-0.072597,-0.035558,-0.031441
1787224273.027364,4.7,234,1.410313,1.965195,1.437648,1.431018,0.160484,0.180035,-0.133149,-0.140633,-1.142273,-1.141778,0.553173,0.582966,0.617353,0.581231,-0.302584,-0.262463,-0.12,-0.120001,0.029483,0.011742,-0.148249,-0.137753,0.1401,0.239853,0.00815,-0.102104,-0.029483,-0.011742,-0.12,-0.120001,0.035968,0.032265,-0.159524,-0.128249,0.14001,0.182912,0.019514,-0.053943,-0.035968,-0.032264
1787224273.045417,4.72,235,1.410313,1.953172,1.437648,1.432336,0.160484,0.176075,-0.133149,-0.13913,-1.142273,-1.141876,0.553173,0.577007,0.617353,0.588444,-0.302584,-0.270494,-0.12,-0.120001,0.029946,0.01529,-0.14999,-0.139852,0.14003,0.219903,0.009961,-0.080054,-0.029946,-0.01529,-0.12,-0.120001,0.036091,0.033005,-0.159167,-0.134504,0.140003,0.174332,0.019164,-0.039253,-0.036091,-0.033005
1787224273.073332,4.74,236,1.428695,1.943189,1.438533,1.433393,0.142102,0.172923,-0.132263,-0.137929,-1.158454,-1.141955,0.557583,0.57224,0.646762,0.594216,-0.352952,-0.276918,-0.12,-0.120001,0.021365,0.018222,-0.143667,-0.14188,0.140009,0.203928,0.003658,-0.062052,-0.021365,-0.018221,-0.12,-0.120001,0.028616,0.033623,-0.09675,-0.139437,0.140001,0.167466,-0.043251,-0.02757,-0.028616,-0.033622
1787224273.086419,4.76,237,1.428695,1.93839,1.438533,1.434418,0.142102,0.166749,-0.132263,-0.136794,-1.158454,-1.145254,0.557583,0.569308,0.646762,0.604713,-0.352952,-0.292127,-0.12,-0.120001,0.018791,0.01885,-0.14177,-0.142237,0.140003,0.191144,0.001767,-0.04891,-0.018791,-0.01885,-0.12,-0.120001,0.026374,0.032621,-0.078025,-0.1309,0.14,0.161973,-0.061975,-0.030705,-0.026374,-0.032621
1787224273.105564,4.78,238,1.43484,1.935079,1.433619,1.435239,0.135956,0.161815,-0.137178,-0.135887,-1.215947,-1.147893,0.502592,0.566963,0.710443,0.613114,-0.356534,-0.304293,-0.12,-0.120001,0.033444,0.018839,-0.18595,-0.142144,0.140001,0.180915,0.045949,-0.038775,-0.033444,-0.018838,-0.12,-0.120001,0.010513,0.031372,-0.128251,-0.120326,0.14,0.157578,-0.011749,-0.036958,-0.010513,-0.031371
1787224273.125658,4.8,239,1.43484,1.928761,1.433619,1.434916,0.135956,0.156616,-0.137178,-0.136148,-1.215947,-1.161501,0.502592,0.554089,0.710443,0.632553,-0.356534,-0.314769,-0.12,-0.120001,0.03784,0.02176,-0.199204,-0.150905,0.14,0.172732,0.059204,-0.021833,-0.03784,-0.021759,-0.12,-0.120001,0.005755,0.0272,-0.143319,-0.121911,0.14,0.154062,0.003319,-0.031916,-0.005755,-0.0272
1787224273.144591,4.82,240,1.43484,1.92063,1.433619,1.434658,0.135956,0.152448,-0.137178,-0.136356,-1.215947,-1.172388,0.502592,0.54379,0.710443,0.648106,-0.356534,-0.323149,-0.12,-0.120001,0.039158,0.024976,-0.20318,-0.160565,0.14,0.166186,0.06318,-0.005637,-0.039158,-0.024975,-0.12,-0.120001,0.004327,0.022912,-0.14784,-0.126193,0.14,0.15125,0.00784,-0.024869,-0.004327,-0.022911
1787224273.171035,4.84,241,1.436633,1.913315,1.422987,1.434452,0.134163,0.149122,-0.147809,-0.136523,-1.199575,-1.181099,0.412224,0.53555,0.772863,0.660557,-0.332874,-0.329843,-0.12,-0.120001,0.026084,0.027812,-0.192383,-0.169088,0.14,0.160949,0.052382,0.00815,-0.026084,-0.027811,-0.12,-0.120001,0.002257,0.019195,-0.163744,-0.130522,0.14,0.149,0.023744,-0.018328,-0.002257,-0.019195
1787224273.189291,4.86,242,1.436633,1.903031,1.422987,1.432176,0.134163,0.146071,-0.147809,-0.138797,-1.199575,-1.184793,0.412224,0.510887,0.772863,0.683011,-0.332874,-0.33052,-0.12,-0.120001,0.022162,0.027467,-0.189143,-0.173747,0.14,0.156759,0.049143,0.016991,-0.022162,-0.027466,-0.12,-0.120001,0.001636,0.015808,-0.168516,-0.137166,0.14,0.1472,0.028516,-0.009916,-0.001636,-0.015807
1787224273.215015,4.88,243,1.401944,1.894727,1.385895,1.43035,0.168852,0.143651,-0.184902,-0.140611,-1.186881,-1.187749,0.477144,0.491156,0.803975,0.700977,-0.315604,-0.33105,-0.12,-0.120001,0.010035,0.026406,-0.195901,-0.176826,0.14,0.153407,0.055901,0.02342,-0.010035,-0.026405,-0.12,-0.120001,-0.00144,0.012974,-0.159625,-0.143436,0.14,0.14576,0.019625,-0.002241,0.00144,-0.012973
1787224273.234699,4.9,244,1.401944,1.887583,1.385895,1.429884,0.168852,0.148663,-0.184902,-0.14947,-1.186881,-1.187574,0.477144,0.488353,0.803975,0.721575,-0.315604,-0.32795,-0.12,-0.120001,0.006397,0.023133,-0.197928,-0.180641,0.14,0.150725,0.057928,0.029915,-0.006397,-0.023131,-0.12,-0.120001,-0.002362,0.010091,-0.156957,-0.146674,0.14,0.144607,0.016957,0.002157,0.002362,-0.010091
1787224273.256055,4.92,245,1.368326,1.88255,1.343133,1.425271,0.20247,0.152692,-0.227663,-0.15656,-1.243305,-1.187435,0.401429,0.486111,0.828057,0.738052,-0.300078,-0.32546,-0.12,-0.120001,0.009569,0.019786,-0.239126,-0.184099,0.14,0.14858,0.073378,0.035517,-0.009569,-0.019784,-0.12,-0.120001,-0.005257,0.0076,-0.00404,-0.148731,0.14,0.143686,-0.13596,0.00511,0.005257,-0.0076
1787224273.282683,4.94,246,1.368326,1.876499,1.343133,1.415615,0.20247,0.16262,-0.227663,-0.170821,-1.243305,-1.198608,0.401429,0.469175,0.828057,0.756048,-0.300078,-0.320369,-0.12,-0.120001,0.010521,0.017743,-0.251485,-0.195104,0.14,0.146864,0.078014,0.043088,-0.010521,-0.017741,-0.12,-0.120001,-0.006125,0.005029,0.041835,-0.119797,0.14,0.142948,-0.181835,-0.023104,0.006125,-0.005029
1787224273.301005,4.96,247,1.368326,1.868974,1.343133,1.404459,0.20247,0.170566,-0.227663,-0.18163,-1.243305,-1.207546,0.401429,0.455626,0.828057,0.770444,-0.300078,-0.316291,-0.12,-0.120001,0.010806,0.016298,-0.255193,-0.206381,0.14,0.14549,0.079404,0.050073,-0.010806,-0.016297,-0.12,-0.120001,-0.006386,0.002798,0.055597,-0.087475,0.14,0.142359,-0.195597,-0.054847,0.006386,-0.002798
1787224273.32434,4.98,248,1.344874,1.861661,1.301934,1.392214,0.225922,0.176936,-0.268863,-0.190851,-1.281191,-1.214698,0.498483,0.444786,0.821066,0.781963,-0.289063,-0.313034,-0.12,-0.120001,0.006674,0.0152,-0.279678,-0.216144,0.14,0.144392,0.079821,0.055939,-0.006674,-0.015199,-0.12,-0.120001,-0.008003,0.000962,0.054598,-0.058864,0.14,0.141887,-0.194598,-0.082994,0.008003,-0.000962
1787224273.338155,5.0,249,1.344874,1.857198,1.301934,1.38856,0.225922,0.186728,-0.268863,-0.200672,-1.281191,-1.227996,0.498483,0.455525,0.821066,0.789774,-0.289063,-0.308225,-0.12,-0.120001,0.005434,0.013495,-0.287024,-0.228851,0.14,0.143513,0.079946,0.060715,-0.005434,-0.013494,-0.12,-0.120001,-0.008488,-0.000833,0.054298,-0.036173,0.14,0.14151,-0.194298,-0.105313,0.008488,0.000833
1787224273.356307,5.02,250,1.344874,1.847941,1.301934,1.383052,0.225922,0.194553,-0.268863,-0.214314,-1.281191,-1.238634,0.498483,0.464116,0.821066,0.796023,-0.289063,-0.304377,-0.12,-0.120001,0.005062,0.011882,-0.289227,-0.240486,0.14,0.142811,0.079984,0.064561,-0.005062,-0.011882,-0.12,-0.120001,-0.008633,-0.002363,0.054209,-0.018081,0.14,0.141208,-0.194209,-0.123109,0.008633,0.002363
1787224273.375728,5.04,251,1.299767,1.838083,1.264667,1.375155,0.271029,0.200819,-0.30613,-0.225225,-1.328109,-1.247145,0.456664,0.470989,0.895616,0.801023,-0.275168,-0.3013,-0.12,-0.120001,-0.000137,0.010518,-0.304486,-0.250234,0.14,0.142248,0.079995,0.067646,0.000137,-0.010518,-0.12,-0.120001,-0.010704,-0.003617,0.062589,-0.003625,0.14,0.140966,-0.202589,-0.137328,0.010704,0.003617
1787224273.393354,5.06,252,1.299767,1.833946,1.264667,1.357679,0.271029,0.214865,-0.30613,-0.241367,-1.328109,-1.263336,0.456664,0.468124,0.895616,0.819922,-0.275168,-0.296007,-0.12,-0.120001,-0.001697,0.008387,-0.309063,-0.261085,0.14,0.141799,0.079999,0.070115,0.001697,-0.008387,-0.12,-0.120001,-0.011325,-0.005034,0.065103,0.009619,0.14,0.140773,-0.205103,-0.15038,0.011325,0.005034
1787224273.414726,5.08,253,1.355855,1.828586,1.222236,1.339298,0.214941,0.226104,-0.348561,-0.254269,-1.414712,-1.276289,0.371911,0.465832,0.987004,0.835044,-0.248941,-0.29178,-0.12,-0.120001,-0.00334,0.00637,-0.311736,-0.27068,0.14,0.141439,0.08,0.072092,0.00334,-0.00637,-0.12,-0.120001,-0.002101,-0.006292,0.088134,0.020715,0.14,0.140618,-0.228134,-0.161324,0.002101,0.006292
1787224273.434342,5.1,254,1.355855,1.839098,1.222236,1.315829,0.214941,0.223846,-0.348561,-0.273039,-1.414712,-1.303973,0.371911,0.447051,0.987004,0.865416,-0.248941,-0.283153,-0.12,-0.120001,-0.003832,0.004428,-0.312538,-0.278892,0.14,0.141151,0.08,0.073673,0.003832,-0.004428,-0.12,-0.120001,0.000666,-0.005454,0.095043,0.034198,0.14,0.140494,-0.235043,-0.174685,-0.000666,0.005454
1787224273.458585,5.12,255,1.440951,1.85028,1.175936,1.297065,0.129844,0.222039,-0.39486,-0.288067,-1.466674,-1.32612,0.323629,0.432024,1.106386,0.889722,-0.217418,-0.276281,-0.12,-0.120001,-0.005742,0.002776,0.025239,-0.285621,0.14,0.140921,-0.172,0.074939,0.005742,-0.002776,-0.12,-0.120001,0.002802,-0.00423,0.140468,0.046366,0.14,0.140396,-0.266513,-0.186757,-0.002802,0.00423
1787224273.477945,5.14,256,1.440951,1.876561,1.175936,1.284286,0.129844,0.203528,-0.39486,-0.309359,-1.466674,-1.354227,0.323629,0.410349,1.106386,0.933079,-0.217418,-0.264649,-0.12,-0.120001,-0.006315,0.001073,0.126572,-0.231229,0.14,0.140736,-0.2476,0.025559,0.006315,-0.001073,-0.12,-0.120001,0.003442,-0.002824,0.154096,0.065186,0.14,0.140316,-0.275954,-0.202707,-0.003442,0.002824
1787224273.504398,5.16,257,1.467768,1.903997,1.144575,1.264956,0.052785,0.188659,-0.426222,-0.326278,-1.497851,-1.376716,0.282614,0.393008,1.254623,0.967736,-0.081493,-0.255241,-0.12,-0.120001,-0.005529,-0.000406,0.156971,-0.176841,0.14,0.140589,-0.27028,-0.028838,0.005529,0.000406,-0.12,-0.120001,-0.003339,-0.001571,0.165229,0.082967,0.14,0.140253,-0.278786,-0.217356,0.003339,0.001571
1787224273.520621,5.18,258,1.467768,1.93406,1.144575,1.24071,0.052785,0.161346,-0.426222,-0.346003,-1.497851,-1.40094,0.282614,0.370936,1.254623,1.02513,-0.081493,-0.220678,-0.12,-0.120001,-0.005294,-0.00143,0.166091,-0.122454,0.14,0.140471,-0.277084,-0.077117,0.005294,0.00143,-0.12,-0.120001,-0.005374,-0.001924,0.168569,0.099418,0.14,0.140202,-0.279636,-0.229641,0.005374,0.001924
1787224273.540419,5.2,259,1.467768,1.966271,1.144575,1.221338,0.052785,0.139493,-0.426222,-0.361819,-1.497851,-1.420321,0.282614,0.353275,1.254623,1.071047,-0.081493,-0.193069,-0.12,-0.120001,-0.005223,-0.002203,0.168827,-0.068074,0.14,0.140377,-0.279125,-0.117104,0.005223,0.002202,-0.12,-0.120001,-0.005984,-0.002614,0.169571,0.113247,0.14,0.140162,-0.279891,-0.239639,0.005984,0.002614
1787224273.566593,5.22,260,1.437922,2.000598,1.120416,1.205858,0.102727,0.121992,-0.45038,-0.374502,-1.516557,-1.435826,0.261505,0.339144,1.362668,1.107779,0.087499,-0.170958,-0.12,-0.120001,-0.009481,-0.002806,0.169648,-0.020752,0.14,0.140302,-0.279738,-0.149504,0.009481,0.002806,-0.12,-0.120001,-0.009034,-0.003288,0.169871,0.124511,0.14,0.140129,-0.279967,-0.247689,0.009034,0.003288
1787224273.584675,5.24,261,1.437922,2.041045,1.120416,1.188601,0.102727,0.117994,-0.45038,-0.389434,-1.516557,-1.451969,0.261505,0.323619,1.362668,1.158852,0.087499,-0.119653,-0.12,-0.120001,-0.010758,-0.004141,0.169894,0.017486,0.14,0.140241,-0.279921,-0.175549,0.010758,0.004141,-0.12,-0.120001,-0.009949,-0.004437,0.169961,0.133582,0.14,0.140104,-0.27999,-0.254145,0.009949,0.004437
1787224273.603395,5.26,262,1.437922,2.082339,1.120416,1.174833,0.102727,0.114828,-0.45038,-0.401434,-1.516557,-1.464884,0.261505,0.311197,1.362668,1.199704,0.087499,-0.078595,-0.12,-0.120001,-0.011141,-0.005464,0.169968,0.047907,0.14,0.140193,-0.279976,-0.196422,0.011141,0.005464,-0.12,-0.120001,-0.010224,-0.005539,0.169988,0.140857,0.14,0.140083,-0.279997,-0.259314,0.010224,0.005539
1787224273.628288,5.28,263,1.399929,2.125605,1.104195,1.163841,-0.029506,0.112306,-0.466601,-0.41107,-1.527781,-1.475217,0.217337,0.301258,1.281101,1.232383,0.1587,-0.045694,-0.12,-0.120001,-0.014529,-0.006599,0.169991,0.072306,0.14,0.140154,-0.279993,-0.213133,0.014529,0.0066,-0.12,-0.120001,-0.014632,-0.006476,0.169997,0.146683,0.14,0.140066,-0.279999,-0.26345,0.014632,0.006476
1787224273.64392,5.3,264,1.399929,2.168079,1.104195,1.151801,-0.029506,0.083889,-0.466601,-0.422023,-1.527781,-1.485728,0.217337,0.284476,1.281101,1.242311,0.1587,-0.00493,-0.12,-0.120001,-0.015545,-0.008185,0.169997,0.091836,0.14,0.140123,-0.279998,-0.226505,0.015545,0.008185,-0.12,-0.120001,-0.015954,-0.008107,0.169999,0.151346,0.14,0.140053,-0.28,-0.26676,0.015954,0.008107
1787224273.662028,5.32,265,1.399929,2.17685,1.104195,1.142285,-0.029506,0.06122,-0.466601,-0.429058,-1.527781,-1.494137,0.217337,0.271047,1.281101,1.250106,0.1587,0.027744,-0.12,-0.12,-0.01585,-0.009659,0.169999,0.107462,0.14,0.140099,-0.279999,-0.237203,0.01585,0.009657,-0.12,-0.120001,-0.016351,-0.009676,0.17,0.155076,0.14,0.140042,-0.28,-0.269408,0.016351,0.009676
1787224273.682348,5.34,266,1.413821,2.181191,1.099162,1.134685,-0.072159,0.043081,-0.471634,-0.436568,-1.534515,-1.500864,0.337531,0.260304,1.193647,1.256351,0.234431,0.053896,-0.12,-0.12,-0.023269,-0.010898,0.163572,0.119965,0.14,0.140079,-0.28,-0.245761,0.023269,0.010896,-0.12,-0.120001,-0.019165,-0.01101,0.17,0.15806,0.14,0.140034,-0.28,-0.271526,0.019165,0.011011
1787224273.70037,5.36,267,1.413821,2.18505,1.099162,1.127562,-0.072159,0.020026,-0.471634,-0.443551,-1.534515,-1.507593,0.337531,0.275745,1.193647,1.243808,0.234431,0.090034,-0.12,-0.12,-0.025495,-0.013373,0.161643,0.128685,0.14,0.140063,-0.28,-0.25261,0.025495,0.013371,-0.12,-0.120001,-0.02001,-0.012641,0.17,0.160447,0.14,0.140027,-0.28,-0.273221,0.02001,0.012642
1787224273.721591,5.38,268,1.47107,2.187781,1.092485,1.121871,-0.048836,0.001586,-0.478312,-0.449148,-1.270928,-1.512976,0.308633,0.2881,1.159607,1.23378,0.346608,0.118929,-0.12,-0.12,-0.023773,-0.015798,0.159371,0.135276,0.14,0.14005,-0.28,-0.258088,0.023773,0.015796,-0.12,-0.120001,-0.024894,-0.014115,0.17,0.162358,0.14,0.140021,-0.28,-0.274577,0.024894,0.014116
1787224273.741544,5.4,269,1.47107,2.157561,1.092485,1.115998,-0.048836,-0.008503,-0.478312,-0.454978,-1.270928,-1.464571,0.308633,0.292205,1.159607,1.21903,0.346608,0.164497,-0.12,-0.12,-0.023256,-0.017394,0.158689,0.140094,0.14,0.14004,-0.28,-0.26247,0.023256,0.017391,-0.12,-0.120001,-0.02636,-0.016271,0.17,0.163886,0.14,0.140017,-0.28,-0.275662,0.02636,0.016271
1787224273.762133,5.42,270,1.47107,2.13314,1.092485,1.111299,-0.048836,-0.016574,-0.478312,-0.459644,-1.270928,-1.425845,0.308633,0.29549,1.159607,1.207212,0.346608,0.200938,-0.12,-0.12,-0.023101,-0.018568,0.158485,0.143813,0.14,0.140033,-0.28,-0.265975,0.023101,0.018563,-0.12,-0.120001,-0.026799,-0.018288,0.17,0.165108,0.14,0.140013,-0.28,-0.276529,0.026799,0.018289
1787224273.783511,5.44,271,1.446987,2.113722,1.071535,1.107539,-0.093275,-0.023029,-0.499262,-0.463377,-1.06542,-1.394863,0.366427,0.298118,1.002006,1.197739,0.413913,0.230084,-0.12,-0.12,-0.034521,-0.019475,0.155714,0.146747,0.14,0.140026,-0.28,-0.268779,0.034521,0.01947,-0.12,-0.120001,-0.030076,-0.01999,0.17,0.166086,0.14,0.140011,-0.28,-0.277223,0.030076,0.019991
1787224273.803223,5.46,272,1.446987,2.077199,1.071535,1.100331,-0.093275,-0.037018,-0.499262,-0.470541,-1.06542,-1.328982,0.366427,0.311778,1.002006,1.158664,0.413913,0.266869,-0.12,-0.12,-0.037947,-0.022485,0.154883,0.14854,0.14,0.140021,-0.28,-0.271023,0.037947,0.02248,-0.12,-0.120001,-0.031059,-0.022007,0.17,0.166869,0.14,0.140008,-0.28,-0.277779,0.031059,0.022008
1787224273.825071,5.48,273,1.446987,2.048202,1.071535,1.094564,-0.093275,-0.048204,-0.499262,-0.476274,-1.06542,-1.276273,0.366427,0.322707,1.002006,1.127399,0.413913,0.296273,-0.12,-0.119999,-0.038975,-0.025578,0.154634,0.149809,0.14,0.140017,-0.28,-0.272818,0.038975,0.025573,-0.12,-0.120001,-0.031354,-0.023818,0.17,0.167495,0.14,0.140007,-0.28,-0.278223,0.031354,0.023818
1787224273.847158,5.5,274,1.446987,2.025053,1.071535,1.089955,-0.093275,-0.057178,-0.499262,-0.480866,-1.06542,-1.234105,0.366427,0.33145,1.002006,1.102375,0.413913,0.31979,-0.12,-0.119999,-0.039283,-0.028259,0.154559,0.150774,0.14,0.140014,-0.28,-0.274254,0.039283,0.028253,-0.12,-0.120001,-0.031442,-0.025325,0.17,0.167996,0.14,0.140005,-0.28,-0.278578,0.031442,0.025325
1787224273.868623,5.52,275,1.446987,2.006579,1.071535,1.086269,-0.093275,-0.064371,-0.499262,-0.484542,-1.06542,-1.200369,0.366427,0.338445,1.002006,1.082342,0.413913,0.338604,-0.12,-0.119999,-0.039376,-0.030464,0.154537,0.151531,0.14,0.140012,-0.28,-0.275403,0.039376,0.030459,-0.12,-0.120001,-0.031469,-0.026548,0.17,0.168396,0.14,0.140004,-0.28,-0.278863,0.031469,0.026549
1787224273.892235,5.54,276,1.446987,1.991839,1.071535,1.083322,-0.093275,-0.070134,-0.499262,-0.487484,-1.06542,-1.17338,0.366427,0.344041,1.002006,1.066304,0.413913,0.353656,-0.12,-0.119999,-0.039404,-0.032247,0.15453,0.152132,0.14,0.14001,-0.28,-0.276322,0.039404,0.032242,-0.12,-0.120001,-0.031477,-0.027532,0.17,0.168717,0.14,0.140003,-0.28,-0.27909,0.031477,0.027533
1787224273.911878,5.56,277,1.446987,1.980082,1.071535,1.080964,-0.093275,-0.07475,-0.499262,-0.489838,-1.06542,-1.151788,0.366427,0.348518,1.002006,1.053464,0.413913,0.365701,-0.12,-0.119999,-0.039412,-0.033679,0.154528,0.152612,0.14,0.140008,-0.28,-0.277057,0.039412,0.033674,-0.12,-0.120001,-0.031479,-0.028321,0.17,0.168973,0.14,0.140002,-0.28,-0.279272,0.031479,0.028321
1787224273.930478,5.58,278,1.446987,1.970706,1.071535,1.079078,-0.093275,-0.078447,-0.499262,-0.491722,-1.06542,-1.134515,0.366427,0.352099,1.002006,1.043186,0.413913,0.375338,-0.12,-0.119999,-0.039414,-0.034827,0.154527,0.152995,0.14,0.140007,-0.28,-0.277645,0.039414,0.034821,-0.12,-0.120001,-0.03148,-0.028952,0.17,0.169178,0.14,0.140002,-0.28,-0.279418,0.03148,0.028953
1787224273.953975,5.6,279,1.446987,1.963228,1.071535,1.07757,-0.093275,-0.081407,-0.499262,-0.49323,-1.06542,-1.120696,0.366427,0.354965,1.002006,1.034959,0.413913,0.38305,-0.12,-0.119999,-0.039415,-0.035745,0.154527,0.153302,0.14,0.140006,-0.28,-0.278115,0.039415,0.035739,-0.12,-0.120001,-0.03148,-0.029458,0.17,0.169342,0.14,0.140001,-0.28,-0.279534,0.03148,0.029458
1787224273.97121,5.62,280,1.446987,1.957266,1.071535,1.076363,-0.093275,-0.083777,-0.499262,-0.494436,-1.06542,-1.109641,0.366427,0.357257,1.002006,1.028375,0.413913,0.38922,-0.12,-0.119999,-0.039415,-0.03648,0.154527,0.153547,0.14,0.140005,-0.28,-0.278492,0.039415,0.036474,-0.12,-0.120001,-0.03148,-0.029862,0.17,0.169474,0.14,0.140001,-0.28,-0.279627,0.03148,0.029863
1787224273.989955,5.64,281,1.446987,1.952513,1.071535,1.075398,-0.093275,-0.085674,-0.499262,-0.495401,-1.06542,-1.100797,0.366427,0.35909,1.002006,1.023105,0.413913,0.394157,-0.12,-0.119999,-0.039415,-0.037068,0.154527,0.153743,0.14,0.140004,-0.28,-0.278793,0.039415,0.037062,-0.12,-0.120001,-0.03148,-0.030186,0.17,0.169579,0.14,0.140001,-0.28,-0.279702,0.03148,0.030186
1787224274.005832,5.66,282,1.446987,1.948723,1.071535,1.074626,-0.093275,-0.087193,-0.499262,-0.496174,-1.06542,-1.093721,0.366427,0.360557,1.002006,1.018888,0.413913,0.398107,-0.12,-0.119999,-0.039415,-0.037538,0.154527,0.1539,0.14,0.140004,-0.28,-0.279034,0.039415,0.037532,-0.12,-0.120001,-0.03148,-0.030444,0.17,0.169663,0.14,0.140001,-0.28,-0.279762,0.03148,0.030445
1787224274.024417,5.68,283,1.446987,1.945701,1.071535,1.074008,-0.093275,-0.088408,-0.499262,-0.496791,-1.06542,-1.088061,0.366427,0.361731,1.002006,1.015513,0.413913,0.401267,-0.12,-0.119999,-0.039415,-0.037914,0.154527,0.154026,0.14,0.140003,-0.28,-0.279226,0.039415,0.037909,-0.12,-0.120001,-0.03148,-0.030651,0.17,0.16973,0.14,0.14,-0.28,-0.279809,0.03148,0.030652
1787224274.052584,5.7,284,1.446987,1.943292,1.071535,1.073514,-0.093275,-0.089381,-0.499262,-0.497286,-1.06542,-1.083533,0.366427,0.36267,1.002006,1.012813,0.413913,0.403796,-0.12,-0.119999,-0.039415,-0.038215,0.154527,0.154126,0.14,0.140003,-0.28,-0.279381,0.039415,0.03821,-0.12,-0.120001,-0.03148,-0.030817,0.17,0.169784,0.14,0.14,-0.28,-0.279847,0.03148,0.030817
