wall_time_s,sim_time_s,frame_index,LShoulderPitch_cmd_rad,LShoulderPitch_meas_rad,RShoulderPitch_cmd_rad,RShoulderPitch_meas_rad,LShoulderRoll_cmd_rad,LShoulderRoll_meas_rad,RShoulderRoll_cmd_rad,RShoulderRoll_meas_rad,LElbowRoll_cmd_rad,LElbowRoll_meas_rad,RElbowRoll_cmd_rad,RElbowRoll_meas_rad,HeadYaw_cmd_rad,HeadYaw_meas_rad,HeadPitch_cmd_rad,HeadPitch_meas_rad,LHipYawPitch_cmd_rad,LHipYawPitch_meas_rad,LHipRoll_cmd_rad,LHipRoll_meas_rad,LHipPitch_cmd_rad,LHipPitch_meas_rad,LKneePitch_cmd_rad,LKneePitch_meas_rad,LAnklePitch_cmd_rad,LAnklePitch_meas_rad,LAnkleRoll_cmd_rad,LAnkleRoll_meas_rad,RHipYawPitch_cmd_rad,RHipYawPitch_meas_rad,RHipRoll_cmd_rad,RHipRoll_meas_rad,RHipPitch_cmd_rad,RHipPitch_meas_rad,RKneePitch_cmd_rad,RKneePitch_meas_rad,RAnklePitch_cmd_rad,RAnklePitch_meas_rad,RAnkleRoll_cmd_rad,RAnkleRoll_meas_rad
1787224253.294476,0.02,0,1.48353,0.049599,1.48353,0.049599,0.174533,0.034885,-0.174533,-0.034886,-0.523599,-0.043112,0.523599,0.043112,0.0,0.0,0.0,0.0,0.0,0.0,0.0,-0.0,-0.1,0.0,0.2,0.0,-0.1,0.0,0.0,-0.0,0.0,0.0,0.0,0.0,-0.1,0.0,0.2,0.0,-0.1,0.0,0.0,0.0
1787224253.322144,0.04,1,1.48353,0.09918,1.48353,0.09918,0.174533,0.062761,-0.174533,-0.062762,-0.523599,-0.086226,0.523599,0.086226,0.0,-0.0,0.0,-0.0,0.0,-0.0,0.0,0.0,-0.1,-0.019999,0.2,0.039999,-0.1,-0.019999,0.0,0.0,0.0,-0.0,0.0,-0.0,-0.1,-0.019999,0.2,0.039999,-0.1,-0.019999,0.0,-0.0
1787224253.336408,0.06,2,1.48353,0.148757,1.48353,0.148756,0.174533,0.085042,-0.174533,-0.085042,-0.523599,-0.129342,0.523599,0.129342,0.0,-0.0,0.0,-0.0,0.0,-0.0,0.0,0.0,-0.1,-0.035999,0.2,0.071998,-0.1,-0.035999,0.0,0.0,0.0,-0.0,0.0,-0.0,-0.1,-0.035999,0.2,0.071998,-0.1,-0.035999,0.0,-0.0
1787224253.354916,0.08,3,1.48353,0.198336,1.48353,0.198336,0.174533,0.102857,-0.174533,-0.102857,-0.523599,-0.172461,0.523599,0.172461,0.0,-0.0,0.0,-0.0,0.0,-0.0,0.0,0.0,-0.1,-0.048799,0.2,0.097598,-0.1,-0.048799,0.0,0.0,0.0,-0.0,0.0,-0.0,-0.1,-0.048799,0.2,0.097598,-0.1,-0.048799,0.0,-0.0
1787224253.37271,0.1,4,1.48353,0.247921,1.48353,0.247921,0.174533,0.117105,-0.174533,-0.117105,-0.523599,-0.215583,0.523599,0.215583,0.0,-0.0,0.0,-0.0,0.0,-0.0,0.0,0.0,-0.1,-0.05904,0.2,0.118078,-0.1,-0.059039,0.0,0.0,0.0,-0.0,0.0,-0.0,-0.1,-0.05904,0.2,0.118078,-0.1,-0.059039,0.0,-0.0
1787224253.389204,0.12,5,1.48353,0.29751,1.48353,0.29751,0.174533,0.128505,-0.174533,-0.128505,-0.523599,-0.258708,0.523599,0.258708,0.0,-0.0,0.0,-0.0,0.0,-0.0,0.0,0.0,-0.1,-0.067232,0.2,0.134462,-0.1,-0.067232,0.0,0.0,0.0,-0.0,0.0,-0.0,-0.1,-0.067232,0.2,0.134462,-0.1,-0.067232,0.0,-0.0
1787224253.41016,0.14,6,1.48353,0.347105,1.48353,0.347105,0.174533,0.13763,-0.174533,-0.13763,-0.523599,-0.301835,0.523599,0.301835,0.0,-0.0,0.0,-0.0,0.0,-0.0,0.0,0.0,-0.1,-0.073785,0.2,0.14757,-0.1,-0.073785,0.0,0.0,0.0,-0.0,0.0,-0.0,-0.1,-0.073785,0.2,0.14757,-0.1,-0.073785,0.0,-0.0
1787224253.42605,0.16,7,1.48353,0.396704,1.48353,0.396704,0.174533,0.144935,-0.174533,-0.144935,-0.523599,-0.344963,0.523599,0.344963,0.0,-0.0,0.0,-0.0,0.0,-0.0,0.0,-0.0,-0.1,-0.079028,0.2,0.158056,-0.1,-0.079028,0.0,0.0,0.0,-0.0,0.0,0.0,-0.1,-0.079028,0.2,0.158056,-0.1,-0.079028,0.0,-0.0
1787224253.443564,0.18,8,1.48353,0.446305,1.48353,0.446305,0.174533,0.150787,-0.174533,-0.150787,-0.523599,-0.380685,0.523599,0.380685,0.0,-0.0,0.0,-0.0,0.0,-0.0,0.0,0.0,-0.1,-0.083223,0.2,0.166444,-0.1,-0.083223,0.0,-1e-06,0.0,-0.0,0.0,-0.0,-0.1,-0.083223,0.2,0.166444,-0.1,-0.083223,0.0,1e-06
1787224253.463712,0.2,9,1.48353,0.495909,1.48353,0.495909,0.174533,0.155475,-0.174533,-0.155475,-0.523599,-0.409268,0.523599,0.409268,0.0,-0.0,0.0,-0.0,0.0,-0.0,0.0,0.0,-0.1,-0.086578,0.2,0.173155,-0.1,-0.086578,0.0,1e-06,0.0,-0.0,0.0,-0.0,-0.1,-0.086578,0.2,0.173155,-0.1,-0.086578,0.0,-1e-06
1787224253.481498,0.22,10,1.48353,0.545515,1.48353,0.545515,0.174533,0.159232,-0.174533,-0.159232,-0.523599,-0.432137,0.523599,0.432137,0.0,-0.0,0.0,-0.0,0.0,-0.0,0.0,-0.0,-0.1,-0.089263,0.2,0.178524,-0.1,-0.089263,0.0,1e-06,0.0,-0.0,0.0,0.0,-0.1,-0.089263,0.2,0.178524,-0.1,-0.089263,0.0,-1e-06
1787224253.499767,0.24,11,1.48353,0.595122,1.48353,0.595122,0.174533,0.162245,-0.174533,-0.162245,-0.523599,-0.450434,0.523599,0.450434,0.0,-0.0,0.0,-0.0,0.0,-0.0,0.0,0.0,-0.1,-0.09141,0.2,0.182819,-0.1,-0.09141,0.0,-1e-06,0.0,-0.0,0.0,-0.0,-0.1,-0.09141,0.2,0.182819,-0.1,-0.09141,0.0,1e-06
1787224253.521171,0.26,12,1.48353,0.64473,1.48353,0.64473,0.174533,0.164661,-0.174533,-0.164661,-0.523599,-0.465073,0.523599,0.465073,0.0,-0.0,0.0,-0.0,0.0,-0.0,0.0,0.0,-0.1,-0.093128,0.2,0.186255,-0.1,-0.093128,0.0,1e-06,0.0,-0.0,0.0,-0.0,-0.1,-0.093128,0.2,0.186255,-0.1,-0.093128,0.0,-1e-06
1787224253.541237,0.28,13,1.48353,0.694338,1.48353,0.694338,0.174533,0.1666,-0.174533,-0.1666,-0.523599,-0.476785,0.523599,0.476785,0.0,-0.0,0.0,-0.0,0.0,-0.0,0.0,-0.0,-0.1,-0.094503,0.2,0.189004,-0.1,-0.094503,0.0,-1e-06,0.0,-0.0,0.0,0.0,-0.1,-0.094503,0.2,0.189004,-0.1,-0.094503,0.0,1e-06
1787224253.565784,0.3,14,1.48353,0.743947,1.48353,0.743947,0.174533,0.168156,-0.174533,-0.168156,-0.523599,-0.486154,0.523599,0.486154,0.0,-0.0,0.0,-0.0,0.0,-0.0,0.0,0.0,-0.1,-0.095602,0.2,0.191203,-0.1,-0.095602,0.0,1e-06,0.0,-0.0,0.0,-0.0,-0.1,-0.095602,0.2,0.191203,-0.1,-0.095602,0.0,-1e-06
1787224253.587632,0.32,15,1.48353,0.793557,1.48353,0.793557,0.174533,0.169405,-0.174533,-0.169405,-0.523599,-0.49365,0.523599,0.49365,0.0,0.0,0.0,-0.0,0.0,-0.0,0.0,0.0,-0.1,-0.096482,0.2,0.192963,-0.1,-0.096482,0.0,1e-06,0.0,-0.0,0.0,-0.0,-0.1,-0.096482,0.2,0.192963,-0.1,-0.096482,0.0,-1e-06
1787224253.607573,0.34,16,1.48353,0.843166,1.48353,0.843166,0.174533,0.170408,-0.174533,-0.170408,-0.523599,-0.499645,0.523599,0.499645,0.0,0.0,0.0,-0.0,0.0,-0.0,0.0,-0.0,-0.1,-0.097186,0.2,0.19437,-0.1,-0.097186,0.0,-1e-06,0.0,-0.0,0.0,0.0,-0.1,-0.097186,0.2,0.19437,-0.1,-0.097186,0.0,1e-06
1787224253.628348,0.36,17,1.48353,0.892776,1.48353,0.892776,0.174533,0.171214,-0.174533,-0.171214,-0.523599,-0.504441,0.523599,0.504441,0.0,0.0,0.0,-0.0,0.0,-0.0,0.0,0.0,-0.1,-0.097749,0.2,0.195496,-0.1,-0.097749,0.0,1e-06,0.0,-0.0,0.0,-0.0,-0.1,-0.097749,0.2,0.195496,-0.1,-0.097749,0.0,-1e-06
1787224253.648335,0.38,18,1.48353,0.942385,1.48353,0.942385,0.174533,0.171862,-0.174533,-0.171862,-0.523599,-0.508277,0.523599,0.508277,0.0,0.0,0.0,-0.0,0.0,-0.0,0.0,0.0,-0.1,-0.098199,0.2,0.196397,-0.1,-0.098199,0.0,1e-06,0.0,-0.0,0.0,-0.0,-0.1,-0.098199,0.2,0.196397,-0.1,-0.098199,0.0,-1e-06
1787224253.66745,0.4,19,1.48353,0.991995,1.48353,0.991995,0.174533,0.172382,-0.174533,-0.172382,-0.523599,-0.511346,0.523599,0.511346,0.0,0.0,0.0,-0.0,0.0,-0.0,0.0,-0.0,-0.1,-0.098559,0.2,0.197117,-0.1,-0.098559,0.0,-1e-06,0.0,-0.0,0.0,0.0,-0.1,-0.098559,0.2,0.197117,-0.1,-0.098559,0.0,1e-06
1787224253.688378,0.42,20,1.48353,1.041605,1.48353,1.041605,0.174533,0.172801,-0.174533,-0.172801,-0.523599,-0.5138,0.523599,0.5138,0.0,0.0,0.0,-0.0,0.0,-0.0,0.0,0.0,-0.1,-0.098847,0.2,0.197694,-0.1,-0.098848,0.0,1e-06,0.0,-0.0,0.0,-0.0,-0.1,-0.098847,0.2,0.197694,-0.1,-0.098848,0.0,-1e-06
1787224253.708063,0.44,21,1.48353,1.091215,1.48353,1.091215,0.174533,0.173138,-0.174533,-0.173138,-0.523599,-0.515762,0.523599,0.515762,0.0,0.0,0.0,-0.0,0.0,-0.0,0.0,0.0,-0.1,-0.099078,0.2,0.198155,-0.1,-0.099078,0.0,0.0,0.0,-0.0,0.0,-0.0,-0.1,-0.099078,0.2,0.198155,-0.1,-0.099078,0.0,-0.0
1787224253.734286,0.46,22,1.48353,1.140825,1.48353,1.140825,0.174533,0.173409,-0.174533,-0.173409,-0.523599,-0.517331,0.523599,0.517331,0.0,0.0,0.0,-0.0,0.0,-0.0,0.0,-0.0,-0.1,-0.099262,0.2,0.198524,-0.1,-0.099263,0.0,-0.0,0.0,-0.0,0.0,0.0,-0.1,-0.099262,0.2,0.198524,-0.1,-0.099263,0.0,0.0
1787224253.747818,0.48,23,1.48353,1.190435,1.48353,1.190435,0.174533,0.173627,-0.174533,-0.173627,-0.523599,-0.518585,0.523599,0.518585,0.0,0.0,0.0,-0.0,0.0,0.0,0.0,0.0,-0.1,-0.09941,0.2,0.198819,-0.1,-0.09941,0.0,0.0,0.0,0.0,0.0,-0.0,-0.1,-0.09941,0.2,0.198819,-0.1,-0.09941,0.0,-0.0
1787224253.768864,0.5,24,1.48353,1.240045,1.48353,1.240045,0.174533,0.173802,-0.174533,-0.173802,-0.523599,-0.519589,0.523599,0.519589,0.0,0.0,0.0,-0.0,0.0,-0.0,0.0,0.0,-0.1,-0.099528,0.2,0.199055,-0.1,-0.099528,0.0,0.0,0.0,-0.0,0.0,-0.0,-0.1,-0.099528,0.2,0.199055,-0.1,-0.099528,0.0,-0.0
1787224253.790979,0.52,25,1.48353,1.288732,1.48353,1.288732,0.174533,0.173944,-0.174533,-0.173944,-0.523599,-0.520391,0.523599,0.520391,0.0,0.0,0.0,-0.0,0.0,-0.0,0.0,0.0,-0.1,-0.099623,0.2,0.199244,-0.1,-0.099623,0.0,0.0,0.0,-0.0,0.0,-0.0,-0.1,-0.099623,0.2,0.199244,-0.1,-0.099623,0.0,-0.0
1787224253.812456,0.54,26,1.48353,1.327687,1.48353,1.327687,0.174533,0.174058,-0.174533,-0.174058,-0.523599,-0.521033,0.523599,0.521033,0.0,0.0,0.0,-0.0,0.0,-0.0,0.0,-0.0,-0.1,-0.099698,0.2,0.199395,-0.1,-0.099698,0.0,-0.0,0.0,-0.0,0.0,0.0,-0.1,-0.099698,0.2,0.199395,-0.1,-0.099698,0.0,0.0
1787224253.836273,0.56,27,1.48353,1.358853,1.48353,1.358853,0.174533,0.174151,-0.174533,-0.174151,-0.523599,-0.521546,0.523599,0.521546,0.0,0.0,0.0,-0.0,0.0,-0.0,0.0,0.0,-0.1,-0.099758,0.2,0.199516,-0.1,-0.099759,0.0,0.0,0.0,-0.0,0.0,-0.0,-0.1,-0.099758,0.2,0.199516,-0.1,-0.099759,0.0,-0.0
1787224253.858912,0.58,28,1.48353,1.383787,1.48353,1.383787,0.174533,0.174226,-0.174533,-0.174226,-0.523599,-0.521957,0.523599,0.521957,0.0,0.0,0.0,-0.0,0.0,0.0,0.0,0.0,-0.1,-0.099807,0.2,0.199613,-0.1,-0.099807,0.0,0.0,0.0,0.0,0.0,-0.0,-0.1,-0.099807,0.2,0.199613,-0.1,-0.099807,0.0,-0.0
1787224253.879055,0.6,29,1.48353,1.403735,1.48353,1.403735,0.174533,0.174287,-0.174533,-0.174287,-0.523599,-0.522285,0.523599,0.522285,0.0,0.0,0.0,-0.0,0.0,-0.0,0.0,0.0,-0.1,-0.099845,0.2,0.199691,-0.1,-0.099845,0.0,0.0,0.0,-0.0,0.0,-0.0,-0.1,-0.099845,0.2,0.199691,-0.1,-0.099845,0.0,-0.0
1787224253.907275,0.62,30,1.48353,1.419694,1.48353,1.419694,0.174533,0.174335,-0.174533,-0.174335,-0.523599,-0.522548,0.523599,0.522548,0.0,-0.0,0.0,-0.0,0.0,-0.0,0.0,0.0,-0.1,-0.099876,0.2,0.199752,-0.1,-0.099876,0.0,0.0,0.0,-0.0,0.0,-0.0,-0.1,-0.099876,0.2,0.199752,-0.1,-0.099876,0.0,-0.0
1787224253.926571,0.64,31,1.48353,1.432461,1.48353,1.432461,0.174533,0.174375,-0.174533,-0.174375,-0.523599,-0.522758,0.523599,0.522758,0.0,-0.0,0.0,-0.0,0.0,0.0,0.0,-0.0,-0.1,-0.099901,0.2,0.199802,-0.1,-0.099901,0.0,0.0,0.0,0.0,0.0,0.0,-0.1,-0.099901,0.2,0.199802,-0.1,-0.099901,0.0,-0.0
1787224253.945234,0.66,32,1.48353,1.442675,1.48353,1.442675,0.174533,0.174406,-0.174533,-0.174406,-0.523599,-0.522926,0.523599,0.522926,0.0,-0.0,0.0,-0.0,0.0,-0.0,0.0,0.0,-0.1,-0.099921,0.2,0.199842,-0.1,-0.099921,0.0,0.0,0.0,-0.0,0.0,-0.0,-0.1,-0.099921,0.2,0.199842,-0.1,-0.099921,0.0,-0.0
1787224253.966227,0.68,33,1.48353,1.450846,1.48353,1.450846,0.174533,0.174431,-0.174533,-0.174431,-0.523599,-0.523061,0.523599,0.523061,0.0,-0.0,0.0,-0.0,0.0,-0.0,0.0,0.0,-0.1,-0.099937,0.2,0.199873,-0.1,-0.099937,0.0,0.0,0.0,-0.0,0.0,-0.0,-0.1,-0.099937,0.2,0.199873,-0.1,-0.099937,0.0,-0.0
1787224253.981652,0.7,34,1.48353,1.457383,1.48353,1.457383,0.174533,0.174451,-0.174533,-0.174451,-0.523599,-0.523168,0.523599,0.523168,0.0,-0.0,0.0,-0.0,0.0,0.0,0.0,0.0,-0.1,-0.099949,0.2,0.199899,-0.1,-0.099949,0.0,0.0,0.0,0.0,0.0,-0.0,-0.1,-0.099949,0.2,0.199899,-0.1,-0.099949,0.0,-0.0
1787224253.998211,0.72,35,1.48353,1.462612,1.48353,1.462612,0.174533,0.174468,-0.174533,-0.174468,-0.523599,-0.523254,0.523599,0.523254,0.0,-0.0,0.0,-0.0,0.0,-0.0,0.0,0.0,-0.1,-0.09996,0.2,0.199919,-0.1,-0.09996,0.0,0.0,0.0,-0.0,0.0,-0.0,-0.1,-0.09996,0.2,0.199919,-0.1,-0.09996,0.0,-0.0
1787224254.016371,0.74,36,1.48353,1.466796,1.48353,1.466796,0.174533,0.174481,-0.174533,-0.174481,-0.523599,-0.523323,0.523599,0.523323,0.0,-0.0,0.0,-0.0,0.0,-0.0,0.0,0.0,-0.1,-0.099968,0.2,0.199935,-0.1,-0.099968,0.0,0.0,0.0,-0.0,0.0,-0.0,-0.1,-0.099968,0.2,0.199935,-0.1,-0.099968,0.0,-0.0
1787224254.034828,0.76,37,1.48353,1.470143,1.48353,1.470143,0.174533,0.174491,-0.174533,-0.174491,-0.523599,-0.523378,0.523599,0.523378,0.0,-0.0,0.0,-0.0,0.0,-0.0,0.0,0.0,-0.1,-0.099974,0.2,0.199948,-0.1,-0.099974,0.0,0.0,0.0,-0.0,0.0,-0.0,-0.1,-0.099974,0.2,0.199948,-0.1,-0.099974,0.0,-0.0
1787224254.053746,0.78,38,1.48353,1.47282,1.48353,1.47282,0.174533,0.174499,-0.174533,-0.174499,-0.523599,-0.523422,0.523599,0.523422,0.0,-0.0,0.0,-0.0,0.0,0.0,0.0,0.0,-0.1,-0.099979,0.2,0.199959,-0.1,-0.099979,0.0,0.0,0.0,0.0,0.0,-0.0,-0.1,-0.099979,0.2,0.199959,-0.1,-0.099979,0.0,-0.0
1787224254.076017,0.8,39,1.48353,1.474962,1.48353,1.474962,0.174533,0.174506,-0.174533,-0.174506,-0.523599,-0.523458,0.523599,0.523458,0.0,-0.0,0.0,-0.0,0.0,-0.0,0.0,0.0,-0.1,-0.099983,0.2,0.199967,-0.1,-0.099984,0.0,0.0,0.0,-0.0,0.0,-0.0,-0.1,-0.099983,0.2,0.199967,-0.1,-0.099984,0.0,-0.0
1787224254.095945,0.82,40,1.48353,1.476676,1.48353,1.476676,0.174533,0.174511,-0.174533,-0.174511,-0.523599,-0.523486,0.523599,0.523486,0.0,-0.0,0.0,-0.0,0.0,-0.0,0.0,0.0,-0.1,-0.099987,0.2,0.199974,-0.1,-0.099987,0.0,0.0,0.0,-0.0,0.0,-0.0,-0.1,-0.099987,0.2,0.199974,-0.1,-0.099987,0.0,-0.0
1787224254.117753,0.84,41,1.48353,1.478046,1.48353,1.478046,0.174533,0.174516,-0.174533,-0.174516,-0.523599,-0.523508,0.523599,0.523508,0.0,-0.0,0.0,-0.0,0.0,0.0,0.0,0.0,-0.1,-0.099989,0.2,0.199979,-0.1,-0.099989,0.0,0.0,0.0,0.0,0.0,-0.0,-0.1,-0.099989,0.2,0.199979,-0.1,-0.099989,0.0,-0.0
1787224254.139313,0.86,42,1.48353,1.479143,1.48353,1.479143,0.174533,0.174519,-0.174533,-0.174519,-0.523599,-0.523526,0.523599,0.523526,0.0,-0.0,0.0,-0.0,0.0,-0.0,0.0,0.0,-0.1,-0.099992,0.2,0.199983,-0.1,-0.099992,0.0,0.0,0.0,-0.0,0.0,-0.0,-0.1,-0.099992,0.2,0.199983,-0.1,-0.099992,0.0,-0.0
1787224254.160965,0.88,43,1.48353,1.480021,1.48353,1.480021,0.174533,0.174522,-0.174533,-0.174522,-0.523599,-0.523541,0.523599,0.523541,0.0,-0.0,0.0,-0.0,0.0,-0.0,0.0,0.0,-0.1,-0.099993,0.2,0.199986,-0.1,-0.099993,0.0,0.0,0.0,-0.0,0.0,-0.0,-0.1,-0.099993,0.2,0.199986,-0.1,-0.099993,0.0,-0.0
1787224254.178738,0.9,44,1.48353,1.480722,1.48353,1.480722,0.174533,0.174524,-0.174533,-0.174524,-0.523599,-0.523552,0.523599,0.523552,0.0,-0.0,0.0,-0.0,0.0,-0.0,0.0,0.0,-0.1,-0.099995,0.2,0.199989,-0.1,-0.099995,0.0,0.0,0.0,-0.0,0.0,-0.0,-0.1,-0.099995,0.2,0.199989,-0.1,-0.099995,0.0,-0.0
1787224254.1994,0.92,45,1.48353,1.481284,1.48353,1.481284,0.174533,0.174526,-0.174533,-0.174526,-0.523599,-0.523562,0.523599,0.523562,0.0,-0.0,0.0,-0.0,0.0,0.0,0.0,0.0,-0.1,-0.099996,0.2,0.199991,-0.1,-0.099996,0.0,0.0,0.0,0.0,0.0,-0.0,-0.1,-0.099996,0.2,0.199991,-0.1,-0.099996,0.0,-0.0
1787224254.219186,0.94,46,1.48353,1.481733,1.48353,1.481733,0.174533,0.174527,-0.174533,-0.174527,-0.523599,-0.523569,0.523599,0.523569,0.0,-0.0,0.0,-0.0,0.0,-0.0,0.0,0.0,-0.1,-0.099997,0.2,0.199993,-0.1,-0.099997,0.0,0.0,0.0,-0.0,0.0,-0.0,-0.1,-0.099997,0.2,0.199993,-0.1,-0.099997,0.0,-0.0
1787224254.238915,0.96,47,1.48353,1.482093,1.48353,1.482093,0.174533,0.174528,-0.174533,-0.174528,-0.523599,-0.523575,0.523599,0.523575,0.0,-0.0,0.0,-0.0,0.0,-0.0,0.0,0.0,-0.1,-0.099997,0.2,0.199995,-0.1,-0.099997,0.0,0.0,0.0,-0.0,0.0,-0.0,-0.1,-0.099997,0.2,0.199995,-0.1,-0.099997,0.0,-0.0
1787224254.260056,0.98,48,1.48353,1.48238,1.48353,1.48238,0.174533,0.174529,-0.174533,-0.174529,-0.523599,-0.52358,0.523599,0.52358,0.0,-0.0,0.0,-0.0,0.0,0.0,0.0,0.0,-0.1,-0.099998,0.2,0.199996,-0.1,-0.099998,0.0,0.0,0.0,0.0,0.0,-0.0,-0.1,-0.099998,0.2,0.199996,-0.1,-0.099998,0.0,-0.0
1787224254.286783,1.0,49,1.48353,1.48261,1.48353,1.48261,0.174533,0.17453,-0.174533,-0.17453,-0.523599,-0.523584,0.523599,0.523584,0.0,-0.0,0.0,-0.0,0.0,-0.0,0.0,0.0,-0.1,-0.099998,0.2,0.199997,-0.1,-0.099998,0.0,0.0,0.0,-0.0,0.0,-0.0,-0.1,-0.099998,0.2,0.199997,-0.1,-0.099998,0.0,-0.0
1787224254.302995,1.02,50,1.48353,1.482794,1.48353,1.482794,0.174533,0.174531,-0.174533,-0.174531,-0.523599,-0.523587,0.523599,0.523587,0.0,0.0,0.0,-0.0,0.0,-0.0,0.0,0.0,-0.1,-0.099999,0.2,0.199997,-0.1,-0.099999,0.0,0.0,0.0,-0.0,0.0,-0.0,-0.1,-0.099999,0.2,0.199997,-0.1,-0.099999,0.0,-0.0
1787224254.323353,1.04,51,1.48353,1.482941,1.48353,1.482941,0.174533,0.174531,-0.174533,-0.174531,-0.523599,-0.523589,0.523599,0.523589,0.0,0.0,0.0,-0.0,0.0,-0.0,0.0,0.0,-0.1,-0.099999,0.2,0.199998,-0.1,-0.099999,0.0,0.0,0.0,-0.0,0.0,-0.0,-0.1,-0.099999,0.2,0.199998,-0.1,-0.099999,0.0,-0.0
1787224254.342522,1.06,52,1.48353,1.483059,1.48353,1.483059,0.174533,0.174531,-0.174533,-0.174531,-0.523599,-0.523591,0.523599,0.523591,0.0,0.0,0.0,-0.0,0.0,0.0,0.0,0.0,-0.1,-0.099999,0.2,0.199998,-0.1,-0.099999,0.0,0.0,0.0,0.0,0.0,-0.0,-0.1,-0.099999,0.2,0.199998,-0.1,-0.099999,0.0,-0.0
1787224254.362192,1.08,53,1.48353,1.483153,1.48353,1.483153,0.174533,0.174532,-0.174533,-0.174532,-0.523599,-0.523592,0.523599,0.523592,0.0,0.0,0.0,-0.0,0.0,-0.0,0.0,0.0,-0.1,-0.099999,0.2,0.199999,-0.1,-0.099999,0.0,0.0,0.0,-0.0,0.0,-0.0,-0.1,-0.099999,0.2,0.199999,-0.1,-0.099999,0.0,-0.0
1787224254.382795,1.1,54,1.48353,1.483229,1.48353,1.483229,0.174533,0.174532,-0.174533,-0.174532,-0.523599,-0.523594,0.523599,0.523594,0.0,0.0,0.0,-0.0,0.0,-0.0,0.0,0.0,-0.1,-0.1,0.2,0.199999,-0.1,-0.1,0.0,0.0,0.0,-0.0,0.0,-0.0,-0.1,-0.1,0.2,0.199999,-0.1,-0.1,0.0,-0.0
1787224254.399666,1.12,55,1.48353,1.483289,1.48353,1.483289,0.174533,0.174532,-0.174533,-0.174532,-0.523599,-0.523595,0.523599,0.523595,0.0,0.0,0.0,-0.0,0.0,0.0,0.0,0.0,-0.1,-0.1,0.2,0.199999,-0.1,-0.1,0.0,0.0,0.0,0.0,0.0,-0.0,-0.1,-0.1,0.2,0.199999,-0.1,-0.1,0.0,-0.0
1787224254.41786,1.14,56,1.48353,1.483337,1.48353,1.483337,0.174533,0.174532,-0.174533,-0.174532,-0.523599,-0.523596,0.523599,0.523596,0.0,0.0,0.0,-0.0,0.0,-0.0,0.0,0.0,-0.1,-0.1,0.2,0.199999,-0.1,-0.1,0.0,0.0,0.0,-0.0,0.0,-0.0,-0.1,-0.1,0.2,0.199999,-0.1,-0.1,0.0,-0.0
1787224254.436871,1.16,57,1.48353,1.483376,1.48353,1.483376,0.174533,0.174532,-0.174533,-0.174532,-0.523599,-0.523596,0.523599,0.523596,0.0,0.0,0.0,-0.0,0.0,-0.0,0.0,0.0,-0.1,-0.1,0.2,0.199999,-0.1,-0.1,0.0,0.0,0.0,-0.0,0.0,-0.0,-0.1,-0.1,0.2,0.199999,-0.1,-0.1,0.0,-0.0
1787224254.456764,1.18,58,1.48353,1.483407,1.48353,1.483407,0.174533,0.174532,-0.174533,-0.174532,-0.523599,-0.523597,0.523599,0.523597,0.0,0.0,0.0,-0.0,0.0,-0.0,0.0,0.0,-0.1,-0.1,0.2,0.2,-0.1,-0.1,0.0,0.0,0.0,-0.0,0.0,-0.0,-0.1,-0.1,0.2,0.2,-0.1,-0.1,0.0,-0.0
1787224254.483006,1.2,59,1.48353,1.483431,1.48353,1.483431,0.174533,0.174533,-0.174533,-0.174533,-0.523599,-0.523597,0.523599,0.523597,0.0,0.0,0.0,-0.0,0.0,0.0,0.0,0.0,-0.1,-0.1,0.2,0.2,-0.1,-0.1,0.0,0.0,0.0,0.0,0.0,-0.0,-0.1,-0.1,0.2,0.2,-0.1,-0.1,0.0,-0.0
1787224254.501619,1.22,60,1.48353,1.483451,1.48353,1.483451,0.174533,0.174533,-0.174533,-0.174533,-0.523599,-0.523597,0.523599,0.523597,0.0,0.0,0.0,-0.0,0.0,-0.0,0.0,0.0,-0.1,-0.1,0.2,0.2,-0.1,-0.1,0.0,0.0,0.0,-0.0,0.0,-0.0,-0.1,-0.1,0.2,0.2,-0.1,-0.1,0.0,-0.0
1787224254.523601,1.24,61,1.48353,1.483467,1.48353,1.483467,0.174533,0.174533,-0.174533,-0.174533,-0.523599,-0.523598,0.523599,0.523598,0.0,0.0,0.0,-0.0,0.0,-0.0,0.0,0.0,-0.1,-0.1,0.2,0.2,-0.1,-0.1,0.0,0.0,0.0,-0.0,0.0,-0.0,-0.1,-0.1,0.2,0.2,-0.1,-0.1,0.0,-0.0
1787224254.543645,1.26,62,1.48353,1.483479,1.48353,1.483479,0.174533,0.174533,-0.174533,-0.174533,-0.523599,-0.523598,0.523599,0.523598,0.0,0.0,0.0,-0.0,0.0,0.0,0.0,0.0,-0.1,-0.1,0.2,0.2,-0.1,-0.1,0.0,0.0,0.0,0.0,0.0,-0.0,-0.1,-0.1,0.2,0.2,-0.1,-0.1,0.0,-0.0
1787224254.563802,1.28,63,1.48353,1.48349,1.48353,1.48349,0.174533,0.174533,-0.174533,-0.174533,-0.523599,-0.523598,0.523599,0.523598,0.0,0.0,0.0,-0.0,0.0,-0.0,0.0,0.0,-0.1,-0.1,0.2,0.2,-0.1,-0.1,0.0,0.0,0.0,-0.0,0.0,-0.0,-0.1,-0.1,0.2,0.2,-0.1,-0.1,0.0,-0.0
1787224254.585886,1.3,64,1.48353,1.483498,1.48353,1.483498,0.174533,0.174533,-0.174533,-0.174533,-0.523599,-0.523598,0.523599,0.523598,0.0,0.0,0.0,-0.0,0.0,-0.0,0.0,0.0,-0.1,-0.1,0.2,0.2,-0.1,-0.1,0.0,0.0,0.0,-0.0,0.0,-0.0,-0.1,-0.1,0.2,0.2,-0.1,-0.1,0.0,-0.0
1787224254.60475,1.32,65,1.48353,1.483504,1.48353,1.483504,0.174533,0.174533,-0.174533,-0.174533,-0.523599,-0.523598,0.523599,0.523598,0.0,0.0,0.0,-0.0,0.0,0.0,0.0,0.0,-0.1,-0.1,0.2,0.2,-0.1,-0.1,0.0,0.0,0.0,-0.0,0.0,-0.0,-0.1,-0.1,0.2,0.2,-0.1,-0.1,0.0,-0.0
1787224254.622913,1.34,66,1.48353,1.483509,1.48353,1.483509,0.174533,0.174533,-0.174533,-0.174533,-0.523599,-0.523598,0.523599,0.523598,0.0,0.0,0.0,-0.0,0.0,-0.0,0.0,0.0,-0.1,-0.1,0.2,0.2,-0.1,-0.1,0.0,0.0,0.0,0.0,0.0,-0.0,-0.1,-0.1,0.2,0.2,-0.1,-0.1,0.0,-0.0
1787224254.643202,1.36,67,1.48353,1.483513,1.48353,1.483513,0.174533,0.174533,-0.174533,-0.174533,-0.523599,-0.523598,0.523599,0.523598,0.0,-0.0,0.0,-0.0,0.0,-0.0,0.0,0.0,-0.1,-0.1,0.2,0.2,-0.1,-0.1,0.0,0.0,0.0,-0.0,0.0,-0.0,-0.1,-0.1,0.2,0.2,-0.1,-0.1,0.0,-0.0
1787224254.664901,1.38,68,1.48353,1.483517,1.48353,1.483517,0.174533,0.174533,-0.174533,-0.174533,-0.523599,-0.523598,0.523599,0.523598,0.0,0.0,0.0,-0.0,0.0,-0.0,0.0,0.0,-0.1,-0.1,0.2,0.2,-0.1,-0.1,0.0,0.0,0.0,-0.0,0.0,-0.0,-0.1,-0.1,0.2,0.2,-0.1,-0.1,0.0,-0.0
1787224254.689976,1.4,69,1.48353,1.483519,1.48353,1.483519,0.174533,0.174533,-0.174533,-0.174533,-0.523599,-0.523599,0.523599,0.523599,0.0,0.0,0.0,-0.0,0.0,0.0,0.0,0.0,-0.1,-0.1,0.2,0.2,-0.1,-0.1,0.0,0.0,0.0,0.0,0.0,-0.0,-0.1,-0.1,0.2,0.2,-0.1,-0.1,0.0,-0.0
1787224254.71129,1.42,70,1.48353,1.483522,1.48353,1.483522,0.174533,0.174533,-0.174533,-0.174533,-0.523599,-0.523599,0.523599,0.523599,0.0,0.0,0.0,-0.0,0.0,-0.0,0.0,0.0,-0.1,-0.1,0.2,0.2,-0.1,-0.1,0.0,0.0,0.0,-0.0,0.0,-0.0,-0.1,-0.1,0.2,0.2,-0.1,-0.1,0.0,-0.0
1787224254.73295,1.44,71,1.48353,1.483523,1.48353,1.483523,0.174533,0.174533,-0.174533,-0.174533,-0.523599,-0.523599,0.523599,0.523599,0.0,0.0,0.0,-0.0,0.0,-0.0,0.0,0.0,-0.1,-0.1,0.2,0.2,-0.1,-0.1,0.0,0.0,0.0,-0.0,0.0,-0.0,-0.1,-0.1,0.2,0.2,-0.1,-0.1,0.0,-0.0
1787224254.75307,1.46,72,1.48353,1.483525,1.48353,1.483525,0.174533,0.174533,-0.174533,-0.174533,-0.523599,-0.523599,0.523599,0.523599,0.0,0.0,0.0,-0.0,0.0,0.0,0.0,0.0,-0.1,-0.1,0.2,0.2,-0.1,-0.1,0.0,0.0,0.0,-0.0,0.0,-0.0,-0.1,-0.1,0.2,0.2,-0.1,-0.1,0.0,-0.0
1787224254.778664,1.48,73,1.48353,1.483526,1.48353,1.483526,0.174533,0.174533,-0.174533,-0.174533,-0.523599,-0.523599,0.523599,0.523599,0.0,0.0,0.0,-0.0,0.0,-0.0,0.0,0.0,-0.1,-0.1,0.2,0.2,-0.1,-0.1,0.0,0.0,0.0,0.0,0.0,-0.0,-0.1,-0.1,0.2,0.2,-0.1,-0.1,0.0,-0.0
1787224254.791664,1.5,74,1.48353,1.483527,1.48353,1.483527,0.174533,0.174533,-0.174533,-0.174533,-0.523599,-0.523599,0.523599,0.523599,0.0,-0.0,0.0,-0.0,0.0,-0.0,0.0,0.0,-0.1,-0.1,0.2,0.2,-0.1,-0.1,0.0,0.0,0.0,-0.0,0.0,-0.0,-0.1,-0.1,0.2,0.2,-0.1,-0.1,0.0,-0.0
1787224254.810563,1.52,75,1.48353,1.483527,1.48353,1.483527,0.174533,0.174533,-0.174533,-0.174533,-0.523599,-0.523599,0.523599,0.523599,0.0,0.0,0.0,-0.0,0.0,-0.0,0.0,0.0,-0.1,-0.1,0.2,0.2,-0.1,-0.1,0.0,0.0,0.0,-0.0,0.0,-0.0,-0.1,-0.1,0.2,0.2,-0.1,-0.1,0.0,-0.0
1787224254.829934,1.54,76,1.48353,1.483528,1.48353,1.483528,0.174533,0.174533,-0.174533,-0.174533,-0.523599,-0.523599,0.523599,0.523599,0.0,0.0,0.0,-0.0,0.0,0.0,0.0,0.0,-0.1,-0.1,0.2,0.2,-0.1,-0.1,0.0,0.0,0.0,0.0,0.0,-0.0,-0.1,-0.1,0.2,0.2,-0.1,-0.1,0.0,-0.0
1787224254.851473,1.56,77,1.48353,1.483528,1.48353,1.483528,0.174533,0.174533,-0.174533,-0.174533,-0.523599,-0.523599,0.523599,0.523599,0.0,0.0,0.0,-0.0,0.0,-0.0,0.0,0.0,-0.1,-0.1,0.2,0.2,-0.1,-0.1,0.0,0.0,0.0,-0.0,0.0,-0.0,-0.1,-0.1,0.2,0.2,-0.1,-0.1,0.0,-0.0
1787224254.87012,1.58,78,1.48353,1.483529,1.48353,1.483529,0.174533,0.174533,-0.174533,-0.174533,-0.523599,-0.523599,0.523599,0.523599,0.0,0.0,0.0,-0.0,0.0,-0.0,0.0,0.0,-0.1,-0.1,0.2,0.2,-0.1,-0.1,0.0,0.0,0.0,-0.0,0.0,-0.0,-0.1,-0.1,0.2,0.2,-0.1,-0.1,0.0,-0.0
1787224254.890196,1.6,79,1.48353,1.483529,1.48353,1.483529,0.174533,0.174533,-0.174533,-0.174533,-0.523599,-0.523599,0.523599,0.523599,0.0,0.0,0.0,-0.0,0.0,0.0,0.0,0.0,-0.1,-0.1,0.2,0.2,-0.1,-0.1,0.0,0.0,0.0,-0.0,0.0,-0.0,-0.1,-0.1,0.2,0.2,-0.1,-0.1,0.0,-0.0
1787224254.910958,1.62,80,1.48353,1.483529,1.48353,1.483529,0.174533,0.174533,-0.174533,-0.174533,-0.523599,-0.523599,0.523599,0.523599,0.0,0.0,0.0,-0.0,0.0,-0.0,0.0,0.0,-0.1,-0.1,0.2,0.2,-0.1,-0.1,0.0,0.0,0.0,0.0,0.0,-0.0,-0.1,-0.1,0.2,0.2,-0.1,-0.1,0.0,-0.0
1787224254.931441,1.64,81,1.48353,1.483529,1.48353,1.483529,0.174533,0.174533,-0.174533,-0.174533,-0.523599,-0.523599,0.523599,0.523599,0.0,-0.0,0.0,-0.0,0.0,-0.0,0.0,0.0,-0.1,-0.1,0.2,0.2,-0.1,-0.1,0.0,0.0,0.0,-0.0,0.0,-0.0,-0.1,-0.1,0.2,0.2,-0.1,-0.1,0.0,-0.0
1787224254.957522,1.66,82,1.48353,1.483529,1.48353,1.483529,0.174533,0.174533,-0.174533,-0.174533,-0.523599,-0.523599,0.523599,0.523599,0.0,-0.0,0.0,-0.0,0.0,-0.0,0.0,0.0,-0.1,-0.1,0.2,0.2,-0.1,-0.1,0.0,0.0,0.0,-0.0,0.0,-0.0,-0.1,-0.1,0.2,0.2,-0.1,-0.1,0.0,-0.0
1787224254.97763,1.68,83,1.48353,1.48353,1.48353,1.48353,0.174533,0.174533,-0.174533,-0.174533,-0.523599,-0.523599,0.523599,0.523599,0.0,-0.0,0.0,-0.0,0.0,0.0,0.0,0.0,-0.1,-0.1,0.2,0.2,-0.1,-0.1,0.0,0.0,0.0,0.0,0.0,-0.0,-0.1,-0.1,0.2,0.2,-0.1,-0.1,0.0,-0.0
1787224254.999657,1.7,84,1.48353,1.48353,1.48353,1.48353,0.174533,0.174533,-0.174533,-0.174533,-0.523599,-0.523599,0.523599,0.523599,0.0,-0.0,0.0,-0.0,0.0,-0.0,0.0,0.0,-0.1,-0.1,0.2,0.2,-0.1,-0.1,0.0,0.0,0.0,-0.0,0.0,-0.0,-0.1,-0.1,0.2,0.2,-0.1,-0.1,0.0,-0.0
1787224255.020532,1.72,85,1.48353,1.48353,1.48353,1.48353,0.174533,0.174533,-0.174533,-0.174533,-0.523599,-0.523599,0.523599,0.523599,0.0,-0.0,0.0,-0.0,0.0,-0.0,0.0,0.0,-0.1,-0.1,0.2,0.2,-0.1,-0.1,0.0,0.0,0.0,-0.0,0.0,-0.0,-0.1,-0.1,0.2,0.2,-0.1,-0.1,0.0,-0.0
1787224255.040353,1.74,86,1.48353,1.48353,1.48353,1.48353,0.174533,0.174533,-0.174533,-0.174533,-0.523599,-0.523599,0.523599,0.523599,0.0,-0.0,0.0,-0.0,0.0,0.0,0.0,0.0,-0.1,-0.1,0.2,0.2,-0.1,-0.1,0.0,0.0,0.0,0.0,0.0,-0.0,-0.1,-0.1,0.2,0.2,-0.1,-0.1,0.0,-0.0
1787224255.060031,1.76,87,1.48353,1.48353,1.48353,1.48353,0.174533,0.174533,-0.174533,-0.174533,-0.523599,-0.523599,0.523599,0.523599,0.0,-0.0,0.0,-0.0,0.0,-0.0,0.0,0.0,-0.1,-0.1,0.2,0.2,-0.1,-0.1,0.0,0.0,0.0,-0.0,0.0,-0.0,-0.1,-0.1,0.2,0.2,-0.1,-0.1,0.0,-0.0
1787224255.07755,1.78,88,1.48353,1.48353,1.48353,1.48353,0.174533,0.174533,-0.174533,-0.174533,-0.523599,-0.523599,0.523599,0.523599,0.0,-0.0,0.0,-0.0,0.0,-0.0,0.0,0.0,-0.1,-0.1,0.2,0.2,-0.1,-0.1,0.0,0.0,0.0,-0.0,0.0,-0.0,-0.1,-0.1,0.2,0.2,-0.1,-0.1,0.0,-0.0
1787224255.096363,1.8,89,1.48353,1.48353,1.48353,1.48353,0.174533,0.174533,-0.174533,-0.174533,-0.523599,-0.523599,0.523599,0.523599,0.0,-0.0,0.0,-0.0,0.0,-0.0,0.0,0.0,-0.1,-0.1,0.2,0.2,-0.1,-0.1,0.0,0.0,0.0,-0.0,0.0,-0.0,-0.1,-0.1,0.2,0.2,-0.1,-0.1,0.0,-0.0
1787224255.115854,1.82,90,1.48353,1.48353,1.48353,1.48353,0.174533,0.174533,-0.174533,-0.174533,-0.523599,-0.523599,0.523599,0.523599,0.0,-0.0,0.0,-0.0,0.0,0.0,0.0,0.0,-0.1,-0.1,0.2,0.2,-0.1,-0.1,0.0,0.0,0.0,0.0,0.0,-0.0,-0.1,-0.1,0.2,0.2,-0.1,-0.1,0.0,-0.0
1787224255.142317,1.84,91,1.48353,1.48353,1.48353,1.48353,0.174533,0.174533,-0.174533,-0.174533,-0.523599,-0.523599,0.523599,0.523599,0.0,-0.0,0.0,-0.0,0.0,-0.0,0.0,0.0,-0.1,-0.1,0.2,0.2,-0.1,-0.1,0.0,0.0,0.0,-0.0,0.0,-0.0,-0.1,-0.1,0.2,0.2,-0.1,-0.1,0.0,-0.0
1787224255.156222,1.86,92,1.48353,1.48353,1.48353,1.48353,0.174533,0.174533,-0.174533,-0.174533,-0.523599,-0.523599,0.523599,0.523599,0.0,-0.0,0.0,-0.0,0.0,-0.0,0.0,0.0,-0.1,-0.1,0.2,0.2,-0.1,-0.1,0.0,0.0,0.0,-0.0,0.0,-0.0,-0.1,-0.1,0.2,0.2,-0.1,-0.1,0.0,-0.0
1787224255.178919,1.88,93,1.48353,1.48353,1.48353,1.48353,0.174533,0.174533,-0.174533,-0.174533,-0.523599,-0.523599,0.523599,0.523599,0.0,-0.0,0.0,-0.0,0.0,0.0,0.0,0.0,-0.1,-0.1,0.2,0.2,-0.1,-0.1,0.0,0.0,0.0,0.0,0.0,-0.0,-0.1,-0.1,0.2,0.2,-0.1,-0.1,0.0,-0.0
1787224255.200598,1.9,94,1.48353,1.48353,1.48353,1.48353,0.174533,0.174533,-0.174533,-0.174533,-0.523599,-0.523599,0.523599,0.523599,0.0,-0.0,0.0,-0.0,0.0,-0.0,0.0,0.0,-0.1,-0.1,0.2,0.2,-0.1,-0.1,0.0,0.0,0.0,-0.0,0.0,-0.0,-0.1,-0.1,0.2,0.2,-0.1,-0.1,0.0,-0.0
1787224255.222097,1.92,95,1.48353,1.48353,1.48353,1.48353,0.174533,0.174533,-0.174533,-0.174533,-0.523599,-0.523599,0.523599,0.523599,0.0,-0.0,0.0,-0.0,0.0,-0.0,0.0,0.0,-0.1,-0.1,0.2,0.2,-0.1,-0.1,0.0,0.0,0.0,-0.0,0.0,-0.0,-0.1,-0.1,0.2,0.2,-0.1,-0.1,0.0,-0.0
1787224255.250255,1.94,96,1.48353,1.48353,1.48353,1.48353,0.174533,0.174533,-0.174533,-0.174533,-0.523599,-0.523599,0.523599,0.523599,0.0,-0.0,0.0,-0.0,0.0,-0.0,0.0,0.0,-0.1,-0.1,0.2,0.2,-0.1,-0.1,0.0,0.0,0.0,-0.0,0.0,-0.0,-0.1,-0.1,0.2,0.2,-0.1,-0.1,0.0,-0.0
1787224255.265829,1.96,97,1.48353,1.48353,1.48353,1.48353,0.174533,0.174533,-0.174533,-0.174533,-0.523599,-0.523599,0.523599,0.523599,0.0,-0.0,0.0,-0.0,0.0,0.0,0.0,0.0,-0.1,-0.1,0.2,0.2,-0.1,-0.1,0.0,0.0,0.0,0.0,0.0,-0.0,-0.1,-0.1,0.2,0.2,-0.1,-0.1,0.0,-0.0
1787224255.287226,1.98,98,1.48353,1.48353,1.48353,1.48353,0.174533,0.174533,-0.174533,-0.174533,-0.523599,-0.523599,0.523599,0.523599,0.0,-0.0,0.0,-0.0,0.0,-0.0,0.0,0.0,-0.1,-0.1,0.2,0.2,-0.1,-0.1,0.0,0.0,0.0,-0.0,0.0,-0.0,-0.1,-0.1,0.2,0.2,-0.1,-0.1,0.0,-0.0
1787224255.307652,2.0,99,1.48353,1.48353,1.48353,1.48353,0.174533,0.174533,-0.174533,-0.174533,-0.523599,-0.523599,0.523599,0.523599,0.0,-0.0,0.0,-0.0,0.0,-0.0,0.0,0.0,-0.1,-0.1,0.2,0.2,-0.1,-0.1,0.0,0.0,0.0,-0.0,0.0,-0.0,-0.1,-0.1,0.2,0.2,-0.1,-0.1,0.0,-0.0
1787224255.335822,2.02,100,1.48353,1.48353,1.48353,1.48353,0.174533,0.174533,-0.174533,-0.174533,-0.523599,-0.523599,0.523599,0.523599,0.0,-0.0,0.0,-0.0,0.0,0.0,0.0,0.0,-0.1,-0.1,0.2,0.2,-0.1,-0.1,0.0,0.0,0.0,0.0,0.0,-0.0,-0.1,-0.1,0.2,0.2,-0.1,-0.1,0.0,-0.0
1787224255.348606,2.04,101,1.48353,1.48353,1.48353,1.48353,0.174533,0.174533,-0.174533,-0.174533,-0.523599,-0.523599,0.523599,0.523599,0.0,-0.0,0.0,-0.0,0.0,-0.0,0.0,0.0,-0.1,-0.1,0.2,0.2,-0.1,-0.1,0.0,0.0,0.0,-0.0,0.0,-0.0,-0.1,-0.1,0.2,0.2,-0.1,-0.1,0.0,-0.0
1787224255.368338,2.06,102,1.48353,1.48353,1.48353,1.48353,0.174533,0.174533,-0.174533,-0.174533,-0.523599,-0.523599,0.523599,0.523599,0.0,-0.0,0.0,-0.0,0.0,-0.0,0.0,0.0,-0.1,-0.1,0.2,0.2,-0.1,-0.1,0.0,0.0,0.0,-0.0,0.0,-0.0,-0.1,-0.1,0.2,0.2,-0.1,-0.1,0.0,-0.0
1787224255.386565,2.08,103,1.48353,1.48353,1.48353,1.48353,0.174533,0.174533,-0.174533,-0.174533,-0.523599,-0.523599,0.523599,0.523599,0.0,-0.0,0.0,-0.0,0.0,-0.0,0.0,0.0,-0.1,-0.1,0.2,0.2,-0.1,-0.1,0.0,0.0,0.0,-0.0,0.0,-0.0,-0.1,-0.1,0.2,0.2,-0.1,-0.1,0.0,-0.0
1787224255.405753,2.1,104,1.48353,1.48353,1.48353,1.48353,0.174533,0.174533,-0.174533,-0.174533,-0.523599,-0.523599,0.523599,0.523599,0.0,-0.0,0.0,-0.0,0.0,0.0,0.0,0.0,-0.1,-0.1,0.2,0.2,-0.1,-0.1,0.0,0.0,0.0,0.0,0.0,-0.0,-0.1,-0.1,0.2,0.2,-0.1,-0.1,0.0,-0.0
1787224255.428128,2.12,105,1.48353,1.48353,1.48353,1.48353,0.174533,0.174533,-0.174533,-0.174533,-0.523599,-0.523599,0.523599,0.523599,0.0,-0.0,0.0,-0.0,0.0,-0.0,0.0,0.0,-0.1,-0.1,0.2,0.2,-0.1,-0.1,0.0,0.0,0.0,-0.0,0.0,-0.0,-0.1,-0.1,0.2,0.2,-0.1,-0.1,0.0,-0.0
1787224255.448725,2.14,106,1.48353,1.48353,1.48353,1.48353,0.174533,0.174533,-0.174533,-0.174533,-0.523599,-0.523599,0.523599,0.523599,0.0,-0.0,0.0,-0.0,0.0,-0.0,0.0,0.0,-0.1,-0.1,0.2,0.2,-0.1,-0.1,0.0,0.0,0.0,-0.0,0.0,-0.0,-0.1,-0.1,0.2,0.2,-0.1,-0.1,0.0,-0.0
1787224255.469994,2.16,107,1.48353,1.48353,1.48353,1.48353,0.174533,0.174533,-0.174533,-0.174533,-0.523599,-0.523599,0.523599,0.523599,0.0,-0.0,0.0,-0.0,0.0,0.0,0.0,0.0,-0.1,-0.1,0.2,0.2,-0.1,-0.1,0.0,0.0,0.0,0.0,0.0,-0.0,-0.1,-0.1,0.2,0.2,-0.1,-0.1,0.0,-0.0
1787224255.492287,2.18,108,1.48353,1.48353,1.48353,1.48353,0.174533,0.174533,-0.174533,-0.174533,-0.523599,-0.523599,0.523599,0.523599,0.0,-0.0,0.0,-0.0,0.0,-0.0,0.0,0.0,-0.1,-0.1,0.2,0.2,-0.1,-0.1,0.0,0.0,0.0,-0.0,0.0,-0.0,-0.1,-0.1,0.2,0.2,-0.1,-0.1,0.0,-0.0
1787224255.515726,2.2,109,1.48353,1.48353,1.48353,1.48353,0.174533,0.174533,-0.174533,-0.174533,-0.523599,-0.523599,0.523599,0.523599,0.0,-0.0,0.0,-0.0,0.0,-0.0,0.0,0.0,-0.1,-0.1,0.2,0.2,-0.1,-0.1,0.0,0.0,0.0,-0.0,0.0,-0.0,-0.1,-0.1,0.2,0.2,-0.1,-0.1,0.0,-0.0
1787224255.534542,2.22,110,1.48353,1.48353,1.48353,1.48353,0.174533,0.174533,-0.174533,-0.174533,-0.523599,-0.523599,0.523599,0.523599,0.0,-0.0,0.0,-0.0,0.0,0.0,0.0,0.0,-0.1,-0.1,0.2,0.2,-0.1,-0.1,0.0,0.0,0.0,-0.0,0.0,-0.0,-0.1,-0.1,0.2,0.2,-0.1,-0.1,0.0,-0.0
1787224255.55477,2.24,111,1.48353,1.48353,1.48353,1.48353,0.174533,0.174533,-0.174533,-0.174533,-0.523599,-0.523599,0.523599,0.523599,0.0,0.0,0.0,-0.0,0.0,-0.0,0.0,0.0,-0.1,-0.1,0.2,0.2,-0.1,-0.1,0.0,0.0,0.0,0.0,0.0,-0.0,-0.1,-0.1,0.2,0.2,-0.1,-0.1,0.0,-0.0
1787224255.574687,2.26,112,1.48353,1.48353,1.48353,1.48353,0.174533,0.174533,-0.174533,-0.174533,-0.523599,-0.523599,0.523599,0.523599,0.0,-0.0,0.0,-0.0,0.0,-0.0,0.0,0.0,-0.1,-0.1,0.2,0.2,-0.1,-0.1,0.0,0.0,0.0,-0.0,0.0,-0.0,-0.1,-0.1,0.2,0.2,-0.1,-0.1,0.0,-0.0
1787224255.593492,2.28,113,1.48353,1.48353,1.48353,1.48353,0.174533,0.174533,-0.174533,-0.174533,-0.523599,-0.523599,0.523599,0.523599,0.0,-0.0,0.0,-0.0,0.0,-0.0,0.0,0.0,-0.1,-0.1,0.2,0.2,-0.1,-0.1,0.0,0.0,0.0,-0.0,0.0,-0.0,-0.1,-0.1,0.2,0.2,-0.1,-0.1,0.0,-0.0
1787224255.61362,2.3,114,1.48353,1.48353,1.48353,1.48353,0.174533,0.174533,-0.174533,-0.174533,-0.523599,-0.523599,0.523599,0.523599,0.0,-0.0,0.0,-0.0,0.0,0.0,0.0,0.0,-0.1,-0.1,0.2,0.2,-0.1,-0.1,0.0,0.0,0.0,0.0,0.0,-0.0,-0.1,-0.1,0.2,0.2,-0.1,-0.1,0.0,-0.0
1787224255.634303,2.32,115,1.48353,1.48353,1.48353,1.48353,0.174533,0.174533,-0.174533,-0.174533,-0.523599,-0.523599,0.523599,0.523599,0.0,-0.0,0.0,-0.0,0.0,-0.0,0.0,0.0,-0.1,-0.1,0.2,0.2,-0.1,-0.1,0.0,0.0,0.0,-0.0,0.0,-0.0,-0.1,-0.1,0.2,0.2,-0.1,-0.1,0.0,-0.0
1787224255.655585,2.34,116,1.48353,1.48353,1.48353,1.48353,0.174533,0.174533,-0.174533,-0.174533,-0.523599,-0.523599,0.523599,0.523599,0.0,-0.0,0.0,-0.0,0.0,-0.0,0.0,0.0,-0.1,-0.1,0.2,0.2,-0.1,-0.1,0.0,0.0,0.0,-0.0,0.0,-0.0,-0.1,-0.1,0.2,0.2,-0.1,-0.1,0.0,-0.0
1787224255.677113,2.36,117,1.48353,1.48353,1.48353,1.48353,0.174533,0.174533,-0.174533,-0.174533,-0.523599,-0.523599,0.523599,0.523599,0.0,-0.0,0.0,-0.0,0.0,0.0,0.0,0.0,-0.1,-0.1,0.2,0.2,-0.1,-0.1,0.0,0.0,0.0,-0.0,0.0,-0.0,-0.1,-0.1,0.2,0.2,-0.1,-0.1,0.0,-0.0
1787224255.699801,2.38,118,1.48353,1.48353,1.48353,1.48353,0.174533,0.174533,-0.174533,-0.174533,-0.523599,-0.523599,0.523599,0.523599,0.0,0.0,0.0,-0.0,0.0,-0.0,0.0,0.0,-0.1,-0.1,0.2,0.2,-0.1,-0.1,0.0,0.0,0.0,0.0,0.0,-0.0,-0.1,-0.1,0.2,0.2,-0.1,-0.1,0.0,-0.0
1787224255.72623,2.4,119,1.48353,1.48353,1.48353,1.48353,0.174533,0.174533,-0.174533,-0.174533,-0.523599,-0.523599,0.523599,0.523599,0.0,-0.0,0.0,-0.0,0.0,-0.0,0.0,0.0,-0.1,-0.1,0.2,0.2,-0.1,-0.1,0.0,0.0,0.0,-0.0,0.0,-0.0,-0.1,-0.1,0.2,0.2,-0.1,-0.1,0.0,-0.0
1787224255.743323,2.42,120,1.48353,1.48353,1.48353,1.48353,0.174533,0.174533,-0.174533,-0.174533,-0.523599,-0.523599,0.523599,0.523599,0.0,-0.0,0.0,-0.0,0.0,-0.0,0.0,0.0,-0.1,-0.1,0.2,0.2,-0.1,-0.1,0.0,0.0,0.0,-0.0,0.0,-0.0,-0.1,-0.1,0.2,0.2,-0.1,-0.1,0.0,-0.0
1787224255.763497,2.44,121,1.48353,1.48353,1.48353,1.48353,0.174533,0.174533,-0.174533,-0.174533,-0.523599,-0.523599,0.523599,0.523599,0.0,-0.0,0.0,-0.0,0.0,0.0,0.0,0.0,-0.1,-0.1,0.2,0.2,-0.1,-0.1,0.0,0.0,0.0,0.0,0.0,-0.0,-0.1,-0.1,0.2,0.2,-0.1,-0.1,0.0,-0.0
1787224255.783432,2.46,122,1.48353,1.48353,1.48353,1.48353,0.174533,0.174533,-0.174533,-0.174533,-0.523599,-0.523599,0.523599,0.523599,0.0,-0.0,0.0,-0.0,0.0,-0.0,0.0,0.0,-0.1,-0.1,0.2,0.2,-0.1,-0.1,0.0,0.0,0.0,-0.0,0.0,-0.0,-0.1,-0.1,0.2,0.2,-0.1,-0.1,0.0,-0.0
1787224255.802218,2.48,123,1.48353,1.48353,1.48353,1.48353,0.174533,0.174533,-0.174533,-0.174533,-0.523599,-0.523599,0.523599,0.523599,0.0,-0.0,0.0,-0.0,0.0,-0.0,0.0,0.0,-0.1,-0.1,0.2,0.2,-0.1,-0.1,0.0,0.0,0.0,-0.0,0.0,-0.0,-0.1,-0.1,0.2,0.2,-0.1,-0.1,0.0,-0.0
1787224255.825684,2.5,124,1.48353,1.48353,1.48353,1.48353,0.174533,0.174533,-0.174533,-0.174533,-0.523599,-0.523599,0.523599,0.523599,0.0,-0.0,0.0,-0.0,0.0,0.0,0.0,0.0,-0.1,-0.1,0.2,0.2,-0.1,-0.1,0.0,0.0,0.0,-0.0,0.0,-0.0,-0.1,-0.1,0.2,0.2,-0.1,-0.1,0.0,-0.0
1787224255.841813,2.52,125,1.48353,1.48353,1.48353,1.48353,0.174533,0.174533,-0.174533,-0.174533,-0.523599,-0.523599,0.523599,0.523599,0.0,0.0,0.0,-0.0,0.0,-0.0,0.0,0.0,-0.1,-0.1,0.2,0.2,-0.1,-0.1,0.0,0.0,0.0,0.0,0.0,-0.0,-0.1,-0.1,0.2,0.2,-0.1,-0.1,0.0,-0.0
1787224255.859933,2.54,126,1.48353,1.48353,1.48353,1.48353,0.174533,0.174533,-0.174533,-0.174533,-0.523599,-0.523599,0.523599,0.523599,0.0,-0.0,0.0,-0.0,0.0,-0.0,0.0,0.0,-0.1,-0.1,0.2,0.2,-0.1,-0.1,0.0,0.0,0.0,-0.0,0.0,-0.0,-0.1,-0.1,0.2,0.2,-0.1,-0.1,0.0,-0.0
1787224255.878759,2.56,127,1.48353,1.48353,1.48353,1.48353,0.174533,0.174533,-0.174533,-0.174533,-0.523599,-0.523599,0.523599,0.523599,0.0,-0.0,0.0,-0.0,0.0,-0.0,0.0,0.0,-0.1,-0.1,0.2,0.2,-0.1,-0.1,0.0,0.0,0.0,-0.0,0.0,-0.0,-0.1,-0.1,0.2,0.2,-0.1,-0.1,0.0,-0.0
1787224255.898535,2.58,128,1.48353,1.48353,1.48353,1.48353,0.174533,0.174533,-0.174533,-0.174533,-0.523599,-0.523599,0.523599,0.523599,0.0,-0.0,0.0,-0.0,0.0,0.0,0.0,0.0,-0.1,-0.1,0.2,0.2,-0.1,-0.1,0.0,0.0,0.0,0.0,0.0,-0.0,-0.1,-0.1,0.2,0.2,-0.1,-0.1,0.0,-0.0
1787224255.922792,2.6,129,1.48353,1.48353,1.48353,1.48353,0.174533,0.174533,-0.174533,-0.174533,-0.523599,-0.523599,0.523599,0.523599,0.0,-0.0,0.0,-0.0,0.0,-0.0,0.0,0.0,-0.1,-0.1,0.2,0.2,-0.1,-0.1,0.0,0.0,0.0,-0.0,0.0,-0.0,-0.1,-0.1,0.2,0.2,-0.1,-0.1,0.0,-0.0
1787224255.943518,2.62,130,1.48353,1.48353,1.48353,1.48353,0.174533,0.174533,-0.174533,-0.174533,-0.523599,-0.523599,0.523599,0.523599,0.0,-0.0,0.0,-0.0,0.0,-0.0,0.0,0.0,-0.1,-0.1,0.2,0.2,-0.1,-0.1,0.0,0.0,0.0,-0.0,0.0,-0.0,-0.1,-0.1,0.2,0.2,-0.1,-0.1,0.0,-0.0
1787224255.963575,2.64,131,1.48353,1.48353,1.48353,1.48353,0.174533,0.174533,-0.174533,-0.174533,-0.523599,-0.523599,0.523599,0.523599,0.0,-0.0,0.0,-0.0,0.0,0.0,0.0,0.0,-0.1,-0.1,0.2,0.2,-0.1,-0.1,0.0,0.0,0.0,-0.0,0.0,-0.0,-0.1,-0.1,0.2,0.2,-0.1,-0.1,0.0,-0.0
1787224255.982913,2.66,132,1.48353,1.48353,1.48353,1.48353,0.174533,0.174533,-0.174533,-0.174533,-0.523599,-0.523599,0.523599,0.523599,0.0,0.0,0.0,-0.0,0.0,-0.0,0.0,0.0,-0.1,-0.1,0.2,0.2,-0.1,-0.1,0.0,0.0,0.0,0.0,0.0,-0.0,-0.1,-0.1,0.2,0.2,-0.1,-0.1,0.0,-0.0
1787224256.006576,2.68,133,1.48353,1.48353,1.48353,1.48353,0.174533,0.174533,-0.174533,-0.174533,-0.523599,-0.523599,0.523599,0.523599,0.0,-0.0,0.0,-0.0,0.0,-0.0,0.0,0.0,-0.1,-0.1,0.2,0.2,-0.1,-0.1,0.0,0.0,0.0,-0.0,0.0,-0.0,-0.1,-0.1,0.2,0.2,-0.1,-0.1,0.0,-0.0
1787224256.026308,2.7,134,1.48353,1.48353,1.48353,1.48353,0.174533,0.174533,-0.174533,-0.174533,-0.523599,-0.523599,0.523599,0.523599,0.0,-0.0,0.0,-0.0,0.0,-0.0,0.0,0.0,-0.1,-0.1,0.2,0.2,-0.1,-0.1,0.0,0.0,0.0,-0.0,0.0,-0.0,-0.1,-0.1,0.2,0.2,-0.1,-0.1,0.0,-0.0
1787224256.046968,2.72,135,1.48353,1.48353,1.48353,1.48353,0.174533,0.174533,-0.174533,-0.174533,-0.523599,-0.523599,0.523599,0.523599,0.0,-0.0,0.0,-0.0,0.0,0.0,0.0,0.0,-0.1,-0.1,0.2,0.2,-0.1,-0.1,0.0,0.0,0.0,0.0,0.0,-0.0,-0.1,-0.1,0.2,0.2,-0.1,-0.1,0.0,-0.0
1787224256.06774,2.74,136,1.48353,1.48353,1.48353,1.48353,0.174533,0.174533,-0.174533,-0.174533,-0.523599,-0.523599,0.523599,0.523599,0.0,-0.0,0.0,-0.0,0.0,-0.0,0.0,0.0,-0.1,-0.1,0.2,0.2,-0.1,-0.1,0.0,0.0,0.0,-0.0,0.0,-0.0,-0.1,-0.1,0.2,0.2,-0.1,-0.1,0.0,-0.0
1787224256.089309,2.76,137,1.48353,1.48353,1.48353,1.48353,0.174533,0.174533,-0.174533,-0.174533,-0.523599,-0.523599,0.523599,0.523599,0.0,-0.0,0.0,-0.0,0.0,-0.0,0.0,0.0,-0.1,-0.1,0.2,0.2,-0.1,-0.1,0.0,0.0,0.0,-0.0,0.0,-0.0,-0.1,-0.1,0.2,0.2,-0.1,-0.1,0.0,-0.0
1787224256.110366,2.78,138,1.48353,1.48353,1.48353,1.48353,0.174533,0.174533,-0.174533,-0.174533,-0.523599,-0.523599,0.523599,0.523599,0.0,-0.0,0.0,-0.0,0.0,0.0,0.0,0.0,-0.1,-0.1,0.2,0.2,-0.1,-0.1,0.0,0.0,0.0,0.0,0.0,-0.0,-0.1,-0.1,0.2,0.2,-0.1,-0.1,0.0,-0.0
1787224256.127203,2.8,139,1.48353,1.48353,1.48353,1.48353,0.174533,0.174533,-0.174533,-0.174533,-0.523599,-0.523599,0.523599,0.523599,0.0,-0.0,0.0,-0.0,0.0,-0.0,0.0,0.0,-0.1,-0.1,0.2,0.2,-0.1,-0.1,0.0,0.0,0.0,-0.0,0.0,-0.0,-0.1,-0.1,0.2,0.2,-0.1,-0.1,0.0,-0.0
1787224256.146384,2.82,140,1.48353,1.48353,1.48353,1.48353,0.174533,0.174533,-0.174533,-0.174533,-0.523599,-0.523599,0.523599,0.523599,0.0,-0.0,0.0,-0.0,0.0,-0.0,0.0,0.0,-0.1,-0.1,0.2,0.2,-0.1,-0.1,0.0,0.0,0.0,-0.0,0.0,-0.0,-0.1,-0.1,0.2,0.2,-0.1,-0.1,0.0,-0.0
1787224256.167391,2.84,141,1.48353,1.48353,1.48353,1.48353,0.174533,0.174533,-0.174533,-0.174533,-0.523599,-0.523599,0.523599,0.523599,0.0,-0.0,0.0,-0.0,0.0,-0.0,0.0,0.0,-0.1,-0.1,0.2,0.2,-0.1,-0.1,0.0,0.0,0.0,-0.0,0.0,-0.0,-0.1,-0.1,0.2,0.2,-0.1,-0.1,0.0,-0.0
1787224256.194549,2.86,142,1.48353,1.48353,1.48353,1.48353,0.174533,0.174533,-0.174533,-0.174533,-0.523599,-0.523599,0.523599,0.523599,0.0,-0.0,0.0,-0.0,0.0,0.0,0.0,0.0,-0.1,-0.1,0.2,0.2,-0.1,-0.1,0.0,0.0,0.0,0.0,0.0,-0.0,-0.1,-0.1,0.2,0.2,-0.1,-0.1,0.0,-0.0
1787224256.212804,2.88,143,1.48353,1.48353,1.48353,1.48353,0.174533,0.174533,-0.174533,-0.174533,-0.523599,-0.523599,0.523599,0.523599,0.0,-0.0,0.0,-0.0,0.0,-0.0,0.0,0.0,-0.1,-0.1,0.2,0.2,-0.1,-0.1,0.0,0.0,0.0,-0.0,0.0,-0.0,-0.1,-0.1,0.2,0.2,-0.1,-0.1,0.0,-0.0
1787224256.234004,2.9,144,1.48353,1.48353,1.48353,1.48353,0.174533,0.174533,-0.174533,-0.174533,-0.523599,-0.523599,0.523599,0.523599,0.0,-0.0,0.0,-0.0,0.0,-0.0,0.0,0.0,-0.1,-0.1,0.2,0.2,-0.1,-0.1,0.0,0.0,0.0,-0.0,0.0,-0.0,-0.1,-0.1,0.2,0.2,-0.1,-0.1,0.0,-0.0
1787224256.253735,2.92,145,1.48353,1.48353,1.48353,1.48353,0.174533,0.174533,-0.174533,-0.174533,-0.523599,-0.523599,0.523599,0.523599,0.0,-0.0,0.0,-0.0,0.0,0.0,0.0,0.0,-0.1,-0.1,0.2,0.2,-0.1,-0.1,0.0,0.0,0.0,0.0,0.0,-0.0,-0.1,-0.1,0.2,0.2,-0.1,-0.1,0.0,-0.0
1787224256.2729,2.94,146,1.48353,1.48353,1.48353,1.48353,0.174533,0.174533,-0.174533,-0.174533,-0.523599,-0.523599,0.523599,0.523599,0.0,-0.0,0.0,-0.0,0.0,-0.0,0.0,0.0,-0.1,-0.1,0.2,0.2,-0.1,-0.1,0.0,0.0,0.0,-0.0,0.0,-0.0,-0.1,-0.1,0.2,0.2,-0.1,-0.1,0.0,-0.0
1787224256.296416,2.96,147,1.48353,1.48353,1.48353,1.48353,0.174533,0.174533,-0.174533,-0.174533,-0.523599,-0.523599,0.523599,0.523599,0.0,-0.0,0.0,-0.0,0.0,-0.0,0.0,0.0,-0.1,-0.1,0.2,0.2,-0.1,-0.1,0.0,0.0,0.0,-0.0,0.0,-0.0,-0.1,-0.1,0.2,0.2,-0.1,-0.1,0.0,-0.0
1787224256.310393,2.98,148,1.48353,1.48353,1.48353,1.48353,0.174533,0.174533,-0.174533,-0.174533,-0.523599,-0.523599,0.523599,0.523599,0.0,-0.0,0.0,-0.0,0.0,-0.0,0.0,0.0,-0.1,-0.1,0.2,0.2,-0.1,-0.1,0.0,0.0,0.0,-0.0,0.0,-0.0,-0.1,-0.1,0.2,0.2,-0.1,-0.1,0.0,-0.0
1787224256.327721,3.0,149,1.48353,1.48353,1.48353,1.48353,0.174533,0.174533,-0.174533,-0.174533,-0.523599,-0.523599,0.523599,0.523599,0.0,-0.0,0.0,-0.0,0.0,0.0,0.0,0.0,-0.1,-0.1,0.2,0.2,-0.1,-0.1,0.0,0.0,0.0,0.0,0.0,-0.0,-0.1,-0.1,0.2,0.2,-0.1,-0.1,0.0,-0.0
1787224256.347962,3.02,150,1.48353,1.48353,1.48353,1.48353,0.174533,0.174533,-0.174533,-0.174533,-0.523599,-0.523599,0.523599,0.523599,0.0,-0.0,0.0,-0.0,0.0,-0.0,0.0,0.0,-0.1,-0.1,0.2,0.2,-0.1,-0.1,0.0,0.0,0.0,-0.0,0.0,-0.0,-0.1,-0.1,0.2,0.2,-0.1,-0.1,0.0,-0.0
1787224256.368736,3.04,151,1.48353,1.48353,1.48353,1.48353,0.174533,0.174533,-0.174533,-0.174533,-0.523599,-0.523599,0.523599,0.523599,0.0,-0.0,0.0,-0.0,0.0,-0.0,0.0,0.0,-0.1,-0.1,0.2,0.2,-0.1,-0.1,0.0,0.0,0.0,-0.0,0.0,-0.0,-0.1,-0.1,0.2,0.2,-0.1,-0.1,0.0,-0.0
1787224256.390866,3.06,152,1.48353,1.48353,1.48353,1.48353,0.174533,0.174533,-0.174533,-0.174533,-0.523599,-0.523599,0.523599,0.523599,0.0,-0.0,0.0,-0.0,0.0,0.0,0.0,0.0,-0.1,-0.1,0.2,0.2,-0.1,-0.1,0.0,0.0,0.0,0.0,0.0,-0.0,-0.1,-0.1,0.2,0.2,-0.1,-0.1,0.0,-0.0
1787224256.41011,3.08,153,1.48353,1.48353,1.48353,1.48353,0.174533,0.174533,-0.174533,-0.174533,-0.523599,-0.523599,0.523599,0.523599,0.0,-0.0,0.0,-0.0,0.0,-0.0,0.0,0.0,-0.1,-0.1,0.2,0.2,-0.1,-0.1,0.0,0.0,0.0,-0.0,0.0,-0.0,-0.1,-0.1,0.2,0.2,-0.1,-0.1,0.0,-0.0
1787224256.43014,3.1,154,1.48353,1.48353,1.48353,1.48353,0.174533,0.174533,-0.174533,-0.174533,-0.523599,-0.523599,0.523599,0.523599,0.0,-0.0,0.0,-0.0,0.0,-0.0,0.0,0.0,-0.1,-0.1,0.2,0.2,-0.1,-0.1,0.0,0.0,0.0,-0.0,0.0,-0.0,-0.1,-0.1,0.2,0.2,-0.1,-0.1,0.0,-0.0
1787224256.452624,3.12,155,1.48353,1.48353,1.48353,1.48353,0.174533,0.174533,-0.174533,-0.174533,-0.523599,-0.523599,0.523599,0.523599,0.0,-0.0,0.0,-0.0,0.0,0.0,0.0,0.0,-0.1,-0.1,0.2,0.2,-0.1,-0.1,0.0,0.0,0.0,-0.0,0.0,-0.0,-0.1,-0.1,0.2,0.2,-0.1,-0.1,0.0,-0.0
1787224256.476235,3.14,156,1.48353,1.48353,1.48353,1.48353,0.174533,0.174533,-0.174533,-0.174533,-0.523599,-0.523599,0.523599,0.523599,0.0,0.0,0.0,-0.0,0.0,-0.0,0.0,0.0,-0.1,-0.1,0.2,0.2,-0.1,-0.1,0.0,0.0,0.0,0.0,0.0,-0.0,-0.1,-0.1,0.2,0.2,-0.1,-0.1,0.0,-0.0
1787224256.495476,3.16,157,1.48353,1.48353,1.48353,1.48353,0.174533,0.174533,-0.174533,-0.174533,-0.523599,-0.523599,0.523599,0.523599,0.0,-0.0,0.0,-0.0,0.0,-0.0,0.0,0.0,-0.1,-0.1,0.2,0.2,-0.1,-0.1,0.0,0.0,0.0,-0.0,0.0,-0.0,-0.1,-0.1,0.2,0.2,-0.1,-0.1,0.0,-0.0
1787224256.515656,3.18,158,1.48353,1.48353,1.48353,1.48353,0.174533,0.174533,-0.174533,-0.174533,-0.523599,-0.523599,0.523599,0.523599,0.0,-0.0,0.0,-0.0,0.0,-0.0,0.0,0.0,-0.1,-0.1,0.2,0.2,-0.1,-0.1,0.0,0.0,0.0,-0.0,0.0,-0.0,-0.1,-0.1,0.2,0.2,-0.1,-0.1,0.0,-0.0
1787224256.542958,3.2,159,1.48353,1.48353,1.48353,1.48353,0.174533,0.174533,-0.174533,-0.174533,-0.523599,-0.523599,0.523599,0.523599,0.0,-0.0,0.0,-0.0,0.0,0.0,0.0,0.0,-0.1,-0.1,0.2,0.2,-0.1,-0.1,0.0,0.0,0.0,0.0,0.0,-0.0,-0.1,-0.1,0.2,0.2,-0.1,-0.1,0.0,-0.0
1787224256.556432,3.22,160,1.48353,1.48353,1.48353,1.48353,0.174533,0.174533,-0.174533,-0.174533,-0.523599,-0.523599,0.523599,0.523599,0.0,-0.0,0.0,-0.0,0.0,-0.0,0.0,0.0,-0.1,-0.1,0.2,0.2,-0.1,-0.1,0.0,0.0,0.0,-0.0,0.0,-0.0,-0.1,-0.1,0.2,0.2,-0.1,-0.1,0.0,-0.0
1787224256.574993,3.24,161,1.48353,1.48353,1.48353,1.48353,0.174533,0.174533,-0.174533,-0.174533,-0.523599,-0.523599,0.523599,0.523599,0.0,-0.0,0.0,-0.0,0.0,-0.0,0.0,0.0,-0.1,-0.1,0.2,0.2,-0.1,-0.1,0.0,0.0,0.0,-0.0,0.0,-0.0,-0.1,-0.1,0.2,0.2,-0.1,-0.1,0.0,-0.0
1787224256.594367,3.26,162,1.48353,1.48353,1.48353,1.48353,0.174533,0.174533,-0.174533,-0.174533,-0.523599,-0.523599,0.523599,0.523599,0.0,-0.0,0.0,-0.0,0.0,0.0,0.0,0.0,-0.1,-0.1,0.2,0.2,-0.1,-0.1,0.0,0.0,0.0,-0.0,0.0,-0.0,-0.1,-0.1,0.2,0.2,-0.1,-0.1,0.0,-0.0
1787224256.618412,3.28,163,1.48353,1.48353,1.48353,1.48353,0.174533,0.174533,-0.174533,-0.174533,-0.523599,-0.523599,0.523599,0.523599,0.0,0.0,0.0,-0.0,0.0,-0.0,0.0,0.0,-0.1,-0.1,0.2,0.2,-0.1,-0.1,0.0,0.0,0.0,0.0,0.0,-0.0,-0.1,-0.1,0.2,0.2,-0.1,-0.1,0.0,-0.0
1787224256.636618,3.3,164,1.48353,1.48353,1.48353,1.48353,0.174533,0.174533,-0.174533,-0.174533,-0.523599,-0.523599,0.523599,0.523599,0.0,-0.0,0.0,-0.0,0.0,-0.0,0.0,0.0,-0.1,-0.1,0.2,0.2,-0.1,-0.1,0.0,0.0,0.0,-0.0,0.0,-0.0,-0.1,-0.1,0.2,0.2,-0.1,-0.1,0.0,-0.0
1787224256.656318,3.32,165,1.48353,1.48353,1.48353,1.48353,0.174533,0.174533,-0.174533,-0.174533,-0.523599,-0.523599,0.523599,0.523599,0.0,-0.0,0.0,-0.0,0.0,-0.0,0.0,0.0,-0.1,-0.1,0.2,0.2,-0.1,-0.1,0.0,0.0,0.0,-0.0,0.0,-0.0,-0.1,-0.1,0.2,0.2,-0.1,-0.1,0.0,-0.0
1787224256.678765,3.34,166,1.48353,1.48353,1.48353,1.48353,0.174533,0.174533,-0.174533,-0.174533,-0.523599,-0.523599,0.523599,0.523599,0.0,-0.0,0.0,-0.0,0.0,0.0,0.0,0.0,-0.1,-0.1,0.2,0.2,-0.1,-0.1,0.0,0.0,0.0,0.0,0.0,-0.0,-0.1,-0.1,0.2,0.2,-0.1,-0.1,0.0,-0.0
1787224256.698786,3.36,167,1.48353,1.48353,1.48353,1.48353,0.174533,0.174533,-0.174533,-0.174533,-0.523599,-0.523599,0.523599,0.523599,0.0,-0.0,0.0,-0.0,0.0,-0.0,0.0,0.0,-0.1,-0.1,0.2,0.2,-0.1,-0.1,0.0,0.0,0.0,-0.0,0.0,-0.0,-0.1,-0.1,0.2,0.2,-0.1,-0.1,0.0,-0.0
1787224256.721628,3.38,168,1.48353,1.48353,1.48353,1.48353,0.174533,0.174533,-0.174533,-0.174533,-0.523599,-0.523599,0.523599,0.523599,0.636082,-0.0,-0.103971,-0.0,0.0,-0.0,0.0,0.0,-0.1,-0.1,0.2,0.2,-0.1,-0.1,0.0,0.0,0.0,-0.0,0.0,-0.0,-0.1,-0.1,0.2,0.2,-0.1,-0.1,0.0,-0.0
1787224256.74282,3.4,169,1.48353,1.48353,1.48353,1.48353,0.174533,0.174533,-0.174533,-0.174533,-0.523599,-0.523599,0.523599,0.523599,0.636082,0.082644,-0.103971,-0.020758,-8.8e-05,-0.0,0.0,0.0,-0.1,-0.1,0.2,0.2,-0.1,-0.1,0.0,0.0,-8.8e-05,0.0,0.0,-0.0,-0.1,-0.1,0.2,0.2,-0.1,-0.1,0.0,-0.0
1787224256.769262,3.42,170,1.48353,1.48353,1.48353,1.48353,0.174533,0.174533,-0.174533,-0.174533,-0.523599,-0.523599,0.523599,0.523599,0.636082,0.165278,-0.103971,-0.037309,-0.000122,-1.7e-05,0.0,0.0,-0.1,-0.1,0.2,0.2,-0.1,-0.1,0.0,0.0,-0.000122,-1.7e-05,0.0,-0.0,-0.1,-0.1,0.2,0.2,-0.1,-0.1,0.0,-0.0
1787224256.785315,3.44,171,1.48353,1.48353,1.48353,1.48353,0.174533,0.174533,-0.174533,-0.174533,-0.523599,-0.523599,0.523599,0.523599,0.636082,0.24791,-0.103971,-0.050518,-0.00011,-3.8e-05,0.0,1e-06,-0.1,-0.1,0.2,0.2,-0.1,-0.1,0.0,1e-06,-0.00011,-3.8e-05,0.0,-1e-06,-0.1,-0.1,0.2,0.2,-0.1,-0.1,0.0,-1e-06
1787224256.804742,3.46,172,1.48353,1.48353,1.48353,1.48353,0.174533,0.174533,-0.174533,-0.174533,-0.523599,-0.523599,0.523599,0.523599,0.636082,0.325488,-0.103971,-0.061079,-3.3e-05,-5.2e-05,0.0,-1e-06,-0.1,-0.1,0.2,0.2,-0.1,-0.1,0.0,-1e-06,-3.3e-05,-5.2e-05,0.0,1e-06,-0.1,-0.1,0.2,0.2,-0.1,-0.1,0.0,1e-06
1787224256.824525,3.48,173,1.48353,1.48353,1.48353,1.48353,0.174533,0.174533,-0.174533,-0.174533,-0.523599,-0.523599,0.523599,0.523599,0.636082,0.387572,-0.103971,-0.069553,-1e-05,-4.8e-05,0.0,1e-06,-0.1,-0.1,0.2,0.2,-0.1,-0.1,0.0,1e-06,-1e-05,-4.8e-05,0.0,-1e-06,-0.1,-0.1,0.2,0.2,-0.1,-0.1,0.0,-1e-06
1787224256.842654,3.5,174,1.48353,1.48353,1.48353,1.48353,0.174533,0.174533,-0.174533,-0.174533,-0.523599,-0.523599,0.523599,0.523599,0.636082,0.437253,-0.103971,-0.076359,-3e-06,-4.1e-05,0.0,0.0,-0.1,-0.1,0.2,0.2,-0.1,-0.1,0.0,0.0,-3e-06,-4.1e-05,0.0,-0.0,-0.1,-0.1,0.2,0.2,-0.1,-0.1,0.0,-0.0
1787224256.871188,3.52,175,1.48353,1.48353,1.48353,1.48353,0.174533,0.174533,-0.174533,-0.174533,-0.523599,-0.523599,0.523599,0.523599,0.636082,0.477006,-0.103971,-0.081826,-1e-06,-3.3e-05,0.0,0.0,-0.1,-0.1,0.2,0.2,-0.1,-0.1,0.0,0.0,-1e-06,-3.3e-05,0.0,0.0,-0.1,-0.1,0.2,0.2,-0.1,-0.1,0.0,-0.0
1787224256.885064,3.54,176,1.48353,1.48353,1.48353,1.48353,0.174533,0.174533,-0.174533,-0.174533,-0.523599,-0.523599,0.523599,0.523599,0.636082,0.508814,-0.103971,-0.086217,-0.0,-2.7e-05,0.0,0.0,-0.1,-0.1,0.2,0.2,-0.1,-0.1,0.0,0.0,-0.0,-2.7e-05,0.0,-0.0,-0.1,-0.1,0.2,0.2,-0.1,-0.1,0.0,-0.0
1787224256.903413,3.56,177,1.48353,1.48353,1.48353,1.48353,0.174533,0.174533,-0.174533,-0.174533,-0.523599,-0.523599,0.523599,0.523599,0.636082,0.534262,-0.103971,-0.089741,-0.0,-2.2e-05,0.0,0.0,-0.1,-0.1,0.2,0.2,-0.1,-0.1,0.0,0.0,-0.0,-2.2e-05,0.0,-0.0,-0.1,-0.1,0.2,0.2,-0.1,-0.1,0.0,-0.0
1787224256.922692,3.58,178,1.48353,1.48353,1.48353,1.48353,0.174533,0.174533,-0.174533,-0.174533,-0.523599,-0.523599,0.523599,0.523599,0.636082,0.554623,-0.103971,-0.09257,-0.0,-1.7e-05,0.0,0.0,-0.1,-0.1,0.2,0.2,-0.1,-0.1,0.0,0.0,-0.0,-1.7e-05,0.0,-0.0,-0.1,-0.1,0.2,0.2,-0.1,-0.1,0.0,-0.0
1787224256.951148,3.6,179,1.48353,1.48353,1.48353,1.48353,0.174533,0.174533,-0.174533,-0.174533,-0.523599,-0.523599,0.523599,0.523599,0.636082,0.570913,-0.103971,-0.094838,-0.0,-1.4e-05,0.0,0.0,-0.1,-0.1,0.2,0.2,-0.1,-0.1,0.0,0.0,-0.0,-1.4e-05,0.0,-0.0,-0.1,-0.1,0.2,0.2,-0.1,-0.1,0.0,-0.0
1787224256.968032,3.62,180,1.48353,1.48353,1.48353,1.48353,0.174533,0.174533,-0.174533,-0.174533,-0.523599,-0.523599,0.523599,0.523599,0.636082,0.583946,-0.103971,-0.096657,-0.0,-1.1e-05,0.0,0.0,-0.1,-0.1,0.2,0.2,-0.1,-0.1,0.0,0.0,-0.0,-1.1e-05,0.0,-0.0,-0.1,-0.1,0.2,0.2,-0.1,-0.1,0.0,-0.0
1787224256.988481,3.64,181,1.48353,1.48353,1.48353,1.48353,0.174533,0.174533,-0.174533,-0.174533,-0.523599,-0.523599,0.523599,0.523599,0.636082,0.594372,-0.103971,-0.098115,-0.0,-9e-06,0.0,0.0,-0.1,-0.1,0.2,0.2,-0.1,-0.1,0.0,0.0,-0.0,-9e-06,0.0,-0.0,-0.1,-0.1,0.2,0.2,-0.1,-0.1,0.0,-0.0
1787224257.008896,3.66,182,1.48353,1.48353,1.48353,1.48353,0.174533,0.174533,-0.174533,-0.174533,-0.523599,-0.523599,0.523599,0.523599,0.636082,0.602714,-0.103971,-0.099283,-0.0,-7e-06,0.0,-0.0,-0.1,-0.1,0.2,0.2,-0.1,-0.1,0.0,0.0,-0.0,-7e-06,0.0,-0.0,-0.1,-0.1,0.2,0.2,-0.1,-0.1,0.0,0.0
1787224257.030765,3.68,183,1.48353,1.48353,1.48353,1.48353,0.174533,0.174533,-0.174533,-0.174533,-0.523599,-0.523599,0.523599,0.523599,0.636082,0.609387,-0.103971,-0.100218,-0.0,-6e-06,0.0,0.0,-0.1,-0.1,0.2,0.2,-0.1,-0.1,0.0,-0.0,-0.0,-6e-06,0.0,-0.0,-0.1,-0.1,0.2,0.2,-0.1,-0.1,0.0,-0.0
1787224257.053006,3.7,184,1.48353,1.48353,1.48353,1.48353,0.174533,0.174533,-0.174533,-0.174533,-0.523599,-0.523599,0.523599,0.523599,0.636082,0.614726,-0.103971,-0.100967,-0.0,-5e-06,0.0,0.0,-0.1,-0.1,0.2,0.2,-0.1,-0.1,0.0,0.0,-0.0,-5e-06,0.0,-0.0,-0.1,-0.1,0.2,0.2,-0.1,-0.1,0.0,-0.0
1787224257.071108,3.72,185,1.48353,1.48353,1.48353,1.48353,0.174533,0.174533,-0.174533,-0.174533,-0.523599,-0.523599,0.523599,0.523599,0.636082,0.618997,-0.103971,-0.101567,-0.0,-4e-06,0.0,0.0,-0.1,-0.1,0.2,0.2,-0.1,-0.1,0.0,0.0,-0.0,-4e-06,0.0,0.0,-0.1,-0.1,0.2,0.2,-0.1,-0.1,0.0,-0.0
1787224257.090819,3.74,186,1.48353,1.48353,1.48353,1.48353,0.174533,0.174533,-0.174533,-0.174533,-0.523599,-0.523599,0.523599,0.523599,0.636082,0.622414,-0.103971,-0.102047,-0.0,-3e-06,0.0,0.0,-0.1,-0.1,0.2,0.2,-0.1,-0.1,0.0,0.0,-0.0,-3e-06,0.0,-0.0,-0.1,-0.1,0.2,0.2,-0.1,-0.1,0.0,-0.0
1787224257.109221,3.76,187,1.48353,1.48353,1.48353,1.48353,0.174533,0.174533,-0.174533,-0.174533,-0.523599,-0.523599,0.523599,0.523599,0.636082,0.625148,-0.103971,-0.102432,-0.0,-2e-06,0.0,0.0,-0.1,-0.1,0.2,0.2,-0.1,-0.1,0.0,0.0,-0.0,-2e-06,0.0,-0.0,-0.1,-0.1,0.2,0.2,-0.1,-0.1,0.0,-0.0
1787224257.126557,3.78,188,1.48353,1.48353,1.48353,1.48353,0.174533,0.174533,-0.174533,-0.174533,-0.523599,-0.523599,0.523599,0.523599,0.636082,0.627334,-0.103971,-0.102739,-0.0,-2e-06,0.0,0.0,-0.1,-0.1,0.2,0.2,-0.1,-0.1,0.0,0.0,-0.0,-2e-06,0.0,-0.0,-0.1,-0.1,0.2,0.2,-0.1,-0.1,0.0,-0.0
1787224257.147487,3.8,189,1.48353,1.48353,1.48353,1.48353,0.174533,0.174533,-0.174533,-0.174533,-0.523599,-0.523599,0.523599,0.523599,0.636082,0.629084,-0.103971,-0.102985,-0.0,-2e-06,0.0,0.0,-0.1,-0.1,0.2,0.2,-0.1,-0.1,0.0,0.0,-0.0,-2e-06,0.0,-0.0,-0.1,-0.1,0.2,0.2,-0.1,-0.1,0.0,-0.0
1787224257.168413,3.82,190,1.48353,1.48353,1.48353,1.48353,0.174533,0.174533,-0.174533,-0.174533,-0.523599,-0.523599,0.523599,0.523599,0.636082,0.630484,-0.103971,-0.103182,-0.0,-1e-06,0.0,0.0,-0.1,-0.1,0.2,0.2,-0.1,-0.1,0.0,0.0,-0.0,-1e-06,0.0,-0.0,-0.1,-0.1,0.2,0.2,-0.1,-0.1,0.0,-0.0
1787224257.188266,3.84,191,1.48353,1.48353,1.48353,1.48353,0.174533,0.174533,-0.174533,-0.174533,-0.523599,-0.523599,0.523599,0.523599,0.636082,0.631603,-0.103971,-0.10334,-0.0,-1e-06,0.0,0.0,-0.1,-0.1,0.2,0.2,-0.1,-0.1,0.0,0.0,-0.0,-1e-06,0.0,-0.0,-0.1,-0.1,0.2,0.2,-0.1,-0.1,0.0,-0.0
1787224257.20861,3.86,192,1.48353,1.48353,1.48353,1.48353,0.174533,0.174533,-0.174533,-0.174533,-0.523599,-0.523599,0.523599,0.523599,0.636082,0.632499,-0.103971,-0.103466,-0.0,-1e-06,0.0,0.0,-0.1,-0.1,0.2,0.2,-0.1,-0.1,0.0,0.0,-0.0,-1e-06,0.0,-0.0,-0.1,-0.1,0.2,0.2,-0.1,-0.1,0.0,-0.0
1787224257.233424,3.88,193,1.48353,1.48353,1.48353,1.48353,0.174533,0.174533,-0.174533,-0.174533,-0.523599,-0.523599,0.523599,0.523599,0.636082,0.633216,-0.103971,-0.103567,-0.0,-1e-06,0.0,0.0,-0.1,-0.1,0.2,0.2,-0.1,-0.1,0.0,0.0,-0.0,-1e-06,0.0,-0.0,-0.1,-0.1,0.2,0.2,-0.1,-0.1,0.0,-0.0
1787224257.255437,3.9,194,1.48353,1.48353,1.48353,1.48353,0.174533,0.174533,-0.174533,-0.174533,-0.523599,-0.523599,0.523599,0.523599,0.636082,0.633789,-0.103971,-0.103648,-0.0,-1e-06,0.0,0.0,-0.1,-0.1,0.2,0.2,-0.1,-0.1,0.0,0.0,-0.0,-1e-06,0.0,-0.0,-0.1,-0.1,0.2,0.2,-0.1,-0.1,0.0,-0.0
1787224257.27638,3.92,195,1.48353,1.48353,1.48353,1.48353,0.174533,0.174533,-0.174533,-0.174533,-0.523599,-0.523599,0.523599,0.523599,0.636082,0.634248,-0.103971,-0.103712,-0.0,-1e-06,0.0,0.0,-0.1,-0.1,0.2,0.2,-0.1,-0.1,0.0,0.0,-0.0,-1e-06,0.0,-0.0,-0.1,-0.1,0.2,0.2,-0.1,-0.1,0.0,-0.0
1787224257.296244,3.94,196,1.48353,1.48353,1.48353,1.48353,0.174533,0.174533,-0.174533,-0.174533,-0.523599,-0.523599,0.523599,0.523599,0.636082,0.634615,-0.103971,-0.103764,-0.0,-0.0,0.0,0.0,-0.1,-0.1,0.2,0.2,-0.1,-0.1,0.0,0.0,-0.0,-0.0,0.0,-0.0,-0.1,-0.1,0.2,0.2,-0.1,-0.1,0.0,-0.0
1787224257.315403,3.96,197,1.48353,1.48353,1.48353,1.48353,0.174533,0.174533,-0.174533,-0.174533,-0.523599,-0.523599,0.523599,0.523599,0.636082,0.634908,-0.103971,-0.103805,-0.0,-0.0,0.0,0.0,-0.1,-0.1,0.2,0.2,-0.1,-0.1,0.0,0.0,-0.0,-0.0,0.0,-0.0,-0.1,-0.1,0.2,0.2,-0.1,-0.1,0.0,-0.0
1787224257.332542,3.98,198,1.48353,1.48353,1.48353,1.48353,0.174533,0.174533,-0.174533,-0.174533,-0.523599,-0.523599,0.523599,0.523599,0.636082,0.635143,-0.103971,-0.103838,-0.0,-0.0,0.0,0.0,-0.1,-0.1,0.2,0.2,-0.1,-0.1,0.0,0.0,-0.0,-0.0,0.0,-0.0,-0.1,-0.1,0.2,0.2,-0.1,-0.1,0.0,-0.0
1787224257.353124,4.0,199,1.48353,1.48353,1.48353,1.48353,0.174533,0.174533,-0.174533,-0.174533,-0.523599,-0.523599,0.523599,0.523599,0.636082,0.635331,-0.103971,-0.103865,-0.0,-0.0,0.0,0.0,-0.1,-0.1,0.2,0.2,-0.1,-0.1,0.0,0.0,-0.0,-0.0,0.0,-0.0,-0.1,-0.1,0.2,0.2,-0.1,-0.1,0.0,-0.0
1787224257.370955,4.02,200,1.48353,1.48353,1.48353,1.48353,0.174533,0.174533,-0.174533,-0.174533,-0.523599,-0.523599,0.523599,0.523599,0.636082,0.635481,-0.103971,-0.103886,-0.0,-0.0,0.0,0.0,-0.1,-0.1,0.2,0.2,-0.1,-0.1,0.0,0.0,-0.0,-0.0,0.0,-0.0,-0.1,-0.1,0.2,0.2,-0.1,-0.1,0.0,-0.0
1787224257.392791,4.04,201,1.48353,1.48353,1.48353,1.48353,0.174533,0.174533,-0.174533,-0.174533,-0.523599,-0.523599,0.523599,0.523599,0.636082,0.635601,-0.103971,-0.103903,-0.0,-0.0,0.0,0.0,-0.1,-0.1,0.2,0.2,-0.1,-0.1,0.0,0.0,-0.0,-0.0,0.0,-0.0,-0.1,-0.1,0.2,0.2,-0.1,-0.1,0.0,-0.0
1787224257.412481,4.06,202,1.48353,1.48353,1.48353,1.48353,0.174533,0.174533,-0.174533,-0.174533,-0.523599,-0.523599,0.523599,0.523599,0.636082,0.635697,-0.103971,-0.103916,-0.0,-0.0,0.0,0.0,-0.1,-0.1,0.2,0.2,-0.1,-0.1,0.0,0.0,-0.0,-0.0,0.0,-0.0,-0.1,-0.1,0.2,0.2,-0.1,-0.1,0.0,-0.0
1787224257.433052,4.08,203,1.48353,1.48353,1.48353,1.48353,0.174533,0.174533,-0.174533,-0.174533,-0.523599,-0.523599,0.523599,0.523599,0.636082,0.635774,-0.103971,-0.103927,-0.0,-0.0,0.0,0.0,-0.1,-0.1,0.2,0.2,-0.1,-0.1,0.0,0.0,-0.0,-0.0,0.0,-0.0,-0.1,-0.1,0.2,0.2,-0.1,-0.1,0.0,-0.0
1787224257.453091,4.1,204,1.48353,1.48353,1.48353,1.48353,0.174533,0.174533,-0.174533,-0.174533,-0.523599,-0.523599,0.523599,0.523599,0.636082,0.635836,-0.103971,-0.103936,-0.0,-0.0,0.0,0.0,-0.1,-0.1,0.2,0.2,-0.1,-0.1,0.0,0.0,-0.0,-0.0,0.0,-0.0,-0.1,-0.1,0.2,0.2,-0.1,-0.1,0.0,-0.0
1787224257.47221,4.12,205,1.48353,1.48353,1.48353,1.48353,0.174533,0.174533,-0.174533,-0.174533,-0.523599,-0.523599,0.523599,0.523599,0.636082,0.635885,-0.103971,-0.103943,-0.0,-0.0,0.0,0.0,-0.1,-0.1,0.2,0.2,-0.1,-0.1,0.0,0.0,-0.0,-0.0,0.0,-0.0,-0.1,-0.1,0.2,0.2,-0.1,-0.1,0.0,-0.0
1787224257.494755,4.14,206,1.48353,1.48353,1.48353,1.48353,0.174533,0.174533,-0.174533,-0.174533,-0.523599,-0.523599,0.523599,0.523599,0.636082,0.635925,-0.103971,-0.103948,-0.0,-0.0,0.0,0.0,-0.1,-0.1,0.2,0.2,-0.1,-0.1,0.0,0.0,-0.0,-0.0,0.0,-0.0,-0.1,-0.1,0.2,0.2,-0.1,-0.1,0.0,-0.0
1787224257.522057,4.16,207,1.48353,1.48353,1.48353,1.48353,0.174533,0.174533,-0.174533,-0.174533,-0.523599,-0.523599,0.523599,0.523599,0.636082,0.635956,-0.103971,-0.103953,-0.0,0.0,0.0,0.0,-0.1,-0.1,0.2,0.2,-0.1,-0.1,0.0,0.0,-0.0,0.0,0.0,-0.0,-0.1,-0.1,0.2,0.2,-0.1,-0.1,0.0,-0.0
1787224257.538555,4.18,208,1.48353,1.48353,1.48353,1.48353,0.174533,0.174533,-0.174533,-0.174533,-0.523599,-0.523599,0.523599,0.523599,0.636082,0.635981,-0.103971,-0.103956,-0.0,-0.0,0.0,0.0,-0.1,-0.1,0.2,0.2,-0.1,-0.1,0.0,0.0,-0.0,-0.0,0.0,-0.0,-0.1,-0.1,0.2,0.2,-0.1,-0.1,0.0,-0.0
1787224257.566641,4.2,209,1.48353,1.48353,1.48353,1.48353,0.174533,0.174533,-0.174533,-0.174533,-0.523599,-0.523599,0.523599,0.523599,0.636082,0.636002,-0.103971,-0.103959,-0.0,-0.0,0.0,0.0,-0.1,-0.1,0.2,0.2,-0.1,-0.1,0.0,0.0,-0.0,-0.0,0.0,-0.0,-0.1,-0.1,0.2,0.2,-0.1,-0.1,0.0,-0.0
1787224257.581827,4.22,210,1.48353,1.48353,1.48353,1.48353,0.174533,0.174533,-0.174533,-0.174533,-0.523599,-0.523599,0.523599,0.523599,0.636082,0.636018,-0.103971,-0.103962,-0.0,-0.0,0.0,0.0,-0.1,-0.1,0.2,0.2,-0.1,-0.1,0.0,0.0,-0.0,0.0,0.0,-0.0,-0.1,-0.1,0.2,0.2,-0.1,-0.1,0.0,-0.0
1787224257.608445,4.24,211,1.48353,1.48353,1.48353,1.48353,0.174533,0.174533,-0.174533,-0.174533,-0.523599,-0.523599,0.523599,0.523599,0.636082,0.636031,-0.103971,-0.103963,-0.0,0.0,0.0,0.0,-0.1,-0.1,0.2,0.2,-0.1,-0.1,0.0,0.0,-0.0,-0.0,0.0,-0.0,-0.1,-0.1,0.2,0.2,-0.1,-0.1,0.0,-0.0
1787224257.627281,4.26,212,1.48353,1.48353,1.48353,1.48353,0.174533,0.174533,-0.174533,-0.174533,-0.523599,-0.523599,0.523599,0.523599,0.636082,0.636041,-0.103971,-0.103965,-0.0,-0.0,0.0,0.0,-0.1,-0.1,0.2,0.2,-0.1,-0.1,0.0,0.0,-0.0,-0.0,0.0,-0.0,-0.1,-0.1,0.2,0.2,-0.1,-0.1,0.0,-0.0
1787224257.648835,4.28,213,1.48353,1.48353,1.48353,1.48353,0.174533,0.174533,-0.174533,-0.174533,-0.523599,-0.523599,0.523599,0.523599,0.636082,0.636049,-0.103971,-0.103966,-0.0,-0.0,0.0,0.0,-0.1,-0.1,0.2,0.2,-0.1,-0.1,0.0,0.0,-0.0,-0.0,0.0,-0.0,-0.1,-0.1,0.2,0.2,-0.1,-0.1,0.0,-0.0
1787224257.666226,4.3,214,1.48353,1.48353,1.48353,1.48353,0.174533,0.174533,-0.174533,-0.174533,-0.523599,-0.523599,0.523599,0.523599,0.636082,0.636056,-0.103971,-0.103967,-0.0,0.0,0.0,0.0,-0.1,-0.1,0.2,0.2,-0.1,-0.1,0.0,0.0,-0.0,0.0,0.0,-0.0,-0.1,-0.1,0.2,0.2,-0.1,-0.1,0.0,-0.0
1787224257.687349,4.32,215,1.48353,1.48353,1.48353,1.48353,0.174533,0.174533,-0.174533,-0.174533,-0.523599,-0.523599,0.523599,0.523599,0.636082,0.636061,-0.103971,-0.103968,-0.0,-0.0,0.0,0.0,-0.1,-0.1,0.2,0.2,-0.1,-0.1,0.0,0.0,-0.0,-0.0,0.0,-0.0,-0.1,-0.1,0.2,0.2,-0.1,-0.1,0.0,-0.0
1787224257.702636,4.34,216,1.48353,1.48353,1.48353,1.48353,0.174533,0.174533,-0.174533,-0.174533,-0.523599,-0.523599,0.523599,0.523599,0.636082,0.636065,-0.103971,-0.103968,-0.0,-0.0,0.0,0.0,-0.1,-0.1,0.2,0.2,-0.1,-0.1,0.0,0.0,-0.0,-0.0,0.0,-0.0,-0.1,-0.1,0.2,0.2,-0.1,-0.1,0.0,-0.0
1787224257.721778,4.36,217,1.48353,1.48353,1.48353,1.48353,0.174533,0.174533,-0.174533,-0.174533,-0.523599,-0.523599,0.523599,0.523599,0.636082,0.636069,-0.103971,-0.103969,-0.0,0.0,0.0,0.0,-0.1,-0.1,0.2,0.2,-0.1,-0.1,0.0,0.0,-0.0,0.0,0.0,-0.0,-0.1,-0.1,0.2,0.2,-0.1,-0.1,0.0,-0.0
1787224257.739728,4.38,218,1.48353,1.48353,1.48353,1.48353,0.174533,0.174533,-0.174533,-0.174533,-0.523599,-0.523599,0.523599,0.523599,0.636082,0.636071,-0.103971,-0.103969,-0.0,-0.0,0.0,0.0,-0.1,-0.1,0.2,0.2,-0.1,-0.1,0.0,0.0,-0.0,-0.0,0.0,-0.0,-0.1,-0.1,0.2,0.2,-0.1,-0.1,0.0,-0.0
1787224257.758185,4.4,219,1.48353,1.48353,1.48353,1.48353,0.174533,0.174533,-0.174533,-0.174533,-0.523599,-0.523599,0.523599,0.523599,0.636082,0.636074,-0.103971,-0.103969,-0.0,-0.0,0.0,0.0,-0.1,-0.1,0.2,0.2,-0.1,-0.1,0.0,0.0,-0.0,-0.0,0.0,-0.0,-0.1,-0.1,0.2,0.2,-0.1,-0.1,0.0,-0.0
1787224257.777179,4.42,220,1.48353,1.48353,1.48353,1.48353,0.174533,0.174533,-0.174533,-0.174533,-0.523599,-0.523599,0.523599,0.523599,0.636082,0.636075,-0.103971,-0.10397,-0.0,-0.0,0.0,0.0,-0.1,-0.1,0.2,0.2,-0.1,-0.1,0.0,0.0,-0.0,0.0,0.0,-0.0,-0.1,-0.1,0.2,0.2,-0.1,-0.1,0.0,-0.0
1787224257.797869,4.44,221,1.48353,1.48353,1.48353,1.48353,0.174533,0.174533,-0.174533,-0.174533,-0.523599,-0.523599,0.523599,0.523599,0.636082,0.636077,-0.103971,-0.10397,-0.0,0.0,0.0,0.0,-0.1,-0.1,0.2,0.2,-0.1,-0.1,0.0,0.0,-0.0,-0.0,0.0,-0.0,-0.1,-0.1,0.2,0.2,-0.1,-0.1,0.0,-0.0
1787224257.819568,4.46,222,1.48353,1.48353,1.48353,1.48353,0.174533,0.174533,-0.174533,-0.174533,-0.523599,-0.523599,0.523599,0.523599,0.636082,0.636078,-0.103971,-0.10397,-0.0,-0.0,0.0,0.0,-0.1,-0.1,0.2,0.2,-0.1,-0.1,0.0,0.0,-0.0,-0.0,0.0,-0.0,-0.1,-0.1,0.2,0.2,-0.1,-0.1,0.0,-0.0
1787224257.840878,4.48,223,1.48353,1.48353,1.48353,1.48353,0.174533,0.174533,-0.174533,-0.174533,-0.523599,-0.523599,0.523599,0.523599,-0.452618,0.636079,0.143566,-0.10397,-0.084,-0.0,0.0,0.0,-0.1,-0.1,0.2,0.2,-0.1,-0.1,0.0,0.0,-0.084,0.0,0.0,-0.0,-0.1,-0.1,0.2,0.2,-0.1,-0.1,0.0,-0.0
1787224257.862473,4.5,224,1.48353,1.48353,1.48353,1.48353,0.174533,0.174533,-0.174533,-0.174533,-0.523599,-0.523599,0.523599,0.523599,-0.452618,0.553288,0.143566,-0.054809,-0.1092,-0.016798,0.0,0.002797,-0.1,-0.100001,0.2,0.2,-0.1,-0.1,0.0,2e-06,-0.1092,-0.015859,0.0,-0.001444,-0.1,-0.099999,0.2,0.200001,-0.1,-0.1,0.0,-3e-06
1787224257.895898,4.52,225,1.48353,1.48353,1.48353,1.48353,0.174533,0.174533,-0.174533,-0.174533,-0.523599,-0.523599,0.523599,0.523599,-1.105838,0.470577,0.292089,-0.015551,-0.11676,-0.035275,0.0,0.005752,-0.1,-0.100002,0.2,0.199999,-0.1,-0.1,0.0,5e-06,-0.11676,-0.032548,0.0,-0.002841,-0.1,-0.099998,0.2,0.200001,-0.1,-0.1,0.0,-6e-06
1787224257.906931,4.54,226,1.48353,1.48353,1.48353,1.48353,0.174533,0.174533,-0.174533,-0.174533,-0.523599,-0.523599,0.523599,0.523599,-1.105838,0.387947,0.292089,0.04551,-0.119028,-0.05157,0.0,0.007271,-0.1,-0.100002,0.2,0.199999,-0.1,-0.1,0.0,-7e-06,-0.119028,-0.047051,0.0,-0.004809,-0.1,-0.099998,0.2,0.200002,-0.1,-0.099999,0.0,8e-06
1787224257.931285,4.56,227,1.48353,1.48353,1.48353,1.48353,0.174533,0.174533,-0.174533,-0.174533,-0.523599,-0.523599,0.523599,0.523599,-1.49777,0.305417,0.381202,0.094328,-0.119708,-0.065059,0.0,0.00582,-0.1,-0.100002,0.2,0.199999,-0.1,-0.1,0.0,9e-06,-0.119708,-0.060294,0.0,-0.00385,-0.1,-0.099998,0.2,0.200002,-0.1,-0.1,0.0,-1e-05
1787224257.949263,4.58,228,1.48353,1.48353,1.48353,1.48353,0.174533,0.174533,-0.174533,-0.174533,-0.523599,-0.523599,0.523599,0.523599,-1.49777,0.223013,0.381202,0.151189,-0.119913,-0.075987,0.0,0.004657,-0.1,-0.100003,0.2,0.199999,-0.1,-0.1,0.0,1.1e-05,-0.119913,-0.071029,0.0,-0.003082,-0.1,-0.099998,0.2,0.200001,-0.1,-0.1,0.0,-1.2e-05
1787224257.970378,4.6,229,1.48353,1.48353,1.48353,1.48353,0.174533,0.174533,-0.174533,-0.174533,-0.523599,-0.523599,0.523599,0.523599,-1.49777,0.140625,0.381202,0.196675,-0.119974,-0.08477,0.0,0.003725,-0.1,-0.100003,0.2,0.199999,-0.1,-0.1,0.0,-1.3e-05,-0.119974,-0.079819,0.0,-0.002464,-0.1,-0.099998,0.2,0.200001,-0.1,-0.1,0.0,1.4e-05
1787224257.993077,4.62,230,1.48353,1.48353,1.48353,1.48353,0.174533,0.174533,-0.174533,-0.174533,-0.523599,-0.523599,0.523599,0.523599,-1.73293,0.058212,0.43467,0.233066,-0.119992,-0.091808,0.0,0.002979,-0.1,-0.100002,0.2,0.199999,-0.1,-0.1,0.0,1.4e-05,-0.119992,-0.08753,0.0,-0.001971,-0.1,-0.099998,0.2,0.200001,-0.1,-0.1,0.0,-1.5e-05
1787224258.011672,4.64,231,1.48353,1.48353,1.48353,1.48353,0.174533,0.174533,-0.174533,-0.174533,-0.523599,-0.523599,0.523599,0.523599,-1.73293,-0.024175,0.43467,0.272858,-0.119998,-0.097442,0.0,0.002384,-0.1,-0.100002,0.2,0.199999,-0.1,-0.100001,0.0,-1.5e-05,-0.119998,-0.093777,0.0,-0.001577,-0.1,-0.099998,0.2,0.200001,-0.1,-0.1,0.0,1.6e-05
1787224258.029169,4.66,232,1.48353,1.48353,1.48353,1.48353,0.174533,0.174533,-0.174533,-0.174533,-0.523599,-0.523599,0.523599,0.523599,-1.133446,-0.106612,0.466751,0.304689,-0.119999,-0.101951,0.0,0.001907,-0.1,-0.100002,0.2,0.199999,-0.1,-0.100001,0.0,1.6e-05,-0.119999,-0.09873,0.0,-0.001261,-0.1,-0.099999,0.2,0.200001,-0.1,-0.1,0.0,-1.7e-05
1787224258.047401,4.68,233,1.48353,1.48353,1.48353,1.48353,0.174533,0.174533,-0.174533,-0.174533,-0.523599,-0.523599,0.523599,0.523599,-1.133446,-0.189052,0.466751,0.33658,-0.12,-0.105557,0.0,0.001525,-0.1,-0.100002,0.2,0.199999,-0.1,-0.100001,0.0,-1.7e-05,-0.12,-0.102666,0.0,-0.001009,-0.1,-0.099999,0.2,0.200001,-0.1,-0.1,0.0,1.8e-05
1787224258.06696,4.7,234,1.48353,1.48353,1.48353,1.48353,0.174533,0.174533,-0.174533,-0.174533,-0.523599,-0.523599,0.523599,0.523599,-0.42883,-0.271544,0.485999,0.362102,-0.12,-0.106622,0.0,0.00122,-0.1,-0.100002,0.2,0.199999,-0.1,-0.100001,0.0,1.8e-05,-0.12,-0.10374,0.0,-0.000808,-0.1,-0.099999,0.2,0.2,-0.1,-0.1,0.0,-1.8e-05
1787224258.088217,4.72,235,1.48353,1.48353,1.48353,1.48353,0.174533,0.174533,-0.174533,-0.174533,-0.523599,-0.523599,0.523599,0.523599,-0.42883,-0.30286,0.485999,0.386702,-0.12,-0.107207,0.0,0.000977,-0.1,-0.100001,0.2,0.199999,-0.1,-0.100001,0.0,-1.9e-05,-0.12,-0.104236,0.0,-0.000647,-0.1,-0.1,0.2,0.2,-0.1,-0.100001,0.0,1.9e-05
1787224258.109277,4.74,236,1.48353,1.48353,1.48353,1.48353,0.174533,0.174533,-0.174533,-0.174533,-0.523599,-0.523599,0.523599,0.523599,-0.42883,-0.327958,0.485999,0.406439,-0.12,-0.10783,0.0,0.000783,-0.1,-0.100001,0.2,0.199999,-0.1,-0.100001,0.0,1.9e-05,-0.12,-0.104782,0.0,-0.000519,-0.1,-0.1,0.2,0.2,-0.1,-0.100001,0.0,-2e-05
1787224258.131536,4.76,237,1.48353,1.48353,1.48353,1.48353,0.174533,0.174533,-0.174533,-0.174533,-0.523599,-0.523599,0.523599,0.523599,0.57697,-0.348067,0.497548,0.422268,-0.12,-0.108654,0.0,0.000627,-0.1,-0.100001,0.2,0.199999,-0.1,-0.100001,0.0,-2e-05,-0.12,-0.105516,0.0,-0.000416,-0.1,-0.1,0.2,0.2,-0.1,-0.100001,0.0,2e-05
1787224258.151598,4.78,238,1.48353,1.48353,1.48353,1.48353,0.174533,0.174533,-0.174533,-0.174533,-0.523599,-0.523599,0.523599,0.523599,0.57697,-0.26537,0.497548,0.437574,-0.12,-0.11092,0.0,0.000503,-0.1,-0.100001,0.2,0.199999,-0.1,-0.1,0.0,2e-05,-0.12,-0.107562,0.0,-0.000334,-0.1,-0.1,0.2,0.2,-0.1,-0.100001,0.0,-2e-05
1787224258.177167,4.8,239,1.48353,1.48353,1.48353,1.48353,0.174533,0.174533,-0.174533,-0.174533,-0.523599,-0.523599,0.523599,0.523599,0.27759,-0.182695,0.504478,0.449718,-0.12,-0.112734,0.0,0.000403,-0.1,-0.100001,0.2,0.199999,-0.1,-0.1,0.0,-2e-05,-0.12,-0.109181,0.0,-0.000268,-0.1,-0.1,0.2,0.2,-0.1,-0.100001,0.0,2.1e-05
1787224258.19835,4.82,240,1.48353,1.48353,1.48353,1.48353,0.174533,0.174533,-0.174533,-0.174533,-0.523599,-0.523599,0.523599,0.523599,0.27759,-0.10003,0.504478,0.460752,-0.12,-0.114184,0.0,0.000323,-0.1,-0.100001,0.2,0.199999,-0.1,-0.1,0.0,2e-05,-0.12,-0.110455,0.0,-0.000215,-0.1,-0.1,0.2,0.2,-0.1,-0.100001,0.0,-2.1e-05
1787224258.220093,4.84,241,1.48353,1.48353,1.48353,1.48353,0.174533,0.174533,-0.174533,-0.174533,-0.523599,-0.523599,0.523599,0.523599,-0.017472,-0.024537,0.508636,0.469531,-0.12,-0.114589,0.0,0.000259,-0.1,-0.100001,0.2,0.199999,-0.1,-0.1,0.0,-2.1e-05,-0.12,-0.110819,0.0,-0.000173,-0.1,-0.1,0.2,0.2,-0.1,-0.100001,0.0,2.1e-05
1787224258.238968,4.86,242,1.48353,1.48353,1.48353,1.48353,0.174533,0.174533,-0.174533,-0.174533,-0.523599,-0.523599,0.523599,0.523599,-0.017472,-0.023121,0.508636,0.477352,-0.12,-0.115669,0.0,0.000208,-0.1,-0.100001,0.2,0.199999,-0.1,-0.1,0.0,2.1e-05,-0.12,-0.112,0.0,-0.00014,-0.1,-0.1,0.2,0.2,-0.1,-0.100001,0.0,-2.1e-05
1787224258.265321,4.88,243,1.48353,1.48353,1.48353,1.48353,0.174533,0.174533,-0.174533,-0.174533,-0.523599,-0.523599,0.523599,0.523599,0.823784,-0.02199,0.51113,0.483609,-0.12,-0.116532,0.0,0.000168,-0.1,-0.100001,0.2,0.199999,-0.1,-0.1,0.0,-2.1e-05,-0.12,-0.112901,0.0,-0.000113,-0.1,-0.1,0.2,0.2,-0.1,-0.100001,0.0,2.1e-05
1787224258.284766,4.9,244,1.48353,1.48353,1.48353,1.48353,0.174533,0.174533,-0.174533,-0.174533,-0.523599,-0.523599,0.523599,0.523599,0.823784,0.060662,0.51113,0.489128,-0.12,-0.117223,0.0,0.000135,-0.1,-0.100001,0.2,0.2,-0.1,-0.1,0.0,2.1e-05,-0.12,-0.113536,0.0,-9.1e-05,-0.1,-0.1,0.2,0.2,-0.1,-0.100001,0.0,-2.1e-05
1787224258.313159,4.92,245,1.48353,1.48353,1.48353,1.48353,0.174533,0.174533,-0.174533,-0.174533,-0.523599,-0.523599,0.523599,0.523599,0.536739,0.143314,0.512627,0.49352,-0.12,-0.11764,0.0,0.000109,-0.1,-0.100001,0.2,0.2,-0.1,-0.1,0.0,-2.1e-05,-0.12,-0.113919,0.0,-7.4e-05,-0.1,-0.1,0.2,0.2,-0.1,-0.100001,0.0,2.1e-05
1787224258.326148,4.94,246,1.48353,1.48353,1.48353,1.48353,0.174533,0.174533,-0.174533,-0.174533,-0.523599,-0.523599,0.523599,0.523599,0.536739,0.221957,0.512627,0.49732,-0.12,-0.117902,0.0,8.8e-05,-0.1,-0.100001,0.2,0.2,-0.1,-0.1,0.0,2.1e-05,-0.12,-0.114165,0.0,-6e-05,-0.1,-0.1,0.2,0.2,-0.1,-0.100001,0.0,-2.1e-05
1787224258.345179,4.96,247,1.48353,1.48353,1.48353,1.48353,0.174533,0.174533,-0.174533,-0.174533,-0.523599,-0.523599,0.523599,0.523599,0.536739,0.284892,0.512627,0.500358,-0.12,-0.118266,0.0,7.2e-05,-0.1,-0.100001,0.2,0.2,-0.1,-0.1,0.0,-2.1e-05,-0.12,-0.11453,0.0,-5e-05,-0.1,-0.1,0.2,0.2,-0.1,-0.100001,0.0,2.1e-05
1787224258.370806,4.98,248,1.48353,1.48353,1.48353,1.48353,0.174533,0.174533,-0.174533,-0.174533,-0.523599,-0.523599,0.523599,0.523599,0.376001,0.33525,0.513525,0.502793,-0.12,-0.11861,0.0,5.8e-05,-0.1,-0.100001,0.2,0.2,-0.1,-0.1,0.0,2.1e-05,-0.12,-0.114894,0.0,-4.1e-05,-0.1,-0.1,0.2,0.2,-0.1,-0.100001,0.0,-2.1e-05
1787224258.381636,5.0,249,1.48353,1.48353,1.48353,1.48353,0.174533,0.174533,-0.174533,-0.174533,-0.523599,-0.523599,0.523599,0.523599,0.376001,0.3434,0.513525,0.504936,-0.12,-0.118885,0.0,4.8e-05,-0.1,-0.100001,0.2,0.2,-0.1,-0.1,0.0,-2.1e-05,-0.12,-0.115238,0.0,-3.5e-05,-0.1,-0.1,0.2,0.2,-0.1,-0.100001,0.0,2.1e-05
1787224258.398948,5.02,250,1.48353,1.48353,1.48353,1.48353,0.174533,0.174533,-0.174533,-0.174533,-0.523599,-0.523599,0.523599,0.523599,0.231518,0.34992,0.514064,0.506652,-0.12,-0.119105,0.0,4e-05,-0.1,-0.100001,0.2,0.199999,-0.1,-0.1,0.0,2.1e-05,-0.12,-0.115487,0.0,-3e-05,-0.1,-0.1,0.2,0.2,-0.1,-0.100001,0.0,-2.1e-05
1787224258.417346,5.04,251,1.48353,1.48353,1.48353,1.48353,0.174533,0.174533,-0.174533,-0.174533,-0.523599,-0.523599,0.523599,0.523599,0.231518,0.32624,0.514064,0.50814,-0.12,-0.119282,0.0,3.3e-05,-0.1,-0.100001,0.2,0.199999,-0.1,-0.1,0.0,-2.1e-05,-0.12,-0.115733,0.0,-2.6e-05,-0.1,-0.1,0.2,0.2,-0.1,-0.100001,0.0,2.1e-05
1787224258.436445,5.06,252,1.48353,1.48353,1.48353,1.48353,0.174533,0.174533,-0.174533,-0.174533,-0.523599,-0.523599,0.523599,0.523599,0.231518,0.307296,0.514064,0.509328,-0.12,-0.119423,0.0,2.8e-05,-0.1,-0.100002,0.2,0.199999,-0.1,-0.1,0.0,2e-05,-0.12,-0.115975,0.0,-2.3e-05,-0.1,-0.1,0.2,0.2,-0.1,-0.1,0.0,-2.1e-05
1787224258.460456,5.08,253,1.48353,1.48353,1.48353,1.48353,0.174533,0.174533,-0.174533,-0.174533,-0.523599,-0.523599,0.523599,0.523599,0.231518,0.292141,0.514064,0.510276,-0.12,-0.119537,0.0,2.4e-05,-0.1,-0.100002,0.2,0.199999,-0.1,-0.100001,0.0,-1.9e-05,-0.12,-0.116215,0.0,-2.1e-05,-0.1,-0.099999,0.2,0.2,-0.1,-0.1,0.0,2e-05
1787224258.480368,5.1,254,1.48353,1.48353,1.48353,1.48353,0.174533,0.174533,-0.174533,-0.174533,-0.523599,-0.523599,0.523599,0.523599,0.231518,0.280017,0.514064,0.511034,-0.12,-0.119628,0.0,2.1e-05,-0.1,-0.100002,0.2,0.199999,-0.1,-0.100001,0.0,1.9e-05,-0.12,-0.11645,0.0,-2e-05,-0.1,-0.099999,0.2,0.200001,-0.1,-0.1,0.0,-2e-05
1787224258.501978,5.12,255,1.48353,1.48353,1.48353,1.48353,0.174533,0.174533,-0.174533,-0.174533,-0.523599,-0.523599,0.523599,0.523599,0.231518,0.270317,0.514064,0.51164,-0.12,-0.119701,0.0,1.9e-05,-0.1,-0.100003,0.2,0.199998,-0.1,-0.100001,0.0,-1.8e-05,-0.12,-0.116682,0.0,1.9e-05,-0.1,-0.099998,0.2,0.200001,-0.1,-0.1,0.0,1.9e-05
1787224258.525905,5.14,256,1.48353,1.48353,1.48353,1.48353,0.174533,0.174533,-0.174533,-0.174533,-0.523599,-0.523599,0.523599,0.523599,-0.695356,0.262557,0.039658,0.512125,-0.12,-0.11976,0.0,1.8e-05,-0.1,-0.100004,0.2,0.199998,-0.1,-0.100001,0.0,1.7e-05,-0.12,-0.116907,0.0,-1.9e-05,-0.1,-0.099998,0.2,0.200001,-0.1,-0.1,0.0,-1.9e-05
1787224258.542986,5.16,257,1.48353,1.48353,1.48353,1.48353,0.174533,0.174533,-0.174533,-0.174533,-0.523599,-0.523599,0.523599,0.523599,-0.695356,0.180003,0.039658,0.440393,-0.12,-0.119807,0.0,-1.7e-05,-0.1,-0.100004,0.2,0.199997,-0.1,-0.100001,0.0,-1.6e-05,-0.12,-0.117167,0.0,1.8e-05,-0.1,-0.099997,0.2,0.200002,-0.1,-0.1,0.0,1.8e-05
1787224258.564636,5.18,258,1.48353,1.48353,1.48353,1.48353,0.174533,0.174533,-0.174533,-0.174533,-0.523599,-0.523599,0.523599,0.523599,-0.695356,0.097653,0.039658,0.368868,-0.12,-0.119845,0.0,1.6e-05,-0.1,-0.100005,0.2,0.199997,-0.1,-0.100001,0.0,1.6e-05,-0.12,-0.117384,0.0,-1.8e-05,-0.1,-0.099996,0.2,0.200002,-0.1,-0.1,0.0,-1.7e-05
1787224258.585286,5.2,259,1.48353,1.48353,1.48353,1.48353,0.174533,0.174533,-0.174533,-0.174533,-0.523599,-0.523599,0.523599,0.523599,-1.086008,0.015411,-0.242702,0.30355,-0.12,-0.119875,0.0,-1.6e-05,-0.1,-0.100005,0.2,0.199997,-0.1,-0.100001,0.0,-1.5e-05,-0.12,-0.117589,0.0,1.7e-05,-0.1,-0.099996,0.2,0.200002,-0.1,-0.1,0.0,1.7e-05
1787224258.606938,5.22,260,1.48353,1.48353,1.48353,1.48353,0.174533,0.174533,-0.174533,-0.174533,-0.523599,-0.523599,0.523599,0.523599,-1.086008,-0.066679,-0.242702,0.232307,-0.12,-0.1199,0.0,1.5e-05,-0.1,-0.100006,0.2,0.199996,-0.1,-0.100001,0.0,1.4e-05,-0.12,-0.117788,0.0,-1.7e-05,-0.1,-0.099995,0.2,0.200003,-0.1,-0.1,0.0,-1.6e-05
1787224258.625327,5.24,261,1.48353,1.48353,1.48353,1.48353,0.174533,0.174533,-0.174533,-0.174533,-0.523599,-0.523599,0.523599,0.523599,-1.086008,-0.148672,-0.242702,0.161175,-0.12,-0.11992,0.0,-1.5e-05,-0.1,-0.100006,0.2,0.199996,-0.1,-0.100002,0.0,-1.3e-05,-0.12,-0.117979,0.0,-1.6e-05,-0.1,-0.099995,0.2,0.200003,-0.1,-0.1,0.0,1.6e-05
1787224258.644757,5.26,262,1.48353,1.48353,1.48353,1.48353,0.174533,0.174533,-0.174533,-0.174533,-0.523599,-0.523599,0.523599,0.523599,-1.283663,-0.230589,-0.414402,0.090131,-0.12,-0.119936,0.0,1.4e-05,-0.1,-0.100007,0.2,0.199996,-0.1,-0.100002,0.0,1.3e-05,-0.12,-0.118163,0.0,1.6e-05,-0.1,-0.099994,0.2,0.200003,-0.1,-0.099999,0.0,-1.5e-05
1787224258.665496,5.28,263,1.48353,1.48353,1.48353,1.48353,0.174533,0.174533,-0.174533,-0.174533,-0.523599,-0.523599,0.523599,0.523599,-1.283663,-0.312446,-0.414402,0.01916,-0.12,-0.119949,0.0,-1.4e-05,-0.1,-0.100007,0.2,0.199996,-0.1,-0.100002,0.0,-1.2e-05,-0.12,-0.118339,0.0,-1.6e-05,-0.1,-0.099994,0.2,0.200004,-0.1,-0.099999,0.0,1.4e-05
1787224258.685038,5.3,264,1.48353,1.48353,1.48353,1.48353,0.174533,0.174533,-0.174533,-0.174533,-0.523599,-0.523599,0.523599,0.523599,-1.283663,-0.394257,-0.414402,-0.051755,-0.12,-0.119959,0.0,1.3e-05,-0.1,-0.100008,0.2,0.199995,-0.1,-0.100002,0.0,1.1e-05,-0.12,-0.118508,0.0,1.6e-05,-0.1,-0.099993,0.2,0.200004,-0.1,-0.099999,0.0,-1.4e-05
1787224258.706135,5.32,265,1.48353,1.48353,1.48353,1.48353,0.174533,0.174533,-0.174533,-0.174533,-0.523599,-0.523599,0.523599,0.523599,-1.604465,-0.476031,-0.517422,-0.122624,-0.12,-0.119968,0.0,-1.3e-05,-0.1,-0.100022,0.2,0.199995,-0.1,-0.100002,0.0,-1e-05,-0.12,-0.118675,0.0,-1.5e-05,-0.1,-0.099993,0.2,0.200004,-0.1,-0.099999,0.0,1.4e-05
1787224258.724947,5.34,266,1.48353,1.48353,1.48353,1.48353,0.174533,0.174533,-0.174533,-0.174533,-0.523599,-0.523599,0.523599,0.523599,-1.604465,-0.557777,-0.517422,-0.193456,-0.12,-0.119974,0.0,1.3e-05,-0.1,-0.100057,0.2,0.199995,-0.1,-0.100002,0.0,1e-05,-0.12,-0.118843,0.0,1.5e-05,-0.1,-0.099992,0.2,0.200005,-0.1,-0.099999,0.0,-1.3e-05
1787224258.752356,5.36,267,1.48353,1.48353,1.48353,1.48353,0.174533,0.174533,-0.174533,-0.174533,-0.523599,-0.523599,0.523599,0.523599,-1.796947,-0.639602,-0.579234,-0.257171,-0.12,-0.11998,0.0,-1.3e-05,-0.1,-0.100104,0.2,0.199995,-0.1,-0.100002,0.0,-9e-06,-0.12,-0.11901,0.0,-1.5e-05,-0.1,-0.099992,0.2,0.200005,-0.1,-0.099999,0.0,1.3e-05
1787224258.766864,5.38,268,1.48353,1.48353,1.48353,1.48353,0.174533,0.174533,-0.174533,-0.174533,-0.523599,-0.523599,0.523599,0.523599,-1.796947,-0.721434,-0.579234,-0.320502,-0.12,-0.119984,0.0,1.3e-05,-0.1,-0.10017,0.2,0.199995,-0.1,-0.100002,0.0,9e-06,-0.12,-0.119181,0.0,1.5e-05,-0.1,-0.099992,0.2,0.200005,-0.1,-0.099999,0.0,-1.3e-05
1787224258.786827,5.4,269,1.48353,1.48353,1.48353,1.48353,0.174533,0.174533,-0.174533,-0.174533,-0.523599,-0.523599,0.523599,0.523599,-1.796947,-0.803443,-0.579234,-0.371196,-0.12,-0.119988,0.0,-1.3e-05,-0.1,-0.100235,0.2,0.199995,-0.1,-0.100002,0.0,-9e-06,-0.12,-0.119342,0.0,-1.5e-05,-0.1,-0.099991,0.2,0.200005,-0.1,-0.099999,0.0,1.2e-05
1787224258.809858,5.42,270,1.48353,1.48353,1.48353,1.48353,0.174533,0.174533,-0.174533,-0.174533,-0.523599,-0.523599,0.523599,0.523599,-1.912435,-0.885608,-0.616321,-0.411808,-0.12,-0.119991,0.0,-1.2e-05,-0.1,-0.100285,0.2,0.199995,-0.1,-0.100002,0.0,8e-06,-0.12,-0.119471,0.0,1.5e-05,-0.1,-0.099991,0.2,0.200005,-0.1,-0.099999,0.0,-1.2e-05
1787224258.830484,5.44,271,1.48353,1.48353,1.48353,1.48353,0.174533,0.174533,-0.174533,-0.174533,-0.523599,-0.523599,0.523599,0.523599,-1.912435,-0.967812,-0.616321,-0.451776,-0.12,-0.119993,0.0,1.2e-05,-0.1,-0.100321,0.2,0.199995,-0.1,-0.100002,0.0,-7e-06,-0.12,-0.119574,0.0,-1.4e-05,-0.1,-0.099991,0.2,0.200006,-0.1,-0.099999,0.0,1.1e-05
1787224258.853046,5.46,272,1.502495,1.48353,1.48353,1.48353,0.120661,0.174533,-0.174533,-0.174533,-0.523599,-0.523599,0.523599,0.523599,-1.981729,-1.05013,-0.638573,-0.483816,-0.12,-0.119996,0.0,-1.1e-05,-0.1,-0.100347,0.2,0.199994,-0.1,-0.100002,0.0,7e-06,-0.12,-0.119657,0.0,1.4e-05,-0.1,-0.099991,0.2,0.200006,-0.1,-0.099998,0.0,-1e-05
1787224258.871697,5.48,273,1.502495,1.487323,1.48353,1.48353,0.120661,0.163759,-0.174533,-0.174533,-0.523599,-0.523599,0.523599,0.523599,-1.981729,-1.132494,-0.638573,-0.513962,-0.12,-0.119998,0.0,1.1e-05,-0.1,-0.100364,0.2,0.199994,-0.1,-0.100002,0.0,-6e-06,-0.12,-0.119723,0.0,-1.3e-05,-0.1,-0.099991,0.2,0.200006,-0.1,-0.099998,0.0,1e-05
1787224258.895267,5.5,274,1.509028,1.490357,1.48353,1.48353,0.093185,0.155139,-0.174533,-0.174533,-0.447009,-0.523599,0.523599,0.523599,-2.023305,-1.214934,-0.651925,-0.538149,-0.12,-0.119999,0.0,-1.1e-05,-0.1,-0.100374,0.2,0.199994,-0.1,-0.100002,0.0,5e-06,-0.12,-0.119776,0.0,1.3e-05,-0.1,-0.099991,0.2,0.200006,-0.1,-0.099998,0.0,-9e-06
1787224258.913125,5.52,275,1.509028,1.494091,1.48353,1.48353,0.093185,0.142749,-0.174533,-0.174533,-0.447009,-0.508282,0.523599,0.523599,-2.023305,-1.297412,-0.651925,-0.560236,-0.12,-0.120001,0.0,1.1e-05,-0.1,-0.100377,0.2,0.199994,-0.1,-0.100002,0.0,-4e-06,-0.12,-0.119819,0.0,-1.2e-05,-0.1,-0.099991,0.2,0.200006,-0.1,-0.099998,0.0,8e-06
1787224258.931086,5.54,276,1.505731,1.497078,1.48353,1.48353,0.083915,0.132836,-0.174533,-0.174533,-0.382667,-0.496027,0.523599,0.523599,-2.04825,-1.379937,-0.659936,-0.577972,-0.12,-0.120002,0.0,-1e-05,-0.1,-0.100377,0.2,0.199994,-0.1,-0.100002,0.0,4e-06,-0.12,-0.119853,0.0,1.2e-05,-0.1,-0.099991,0.2,0.200006,-0.1,-0.099998,0.0,-8e-06
1787224258.948965,5.56,277,1.505731,1.498808,1.48353,1.48353,0.083915,0.123052,-0.174533,-0.174533,-0.382667,-0.473357,0.523599,0.523599,-2.04825,-1.462488,-0.659936,-0.593826,-0.12,-0.120003,0.0,1e-05,-0.1,-0.100372,0.2,0.199994,-0.1,-0.100002,0.0,-3e-06,-0.12,-0.119881,0.0,-1.2e-05,-0.1,-0.099991,0.2,0.200006,-0.1,-0.099998,0.0,7e-06
1787224258.966264,5.58,278,1.505731,1.500192,1.48353,1.48353,0.083915,0.115225,-0.174533,-0.174533,-0.382667,-0.455219,0.523599,0.523599,-2.04825,-1.545067,-0.659936,-0.606568,-0.12,-0.120004,0.0,-1e-05,-0.1,-0.100366,0.2,0.199994,-0.1,-0.100002,0.0,3e-06,-0.12,-0.119903,0.0,1.1e-05,-0.1,-0.099991,0.2,0.200006,-0.1,-0.099998,0.0,-6e-06
1787224258.989305,5.6,279,1.49248,1.5013,1.48353,1.48353,0.089626,0.108963,-0.174533,-0.174533,-0.350348,-0.440709,0.523599,0.523599,-2.063217,-1.627668,-0.664742,-0.616818,-0.12,-0.120004,-0.045983,1e-05,-0.079,-0.100356,0.158,0.199994,-0.079,-0.100002,0.045983,-3e-06,-0.12,-0.11992,0.0,-1.1e-05,-0.1,-0.099991,0.2,0.200006,-0.1,-0.099998,0.0,6e-06
1787224259.008339,5.62,280,1.49248,1.499536,1.48353,1.48353,0.089626,0.105095,-0.174533,-0.174533,-0.350348,-0.422637,0.523599,0.523599,-2.063217,-1.710281,-0.664742,-0.626029,-0.12,-0.120004,-0.059778,-0.005087,-0.0727,-0.096085,0.1454,0.191595,-0.0727,-0.095802,0.059778,0.009197,-0.12,-0.119937,0.0,-0.002613,-0.1,-0.099993,0.2,0.200004,-0.1,-0.099999,0.0,-5e-06
1787224259.028404,5.64,281,1.49248,1.498124,1.48353,1.48353,0.089626,0.102001,-0.174533,-0.174533,-0.350348,-0.408179,0.523599,0.523599,-2.063217,-1.780811,-0.664742,-0.633485,-0.12,-0.120003,-0.063917,-0.010309,-0.07081,-0.091408,0.14162,0.182357,-0.07081,-0.091181,0.063917,0.019314,-0.12,-0.11995,0.0,-0.005334,-0.1,-0.099995,0.2,0.200003,-0.1,-0.099999,0.0,-4e-06
1787224259.052556,5.66,282,1.483475,1.496996,1.48353,1.48353,0.094107,0.099526,-0.174533,-0.174533,-0.342362,-0.396613,0.523599,0.523599,-2.072198,-1.837258,-0.667626,-0.639535,-0.12,-0.120002,-0.050631,-0.014788,-0.100729,-0.087288,0.140486,0.174209,-0.039757,-0.087107,0.050631,0.028235,-0.12,-0.119961,0.0,-0.007632,-0.1,-0.099997,0.2,0.200002,-0.1,-0.1,0.0,-3e-06
1787224259.071428,5.68,283,1.483475,1.494291,1.48353,1.48353,0.094107,0.098442,-0.174533,-0.174533,-0.342362,-0.385763,0.523599,0.523599,-2.072198,-1.884227,-0.667626,-0.644966,-0.12,-0.12,-0.046646,-0.015554,-0.109705,-0.089975,0.140146,0.167466,-0.030441,-0.077637,0.046646,0.032714,-0.12,-0.119971,0.0,-0.00637,-0.1,-0.104204,0.2,0.2,-0.1,-0.1,0.0,-1e-06
1787224259.097453,5.7,284,1.480774,1.492128,1.48353,1.48353,0.094094,0.097575,-0.174533,-0.174533,-0.325995,-0.377083,0.523599,0.523599,-1.910121,-1.92181,-0.669356,-0.64937,-0.12,-0.119999,-0.030704,-0.016008,-0.157714,-0.093919,0.140044,0.162002,0.01767,-0.068198,0.030704,0.035501,-0.12,-0.119978,0.0,-0.005099,-0.1,-0.109022,0.2,0.199999,-0.1,-0.1,0.0,-1e-06
1787224259.116419,5.72,285,1.480774,1.489857,1.48353,1.48353,0.094094,0.096879,-0.174533,-0.174533,-0.325995,-0.366865,0.523599,0.523599,-1.910121,-1.919476,-0.669356,-0.653378,-0.12,-0.119999,-0.025921,-0.017095,-0.172116,-0.106677,0.140013,0.157611,0.032103,-0.051025,0.025921,0.034542,-0.12,-0.119985,0.0,-0.004082,-0.1,-0.120781,0.2,0.199998,-0.1,-0.1,0.0,-1e-06
1787224259.138896,5.74,286,1.480774,1.488041,1.48353,1.48353,0.094094,0.096322,-0.174533,-0.174533,-0.325995,-0.358691,0.523599,0.523599,-1.910121,-1.917607,-0.669356,-0.656581,-0.12,-0.119997,-0.024487,-0.018239,-0.176437,-0.119763,0.140004,0.154092,0.036433,-0.0344,0.024487,0.032818,-0.12,-0.119989,0.0,-0.003268,-0.1,-0.132535,0.2,0.199998,-0.1,-0.1,0.0,-2e-06
1787224259.163741,5.76,287,1.482932,1.486587,1.48353,1.48353,0.090308,0.095876,-0.174533,-0.174533,-0.312301,-0.352152,0.523599,0.523599,-1.702739,-1.916111,-0.670394,-0.659141,-0.12,-0.119996,-0.019457,-0.019232,-0.193561,-0.131097,0.140001,0.151275,0.053559,-0.020233,0.019457,0.031152,-0.12,-0.119993,0.0,-0.002617,-0.1,-0.142618,0.2,0.199997,-0.1,-0.100001,0.0,-2e-06
1787224259.183323,5.78,288,1.482932,1.485856,1.48353,1.48353,0.090308,0.094762,-0.174533,-0.174533,-0.312301,-0.344182,0.523599,0.523599,-1.702739,-1.873445,-0.670394,-0.661508,-0.12,-0.119995,-0.017948,-0.019278,-0.198698,-0.143388,0.14,0.149021,0.058697,-0.005475,0.017948,0.028813,-0.12,-0.119996,0.0,-0.002092,-0.1,-0.153114,0.2,0.199997,-0.1,-0.100001,0.0,-1e-06
1787224259.204199,5.8,289,1.485363,1.485271,1.48353,1.48353,0.086899,0.093871,-0.174533,-0.174533,-0.287252,-0.337806,0.523599,0.523599,-1.439253,-1.839306,-0.671017,-0.663323,-0.12,-0.119995,-0.012258,-0.019013,-0.213355,-0.152035,0.14,0.147218,0.073355,0.007359,0.012258,0.02664,-0.12,-0.119998,0.0,-0.001673,-0.1,-0.16008,0.2,0.199996,-0.1,-0.100001,0.0,-1e-06
1787224259.220953,5.82,290,1.485363,1.48529,1.48353,1.48353,0.086899,0.092477,-0.174533,-0.174533,-0.287252,-0.327695,0.523599,0.523599,-1.439253,-1.759335,-0.671017,-0.664769,-0.12,-0.119994,-0.010551,-0.017664,-0.217752,-0.155371,0.14,0.145776,0.077752,0.020558,0.010551,0.023763,-0.12,-0.12,0.0,-0.001336,-0.1,-0.161392,0.2,0.199996,-0.1,-0.100001,0.0,2e-06
1787224259.239935,5.84,291,1.490175,1.485304,1.48353,1.48353,0.0815,0.091361,-0.174533,-0.174533,-0.263314,-0.319606,0.523599,0.523599,-1.136506,-1.695337,-0.671391,-0.665835,-0.12,-0.119993,-0.014262,-0.016242,-0.231562,-0.155646,0.14,0.144622,0.079326,0.031997,0.014262,0.021121,-0.12,-0.120002,0.0,-0.001067,-0.1,-0.15982,0.2,0.199996,-0.1,-0.100001,0.0,-2e-06
1787224259.260009,5.86,292,1.490175,1.486279,1.48353,1.48353,0.0815,0.089389,-0.174533,-0.174533,-0.263314,-0.308348,0.523599,0.523599,-1.136506,-1.612683,-0.671391,-0.666766,-0.12,-0.119993,-0.015375,-0.015847,-0.235705,-0.157928,0.14,0.143698,0.079798,0.041463,0.015375,0.019749,-0.12,-0.120004,0.0,-0.000853,-0.1,-0.160527,0.2,0.199996,-0.1,-0.100001,0.0,2e-06
1787224259.277772,5.88,293,1.490175,1.487058,1.48353,1.48353,0.0815,0.087812,-0.174533,-0.174533,-0.263314,-0.299341,0.523599,0.523599,-1.136506,-1.530028,-0.671391,-0.667521,-0.12,-0.119993,-0.015709,-0.015753,-0.236948,-0.160362,0.14,0.14296,0.079939,0.04913,0.015709,0.018874,-0.12,-0.120005,0.0,-0.000682,-0.1,-0.161598,0.2,0.199995,-0.1,-0.100001,0.0,3e-06
1787224259.301468,5.9,294,1.494991,1.487682,1.48353,1.48353,0.076333,0.086549,-0.174533,-0.174533,-0.305316,-0.292136,0.523599,0.523599,-0.882325,-1.451363,-0.627987,-0.668136,-0.12,-0.119994,-0.019515,-0.015744,-0.252335,-0.162298,0.14,0.142369,0.079982,0.055292,0.019515,0.018241,-0.12,-0.120006,0.0,-0.000545,-0.1,-0.16235,0.2,0.199995,-0.1,-0.100001,0.0,-4e-06
1787224259.321681,5.92,295,1.494991,1.489144,1.48353,1.48353,0.076333,0.084506,-0.174533,-0.174533,-0.305316,-0.294772,0.523599,0.523599,-0.882325,-1.368746,-0.627987,-0.659808,-0.12,-0.119994,-0.020657,-0.016498,-0.256951,-0.172977,0.14,0.141896,0.079995,0.06023,0.020657,0.018496,-0.12,-0.120007,0.0,-0.000435,-0.1,-0.154327,0.2,0.199995,-0.1,-0.1,0.0,4e-06
1787224259.343129,5.94,296,1.50179,1.490314,1.48353,1.48353,0.069323,0.082872,-0.174533,-0.174533,-0.346899,-0.29688,0.523599,0.523599,-0.687605,-1.286122,-0.548413,-0.653201,-0.12,-0.119995,-0.017974,-0.01733,-0.263017,-0.18977,0.14,0.141517,0.079998,0.064182,0.017974,0.018928,-0.12,-0.120006,0.0,-0.000348,-0.1,-0.143462,0.2,0.199997,-0.1,-0.1,0.0,-4e-06
1787224259.361849,5.96,297,1.50179,1.492609,1.48353,1.48353,0.069323,0.080162,-0.174533,-0.174533,-0.346899,-0.306884,0.523599,0.523599,-0.687605,-1.203533,-0.548413,-0.632225,-0.12,-0.119996,-0.017168,-0.017459,-0.264837,-0.204419,0.14,0.141214,0.08,0.067345,0.017168,0.018737,-0.12,-0.120005,0.0,-0.000278,-0.1,-0.13477,0.2,0.199998,-0.1,-0.099999,0.0,3e-06
1787224259.383312,5.98,298,1.50179,1.494463,1.48353,1.48353,0.069323,0.07801,-0.174533,-0.174533,-0.346899,-0.314886,0.523599,0.523599,-0.687605,-1.120951,-0.548413,-0.615653,-0.12,-0.119996,-0.016927,-0.017401,-0.265383,-0.20523,0.14,0.140972,0.08,0.069876,0.016927,0.018424,-0.12,-0.120006,0.0,-0.000221,-0.1,-0.127818,0.2,0.199997,-0.1,-0.1,0.0,3e-06
1787224259.403648,6.0,299,1.505054,1.495944,1.48353,1.48353,0.065932,0.076286,-0.174533,-0.174533,-0.422606,-0.321288,0.523599,0.523599,-0.53144,-1.038357,-0.460984,-0.602515,-0.12,-0.119996,-0.015798,-0.017309,-0.272416,-0.207749,0.14,0.140779,0.08,0.071902,0.015798,0.018124,-0.12,-0.120007,0.0,-0.000174,-0.1,-0.122256,0.2,0.199997,-0.1,-0.1,0.0,4e-06
1787224259.422947,6.02,300,1.505054,1.497784,1.48353,1.48353,0.065932,0.074231,-0.174533,-0.174533,-0.422606,-0.34155,0.523599,0.523599,-0.53144,-0.955778,-0.460984,-0.574639,-0.12,-0.119995,-0.015459,-0.017009,-0.274526,-0.21118,0.14,0.140625,0.08,0.073522,0.015459,0.017659,-0.12,-0.120007,0.0,0.000414,-0.1,-0.117807,0.2,0.199997,-0.1,-0.1,0.0,5e-06
1787224259.447452,6.04,301,1.505054,1.499239,1.48353,1.48353,0.065932,0.072572,-0.174533,-0.174533,-0.422606,-0.357761,0.523599,0.523599,-0.53144,-0.87316,-0.460984,-0.5524,-0.12,-0.119995,-0.015357,-0.016699,-0.27516,-0.207903,0.14,0.140501,0.08,0.074818,0.015357,0.017219,-0.12,-0.120007,0.0,0.000332,-0.1,-0.114247,0.2,0.199997,-0.1,-0.1,0.0,-4e-06
1787224259.470645,6.06,302,1.505316,1.500402,1.48353,1.48353,0.065594,0.071244,-0.174533,-0.174533,-0.463962,-0.37073,0.523599,0.523599,-0.407901,-0.80489,-0.391771,-0.534448,-0.12,-0.119994,-0.01497,-0.016432,-0.284996,-0.207318,0.293448,0.140402,-0.025,0.075854,0.01497,0.016847,-0.12,-0.120008,0.0,0.000267,-0.1,-0.113299,0.2,0.199996,-0.1,-0.1,0.0,4e-06
1787224259.490736,6.08,303,1.505316,1.501385,1.48353,1.48353,0.065594,0.070114,-0.174533,-0.174533,-0.463962,-0.389376,0.523599,0.523599,-0.407901,-0.725627,-0.391771,-0.506241,-0.12,-0.119994,-0.014854,-0.016139,-0.287947,-0.219524,0.339483,0.171011,-0.0565,0.055685,0.014854,0.016472,-0.12,-0.120008,0.0,0.000214,-0.1,-0.110655,0.2,0.199996,-0.1,-0.1,0.0,-4e-06
1787224259.51699,6.1,304,1.497367,1.502171,1.48353,1.48353,0.073497,0.06921,-0.174533,-0.174533,-0.523294,-0.404293,0.523599,0.523599,-0.323241,-0.662184,-0.342831,-0.483604,-0.12,-0.119994,-0.01544,-0.015882,-0.293169,-0.233208,0.403018,0.204704,-0.111338,0.033249,0.01544,0.016148,-0.12,-0.120007,0.0,0.000172,-0.1,-0.108524,0.2,0.199997,-0.1,-0.1,0.0,3e-06
1787224259.534542,6.12,305,1.497367,1.50121,1.48353,1.48353,0.073497,0.070068,-0.174533,-0.174533,-0.523294,-0.428092,0.523599,0.523599,-0.323241,-0.594519,-0.342831,-0.455719,-0.12,-0.119996,-0.015615,-0.015794,-0.294736,-0.249146,0.422079,0.244364,-0.12779,0.004333,0.015615,0.016006,-0.12,-0.120003,0.0,0.000137,-0.1,-0.106817,0.2,0.199998,-0.1,-0.1,0.0,1e-06
1787224259.553062,6.14,306,1.488931,1.500442,1.469122,1.48353,0.081906,0.070754,-0.154034,-0.174533,-0.614513,-0.447132,0.739587,0.523599,-0.264677,-0.540354,-0.307706,-0.433355,-0.12,-0.119998,-0.015319,-0.015758,-0.049469,-0.263603,0.369367,0.279905,-0.314385,-0.022092,0.015319,0.015928,-0.12,-0.12,0.004436,0.000109,0.008952,-0.105452,0.270067,0.2,-0.301062,-0.1,-0.004436,1e-06
1787224259.57054,6.16,307,1.488931,1.49814,1.469122,1.480649,0.081906,0.072984,-0.154034,-0.170433,-0.614513,-0.480601,0.739587,0.56678,-0.264677,-0.485424,-0.307706,-0.408199,-0.12,-0.119999,-0.015229,-0.015667,0.024112,-0.239388,0.353553,0.297794,-0.370363,-0.076488,0.015229,0.015807,-0.12,-0.119997,0.005767,-0.003104,0.041638,-0.08257,0.291087,0.214013,-0.361381,-0.14021,-0.005767,-0.000888
1787224259.589224,6.18,308,1.488931,1.496298,1.469122,1.478344,0.081906,0.074769,-0.154034,-0.167153,-0.614513,-0.507379,0.739587,0.601332,-0.264677,-0.441439,-0.307706,-0.388069,-0.12,-0.12,-0.015203,-0.015577,0.046186,-0.209071,0.348809,0.308943,-0.387157,-0.130884,0.015203,0.015692,-0.12,-0.119996,0.006166,-0.006789,0.051444,-0.057727,0.297393,0.229426,-0.379477,-0.184441,-0.006166,-0.001864
1787224259.606735,6.2,309,1.480691,1.494825,1.433428,1.4765,0.09013,0.076196,-0.168784,-0.164529,-0.719419,-0.528804,0.887704,0.628979,-0.229144,-0.406205,-0.299683,-0.37198,-0.12,-0.120001,-0.014685,-0.0155,0.047493,-0.180535,0.357182,0.316914,-0.39751,-0.182135,0.014685,0.015594,-0.12,-0.119994,0.006372,-0.01009,0.04907,-0.035892,0.306726,0.243019,-0.390776,-0.223446,-0.006372,-0.002725
1787224259.627428,6.22,310,1.480691,1.491999,1.433428,1.467886,0.09013,0.078983,-0.168784,-0.165379,-0.719419,-0.566922,0.887704,0.680703,-0.229144,-0.370884,-0.299683,-0.357519,-0.12,-0.120002,-0.01453,-0.015335,0.047885,-0.158232,0.359694,0.324965,-0.400616,-0.225208,0.01453,0.015413,-0.12,-0.119993,0.006433,-0.012573,0.048358,-0.018898,0.309526,0.255759,-0.394166,-0.256909,-0.006433,-0.003455
1787224259.652392,6.24,311,1.47407,1.489737,1.403943,1.460994,0.096741,0.081213,-0.185703,-0.166059,-0.766635,-0.59742,0.948996,0.722095,-0.205522,-0.342596,-0.299651,-0.34596,-0.12,-0.120003,-0.013708,-0.015172,0.085045,-0.140552,0.286053,0.331909,-0.364505,-0.260288,0.013708,0.015236,-0.12,-0.119993,0.006177,-0.014466,0.085187,-0.005446,0.258506,0.266512,-0.36257,-0.284358,-0.006177,-0.004051
1787224259.670426,6.26,312,1.47407,1.486614,1.403943,1.449572,0.096741,0.084328,-0.185703,-0.16995,-0.766635,-0.63126,0.948996,0.767463,-0.205522,-0.315223,-0.299651,-0.336699,-0.12,-0.120004,-0.013461,-0.014877,0.096194,-0.113774,0.26396,0.322739,-0.353672,-0.28113,0.013461,0.014931,-0.12,-0.119993,0.006101,-0.017245,0.096236,0.012682,0.2432,0.264912,-0.353091,-0.299999,-0.006101,-0.004477
1787224259.696009,6.28,313,1.46832,1.484126,1.385153,1.44042,0.102485,0.086832,-0.196953,-0.173022,-0.768993,-0.658332,0.939837,0.803763,-0.180766,-0.29331,-0.302825,-0.329291,-0.12,-0.120004,-0.012376,-0.014591,0.111322,-0.084318,0.231947,0.310985,-0.338637,-0.295637,0.012376,0.014637,-0.12,-0.119992,0.006474,-0.021375,0.111335,0.029393,0.22211,0.260571,-0.338463,-0.310616,-0.006474,-0.004802
1787224259.714211,6.3,314,1.46832,1.481009,1.385153,1.429303,0.102485,0.090006,-0.196953,-0.177653,-0.768993,-0.68046,0.939837,0.830972,-0.180766,-0.270816,-0.302825,-0.324006,-0.12,-0.120004,-0.01205,-0.014146,0.115861,-0.050443,0.222344,0.295184,-0.334127,-0.304235,0.01205,0.014186,-0.12,-0.119992,0.006587,-0.026698,0.115865,0.04578,0.215783,0.252882,-0.334075,-0.316184,-0.006587,-0.005137
1787224259.738723,6.32,315,1.4632,1.478485,1.372016,1.420451,0.107602,0.092516,-0.205566,-0.181462,-0.790254,-0.698166,0.966099,0.852745,-0.16268,-0.252815,-0.302785,-0.319778,-0.12,-0.120005,-0.011525,-0.013724,0.136491,-0.026888,0.188878,0.280618,-0.313506,-0.310213,0.011525,0.013759,-0.12,-0.119992,0.006743,-0.028894,0.136492,0.059797,0.18691,0.245465,-0.31349,-0.319762,-0.006743,-0.005427
1787224259.758569,6.34,316,1.4632,1.475455,1.372016,1.410723,0.107602,0.09556,-0.205566,-0.186196,-0.790254,-0.716583,0.966099,0.875415,-0.16268,-0.234793,-0.302785,-0.316392,-0.12,-0.120005,-0.011367,-0.013283,0.14268,0.005857,0.178838,0.262277,-0.307319,-0.310872,0.011367,0.013312,-0.12,-0.119992,0.00679,-0.021769,0.14268,0.075134,0.178248,0.233757,-0.307315,-0.318509,-0.00679,-0.00569
1787224259.780638,6.36,317,1.457807,1.473004,1.354184,1.402982,0.112993,0.097969,-0.220684,-0.190069,-0.831628,-0.731317,0.980716,0.893551,-0.144329,-0.220365,-0.290793,-0.313717,-0.12,-0.120004,-0.010239,-0.0129,0.137945,0.033154,0.185054,0.245594,-0.312054,-0.310162,0.010239,0.012923,-0.12,-0.119994,0.003422,-0.016057,0.137945,0.088641,0.184876,0.222656,-0.312053,-0.316271,-0.003422,-0.00591
1787224259.79808,6.38,318,1.457807,1.469965,1.354184,1.393222,0.112993,0.100974,-0.220684,-0.196191,-0.831628,-0.751379,0.980716,0.910984,-0.144329,-0.205146,-0.290793,-0.309185,-0.12,-0.120003,-0.009901,-0.012368,0.136525,0.054104,0.186918,0.233488,-0.313475,-0.31054,0.009901,0.012386,-0.12,-0.119995,0.002411,-0.012161,0.136525,0.0985,0.186865,0.2151,-0.313475,-0.315429,-0.002411,-0.005412
1787224259.819141,6.4,319,1.452543,1.467534,1.340984,1.385414,0.118255,0.103378,-0.232255,-0.201089,-0.866295,-0.767429,1.011108,0.92493,-0.119959,-0.192976,-0.280441,-0.305535,-0.12,-0.120005,-0.008821,-0.011872,0.135731,0.064323,0.187992,0.224174,-0.314269,-0.311128,0.008821,0.01189,-0.12,-0.119995,-0.000672,-0.012101,-0.20355,0.106106,0.475512,0.209454,-0.284778,-0.315038,0.000672,-0.004813
1787224259.833757,6.42,320,1.452543,1.464537,1.340984,1.376527,0.118255,0.106355,-0.232255,-0.20732,-0.866295,-0.7872,1.011108,0.942165,-0.119959,-0.178352,-0.280441,-0.300589,-0.12,-0.120004,-0.008497,-0.011262,0.135493,0.078599,0.188314,0.21694,-0.314507,-0.311756,0.008497,0.011276,-0.12,-0.119996,-0.001597,-0.009815,-0.305572,0.05171,0.562106,0.262662,-0.276169,-0.308989,0.001597,-0.003716
1787224259.852382,6.44,321,1.449785,1.46214,1.330682,1.369418,0.121012,0.108736,-0.24158,-0.212307,-0.889525,-0.803018,1.003731,0.955952,-0.092485,-0.166655,-0.278325,-0.296617,-0.12,-0.120003,-0.00775,-0.010709,0.144049,0.089974,0.176333,0.211217,-0.305951,-0.312306,0.00775,0.010721,-0.12,-0.119997,-0.005573,-0.008171,-0.330271,-0.002705,0.566217,0.317058,-0.241836,-0.302427,0.005573,-0.002654
1787224259.873696,6.46,322,1.449785,1.45967,1.330682,1.36167,0.121012,0.111192,-0.24158,-0.218161,-0.889525,-0.820318,1.003731,0.965507,-0.092485,-0.151804,-0.278325,-0.293029,-0.12,-0.120003,-0.007526,-0.010117,0.146616,0.100786,0.172739,0.204242,-0.303384,-0.311035,0.007526,0.010126,-0.12,-0.119997,-0.006766,-0.007651,-0.337681,-0.057085,0.56745,0.366886,-0.231536,-0.290312,0.006766,-0.00101
1787224259.893139,6.48,323,1.449785,1.457695,1.330682,1.35547,0.121012,0.113158,-0.24158,-0.222842,-0.889525,-0.834158,1.003731,0.973151,-0.092485,-0.139927,-0.278325,-0.290143,-0.12,-0.120002,-0.007458,-0.009599,0.147386,0.109949,0.17166,0.197943,-0.302614,-0.309505,0.007458,0.009606,-0.12,-0.119998,-0.007124,-0.007473,-0.339904,-0.111481,0.56782,0.406997,-0.228446,-0.278559,0.007124,0.000551
1787224259.914484,6.5,324,1.444688,1.456114,1.328087,1.350513,0.126109,0.114729,-0.243589,-0.226591,-0.880594,-0.845231,0.992029,0.979266,-0.074144,-0.130426,-0.277989,-0.287824,-0.12,-0.120002,-0.006664,-0.009171,0.148931,0.117435,0.169497,0.192688,-0.301069,-0.308127,0.006664,0.009177,-0.12,-0.119998,-0.012883,-0.007403,0.002744,-0.157163,0.288345,0.43916,-0.278819,-0.268538,0.012883,0.001863
1787224259.933273,6.52,325,1.444688,1.453817,1.328087,1.346045,0.126109,0.116994,-0.243589,-0.230016,-0.880594,-0.852303,0.992029,0.981818,-0.074144,-0.119159,-0.277989,-0.285916,-0.12,-0.120001,-0.006426,-0.008669,0.149394,0.123734,0.168848,0.18805,-0.300606,-0.306716,0.006426,0.008674,-0.12,-0.12,-0.014611,-0.008498,0.105538,-0.125188,0.204502,0.409002,-0.293931,-0.270595,0.014611,0.004067
1787224259.955183,6.54,326,1.450015,1.451981,1.333516,1.34247,0.120782,0.118807,-0.237808,-0.232753,-0.850385,-0.857961,0.939589,0.98386,-0.057511,-0.110147,-0.27154,-0.284383,-0.12,-0.120001,-0.005038,-0.008221,0.153034,0.128865,0.163752,0.18421,-0.296966,-0.305494,0.005038,0.008225,-0.12,-0.12,-0.020551,-0.00972,0.139877,-0.079053,0.174449,0.368111,-0.294963,-0.275262,0.020551,0.006175
1787224259.974817,6.56,327,1.450015,1.451586,1.333516,1.340685,0.120782,0.1192,-0.237808,-0.233775,-0.850385,-0.856446,0.939589,0.975007,-0.057511,-0.099605,-0.27154,-0.281875,-0.12,-0.120001,-0.004622,-0.007584,0.154126,0.133699,0.162224,0.180119,-0.295874,-0.303788,0.004622,0.007587,-0.12,-0.12,-0.022334,-0.011886,0.150179,-0.03528,0.165433,0.329387,-0.295273,-0.279203,0.022334,0.009051
1787224259.995347,6.58,328,1.457624,1.451267,1.335935,1.339262,0.113173,0.119512,-0.235178,-0.234601,-0.844204,-0.855234,0.889038,0.967924,-0.045698,-0.091175,-0.266616,-0.279862,-0.12,-0.120001,-0.002262,-0.005394,0.153547,0.137784,0.163035,0.17654,-0.296453,-0.302206,0.002262,0.006995,-0.12,-0.120002,-0.029388,-0.013978,0.152363,0.002076,0.163997,0.296606,-0.296273,-0.282417,0.029388,0.011706
1787224260.018623,6.6,329,1.457624,1.452539,1.335935,1.338597,0.113173,0.118244,-0.235178,-0.234717,-0.844204,-0.853028,0.889038,0.952148,-0.045698,-0.082075,-0.266616,-0.277228,-0.12,-0.119998,-0.001554,-0.004768,0.153373,0.152036,0.163278,0.17384,-0.296627,-0.301056,0.001554,0.006049,-0.12,-0.120002,-0.031504,-0.017058,0.153018,0.031869,0.163567,0.270086,-0.296573,-0.285189,0.031504,0.015243
1787224260.038039,6.62,330,1.457624,1.453556,1.335935,1.338064,0.113173,0.11723,-0.235178,-0.234809,-0.844204,-0.851263,0.889038,0.939526,-0.045698,-0.074797,-0.266616,-0.275111,-0.12,-0.119996,-0.001342,-0.004128,0.153321,0.163549,0.163351,0.171729,-0.296679,-0.30017,0.001342,0.00515,-0.12,-0.120003,-0.032139,-0.019891,0.153214,0.056088,0.163438,0.248782,-0.296663,-0.287466,0.032139,0.018496
1787224260.059639,6.64,331,1.467162,1.45437,1.344788,1.337638,0.103635,0.116419,-0.226198,-0.234883,-0.852112,-0.849851,0.861135,0.929429,-0.027564,-0.068977,-0.255724,-0.273413,-0.12,-0.119995,0.003777,-0.003573,0.164996,0.172709,0.147005,0.170054,-0.285004,-0.299472,-0.003777,0.004388,-0.12,-0.120003,-0.035542,-0.022166,0.164964,0.075508,0.147031,0.231713,-0.284999,-0.289306,0.035542,0.021225
1787224260.078966,6.66,332,1.467162,1.456929,1.344788,1.339068,0.103635,0.113863,-0.226198,-0.233146,-0.852112,-0.850303,0.861135,0.915771,-0.027564,-0.060695,-0.255724,-0.269874,-0.12,-0.119994,0.005312,-0.002106,0.168499,0.182181,0.142102,0.165446,-0.281501,-0.296579,-0.005312,0.002755,-0.12,-0.120003,-0.036563,-0.02341,0.168489,0.093395,0.142109,0.214777,-0.2815,-0.288445,0.036563,0.024089
1787224260.099118,6.68,333,1.467162,1.458976,1.344788,1.340212,0.103635,0.111818,-0.226198,-0.231756,-0.852112,-0.850665,0.861135,0.904844,-0.027564,-0.05407,-0.255724,-0.26704,-0.12,-0.119993,0.005773,-0.000625,0.16955,0.190363,0.14063,0.160778,-0.28045,-0.293563,-0.005773,0.001142,-0.12,-0.120004,-0.036869,-0.024222,0.169547,0.10841,0.140633,0.200244,-0.28045,-0.287057,0.036869,0.026585
1787224260.121517,6.7,334,1.474132,1.460614,1.353254,1.341127,0.096665,0.110182,-0.217657,-0.230644,-0.852198,-0.850955,0.842858,0.896103,-0.011125,-0.048771,-0.244932,-0.264773,-0.12,-0.119992,0.009399,0.000653,-0.189178,0.197061,0.391641,0.15675,-0.193544,-0.290941,-0.009399,-0.000247,-0.12,-0.120004,-0.038884,-0.024811,0.159659,0.120634,0.154477,0.188321,-0.29034,-0.285737,0.038884,0.028642
1787224260.136989,6.72,335,1.474132,1.463318,1.353254,1.34355,0.096665,0.107481,-0.217657,-0.228046,-0.852198,-0.851203,0.842858,0.885458,-0.011125,-0.041245,-0.244932,-0.260799,-0.12,-0.119993,0.010487,0.002401,-0.296797,0.142666,0.466944,0.203725,-0.167472,-0.271468,-0.010487,-0.002073,-0.12,-0.120003,-0.039488,-0.027625,0.156692,0.128437,0.15863,0.181554,-0.293307,-0.286657,0.039488,0.03069
1787224260.157372,6.74,336,1.474217,1.465482,1.347702,1.345489,0.096579,0.10532,-0.223163,-0.225967,-0.867764,-0.851402,0.839749,0.87694,0.007756,-0.035227,-0.220118,-0.257616,-0.12,-0.119995,0.011994,0.004018,-0.324659,0.088271,0.493808,0.256365,-0.168346,-0.250677,-0.011994,-0.003756,-0.12,-0.120003,-0.04267,-0.029997,0.157025,0.134086,0.158165,0.17697,-0.292975,-0.287987,0.04267,0.03245
1787224260.177335,6.76,337,1.474217,1.467231,1.347702,1.345931,0.096579,0.103575,-0.223163,-0.225406,-0.867764,-0.854673,0.839749,0.869504,0.007756,-0.026642,-0.220118,-0.250104,-0.12,-0.119996,0.012447,0.005612,-0.333018,0.033879,0.501867,0.303851,-0.168608,-0.234216,-0.012447,-0.005403,-0.12,-0.120002,-0.043625,-0.032531,0.157125,0.138672,0.158026,0.17321,-0.292875,-0.288984,0.043625,0.034494
1787224260.200151,6.78,338,1.4719,1.468632,1.338063,1.346284,0.098896,0.10218,-0.232774,-0.224957,-0.871572,-0.85729,0.832977,0.863555,0.051129,-0.019772,-0.206758,-0.244098,-0.12,-0.119996,0.021663,0.006979,-0.328632,-0.020533,0.492156,0.343452,-0.163452,-0.221098,-0.021663,-0.006812,-0.12,-0.120002,-0.040511,-0.03475,0.162577,0.142361,0.150393,0.170174,-0.287423,-0.289762,0.040511,0.03632
1787224260.221841,6.8,339,1.4719,1.469287,1.338063,1.344645,0.098896,0.101525,-0.232774,-0.226524,-0.871572,-0.860145,0.832977,0.857442,0.051129,-0.005604,-0.206758,-0.236614,-0.12,-0.119997,0.024427,0.009914,-0.327316,-0.074917,0.489243,0.373192,-0.161905,-0.209572,-0.024427,-0.009782,-0.12,-0.120002,-0.039577,-0.035902,0.164212,0.146402,0.148103,0.16622,-0.285788,-0.289295,0.039577,0.037158
1787224260.244012,6.82,340,1.4719,1.469811,1.338063,1.343334,0.098896,0.101001,-0.232774,-0.227778,-0.871572,-0.862429,0.832977,0.852551,0.051129,0.005731,-0.206758,-0.230623,-0.12,-0.119997,0.025257,0.012816,-0.326922,-0.125387,0.488369,0.396401,-0.161441,-0.20004,-0.025257,-0.012711,-0.12,-0.120002,-0.039297,-0.036637,0.164703,0.149962,0.147416,0.162599,-0.285297,-0.288594,0.039297,0.037642
1787224260.263431,6.84,341,1.4611,1.470231,1.332956,1.342283,0.109696,0.100581,-0.237865,-0.22878,-0.890509,-0.864257,0.855899,0.848637,0.07007,0.014799,-0.203333,-0.225825,-0.12,-0.119998,0.025904,0.015303,-0.321513,-0.165686,0.472801,0.414794,-0.151285,-0.192323,-0.025904,-0.01522,-0.12,-0.120001,-0.035688,-0.037169,0.168411,0.152909,0.142225,0.159564,-0.281589,-0.287935,0.035688,0.037973
1787224260.284352,6.86,342,1.4611,1.468399,1.332956,1.340424,0.109696,0.102396,-0.237865,-0.230602,-0.890509,-0.869505,0.855899,0.850088,0.07007,0.025837,-0.203333,-0.221284,-0.12,-0.119999,0.026098,0.017423,-0.319891,-0.196845,0.46813,0.426394,-0.148238,-0.184117,-0.026098,-0.017357,-0.12,-0.120001,-0.034606,-0.036874,0.169523,0.156007,0.140667,0.156098,-0.280477,-0.286666,0.034606,0.037517
1787224260.306356,6.88,343,1.449958,1.466934,1.32749,1.338936,0.120838,0.10385,-0.243321,-0.23206,-0.919854,-0.873704,0.883845,0.851249,0.08942,0.034668,-0.199223,-0.217651,-0.12,-0.119999,0.029316,0.019157,-0.316111,-0.221448,0.449222,0.43474,-0.133111,-0.176944,-0.029316,-0.019106,-0.12,-0.120001,-0.030488,-0.036421,-0.176614,0.158709,0.39196,0.153013,-0.206432,-0.285429,0.030488,0.036935
1787224260.324453,6.9,344,1.449958,1.46354,1.32749,1.336647,0.120838,0.107245,-0.243321,-0.23431,-0.919854,-0.882931,0.883845,0.857766,0.08942,0.045595,-0.199223,-0.213891,-0.12,-0.119999,0.030281,0.021188,-0.314977,-0.240375,0.44355,0.437636,-0.128573,-0.168181,-0.030281,-0.021148,-0.12,-0.120001,-0.029253,-0.035235,-0.280455,0.104319,0.467348,0.200797,-0.184218,-0.269639,0.029253,0.035647
1787224260.345383,6.92,345,1.43917,1.46082,1.324331,1.334818,0.131626,0.109959,-0.246475,-0.236113,-0.876721,-0.890312,0.84931,0.862979,0.116748,0.054341,-0.222882,-0.210893,-0.12,-0.12,0.033336,0.023006,0.024507,-0.25529,0.231065,0.438819,-0.234572,-0.160262,-0.033336,-0.022974,-0.12,-0.120001,-0.02795,-0.034039,-0.313016,0.04993,0.474538,0.254098,-0.16072,-0.252568,0.02795,0.034369
1787224260.363845,6.94,346,1.43917,1.456505,1.324331,1.332712,0.131626,0.114307,-0.246475,-0.238176,-0.876721,-0.887594,0.84931,0.860246,0.116748,0.066842,-0.222882,-0.213162,-0.12,-0.12,0.034253,0.025072,0.126352,-0.20094,0.167319,0.397312,-0.266372,-0.175118,-0.034253,-0.025047,-0.12,-0.12,-0.027559,-0.032822,-0.322784,-0.004531,0.476695,0.298182,-0.153671,-0.234203,0.027559,0.033086
1787224260.387781,6.96,347,1.429912,1.453046,1.316898,1.331031,0.140885,0.117779,-0.253903,-0.23983,-0.818515,-0.885421,0.831518,0.858059,0.138776,0.076839,-0.245589,-0.215,-0.12,-0.12,0.035064,0.026908,-0.17473,-0.146599,0.335431,0.351368,-0.152511,-0.193362,-0.035064,-0.026888,-0.12,-0.12,-0.024736,-0.03177,-0.3283,-0.058868,0.460474,0.333883,-0.132102,-0.2181,0.024736,0.031981
1787224260.403519,6.98,348,1.429912,1.448406,1.316898,1.328213,0.140885,0.122384,-0.253903,-0.24265,-0.818515,-0.872052,0.831518,0.852755,0.138776,0.089271,-0.245589,-0.22099,-0.12,-0.12,0.035307,0.028538,-0.265054,-0.152219,0.385865,0.348182,-0.118353,-0.185199,-0.035307,-0.028523,-0.12,-0.12,-0.023889,-0.030364,-0.329955,-0.112735,0.455607,0.359199,-0.125631,-0.200907,0.023889,0.030532
1787224260.426116,7.0,349,1.421415,1.444701,1.305979,1.325957,0.149381,0.126073,-0.26482,-0.244903,-0.788413,-0.861363,0.820038,0.848514,0.160367,0.099207,-0.257855,-0.225797,-0.12,-0.12,0.035389,0.029891,-0.286324,-0.174758,0.405633,0.35571,-0.118572,-0.171847,-0.035389,-0.029879,-0.12,-0.12,-0.019962,-0.02907,-0.326583,-0.156139,0.413279,0.378471,-0.086689,-0.185867,0.019962,0.029204
1787224260.44677,7.02,350,1.421415,1.44004,1.305979,1.321972,0.149381,0.130725,-0.26482,-0.248886,-0.788413,-0.8468,0.820038,0.842828,0.160367,0.11148,-0.257855,-0.232067,-0.12,-0.12,0.035413,0.03099,-0.292705,-0.197042,0.411563,0.365682,-0.118638,-0.161208,-0.035413,-0.030981,-0.12,-0.12,-0.018783,-0.027251,-0.325572,-0.190189,0.40058,0.385428,-0.075007,-0.166053,0.018783,0.027357
1787224260.466564,7.04,351,1.413648,1.436322,1.283418,1.318774,0.157148,0.13446,-0.28738,-0.252066,-0.769006,-0.835145,0.821033,0.838277,0.17952,0.121298,-0.265226,-0.237099,-0.12,-0.12,0.030751,0.031875,-0.29405,-0.216146,0.378707,0.374846,-0.084591,-0.152707,-0.030751,-0.031867,-0.12,-0.12,-0.017043,-0.02556,-0.323079,-0.217229,0.394582,0.388456,-0.071502,-0.147867,0.017043,0.025644
1787224260.490563,7.06,352,1.413648,1.431806,1.283418,1.311686,0.157148,0.139011,-0.28738,-0.259095,-0.769006,-0.821945,0.821033,0.834833,0.17952,0.132989,-0.265226,-0.242561,-0.12,-0.12,0.029352,0.031652,-0.294453,-0.231702,0.36885,0.375617,-0.074377,-0.139106,-0.029352,-0.031646,-0.12,-0.12,-0.016521,-0.023858,-0.322332,-0.238366,0.392782,0.38968,-0.070451,-0.132617,0.016521,0.023926
1787224260.512044,7.08,353,1.40739,1.4282,1.256925,1.306004,0.163407,0.142661,-0.313872,-0.264712,-0.760376,-0.81138,0.857588,0.832077,0.187014,0.142343,-0.269745,-0.246946,-0.12,-0.12,0.021851,0.031194,-0.295041,-0.244229,0.39198,0.374266,-0.096933,-0.126184,-0.021851,-0.031189,-0.12,-0.12,-0.013209,-0.022392,-0.318446,-0.255129,0.388581,0.390299,-0.070135,-0.120205,0.013209,0.022446
1787224260.533924,7.1,354,1.40739,1.424082,1.256925,1.296104,0.163407,0.14685,-0.313872,-0.274437,-0.760376,-0.801203,0.857588,0.837169,0.187014,0.151331,-0.269745,-0.251346,-0.12,-0.12,0.019601,0.029331,-0.295218,-0.254371,0.398919,0.377801,-0.1037,-0.120346,-0.019601,-0.029327,-0.12,-0.12,-0.012215,-0.020558,-0.31728,-0.267765,0.387321,0.389957,-0.070041,-0.110211,0.012215,0.020601
1787224260.55417,7.12,355,1.40739,1.420933,1.256925,1.423297,0.163407,0.150334,-0.313872,-0.275269,-0.760376,-0.793066,0.857588,0.964022,0.187014,0.158456,-0.269745,-0.254961,-0.12,-0.12,0.018926,0.027393,-0.295271,-0.262508,0.401001,0.382008,-0.10573,-0.117029,-0.018926,-0.02739,-0.12,-0.12,-0.011917,-0.018894,-0.316931,-0.277628,0.386943,0.38943,-0.070012,-0.102209,0.011917,0.018929
1787224260.575807,7.14,356,1.402639,1.4184,1.239665,1.389715,0.168157,0.15311,-0.331132,-0.280842,-0.80503,-0.786549,0.874117,0.942841,0.188377,0.164153,-0.257134,-0.257861,-0.12,-0.12,0.01397,0.025707,0.020698,-0.269035,0.2183,0.38579,-0.227719,-0.114777,-0.01397,-0.025704,-0.12,-0.12,-0.010296,-0.017503,0.023921,-0.285456,0.214083,0.388933,-0.217004,-0.095797,0.010296,0.017531
1787224260.595029,7.16,357,1.402639,1.615111,1.239665,1.359679,0.168157,0.142336,-0.331132,-0.290721,-0.80503,-0.790167,0.874117,0.929098,0.188377,0.169001,-0.257134,-0.257724,-0.12,-0.119999,0.012483,0.023361,0.115489,-0.214744,0.16349,0.352377,-0.264316,-0.047969,-0.012483,-0.02337,-0.12,-0.12,-0.00981,-0.016061,0.126176,-0.231164,0.162225,0.354046,-0.261101,-0.120007,0.00981,0.016083
1787224260.613666,7.18,358,1.403117,1.72406,1.230155,1.481116,0.167679,0.144639,-0.340641,-0.301251,-0.820939,-0.793112,0.871394,0.918209,0.179125,0.172879,-0.246693,-0.257647,-0.12,-0.12,0.005564,0.021188,0.144307,-0.160498,0.147047,0.314716,-0.275295,-0.091159,-0.005564,-0.021194,-0.12,-0.120001,-0.008551,-0.014811,-0.18177,-0.17691,0.31729,0.315792,-0.12733,-0.148179,0.008551,0.014829
1787224260.63182,7.2,359,1.403117,1.827874,1.230155,1.525839,0.167679,0.145726,-0.340641,-0.310348,-0.820939,-0.798626,0.871394,0.908892,0.179125,0.174163,-0.246693,-0.25547,-0.12,-0.12,0.003488,0.018071,0.152952,-0.106333,0.142114,0.281326,-0.278588,-0.127901,-0.003488,-0.018073,-0.12,-0.12,-0.008173,-0.013559,-0.274153,-0.177864,0.363809,0.316078,-0.087199,-0.144023,0.008173,0.013574
1787224260.653208,7.22,360,1.405755,1.788731,1.224514,1.536512,0.165041,0.14936,-0.346283,-0.316191,-0.820518,-0.803079,0.880349,0.901397,0.145304,0.175156,-0.242915,-0.253721,-0.12,-0.12,-0.001425,0.015156,0.15389,-0.054507,0.140634,0.253501,-0.279577,-0.158001,0.001425,-0.015159,-0.12,-0.12,-0.007258,-0.012483,-0.299606,-0.197104,0.375503,0.325618,-0.07516,-0.132669,0.007258,0.012495
1787224260.672616,7.24,361,1.405755,1.752394,1.224514,1.540038,0.165041,0.151999,-0.346283,-0.322159,-0.820518,-0.806562,0.880349,0.897188,0.145304,0.169199,-0.242915,-0.251535,-0.12,-0.12,-0.002899,0.011842,0.154172,-0.01293,0.14019,0.230934,-0.279873,-0.182305,0.002899,-0.011844,-0.12,-0.12,-0.006984,-0.011439,-0.307242,-0.217593,0.379011,0.335589,-0.071548,-0.121173,0.006984,0.011448
1787224260.693283,7.26,362,1.405755,1.716361,1.224514,1.539724,0.165041,0.154183,-0.346283,-0.326989,-0.820518,-0.809351,0.880349,0.89382,0.145304,0.164432,-0.242915,-0.249786,-0.12,-0.12,-0.003341,0.008895,0.154256,0.020682,0.140057,0.212789,-0.279962,-0.201813,0.003341,-0.008897,-0.12,-0.12,-0.006902,-0.010548,-0.309533,-0.235516,0.380063,0.34427,-0.070464,-0.111251,0.006902,0.010556
1787224260.715342,7.28,363,1.407096,1.680369,1.225359,1.536582,0.1637,0.155962,-0.345438,-0.330886,-0.807473,-0.811583,0.896867,0.891125,0.099621,0.160616,-0.24279,-0.248392,-0.12,-0.12,-0.007728,0.006448,0.15182,0.04735,0.140017,0.198243,-0.279989,-0.217441,0.007728,-0.00645,-0.12,-0.120001,-0.007483,-0.009819,-0.308195,-0.250316,0.378355,0.351428,-0.070139,-0.103095,0.007483,0.009825
1787224260.739645,7.3,364,1.406699,1.645576,1.226887,1.525896,0.164097,0.157235,-0.34391,-0.333881,-0.789518,-0.810762,0.887282,0.892272,0.058577,0.148421,-0.240918,-0.247236,-0.12,-0.120001,-0.010367,0.003614,0.152841,0.06823,0.140005,0.186598,-0.279997,-0.22995,0.010367,-0.003615,-0.12,-0.120001,-0.008047,-0.009351,-0.308053,-0.261892,0.378101,0.356813,-0.070042,-0.096504,0.008047,0.009357
1787224260.761792,7.32,365,1.406699,1.609196,1.226887,1.51135,0.164097,0.158352,-0.34391,-0.335987,-0.789518,-0.806515,0.887282,0.891274,0.058577,0.130457,-0.240918,-0.245927,-0.12,-0.120001,-0.011158,0.00082,0.153147,0.085146,0.140002,0.177278,-0.279999,-0.23996,0.011158,-0.000821,-0.12,-0.120001,-0.008215,-0.00909,-0.308011,-0.271125,0.378025,0.361071,-0.070013,-0.091211,0.008215,0.009095
1787224260.782877,7.34,366,1.408108,1.574033,1.234099,1.49396,0.162689,0.159294,-0.336697,-0.337669,-0.774149,-0.803117,0.859244,0.890475,0.029314,0.116084,-0.238816,-0.244896,-0.12,-0.120001,-0.012333,-0.00158,0.156926,0.098743,0.14,0.169822,-0.28,-0.247968,0.012333,0.001579,-0.12,-0.120001,-0.009012,-0.008915,-0.308568,-0.278502,0.378573,0.364462,-0.070004,-0.086971,0.009012,0.008919
1787224260.802246,7.36,367,1.408108,1.540849,1.234099,1.470357,0.162689,0.159843,-0.336697,-0.337558,-0.774149,-0.797325,0.859244,0.884229,0.029314,0.098732,-0.238816,-0.24366,-0.12,-0.120001,-0.012686,-0.00373,0.15806,0.110378,0.14,0.163857,-0.28,-0.254374,0.012686,0.003729,-0.12,-0.120001,-0.009251,-0.008935,-0.308736,-0.284516,0.378737,0.367284,-0.070001,-0.083577,0.009251,0.008938
1787224260.821563,7.38,368,1.408108,1.514302,1.234099,1.444737,0.162689,0.160378,-0.336697,-0.337407,-0.774149,-0.79269,0.859244,0.879232,0.029314,0.084849,-0.238816,-0.242698,-0.12,-0.120001,-0.012792,-0.005521,0.1584,0.119912,0.14,0.159085,-0.28,-0.259499,0.012792,0.00552,-0.12,-0.120001,-0.009323,-0.008998,-0.308786,-0.28936,0.378786,0.369574,-0.07,-0.080861,0.009323,0.009
1787224260.844934,7.4,369,1.40881,1.493065,1.260707,1.417631,0.161986,0.160858,-0.310089,-0.33723,-0.776876,-0.788982,0.870101,0.875235,0.01203,0.073741,-0.239127,-0.241944,-0.12,-0.120001,-0.010002,-0.006975,0.155311,0.127608,0.14,0.155268,-0.28,-0.263599,0.010002,0.006974,-0.12,-0.120001,-0.010217,-0.009063,-0.306307,-0.293245,0.376307,0.371417,-0.07,-0.078689,0.010217,0.009065
1787224260.863684,7.42,370,1.40881,1.476216,1.260707,1.38627,0.161986,0.161148,-0.310089,-0.33167,-0.776876,-0.78656,0.870101,0.874208,0.01203,0.061397,-0.239127,-0.241426,-0.12,-0.120001,-0.009165,-0.00758,0.154384,0.133147,0.14,0.152215,-0.28,-0.266879,0.009165,0.00758,-0.12,-0.120001,-0.010486,-0.009294,-0.305564,-0.295857,0.375564,0.372394,-0.07,-0.076951,0.010486,0.009295
1787224260.88614,7.44,371,1.40832,1.462848,1.302103,1.361172,0.162476,0.161361,-0.268694,-0.327263,-0.778333,-0.784623,0.91949,0.873386,-0.001978,0.051523,-0.229549,-0.240997,-0.12,-0.120001,-0.008678,-0.007897,0.151496,0.137393,0.14,0.149772,-0.28,-0.269503,0.008678,0.007896,-0.12,-0.120001,-0.010877,-0.009532,-0.302564,-0.297799,0.372564,0.373028,-0.07,-0.075561,0.010877,0.009533
1787224260.901964,7.46,372,1.40832,1.454359,1.302103,1.349387,0.162476,0.161606,-0.268694,-0.315517,-0.778333,-0.783365,0.91949,0.882606,-0.001978,0.040819,-0.229549,-0.238726,-0.12,-0.120001,-0.008532,-0.008053,0.15063,0.140213,0.14,0.147818,-0.28,-0.271602,0.008532,0.008053,-0.12,-0.120001,-0.010994,-0.009801,-0.301664,-0.298752,0.371664,0.372935,-0.07,-0.074449,0.010994,0.009802
1787224260.921223,7.48,373,1.407439,1.449865,1.341519,1.339957,0.163357,0.161794,-0.229277,-0.306125,-0.76604,-0.782358,0.938858,0.889982,-0.009797,0.032256,-0.219506,-0.236908,-0.12,-0.120001,-0.008099,-0.008149,-0.157883,0.142296,0.366626,0.146254,-0.205554,-0.273282,0.008099,0.008149,-0.12,-0.120001,-0.011354,-0.010039,-0.299812,-0.299334,0.369812,0.372681,-0.07,-0.073559,0.011354,0.01004
1787224260.938382,7.5,374,1.407439,1.441945,1.341519,1.340266,0.163357,0.162108,-0.229277,-0.290756,-0.76604,-0.779094,0.938858,0.899757,-0.009797,0.02385,-0.219506,-0.233417,-0.12,-0.120001,-0.007969,-0.008139,-0.250437,0.087904,0.434614,0.190321,-0.18322,-0.259736,0.007969,0.008139,-0.12,-0.120001,-0.011462,-0.010302,-0.299257,-0.29943,0.369257,0.372107,-0.07,-0.072847,0.011462,0.010303
1787224260.957462,7.52,375,1.407439,1.438564,1.341519,1.340525,0.163357,0.162361,-0.229277,-0.278462,-0.76604,-0.776483,0.938858,0.907577,-0.009797,0.017122,-0.219506,-0.230633,-0.12,-0.120001,-0.00793,-0.008105,-0.278203,0.033512,0.45501,0.239171,-0.17652,-0.244434,0.00793,0.008105,-0.12,-0.120001,-0.011494,-0.010534,-0.29909,-0.299396,0.36909,0.371537,-0.07,-0.072278,0.011494,0.010535
1787224260.978036,7.54,376,1.406597,1.438953,1.370973,1.34074,0.1642,0.162561,-0.199823,-0.268626,-0.758628,-0.774394,0.90968,0.913833,-0.014455,0.011737,-0.216893,-0.22841,-0.12,-0.120001,-0.008056,-0.00807,-0.286856,-0.020883,0.466185,0.282332,-0.179243,-0.230851,0.008056,0.00807,-0.12,-0.120001,-0.011526,-0.010726,-0.298977,-0.299335,0.368977,0.371047,-0.07,-0.071822,0.011526,0.010727
1787224260.998656,7.56,377,1.406597,1.444789,1.370973,1.346801,0.1642,0.16288,-0.199823,-0.254876,-0.758628,-0.77124,0.90968,0.913002,-0.014455,0.006502,-0.216893,-0.226099,-0.12,-0.120001,-0.008094,-0.008067,-0.289452,-0.074069,0.469537,0.319095,-0.180059,-0.22053,0.008094,0.008067,-0.12,-0.120001,-0.011536,-0.010886,-0.298943,-0.299263,0.368943,0.370633,-0.07,-0.071458,0.011536,0.010887
1787224261.022555,7.58,378,1.404755,1.456264,1.395904,1.35167,0.166041,0.163106,-0.174893,-0.243884,-0.759063,-0.768717,0.875074,0.912338,-0.023825,0.00231,-0.217363,-0.224259,-0.12,-0.120001,-0.007522,-0.008072,-0.292217,-0.117142,0.469843,0.349179,-0.177619,-0.212436,0.007522,0.008072,-0.12,-0.120001,-0.012773,-0.011016,-0.299922,-0.2992,0.369922,0.370295,-0.07,-0.071166,0.012773,0.011016
1787224261.042199,7.6,379,1.404755,1.475683,1.395904,1.360568,0.166041,0.163611,-0.174893,-0.230125,-0.759063,-0.766786,0.875074,0.904886,-0.023825,-0.002916,-0.217363,-0.222877,-0.12,-0.120001,-0.007351,-0.007962,-0.293046,-0.152155,0.469935,0.37331,-0.176887,-0.205472,0.007351,0.007962,-0.12,-0.120001,-0.013144,-0.011367,-0.300216,-0.299344,0.370216,0.370221,-0.07,-0.070933,0.013144,0.011368
1787224261.066472,7.62,380,1.402674,1.501003,1.415161,1.367706,0.168122,0.163927,-0.155635,-0.219131,-0.769883,-0.765242,0.87951,0.898924,-0.039541,-0.007099,-0.215866,-0.22178,-0.12,-0.120001,-0.008359,-0.00784,0.021802,-0.180332,0.238981,0.392634,-0.249066,-0.199755,0.008359,0.00784,-0.12,-0.120001,-0.014157,-0.011723,-0.300176,-0.299519,0.370176,0.37022,-0.07,-0.070747,0.014157,0.011723
1787224261.087349,7.64,381,1.402674,1.545845,1.415161,1.37736,0.168122,0.164197,-0.155635,-0.206564,-0.769883,-0.766169,0.87951,0.895042,-0.039541,-0.013592,-0.215866,-0.220632,-0.12,-0.120001,-0.008662,-0.007944,0.116257,-0.13992,0.169694,0.361915,-0.27072,-0.209615,0.008662,0.007944,-0.12,-0.120001,-0.014461,-0.012209,-0.300164,-0.29965,0.370164,0.370211,-0.07,-0.070597,0.014461,0.01221
1787224261.112986,7.66,382,1.400032,1.595302,1.428715,1.385802,0.170764,0.164266,-0.142081,-0.196515,-0.785106,-0.76691,0.882965,0.891936,-0.058202,-0.018787,-0.207954,-0.219715,-0.12,-0.120001,-0.010875,-0.008088,0.144979,-0.088718,0.148908,0.323496,-0.277216,-0.221833,0.010875,0.008087,-0.12,-0.120001,-0.015386,-0.01266,-0.299347,-0.299753,0.369347,0.370201,-0.07,-0.070478,0.015386,0.01266
1787224261.13178,7.68,383,1.400032,1.649964,1.428715,1.394573,0.170764,0.164681,-0.142081,-0.185788,-0.785106,-0.770544,0.882965,0.890142,-0.058202,-0.026682,-0.207954,-0.217415,-0.12,-0.120001,-0.011539,-0.008645,0.153595,-0.042031,0.142672,0.288602,-0.279165,-0.232906,0.011539,0.008645,-0.12,-0.120001,-0.015664,-0.013205,-0.299102,-0.299672,0.369102,0.37003,-0.07,-0.070382,0.015664,0.013205
1787224261.154106,7.7,384,1.397946,1.700338,1.434447,1.40262,0.17285,0.163069,-0.13635,-0.177189,-0.813762,-0.773453,0.88564,0.888706,-0.071768,-0.032992,-0.199374,-0.215552,-0.12,-0.120001,-0.013449,-0.009223,0.154981,-0.0035,0.140802,0.259434,-0.279749,-0.242156,0.013449,0.009223,-0.12,-0.120001,-0.015976,-0.013696,-0.297719,-0.299559,0.367719,0.369845,-0.07,-0.070306,0.015976,0.013697
1787224261.173722,7.72,385,1.397946,1.750641,1.434447,1.410095,0.17285,0.1611,-0.13635,-0.169153,-0.813762,-0.781504,0.88564,0.888093,-0.071768,-0.040749,-0.199374,-0.212333,-0.12,-0.120001,-0.014023,-0.010068,0.155397,0.028865,0.140241,0.235721,-0.279925,-0.249673,0.014023,0.010068,-0.12,-0.120001,-0.016069,-0.014152,-0.297304,-0.299191,0.367304,0.36942,-0.07,-0.070245,0.016069,0.014152
1787224261.193388,7.74,386,1.397946,1.796012,1.434447,1.417972,0.17285,0.156541,-0.13635,-0.162723,-0.813762,-0.787947,0.88564,0.887602,-0.071768,-0.046948,-0.199374,-0.209738,-0.12,-0.120001,-0.014194,-0.010859,0.155522,0.054124,0.140072,0.216634,-0.279977,-0.255722,0.014194,0.010859,-0.12,-0.120001,-0.016097,-0.014535,-0.29718,-0.298814,0.36718,0.368997,-0.07,-0.070196,0.016097,0.014536
1787224261.215339,7.76,387,1.398256,1.792476,1.433429,1.421271,0.17254,0.159914,-0.137367,-0.163589,-0.82916,-0.793108,0.886517,0.887209,-0.085168,-0.051915,-0.192844,-0.207674,-0.12,-0.120001,-0.017596,-0.011525,0.153851,0.074376,0.140022,0.201322,-0.279993,-0.260572,0.017596,0.011526,-0.12,-0.120001,-0.017092,-0.014847,-0.296107,-0.298487,0.366107,0.368633,-0.07,-0.070157,0.017092,0.014848
1787224261.230096,7.78,388,1.398256,1.801348,1.433429,1.423704,0.17254,0.162447,-0.137367,-0.158349,-0.82916,-0.800317,0.886517,0.887071,-0.085168,-0.058569,-0.192844,-0.204717,-0.12,-0.120001,-0.018616,-0.012739,0.153349,0.090263,0.140006,0.189061,-0.279998,-0.264456,0.018616,0.01274,-0.12,-0.120001,-0.017391,-0.015296,-0.295786,-0.298012,0.365786,0.368128,-0.07,-0.070125,0.017391,0.015297
1787224261.249447,7.8,389,1.400288,1.815983,1.431257,1.425662,0.170508,0.164439,-0.139539,-0.15416,-0.861231,-0.806085,0.900335,0.886959,-0.090789,-0.063893,-0.187071,-0.202353,-0.12,-0.120001,-0.019741,-0.013915,0.15231,0.102877,0.140002,0.179249,-0.279999,-0.267564,0.019741,0.013915,-0.12,-0.120001,-0.01842,-0.015715,-0.29492,-0.297567,0.36492,0.367659,-0.07,-0.0701,0.01842,0.015716
1787224261.272503,7.82,390,1.400288,1.835217,1.431257,1.426797,0.170508,0.165578,-0.139539,-0.151242,-0.861231,-0.817114,0.900335,0.889634,-0.090789,-0.069277,-0.187071,-0.199308,-0.12,-0.120001,-0.020079,-0.01508,0.151998,0.112762,0.140001,0.171398,-0.28,-0.270051,0.020079,0.01508,-0.12,-0.120001,-0.018729,-0.016256,-0.29466,-0.297038,0.36466,0.367111,-0.07,-0.07008,0.018729,0.016257
1787224261.284586,7.84,391,1.400288,1.850993,1.431257,1.427967,0.170508,0.166504,-0.139539,-0.148907,-0.861231,-0.825937,0.900335,0.891774,-0.090789,-0.073582,-0.187071,-0.196865,-0.12,-0.120001,-0.02018,-0.01608,0.151905,0.120609,0.14,0.165118,-0.28,-0.272041,0.02018,0.01608,-0.12,-0.120001,-0.018822,-0.016751,-0.294582,-0.296562,0.364582,0.366621,-0.07,-0.070064,0.018822,0.016751
1787224261.303983,7.86,392,1.400288,1.8639,1.431257,1.429362,0.170508,0.167259,-0.139539,-0.147039,-0.861231,-0.832995,0.900335,0.893486,-0.090789,-0.077022,-0.187071,-0.194906,-0.12,-0.120001,-0.020211,-0.0169,0.151877,0.126867,0.14,0.160093,-0.28,-0.273633,0.020211,0.0169,-0.12,-0.120001,-0.018849,-0.017165,-0.294559,-0.296167,0.364559,0.366213,-0.07,-0.070051,0.018849,0.017165
1787224261.328541,7.88,393,1.404238,1.874428,1.426763,1.430822,0.166558,0.167873,-0.144033,-0.145544,-0.874159,-0.838642,0.901534,0.894856,-0.091258,-0.079773,-0.183984,-0.193336,-0.12,-0.120001,-0.021086,-0.017562,0.150445,0.131868,0.14,0.156074,-0.28,-0.274906,0.021086,0.017562,-0.12,-0.120001,-0.019229,-0.017501,-0.293594,-0.295845,0.363594,0.365882,-0.07,-0.070041,0.019229,0.017502
1787224261.348502,7.9,394,1.404238,1.876884,1.426763,1.43001,0.166558,0.167613,-0.144033,-0.145243,-0.874159,-0.845745,0.901534,0.896191,-0.091258,-0.082072,-0.183984,-0.191468,-0.12,-0.120001,-0.021349,-0.018267,0.150015,0.135583,0.14,0.152859,-0.28,-0.275925,0.021349,0.018267,-0.12,-0.120001,-0.019343,-0.017847,-0.293304,-0.295395,0.363304,0.365425,-0.07,-0.070033,0.019343,0.017847
1787224261.376207,7.92,395,1.40973,1.883058,1.422055,1.429362,0.161066,0.167397,-0.148742,-0.145001,-0.88349,-0.851427,0.907263,0.897259,-0.089814,-0.083911,-0.184286,-0.189973,-0.12,-0.120001,-0.021506,-0.018883,0.149338,0.138469,0.14,0.150287,-0.28,-0.27674,0.021506,0.018883,-0.12,-0.120001,-0.019523,-0.018146,-0.292412,-0.294977,0.362412,0.365,-0.07,-0.070026,0.019523,0.018146
1787224261.391715,7.94,396,1.40973,1.889552,1.422055,1.427899,0.161066,0.166124,-0.148742,-0.145747,-0.88349,-0.857839,0.907263,0.89926,-0.089814,-0.085093,-0.184286,-0.188837,-0.12,-0.120001,-0.021553,-0.019408,0.149135,0.140643,0.14,0.148229,-0.28,-0.277392,0.021553,0.019408,-0.12,-0.120001,-0.019578,-0.018421,-0.292145,-0.294465,0.362145,0.364483,-0.07,-0.070021,0.019578,0.018422
1787224261.419868,7.96,397,1.416674,1.89487,1.415048,1.42673,0.154122,0.165107,-0.155748,-0.146344,-0.895014,-0.862969,0.91057,0.90086,-0.088286,-0.086038,-0.175613,-0.187928,-0.12,-0.120001,-0.020725,-0.019837,0.143239,0.142341,0.14,0.146583,-0.28,-0.277914,0.020725,0.019837,-0.12,-0.120001,-0.019507,-0.018652,-0.288036,-0.294001,0.388286,0.364015,-0.100251,-0.070017,0.019507,0.018653
1787224261.434327,7.98,398,1.416674,1.899792,1.415048,1.424391,0.154122,0.162905,-0.155748,-0.14822,-0.895014,-0.869377,0.91057,0.902802,-0.088286,-0.086491,-0.175613,-0.185466,-0.12,-0.120001,-0.020476,-0.020014,0.141471,0.14252,0.14,0.145267,-0.28,-0.278331,0.020476,0.020014,-0.12,-0.120001,-0.019486,-0.018823,-0.286803,-0.292808,0.396129,0.368869,-0.109326,-0.076064,0.019486,0.018824
1787224261.454719,8.0,399,1.423206,1.903715,1.407945,1.42252,0.14759,0.161145,-0.162851,-0.149723,-0.904566,-0.874504,0.918856,0.904355,-0.084019,-0.086852,-0.167139,-0.183496,-0.12,-0.120001,-0.020719,-0.020106,0.138751,0.14231,0.14,0.144213,-0.27831,-0.278665,0.020719,0.020107,-0.12,-0.120001,-0.019096,-0.018956,-0.281508,-0.291607,0.410658,0.374321,-0.12915,-0.082716,0.019096,0.018956
1787224261.472543,8.02,400,1.423206,1.906931,1.407945,1.419602,0.14759,0.158431,-0.162851,-0.152344,-0.904566,-0.880516,0.918856,0.907255,-0.084019,-0.08629,-0.167139,-0.180223,-0.12,-0.120001,-0.020791,-0.020229,0.137935,0.141598,0.14,0.14337,-0.277803,-0.278594,0.020791,0.020229,-0.12,-0.120001,-0.018979,-0.018984,-0.279919,-0.289588,0.415016,0.381588,-0.135097,-0.092003,0.018979,0.018984
1787224261.489356,8.04,401,1.423206,1.909457,1.407945,1.417268,0.14759,0.15626,-0.162851,-0.154442,-0.904566,-0.885325,0.918856,0.909575,-0.084019,-0.085839,-0.167139,-0.177606,-0.12,-0.120001,-0.020813,-0.020341,0.13769,0.140865,0.14,0.142696,-0.277651,-0.278436,0.020813,0.020342,-0.12,-0.120001,-0.018944,-0.018983,-0.279442,-0.287654,0.416324,0.388274,-0.136882,-0.100622,0.018944,0.018983
1787224261.513596,8.06,402,1.428386,1.911447,1.401414,1.415402,0.142411,0.154525,-0.169382,-0.156121,-0.920051,-0.889173,0.945842,0.911431,-0.08385,-0.085476,-0.159905,-0.175512,-0.12,-0.120001,-0.021088,-0.020436,0.138521,0.14023,0.14,0.142157,-0.278509,-0.278279,0.021088,0.020436,-0.12,-0.120001,-0.017888,-0.018975,-0.278081,-0.286012,0.420596,0.393884,-0.142514,-0.107874,0.017888,0.018976
1787224261.52855,8.08,403,1.428386,1.91399,1.401414,1.4126,0.142411,0.1521,-0.169382,-0.158769,-0.920051,-0.895348,0.945842,0.918313,-0.08385,-0.085157,-0.159905,-0.17239,-0.12,-0.120001,-0.021171,-0.020566,0.13877,0.139888,0.14,0.141725,-0.278766,-0.278325,0.021171,0.020566,-0.12,-0.120001,-0.017571,-0.018758,-0.277673,-0.284426,0.421877,0.399226,-0.144204,-0.114802,0.017571,0.018758
1787224261.548853,8.1,404,1.432933,1.916045,1.395947,1.41036,0.137863,0.150161,-0.174849,-0.160889,-0.946535,-0.900288,0.980217,0.923818,-0.071176,-0.084899,-0.15471,-0.169892,-0.12,-0.120001,-0.022439,-0.020687,0.139075,0.139664,0.14,0.14138,-0.279074,-0.278413,0.022439,0.020687,-0.12,-0.120001,-0.016085,-0.01852,-0.276868,-0.283076,0.419225,0.403756,-0.142358,-0.120682,0.016085,0.018521
1787224261.568146,8.12,405,1.432933,1.920294,1.395947,1.407471,0.137863,0.147696,-0.174849,-0.163674,-0.946535,-0.909537,0.980217,0.935097,-0.071176,-0.082162,-0.15471,-0.166849,-0.12,-0.120001,-0.02282,-0.021037,0.139167,0.139546,0.14,0.141104,-0.279167,-0.278545,0.02282,0.021038,-0.12,-0.120001,-0.015639,-0.018033,-0.276626,-0.281834,0.41843,0.40685,-0.141804,-0.125017,0.015639,0.018033
1787224261.588216,8.14,406,1.432933,1.924391,1.395947,1.405161,0.137863,0.145725,-0.174849,-0.165904,-0.946535,-0.916936,0.980217,0.94412,-0.071176,-0.079971,-0.15471,-0.164416,-0.12,-0.120001,-0.022934,-0.021394,0.139194,0.13947,0.14,0.140883,-0.279194,-0.27867,0.022934,0.021394,-0.12,-0.120001,-0.015505,-0.017554,-0.276554,-0.280793,0.418191,0.409166,-0.141637,-0.128375,0.015505,0.017555
1787224261.613389,8.16,407,1.43667,1.927972,1.392819,1.403315,0.134126,0.144149,-0.177977,-0.16769,-0.953644,-0.922855,0.973107,0.951339,-0.057283,-0.078216,-0.149933,-0.162471,-0.12,-0.120001,-0.024962,-0.021702,0.135359,0.139415,0.14,0.140706,-0.275359,-0.278775,0.024962,0.021702,-0.12,-0.120001,-0.013247,-0.017144,-0.265036,-0.279945,0.436707,0.410971,-0.171671,-0.131027,0.013247,0.017145
1787224261.634016,8.18,408,1.43667,1.931886,1.392819,1.401212,0.134126,0.142141,-0.177977,-0.169743,-0.953644,-0.929012,0.973107,0.955693,-0.057283,-0.074033,-0.149933,-0.159956,-0.12,-0.120001,-0.02557,-0.022354,0.134208,0.138603,0.14,0.140565,-0.274208,-0.278091,0.02557,0.022354,-0.12,-0.120001,-0.012569,-0.016364,-0.26158,-0.276964,0.442262,0.416118,-0.180682,-0.139156,0.012569,0.016365
1787224261.65669,8.2,409,1.438159,1.935035,1.393446,1.399532,0.132637,0.140536,-0.17735,-0.171387,-0.975615,-0.933938,0.96403,0.959175,-0.033508,-0.070686,-0.151028,-0.157947,-0.12,-0.120001,-0.027042,-0.022997,0.136045,0.137724,0.14,0.140452,-0.276045,-0.277315,0.027042,0.022997,-0.12,-0.120001,-0.011145,-0.015605,-0.260124,-0.273887,0.436144,0.421346,-0.176019,-0.147461,0.011145,0.015606
1787224261.675749,8.22,410,1.438159,1.942358,1.393446,1.398313,0.132637,0.138947,-0.17735,-0.172578,-0.975615,-0.942273,0.96403,0.960146,-0.033508,-0.063252,-0.151028,-0.156557,-0.12,-0.120001,-0.027484,-0.023806,0.136596,0.137388,0.14,0.140361,-0.276596,-0.277061,0.027484,0.023806,-0.12,-0.120001,-0.010718,-0.014713,-0.259687,-0.271135,0.434308,0.424306,-0.174621,-0.153173,0.010718,0.014714
1787224261.695995,8.24,411,1.439773,1.948403,1.395184,1.397338,0.131023,0.137678,-0.175613,-0.173531,-0.992352,-0.948941,0.974445,0.960923,-0.02925,-0.057304,-0.155541,-0.155446,-0.12,-0.120001,-0.028527,-0.024541,0.135935,0.13723,0.14,0.140289,-0.275935,-0.276968,0.028527,0.024542,-0.12,-0.120001,-0.008922,-0.013914,-0.255822,-0.268845,0.421916,0.426306,-0.166094,-0.157462,0.008922,0.013915
1787224261.714998,8.26,412,1.439773,1.957874,1.395184,1.396907,0.131023,0.136333,-0.175613,-0.173947,-0.992352,-0.957622,0.974445,0.963627,-0.02925,-0.051693,-0.155541,-0.155457,-0.12,-0.120001,-0.02884,-0.025338,0.135736,0.13697,0.14,0.140231,-0.275736,-0.276761,0.02884,0.025339,-0.12,-0.120001,-0.008383,-0.012915,-0.254662,-0.266241,0.418198,0.425428,-0.163536,-0.159189,0.008383,0.012916
1787224261.732188,8.28,413,1.439773,1.965655,1.395184,1.396562,0.131023,0.135261,-0.175613,-0.174279,-0.992352,-0.964567,0.974445,0.965791,-0.02925,-0.047204,-0.155541,-0.155467,-0.12,-0.120001,-0.028933,-0.026039,0.135676,0.136723,0.14,0.140185,-0.275676,-0.276556,0.028933,0.026039,-0.12,-0.120001,-0.008222,-0.012009,-0.254314,-0.263925,0.417083,0.423982,-0.162768,-0.160058,0.008222,0.012009
1787224261.750506,8.3,414,1.439773,1.971922,1.395184,1.396286,0.131023,0.134406,-0.175613,-0.174545,-0.992352,-0.970124,0.974445,0.967522,-0.02925,-0.043613,-0.155541,-0.155478,-0.12,-0.120001,-0.028962,-0.026617,0.135659,0.136514,0.14,0.140148,-0.275659,-0.27638,0.028962,0.026618,-0.12,-0.120001,-0.008173,-0.011251,-0.25421,-0.262003,0.416748,0.422602,-0.162538,-0.1606,0.008173,0.011252
1787224261.773439,8.32,415,1.442578,1.976925,1.397346,1.396066,0.128219,0.133725,-0.17345,-0.174758,-1.005577,-0.974569,0.98876,0.968906,-0.027806,-0.040741,-0.162754,-0.155488,-0.12,-0.120001,-0.030334,-0.027086,0.136332,0.136342,0.14,0.140118,-0.276332,-0.276236,0.030334,0.027087,-0.12,-0.120001,-0.007961,-0.010636,-0.253358,-0.260445,0.414359,0.421431,-0.161002,-0.160988,0.007961,0.010636
1787224261.791958,8.34,416,1.442578,1.984718,1.397346,1.396323,0.128219,0.132615,-0.17345,-0.174498,-1.005577,-0.98077,0.98876,0.972876,-0.027806,-0.038151,-0.162754,-0.156937,-0.12,-0.120001,-0.030745,-0.027736,0.136535,0.13634,0.14,0.140094,-0.276535,-0.276255,0.030745,0.027736,-0.12,-0.120001,-0.007897,-0.0101,-0.253102,-0.259028,0.413643,0.420017,-0.160541,-0.160991,0.007897,0.010101
1787224261.816019,8.36,417,1.447491,1.991378,1.400776,1.396528,0.123305,0.131729,-0.170021,-0.17429,-1.015262,-0.985731,0.962416,0.976053,-0.023035,-0.036081,-0.177487,-0.158097,-0.12,-0.120001,-0.030785,-0.028337,0.137389,0.136379,0.14,0.140075,-0.277389,-0.276311,0.030785,0.028338,-0.12,-0.120001,-0.006701,-0.00966,-0.251156,-0.257843,0.431728,0.418742,-0.180572,-0.160901,0.006701,0.00966
1787224261.838936,8.38,418,1.447491,2.001803,1.400776,1.39738,0.123305,0.130028,-0.170021,-0.173438,-1.015262,-0.991637,0.962416,0.973326,-0.023035,-0.033468,-0.177487,-0.161973,-0.12,-0.120001,-0.030797,-0.028827,0.137645,0.136581,0.14,0.14006,-0.277645,-0.276527,0.030797,0.028827,-0.12,-0.120001,-0.006343,-0.009068,-0.250572,-0.256505,0.437153,0.421339,-0.186582,-0.164835,0.006343,0.009068
1787224261.861085,8.4,419,1.451934,2.010427,1.403261,1.398061,0.118862,0.128672,-0.167536,-0.172756,-1.067236,-0.996361,0.949516,0.971144,-0.013633,-0.031379,-0.188297,-0.165074,-0.12,-0.120001,-0.030318,-0.029221,0.135981,0.136793,0.140512,0.140048,-0.276493,-0.27675,0.030318,0.029221,-0.12,-0.120001,-0.005743,-0.008523,-0.239926,-0.255319,0.443767,0.424502,-0.203841,-0.169184,0.005743,0.008523
1787224261.880035,8.42,420,1.451934,2.028957,1.403261,1.399104,0.118862,0.126663,-0.167536,-0.171716,-1.067236,-1.010535,0.949516,0.966818,-0.013633,-0.027828,-0.188297,-0.169717,-0.12,-0.120001,-0.030174,-0.02944,0.135482,0.136631,0.140666,0.140141,-0.276148,-0.276699,0.030174,0.02944,-0.12,-0.120001,-0.005563,-0.007967,-0.236733,-0.252241,0.445751,0.428355,-0.209018,-0.176115,0.005563,0.007967
1787224261.899226,8.44,421,1.451934,2.044153,1.403261,1.399938,0.118862,0.125068,-0.167536,-0.170882,-1.067236,-1.021874,0.949516,0.963358,-0.013633,-0.024986,-0.188297,-0.173431,-0.12,-0.120001,-0.030131,-0.029587,0.135332,0.136401,0.140712,0.140246,-0.276044,-0.276589,0.030131,0.029587,-0.12,-0.120001,-0.005509,-0.007486,-0.235775,-0.249139,0.446347,0.431834,-0.210572,-0.182696,0.005509,0.007486
1787224261.923526,8.46,422,1.455127,2.047236,1.404632,1.400602,0.115669,0.123829,-0.166164,-0.170213,-1.114649,-1.030946,0.935431,0.960589,0.000983,-0.022719,-0.202939,-0.176407,-0.12,-0.12,-0.029441,-0.029696,0.133886,0.136187,0.152076,0.140339,-0.278813,-0.27648,0.029441,0.029696,-0.12,-0.120001,-0.003349,-0.00709,-0.233355,-0.246467,0.451183,0.434736,-0.217829,-0.188271,0.003349,0.007091
1787224261.943222,8.48,423,1.455127,2.053683,1.404632,1.401407,0.115669,0.122193,-0.166164,-0.169403,-1.114649,-1.047685,0.935431,0.955558,0.000983,-0.017996,-0.202939,-0.18173,-0.12,-0.12,-0.029234,-0.029645,0.133452,0.135727,0.155485,0.142686,-0.279644,-0.276947,0.029234,0.029645,-0.12,-0.120001,-0.0027,-0.006342,-0.232628,-0.243845,0.452634,0.438026,-0.220006,-0.194183,0.0027,0.006343
1787224261.96256,8.5,424,1.456572,2.058714,1.407247,1.402051,0.114225,0.120885,-0.163549,-0.168755,-1.148289,-1.061077,0.917551,0.951532,0.016785,-0.014213,-0.238564,-0.185983,-0.12,-0.12,-0.022567,-0.029562,0.12556,0.135272,0.186438,0.145246,-0.279893,-0.277486,0.022567,0.029563,-0.12,-0.120001,0.002014,-0.005613,-0.010036,-0.241602,0.252862,0.440947,-0.242826,-0.199347,-0.002014,0.005614
1787224261.978508,8.52,425,1.456572,2.0666,1.407247,1.403091,0.114225,0.119558,-0.163549,-0.169366,-1.148289,-1.078518,0.917551,0.944736,0.016785,-0.008027,-0.238564,-0.196507,-0.12,-0.12,-0.020568,-0.028163,0.123193,0.13333,0.195724,0.153484,-0.279968,-0.277968,0.020568,0.028164,-0.12,-0.120001,0.003429,-0.004088,0.056742,-0.195296,0.19293,0.403337,-0.249672,-0.208043,-0.003429,0.004088
1787224261.997845,8.54,426,1.457615,2.073316,1.412627,1.403921,0.113181,0.118489,-0.158169,-0.168203,-1.185932,-1.092471,0.914811,0.939299,0.035332,-0.003082,-0.280517,-0.204928,-0.12,-0.12,-0.014045,-0.026644,0.115393,0.131303,0.23805,0.161932,-0.27999,-0.278368,0.014045,0.026645,-0.12,-0.120001,0.005295,-0.002584,0.069532,-0.144898,0.202958,0.361265,-0.270901,-0.216369,-0.005295,0.002585
1787224262.019571,8.56,427,1.457615,2.083601,1.412627,1.405661,0.113181,0.117412,-0.158169,-0.166196,-1.185932,-1.111162,0.914811,0.934401,0.035332,0.004551,-0.280517,-0.220069,-0.12,-0.12,-0.012088,-0.024124,0.113052,0.128121,0.250748,0.177156,-0.279997,-0.278692,0.012088,0.024125,-0.12,-0.120001,0.005856,-0.001008,0.073369,-0.102017,0.205966,0.329608,-0.27727,-0.227275,-0.005856,0.001009
1787224262.039906,8.58,428,1.457615,2.092017,1.412627,1.407054,0.113181,0.116554,-0.158169,-0.164591,-1.185932,-1.126115,0.914811,0.930483,0.035332,0.010673,-0.280517,-0.232175,-0.12,-0.12,-0.011501,-0.021717,0.11235,0.125107,0.254557,0.191874,-0.279999,-0.278953,0.011501,0.021718,-0.12,-0.120001,0.006024,0.000365,0.07452,-0.066942,0.206868,0.304881,-0.279181,-0.237274,-0.006024,-0.000364
1787224262.064798,8.6,429,1.458903,2.098805,1.415966,1.408168,0.111894,0.115871,-0.154831,-0.163307,-1.190578,-1.138077,0.916073,0.927349,0.052497,0.015582,-0.317548,-0.241853,-0.12,-0.12,-0.007064,-0.019674,-0.12315,0.122556,0.447367,0.204411,-0.28,-0.279162,0.007064,0.019674,-0.12,-0.120001,0.004161,0.001497,-0.133143,-0.038651,0.418943,0.28528,-0.279754,-0.245656,-0.004161,-0.001496
1787224262.085206,8.62,430,1.458903,2.08908,1.415966,1.409719,0.111894,0.115052,-0.154831,-0.161605,-1.190578,-1.148576,0.916073,0.925094,0.052497,0.022917,-0.317548,-0.257013,-0.12,-0.12,-0.005733,-0.017152,-0.1938,0.073421,0.50521,0.252996,-0.28,-0.27933,0.005733,0.017153,-0.12,-0.120001,0.003603,0.00203,-0.195442,-0.057548,0.482566,0.312011,-0.279926,-0.252475,-0.003603,-0.002029
1787224262.110213,8.64,431,1.460798,2.077194,1.418338,1.41096,0.109998,0.114393,-0.152458,-0.160243,-1.185128,-1.156975,0.917709,0.92329,0.074827,0.028776,-0.344966,-0.269144,-0.12,-0.12,0.00052,-0.014868,-0.202874,0.019992,0.522563,0.303431,-0.28,-0.279464,-0.00052,0.014869,-0.12,-0.120001,0.001994,0.002344,-0.203516,-0.085125,0.514842,0.34612,-0.279978,-0.257965,-0.001994,-0.002344
1787224262.129101,8.66,432,1.460798,2.067458,1.418338,1.412428,0.109998,0.113501,-0.152458,-0.15868,-1.185128,-1.162605,0.917709,0.922174,0.074827,0.037907,-0.344966,-0.284349,-0.12,-0.12,0.002396,-0.01179,-0.205596,-0.024593,0.527769,0.347253,-0.28,-0.279571,-0.002396,0.011791,-0.12,-0.120001,0.001512,0.002275,-0.205938,-0.108803,0.524524,0.379862,-0.279993,-0.262367,-0.001512,-0.002274
1787224262.155132,8.68,433,1.465925,2.059452,1.420232,1.413605,0.104872,0.112792,-0.150564,-0.157432,-1.195947,-1.167109,0.900442,0.921281,0.097539,0.045238,-0.36588,-0.296498,-0.12,-0.12,0.011962,-0.008953,-0.203252,-0.060786,0.529331,0.383354,-0.28,-0.279657,-0.011962,0.008954,-0.12,-0.120001,0.001187,0.002122,-0.213001,-0.128229,0.528357,0.408794,-0.279998,-0.265892,-0.001187,-0.002121
1787224262.167674,8.7,434,1.465925,2.05392,1.420232,1.414925,0.104872,0.111204,-0.150564,-0.156054,-1.195947,-1.172875,0.900442,0.917113,0.097539,0.05563,-0.36588,-0.310415,-0.12,-0.12,0.014831,-0.004771,-0.202549,-0.089277,0.529799,0.412548,-0.28,-0.279726,-0.014831,0.004771,-0.12,-0.120001,0.00109,0.001935,-0.21512,-0.145184,0.529507,0.432706,-0.279999,-0.268713,-0.00109,-0.001935
1787224262.193174,8.72,435,1.473286,2.049356,1.423385,1.415983,0.09751,0.109935,-0.147412,-0.154954,-1.20554,-1.177489,0.893727,0.913779,0.122391,0.063966,-0.362254,-0.321534,-0.12,-0.12,0.021696,-0.000852,-0.207573,-0.11193,0.547518,0.435998,-0.288789,-0.27978,-0.021696,0.000853,-0.12,-0.120001,0.000977,0.001766,-0.221313,-0.159171,0.547431,0.452066,-0.288789,-0.270971,-0.000977,-0.001766
1787224262.208643,8.74,436,1.473286,2.046451,1.423385,1.417459,0.09751,0.107449,-0.147412,-0.153442,-1.20554,-1.183098,0.893727,0.909768,0.122391,0.075617,-0.362254,-0.329715,-0.12,-0.12,0.023756,0.00366,-0.20908,-0.131058,0.552834,0.458302,-0.291426,-0.281582,-0.023756,-0.00366,-0.12,-0.120001,0.000944,0.001609,-0.223171,-0.171599,0.552808,0.471139,-0.291426,-0.274534,-0.000944,-0.001608
1787224262.228218,8.76,437,1.480435,2.044127,1.426788,1.418642,0.090361,0.105461,-0.144008,-0.152234,-1.221549,-1.187586,0.876845,0.90656,0.166415,0.084949,-0.338525,-0.336247,-0.12,-0.12,0.029597,0.007679,-0.199955,-0.146662,0.53685,0.477208,-0.283428,-0.283551,-0.029597,-0.007679,-0.12,-0.120001,0.000117,0.001476,-0.210812,-0.181914,0.519389,0.487472,-0.283428,-0.277913,-0.000117,-0.001475
1787224262.250196,8.78,438,1.480435,2.043423,1.426788,1.420267,0.090361,0.102442,-0.144008,-0.150586,-1.221549,-1.194378,0.876845,0.900617,0.166415,0.10124,-0.338525,-0.336761,-0.12,-0.12,0.031349,0.012062,-0.197217,-0.15732,0.532055,0.489137,-0.281028,-0.283526,-0.031349,-0.012062,-0.12,-0.120001,-0.000131,0.001204,-0.207104,-0.187694,0.509363,0.493856,-0.281028,-0.279016,0.000131,-0.001203
1787224262.268044,8.8,439,1.480435,2.042642,1.426788,1.421568,0.090361,0.100026,-0.144008,-0.149269,-1.221549,-1.199811,0.876845,0.895862,0.166415,0.114273,-0.338525,-0.337152,-0.12,-0.12,0.031874,0.01592,-0.196396,-0.1653,0.530617,0.49772,-0.280309,-0.283027,-0.031874,-0.01592,-0.12,-0.120001,-0.000206,0.000937,-0.205992,-0.191576,0.506355,0.496957,-0.280309,-0.279418,0.000206,-0.000937
1787224262.291697,8.82,440,1.487649,2.04204,1.428003,1.422611,0.083148,0.098094,-0.142793,-0.148216,-1.176564,-1.204158,0.851761,0.892059,0.212151,0.1247,-0.316168,-0.337451,-0.12,-0.12,0.03067,0.019111,-0.176144,-0.171519,0.32541,0.5043,-0.133093,-0.282483,-0.03067,-0.01911,-0.12,-0.120001,-0.00426,0.000709,-0.216859,-0.194459,0.422233,0.498837,-0.199357,-0.279596,0.00426,-0.000708
1787224262.310116,8.84,441,1.487649,2.028812,1.428003,1.423684,0.083148,0.095065,-0.142793,-0.147127,-1.176564,-1.198639,0.851761,0.884,0.212151,0.142199,-0.316168,-0.33323,-0.12,-0.12,0.030309,0.021423,-0.170069,-0.172444,0.263849,0.468525,-0.088928,-0.252608,-0.030309,-0.021422,-0.12,-0.120001,-0.005477,-0.000285,-0.22012,-0.19894,0.396997,0.483517,-0.175072,-0.263549,0.005477,0.000286
1787224262.335285,8.86,442,1.496108,2.016035,1.425748,1.424543,0.074688,0.092654,-0.145048,-0.146257,-1.105511,-1.194223,0.773658,0.877552,0.255034,0.156202,-0.295286,-0.329868,-0.12,-0.12,0.027071,0.023201,-0.159153,-0.171969,0.236287,0.427594,-0.075678,-0.219876,-0.027071,-0.023199,-0.12,-0.120001,-0.008718,-0.001323,-0.220126,-0.203176,0.432791,0.466214,-0.212124,-0.245855,0.008718,0.001324
1787224262.353566,8.88,443,1.496108,1.997593,1.425748,1.424782,0.074688,0.089,-0.145048,-0.146014,-1.105511,-1.176482,0.773658,0.856776,0.255034,0.175999,-0.295286,-0.323045,-0.12,-0.12,0.026099,0.023975,-0.155878,-0.169406,0.228018,0.389337,-0.071703,-0.19104,-0.026099,-0.023974,-0.12,-0.120001,-0.00969,-0.002802,-0.220128,-0.206566,0.44353,0.45953,-0.223239,-0.239109,0.00969,0.002802
1787224262.378647,8.9,444,1.5079,1.98342,1.422115,1.424975,0.062896,0.086094,-0.148681,-0.145821,-1.051666,-1.162288,0.716107,0.840153,0.265287,0.191826,-0.288506,-0.317553,-0.12,-0.12,0.022314,0.0244,-0.174453,-0.166701,0.245095,0.357075,-0.070511,-0.167174,-0.022314,-0.024399,-0.12,-0.120001,-0.014157,-0.004179,-0.003757,-0.209279,0.247,0.45633,-0.243194,-0.235935,0.014157,0.00418
1787224262.396092,8.92,445,1.5079,1.963615,1.422115,1.424407,0.062896,0.081354,-0.148681,-0.146397,-1.051666,-1.140165,0.716107,0.815347,0.265287,0.206527,-0.288506,-0.31177,-0.12,-0.12,0.021179,0.023983,-0.180026,-0.168251,0.250218,0.33468,-0.070153,-0.147842,-0.021179,-0.023982,-0.12,-0.120001,-0.015497,-0.006175,0.061154,-0.168186,0.188041,0.414474,-0.24918,-0.237386,0.015497,0.006175
1787224262.413823,8.94,446,1.5079,1.949154,1.422115,1.423951,0.062896,0.077613,-0.148681,-0.146857,-1.051666,-1.122465,0.716107,0.7955,0.265287,0.218292,-0.288506,-0.307152,-0.12,-0.12,0.020838,0.023423,-0.181698,-0.170606,0.251755,0.317788,-0.070046,-0.132304,-0.020838,-0.023421,-0.12,-0.120001,-0.0159,-0.008039,0.080627,-0.12233,0.170353,0.369199,-0.250976,-0.239745,0.0159,0.00804
1787224262.435011,8.96,447,1.520812,1.937309,1.416808,1.423586,0.049984,0.074635,-0.153988,-0.147223,-0.995729,-1.108305,0.684345,0.779622,0.277518,0.227699,-0.279921,-0.303445,-0.12,-0.12,0.020666,0.022906,-0.194991,-0.172825,0.320991,0.304581,-0.125997,-0.119853,-0.020666,-0.022905,-0.12,-0.120001,-0.018667,-0.009611,0.092377,-0.081748,0.168514,0.329437,-0.260889,-0.241991,0.018667,0.009612
1787224262.451036,8.98,448,1.520812,1.919943,1.416808,1.422238,0.049984,0.069639,-0.153988,-0.148582,-0.995729,-1.08579,0.684345,0.760567,0.277518,0.237669,-0.279921,-0.298757,-0.12,-0.120001,0.020614,0.022458,-0.198979,-0.177258,0.341762,0.307862,-0.142782,-0.121081,-0.020614,-0.022457,-0.12,-0.120001,-0.019497,-0.011422,0.095902,-0.046931,0.167962,0.297258,-0.263863,-0.24577,0.019497,0.011423
1787224262.468595,9.0,449,1.533255,1.904319,1.409331,1.421158,0.037541,0.065651,-0.161465,-0.149668,-0.998388,-1.067778,0.663597,0.745323,0.272222,0.245644,-0.280795,-0.295003,-0.12,-0.120001,0.017272,0.022089,-0.211828,-0.181603,0.362409,0.314641,-0.150581,-0.12542,-0.017272,-0.022088,-0.12,-0.120001,-0.024185,-0.013037,0.103707,-0.018376,0.164506,0.271402,-0.268212,-0.249389,0.024185,0.013038
1787224262.484972,9.02,450,1.533255,1.890134,1.409331,1.418805,0.037541,0.059979,-0.161465,-0.152039,-0.998388,-1.0539,0.663597,0.728979,0.272222,0.250965,-0.280795,-0.292172,-0.12,-0.120001,0.016269,0.021126,-0.215682,-0.187648,0.368604,0.324194,-0.152921,-0.130452,-0.016269,-0.021125,-0.12,-0.120001,-0.025592,-0.015266,0.106048,0.006089,0.163469,0.250024,-0.269517,-0.253153,0.025592,0.015267
1787224262.503921,9.04,451,1.533255,1.87815,1.409331,1.416918,0.037541,0.055454,-0.161465,-0.153932,-0.998388,-1.042797,0.663597,0.715902,0.272222,0.25522,-0.280795,-0.289904,-0.12,-0.120001,0.015968,0.020154,-0.216839,-0.193255,0.370462,0.333076,-0.153623,-0.134945,-0.015968,-0.020154,-0.12,-0.120001,-0.026014,-0.017331,0.10675,0.026049,0.163158,0.232714,-0.269908,-0.256426,0.026014,0.017332
1787224262.528181,9.06,452,1.537141,1.868178,1.412178,1.415407,0.033655,0.051845,-0.158618,-0.155445,-1.00173,-1.033915,0.658728,0.705441,0.27203,0.258623,-0.292445,-0.288087,-0.12,-0.120001,0.009229,0.019317,-0.2141,-0.197972,0.385074,0.340552,-0.170974,-0.138681,-0.009229,-0.019317,-0.12,-0.120001,-0.032482,-0.019068,0.122168,0.042185,0.213809,0.218803,-0.276972,-0.259122,0.032482,0.019068
1787224262.546029,9.08,453,1.537141,1.8629,1.412178,1.414763,0.033655,0.048198,-0.158618,-0.156082,-1.00173,-1.027477,0.658728,0.696098,0.27203,0.261303,-0.292445,-0.288962,-0.12,-0.120001,0.007208,0.0173,-0.213279,-0.201198,0.389458,0.349457,-0.176179,-0.145139,-0.007208,-0.017299,-0.12,-0.120001,-0.034423,-0.021751,0.126793,0.058179,0.229004,0.217803,-0.279092,-0.262692,0.034423,0.021751
1787224262.570197,9.1,454,1.536056,1.859723,1.421778,1.414247,0.03474,0.045286,-0.149018,-0.156591,-0.986396,-1.022327,0.644249,0.688624,0.280819,0.263448,-0.306848,-0.289661,-0.12,-0.120001,0.006422,0.015281,-0.209862,-0.203614,0.374925,0.357457,-0.165064,-0.151347,-0.006422,-0.015281,-0.12,-0.120001,-0.028423,-0.024285,0.123911,0.071901,0.282938,0.220043,-0.279728,-0.265972,0.028423,0.024285
1787224262.58997,9.12,455,1.536056,1.857995,1.421778,1.415752,0.03474,0.043176,-0.149018,-0.155075,-0.986396,-1.01514,0.644249,0.679748,0.280819,0.266918,-0.306848,-0.293102,-0.12,-0.120001,0.006187,0.01351,-0.208837,-0.204864,0.370566,0.36095,-0.161729,-0.15409,-0.006187,-0.013509,-0.12,-0.120001,-0.026624,-0.025113,0.123046,0.082302,0.299119,0.232621,-0.279918,-0.268723,0.026624,0.025113
1787224262.613147,9.14,456,1.536659,1.85812,1.441872,1.416957,0.034138,0.04149,-0.128925,-0.153863,-0.948262,-1.009391,0.611155,0.672648,0.263546,0.269696,-0.317596,-0.295854,-0.12,-0.120001,0.002621,0.012045,-0.240317,-0.205659,0.477032,0.362873,-0.236715,-0.155618,-0.002621,-0.012045,-0.12,-0.120001,-0.019666,-0.025415,-0.157343,0.09045,0.520107,0.24592,-0.309661,-0.270962,0.019666,0.025415
1787224262.633507,9.16,457,1.536659,1.85047,1.441872,1.421919,0.034138,0.039993,-0.128925,-0.148856,-0.948262,-0.997165,0.611155,0.66035,0.263546,0.268462,-0.317596,-0.300201,-0.12,-0.120001,0.001551,0.01016,-0.249761,-0.212591,0.508972,0.385704,-0.259211,-0.171837,-0.001551,-0.01016,-0.12,-0.12,-0.017579,-0.024265,-0.241459,0.040902,0.586403,0.300309,-0.318584,-0.278701,0.017579,0.024265
1787224262.659373,9.18,458,1.530769,1.846841,1.456204,1.425899,0.040028,0.038815,-0.114592,-0.14486,-0.963763,-0.987384,0.638387,0.650511,0.252038,0.267472,-0.315482,-0.303678,-0.12,-0.120001,0.000364,0.008439,-0.295337,-0.220025,0.61728,0.410357,-0.321943,-0.189311,-0.000364,-0.008438,-0.12,-0.12,-0.008005,-0.022928,-0.276805,-0.013484,0.694379,0.354694,-0.365304,-0.286678,0.008005,0.022928
1787224262.678269,9.2,459,1.530769,1.846106,1.456204,1.431948,0.040028,0.039057,-0.114592,-0.138795,-0.963763,-0.982659,0.638387,0.648085,0.252038,0.26438,-0.315482,-0.306033,-0.12,-0.120001,7e-06,0.006824,-0.30901,-0.235087,0.649773,0.45174,-0.340763,-0.215836,-7e-06,-0.006823,-0.12,-0.120001,-0.005132,-0.019943,-0.287408,-0.066134,0.726772,0.40908,-0.379321,-0.302403,0.005132,0.019944
1787224262.699901,9.22,460,1.517221,1.846707,1.464893,1.436794,0.053576,0.039252,-0.105903,-0.13395,-0.962449,-0.97888,0.617123,0.646145,0.262438,0.261909,-0.309944,-0.307919,-0.12,-0.120001,-0.00083,0.00546,-0.283598,-0.249872,0.583195,0.491345,-0.299597,-0.24082,0.00083,-0.00546,-0.12,-0.120001,0.001288,-0.016981,-0.251341,-0.11038,0.651773,0.463471,-0.350161,-0.317786,-0.001288,0.016981
1787224262.71363,9.24,461,1.517221,1.849976,1.464893,1.442408,0.053576,0.042119,-0.105903,-0.128335,-0.962449,-0.975593,0.617123,0.64034,0.262438,0.262014,-0.309944,-0.308324,-0.12,-0.120001,-0.001081,0.004202,-0.275974,-0.256617,0.563222,0.509715,-0.287248,-0.252576,0.001081,-0.004202,-0.12,-0.120001,0.003214,-0.013327,-0.240521,-0.138569,0.629274,0.501128,-0.341413,-0.324261,-0.003214,0.013328
1787224262.73159,9.26,462,1.517221,1.852711,1.464893,1.446901,0.053576,0.044412,-0.105903,-0.123846,-0.962449,-0.972964,0.617123,0.635696,0.262438,0.262098,-0.309944,-0.308648,-0.12,-0.120001,-0.001157,0.003146,-0.273687,-0.260489,0.55723,0.520416,-0.283543,-0.25951,0.001157,-0.003145,-0.12,-0.120001,0.003791,-0.010019,-0.237275,-0.158959,0.622524,0.526756,-0.338789,-0.327692,-0.003791,0.010019
1787224262.75063,9.28,463,1.506622,1.854883,1.469355,1.450498,0.064174,0.046246,-0.101441,-0.120256,-0.948797,-0.970861,0.634933,0.631981,0.282177,0.262166,-0.29903,-0.308907,-0.12,-0.120001,-0.00333,0.002285,-0.312414,-0.263129,0.646507,0.527779,-0.334093,-0.264317,0.00333,-0.002285,-0.12,-0.120001,0.006809,-0.007257,-0.273497,-0.174622,0.398491,0.545909,-0.126875,-0.329911,-0.006809,0.007257
1787224262.769864,9.3,464,1.506622,1.850472,1.469355,1.454262,0.064174,0.049825,-0.101441,-0.116486,-0.948797,-0.966448,0.634933,0.632571,0.282177,0.26617,-0.29903,-0.306935,-0.12,-0.120001,-0.003982,0.001162,-0.324032,-0.272986,0.67329,0.551524,-0.349258,-0.278272,0.003982,-0.001162,-0.12,-0.120001,0.007715,-0.004444,-0.284363,-0.194396,0.331281,0.516434,-0.063301,-0.289313,-0.007715,0.004444
1787224262.79239,9.32,465,1.497873,1.846168,1.477261,1.457275,0.072923,0.052688,-0.093535,-0.113472,-1.076026,-0.962918,0.663431,0.633043,0.305447,0.269372,-0.283684,-0.305357,-0.12,-0.120001,-0.003989,0.000134,-0.323939,-0.283195,0.686264,0.575877,-0.362325,-0.292469,0.003989,-0.000134,-0.12,-0.120001,0.012655,-0.002012,-0.281832,-0.212389,0.314148,0.479418,-0.046393,-0.244125,-0.012655,0.002013
1787224262.81255,9.34,466,1.497873,1.860753,1.477261,1.461276,0.072923,0.056717,-0.093535,-0.109489,-1.076026,-0.985538,0.663431,0.63912,0.305447,0.276594,-0.283684,-0.301034,-0.12,-0.120001,-0.00399,-0.000691,-0.323912,-0.291344,0.690157,0.597954,-0.366245,-0.30644,0.00399,0.000691,-0.12,-0.120001,0.014137,0.000922,-0.281073,-0.226278,0.309008,0.446374,-0.04132,-0.204589,-0.014137,-0.000923
1787224262.837139,9.36,467,1.485613,1.873965,1.481262,1.464479,0.085183,0.059931,-0.089534,-0.106304,-1.185636,-1.003635,0.69884,0.643982,0.326041,0.282372,-0.278315,-0.297576,-0.12,-0.120001,-0.006148,-0.001351,-0.257646,-0.297858,0.476757,0.616394,-0.21911,-0.318401,0.006148,0.001351,-0.12,-0.120001,0.016707,0.003565,-0.046158,-0.237237,0.190702,0.418907,-0.14856,-0.171942,-0.016707,-0.003564
1787224262.857288,9.38,468,1.485613,1.90107,1.481262,1.473712,0.085183,0.064894,-0.089534,-0.104488,-1.185636,-1.040033,0.69884,0.654952,0.326041,0.29112,-0.278315,-0.293758,-0.12,-0.120001,-0.006795,-0.00231,-0.237767,-0.289816,0.412737,0.588469,-0.17497,-0.298545,0.006795,0.00231,-0.12,-0.120001,0.017479,0.006193,0.024316,-0.199024,0.155211,0.373268,-0.180732,-0.167266,-0.017479,-0.006193
1787224262.888087,9.4,469,1.437187,1.924443,1.476231,1.479069,0.133609,0.068851,-0.094565,-0.101672,-1.225369,-1.069152,0.732034,0.663729,0.349839,0.298114,-0.303773,-0.290692,-0.12,-0.120001,-0.013523,-0.003207,-0.233036,-0.279406,0.334527,0.553327,-0.101491,-0.273834,0.013523,0.003207,-0.12,-0.120001,0.01807,0.00845,0.045607,-0.15436,0.144563,0.32966,-0.190532,-0.169959,-0.01807,-0.00845
1787224262.90896,9.42,470,1.437187,1.943298,1.476231,1.486465,0.133609,0.081746,-0.094565,-0.100263,-1.225369,-1.100394,0.732034,0.67739,0.349839,0.30845,-0.303773,-0.293344,-0.12,-0.120001,-0.015541,-0.00527,-0.231617,-0.270133,0.311064,0.509573,-0.079447,-0.239371,0.015541,0.00527,-0.12,-0.120001,0.018248,0.010374,0.051995,-0.11437,0.141369,0.292644,-0.193472,-0.174074,-0.018248,-0.010374
1787224262.928537,9.44,471,1.437187,1.949992,1.476231,1.489515,0.133609,0.092135,-0.094565,-0.099117,-1.225369,-1.125387,0.732034,0.688318,0.349839,0.316733,-0.303773,-0.295407,-0.12,-0.120001,-0.016147,-0.007323,-0.231191,-0.262431,0.304025,0.469872,-0.072834,-0.20739,0.016147,0.007325,-0.12,-0.120001,0.018301,0.011949,0.053911,-0.081104,0.140411,0.262395,-0.194354,-0.177953,-0.018301,-0.011949
1787224262.947351,9.46,472,1.394508,1.949698,1.468968,1.489081,0.176288,0.100429,-0.101828,-0.098207,-1.222891,-1.145382,0.751604,0.69706,0.367815,0.323351,-0.303508,-0.29709,-0.12,-0.120001,-0.016395,-0.009088,-0.242136,-0.256183,0.189207,0.436704,0.03415,-0.180479,0.016395,0.009089,-0.12,-0.120001,0.018029,0.01322,-0.122752,-0.054105,0.140123,0.238002,-0.017381,-0.181233,-0.018029,-0.013219
1787224262.967764,9.48,473,1.394508,1.934616,1.468968,1.485063,0.176288,0.115566,-0.101828,-0.09895,-1.222891,-1.160883,0.751604,0.707968,0.367815,0.332241,-0.303508,-0.298384,-0.12,-0.120001,-0.01647,-0.010549,-0.24542,-0.253375,0.154762,0.387209,0.066245,-0.137558,0.01647,0.01055,-0.12,-0.120001,0.017947,0.014181,-0.175751,-0.067833,0.140037,0.218427,0.035712,-0.148465,-0.017947,-0.014181
1787224262.985256,9.5,474,1.394508,1.921368,1.468968,1.481847,0.176288,0.127673,-0.101828,-0.09954,-1.222891,-1.173283,0.751604,0.716695,0.367815,0.339353,-0.303508,-0.299423,-0.12,-0.120001,-0.016492,-0.011733,-0.246405,-0.251784,0.144429,0.340726,0.075873,-0.096804,0.016492,0.011734,-0.12,-0.120001,0.017923,0.014935,-0.191651,-0.089416,0.140011,0.202752,0.051639,-0.111634,-0.017923,-0.014934
1787224263.005247,9.52,475,1.3534,1.907243,1.462691,1.479275,0.217397,0.137341,-0.108105,-0.100011,-1.184958,-1.183204,0.768949,0.723676,0.382769,0.345044,-0.29217,-0.30025,-0.12,-0.120001,-0.017458,-0.012685,-0.251183,-0.250708,0.141329,0.30147,0.078762,-0.062273,0.017458,0.012686,-0.12,-0.120001,0.015494,0.015532,-0.205121,-0.109863,0.140003,0.190205,0.065117,-0.078982,-0.015494,-0.015532
1787224263.021559,9.54,476,1.3534,1.8846,1.462691,1.480308,0.217397,0.153215,-0.108105,-0.101622,-1.184958,-1.183554,0.768949,0.73273,0.382769,0.352591,-0.29217,-0.298645,-0.12,-0.120001,-0.017748,-0.013639,-0.252617,-0.250804,0.140399,0.269444,0.079629,-0.034073,0.017748,0.01364,-0.12,-0.120001,0.014766,0.015525,-0.209162,-0.128914,0.140001,0.180166,0.069161,-0.050167,-0.014766,-0.015524
1787224263.040686,9.56,477,1.3534,1.862968,1.462691,1.480957,0.217397,0.165917,-0.108105,-0.102913,-1.184958,-1.183835,0.768949,0.739974,0.382769,0.358628,-0.29217,-0.29736,-0.12,-0.120001,-0.017835,-0.014461,-0.253047,-0.251166,0.14012,0.243636,0.079889,-0.01135,0.017835,0.014462,-0.12,-0.120001,0.014547,0.015373,-0.210374,-0.144963,0.14,0.172134,0.070374,-0.026307,-0.014547,-0.015373
1787224263.061012,9.58,478,1.303983,1.842226,1.452998,1.481373,0.266814,0.176083,-0.117799,-0.103948,-1.193413,-1.184059,0.752591,0.745768,0.419431,0.363458,-0.28111,-0.296331,-0.12,-0.120001,-0.017733,-0.015136,-0.252062,-0.251543,0.140036,0.222933,0.079967,0.006959,0.017733,0.015136,-0.12,-0.120001,0.009318,0.015208,-0.175439,-0.158046,0.14,0.165707,0.035439,-0.006996,-0.009318,-0.015208
1787224263.079129,9.6,479,1.303983,1.824567,1.452998,1.479574,0.266814,0.194133,-0.117799,-0.106728,-1.193413,-1.18593,0.752591,0.747133,0.419431,0.374658,-0.28111,-0.29331,-0.12,-0.120001,-0.017703,-0.015655,-0.251767,-0.251647,0.140011,0.206353,0.07999,0.021534,0.017703,0.015656,-0.12,-0.120001,0.007749,0.01403,-0.164958,-0.161525,0.14,0.160565,0.024958,0.001639,-0.007749,-0.01403
1787224263.101186,9.62,480,1.263736,1.807229,1.448269,1.478274,0.307061,0.208573,-0.122528,-0.108949,-1.215309,-1.187426,0.688249,0.748225,0.460161,0.383618,-0.275645,-0.290889,-0.12,-0.120001,-0.016234,-0.016065,-0.259452,-0.251671,0.140003,0.193084,0.079997,0.03322,0.016234,0.016065,-0.12,-0.120001,0.006531,0.012774,-0.031655,-0.162212,0.14,0.156452,-0.108345,0.00621,-0.006531,-0.012774
1787224263.121501,9.64,481,1.263736,1.799508,1.448269,1.472315,0.307061,0.228243,-0.122528,-0.111688,-1.215309,-1.193002,0.688249,0.73623,0.460161,0.398935,-0.275645,-0.287887,-0.12,-0.120001,-0.015793,-0.016099,-0.261757,-0.253227,0.140001,0.182468,0.079999,0.042574,0.015793,0.016099,-0.12,-0.120001,0.006165,0.011526,0.008336,-0.136104,0.14,0.153162,-0.148336,-0.016722,-0.006165,-0.011525
1787224263.142938,9.66,482,1.236954,1.790944,1.447496,1.469124,0.333842,0.243971,-0.123301,-0.11387,-1.212382,-1.197463,0.667784,0.726634,0.478363,0.411187,-0.278212,-0.285478,-0.12,-0.120001,-0.006244,-0.016037,-0.271696,-0.254934,0.14,0.173974,0.08,0.050058,0.006244,0.016038,-0.12,-0.120001,0.007771,0.010454,0.033142,-0.107219,0.14,0.15053,-0.173142,-0.04304,-0.007771,-0.010453
1787224263.161961,9.68,483,1.236954,1.780506,1.447496,1.464809,0.333842,0.261901,-0.123301,-0.115776,-1.212382,-1.200447,0.667784,0.714864,0.478363,0.424626,-0.278212,-0.284068,-0.12,-0.120001,-0.00338,-0.014079,-0.274678,-0.258286,0.14,0.167178,0.08,0.056046,0.00338,0.014079,-0.12,-0.120001,0.008252,0.009917,0.040583,-0.07915,0.14,0.148424,-0.180583,-0.069058,-0.008252,-0.009917
1787224263.181707,9.7,484,1.236954,1.768267,1.447496,1.461514,0.333842,0.276231,-0.123301,-0.117298,-1.212382,-1.202834,0.667784,0.705449,0.478363,0.435376,-0.278212,-0.282931,-0.12,-0.120001,-0.002521,-0.011939,-0.275572,-0.261565,0.14,0.161742,0.08,0.060836,0.002521,0.011939,-0.12,-0.120001,0.008397,0.009584,0.042816,-0.055207,0.14,0.146739,-0.182816,-0.091361,-0.008397,-0.009584
1787224263.205347,9.72,485,1.214713,1.754435,1.444537,1.458718,0.356084,0.287683,-0.12626,-0.118514,-1.256056,-1.204743,0.63862,0.697916,0.486012,0.443976,-0.282635,-0.282013,-0.12,-0.120001,0.016198,-0.010056,-0.270001,-0.264366,0.14,0.157393,0.08,0.064669,-0.016198,0.010056,-0.12,-0.120001,0.00686,0.009347,-0.101424,-0.035605,0.14,0.145391,-0.038576,-0.109651,-0.00686,-0.009346
1787224263.226659,9.74,486,1.214713,1.746535,1.444537,1.455891,0.356084,0.301327,-0.12626,-0.120078,-1.256056,-1.215005,0.63862,0.686057,0.486012,0.452382,-0.282635,-0.282173,-0.12,-0.120001,0.021813,-0.004805,-0.268329,-0.265494,0.14,0.153914,0.08,0.067735,-0.021813,0.004805,-0.12,-0.120001,0.006399,0.00885,-0.144696,-0.048765,0.14,0.144313,0.004696,-0.095437,-0.006399,-0.008849
1787224263.250516,9.76,487,1.196758,1.734897,1.441933,1.453629,0.374038,0.312213,-0.128864,-0.121329,-1.293245,-1.223214,0.601626,0.67657,0.505343,0.459107,-0.286377,-0.282294,-0.12,-0.120001,0.019207,0.000524,-0.240067,-0.266061,0.14,0.151131,0.08,0.070188,-0.019207,-0.000523,-0.12,-0.120001,0.006639,0.00836,-0.204518,-0.067949,0.14,0.14345,0.057409,-0.075413,-0.006639,-0.008359
1787224263.272538,9.78,488,1.196758,1.729062,1.441933,1.451299,0.374038,0.32455,-0.128864,-0.122849,-1.293245,-1.237219,0.601626,0.661582,0.505343,0.468348,-0.286377,-0.283163,-0.12,-0.120001,0.018425,0.004256,-0.231588,-0.260863,0.14,0.148904,0.08,0.072151,-0.018425,-0.004256,-0.12,-0.120001,0.006711,0.008015,-0.222465,-0.095259,0.14,0.14276,0.073223,-0.048853,-0.006711,-0.008015
1787224263.295647,9.8,489,1.18694,1.720556,1.440232,1.449434,0.383857,0.334406,-0.130564,-0.124063,-1.352691,-1.248423,0.588903,0.649591,0.523538,0.475743,-0.294402,-0.283844,-0.12,-0.120001,0.028985,0.007089,-0.250264,-0.255008,0.14,0.147123,0.08,0.073721,-0.028985,-0.007089,-0.12,-0.120001,0.006357,0.007754,-0.239273,-0.120698,0.14,0.142208,0.077967,-0.024443,-0.006357,-0.007754
1787224263.311952,9.82,490,1.18694,1.715461,1.440232,1.447602,0.383857,0.344273,-0.130564,-0.125373,-1.352691,-1.269274,0.588903,0.637454,0.523538,0.485287,-0.294402,-0.286016,-0.12,-0.120001,0.032153,0.011468,-0.255867,-0.25406,0.14,0.145698,0.08,0.074977,-0.032153,-0.011468,-0.12,-0.120001,0.006251,0.007475,-0.244315,-0.144411,0.14,0.141766,0.07939,-0.003995,-0.006251,-0.007475
1787224263.330948,9.84,491,1.179143,1.707269,1.441676,1.446547,0.391653,0.352153,-0.129121,-0.126417,-1.339351,-1.285956,0.597004,0.627744,0.558426,0.492926,-0.2769,-0.287737,-0.12,-0.120001,0.033076,0.015605,-0.26649,-0.254421,0.14,0.144558,0.08,0.075981,-0.033076,-0.015605,-0.12,-0.120001,0.003417,0.00723,-0.250788,-0.164391,0.14,0.141413,0.079817,0.012729,-0.003417,-0.00723
1787224263.348951,9.86,492,1.179143,1.696846,1.441676,1.445576,0.391653,0.360009,-0.129121,-0.126962,-1.339351,-1.296634,0.597004,0.621596,0.558426,0.506035,-0.2769,-0.285627,-0.12,-0.120001,0.033353,0.019099,-0.269677,-0.256835,0.14,0.143646,0.08,0.076785,-0.033353,-0.019099,-0.12,-0.120001,0.002567,0.006468,-0.25273,-0.18167,0.14,0.14113,0.079945,0.026139,-0.002567,-0.006468
1787224263.367563,9.88,493,1.179143,1.685338,1.441676,1.444799,0.391653,0.366289,-0.129121,-0.127397,-1.339351,-1.305177,0.597004,0.616677,0.558426,0.51652,-0.2769,-0.283923,-0.12,-0.120001,0.033436,0.02195,-0.270633,-0.259404,0.14,0.142917,0.08,0.077428,-0.033436,-0.02195,-0.12,-0.120001,0.002312,0.005688,-0.253312,-0.195882,0.14,0.140904,0.079984,0.036898,-0.002312,-0.005688
1787224263.39158,9.9,494,1.169577,1.673137,1.432102,1.444177,0.401219,0.371311,-0.138694,-0.127744,-1.271291,-1.312012,0.5591,0.612742,0.603612,0.524906,-0.249368,-0.282548,-0.12,-0.120001,0.03075,0.024247,-0.277702,-0.26165,0.14,0.142333,0.08,0.077943,-0.03075,-0.024247,-0.12,-0.120001,0.001058,0.005013,-0.262155,-0.207369,0.14,0.140723,0.079995,0.045514,-0.001058,-0.005013
1787224263.409111,9.92,495,1.169577,1.654298,1.432102,1.441774,0.401219,0.377199,-0.138694,-0.129945,-1.271291,-1.303868,0.5591,0.602013,0.603612,0.540661,-0.249368,-0.275947,-0.12,-0.120001,0.029944,0.025547,-0.279822,-0.26486,0.14,0.141866,0.08,0.078354,-0.029944,-0.025547,-0.12,-0.120001,0.000682,0.004222,-0.264808,-0.218326,0.14,0.140578,0.079999,0.05241,-0.000682,-0.004222
1787224263.43372,9.94,496,1.161352,1.635902,1.403369,1.440521,0.409445,0.381906,-0.167427,-0.131701,-1.339144,-1.297353,0.514931,0.593431,0.630942,0.553264,-0.237107,-0.270663,-0.12,-0.120001,0.027238,0.026427,-0.285048,-0.267853,0.14,0.141493,0.08,0.078683,-0.027238,-0.026427,-0.12,-0.120001,-0.00048,0.003514,-0.272473,-0.227623,0.14,0.140463,0.08,0.057927,0.00048,-0.003514
1787224263.453699,9.96,497,1.161352,1.625275,1.403369,1.434562,0.409445,0.387372,-0.167427,-0.13887,-1.339144,-1.305711,0.514931,0.577731,0.630942,0.568819,-0.237107,-0.264001,-0.12,-0.120001,0.026427,0.026589,-0.286616,-0.271292,0.14,0.141194,0.08,0.078947,-0.026427,-0.026589,-0.12,-0.120001,-0.000828,0.002715,-0.274773,-0.236593,0.14,0.14037,0.08,0.062342,0.000828,-0.002715
1787224263.478107,9.98,498,1.150046,1.613305,1.374211,1.429232,0.420751,0.391742,-0.196586,-0.144601,-1.375889,-1.312397,0.523973,0.565172,0.639602,0.581257,-0.23585,-0.258657,-0.12,-0.120001,0.01833,0.026556,-0.267158,-0.274357,0.14,0.140955,0.08,0.079157,-0.01833,-0.026557,-0.12,-0.120001,-0.002985,0.002006,0.022114,-0.24423,0.14,0.140296,-0.172,0.065873,0.002985,-0.002006
1787224263.4975,10.0,499,1.150046,1.613318,1.374211,1.442452,0.420751,0.397544,-0.196586,-0.154917,-1.375889,-1.325094,0.523973,0.556932,0.639602,0.592952,-0.23585,-0.254169,-0.12,-0.120001,0.015901,0.024911,-0.26132,-0.272918,0.14,0.140764,0.08,0.079326,-0.015901,-0.024911,-0.12,-0.120001,-0.003632,0.001008,0.11118,-0.190972,0.14,0.140236,-0.2476,0.018309,0.003632,-0.001008
1787224263.523954,10.02,500,1.141654,1.61187,1.362932,1.455288,0.429142,0.402177,-0.207864,-0.163177,-1.408911,-1.335252,0.568162,0.55034,0.65854,0.602302,-0.231824,-0.250559,-0.12,-0.120001,0.009578,0.023109,-0.24651,-0.270599,0.14,0.140611,0.08,0.079461,-0.009578,-0.02311,-0.12,-0.120001,-0.004818,8.2e-05,0.140063,-0.136584,0.14,0.140189,-0.27028,-0.034866,0.004818,-8.3e-05
1787224263.542372,10.04,501,1.141654,1.6133,1.362932,1.471906,0.429142,0.407577,-0.207864,-0.172032,-1.408911,-1.349983,0.568162,0.553903,0.65854,0.613567,-0.231824,-0.246873,-0.12,-0.120001,0.007681,0.020403,-0.242067,-0.265781,0.14,0.140489,0.08,0.079569,-0.007681,-0.020403,-0.12,-0.120001,-0.005174,-0.0009,0.148727,-0.082197,0.14,0.140151,-0.277084,-0.081938,0.005174,0.0009
1787224263.567234,10.06,502,1.159931,1.611758,1.359542,1.484304,0.410865,0.411883,-0.211254,-0.179146,-1.463193,-1.361768,0.681047,0.556754,0.683023,0.622573,-0.212427,-0.243901,-0.12,-0.120001,0.013696,0.017859,-0.281161,-0.261039,0.14,0.140391,0.08,0.079655,-0.013696,-0.017859,-0.12,-0.120001,-0.006077,-0.001755,0.154118,-0.036025,0.14,0.140121,-0.279125,-0.12096,0.006077,0.001755
1787224263.592923,10.08,503,1.159931,1.604387,1.359542,1.505348,0.410865,0.41164,-0.211254,-0.185445,-1.463193,-1.382049,0.681047,0.581609,0.683023,0.634693,-0.212427,-0.23767,-0.12,-0.120001,0.015501,0.017026,-0.292889,-0.265063,0.14,0.140313,0.08,0.079724,-0.015501,-0.017026,-0.12,-0.120001,-0.006348,-0.002619,0.155735,0.002222,0.14,0.140097,-0.279738,-0.152589,0.006348,0.002619
1787224263.61618,10.1,504,1.18493,1.593782,1.357919,1.51907,0.385866,0.411437,-0.212877,-0.190542,-1.492969,-1.398276,0.766421,0.601495,0.713263,0.644376,-0.190891,-0.232659,-0.12,-0.120001,0.012685,0.016721,-0.263242,-0.270628,0.14,0.14025,0.08,0.079779,-0.012685,-0.016721,-0.12,-0.120001,-0.006879,-0.003365,0.109384,0.032721,0.14,0.140077,-0.244584,-0.178016,0.006879,0.003365
1787224263.633545,10.12,505,1.18493,1.572529,1.357919,1.541644,0.385866,0.406167,-0.212877,-0.194838,-1.492969,-1.417208,0.766421,0.634475,0.713263,0.658195,-0.190891,-0.224385,-0.12,-0.120001,0.01184,0.015914,-0.254348,-0.269152,0.14,0.1402,0.08,0.079823,-0.01184,-0.015914,-0.12,-0.120001,-0.007038,-0.004067,0.095478,0.048049,0.14,0.140062,-0.234038,-0.191329,0.007038,0.004068
1787224263.649037,10.14,506,1.18493,1.545603,1.357919,1.559157,0.385866,0.401886,-0.212877,-0.198308,-1.492969,-1.432356,0.766421,0.66086,0.713263,0.669239,-0.190891,-0.217745,-0.12,-0.120001,0.011586,0.015099,-0.251679,-0.266192,0.14,0.14016,0.08,0.079859,-0.011586,-0.015099,-0.12,-0.120001,-0.007086,-0.004662,0.091306,0.057532,0.14,0.140049,-0.230874,-0.199871,0.007086,0.004662
1787224263.666787,10.16,507,1.196909,1.519903,1.367515,1.56999,0.373887,0.398484,-0.203282,-0.201146,-1.513628,-1.444476,0.832343,0.681971,0.724123,0.678062,-0.169553,-0.21241,-0.12,-0.120001,0.00981,0.014396,-0.244724,-0.26329,0.14,0.140128,0.08,0.079887,-0.00981,-0.014397,-0.12,-0.120001,-0.008099,-0.005146,0.114406,0.064286,0.14,0.140039,-0.254276,-0.206072,0.008099,0.005147
1787224263.684702,10.18,508,1.196909,1.485606,1.367515,1.589755,0.373887,0.3932,-0.203282,-0.201392,-1.513628,-1.458301,0.832343,0.71204,0.724123,0.687321,-0.169553,-0.203897,-0.12,-0.120001,0.009277,0.013479,-0.242637,-0.259578,0.14,0.140102,0.08,0.07991,-0.009277,-0.01348,-0.12,-0.120001,-0.008403,-0.005737,0.121335,0.074308,0.14,0.140031,-0.261296,-0.215713,0.008403,0.005737
1787224263.700768,10.2,509,1.196909,1.450671,1.367515,1.600918,0.373887,0.388999,-0.203282,-0.201684,-1.513628,-1.469363,0.832343,0.736099,0.724123,0.694709,-0.169553,-0.197063,-0.12,-0.120001,0.009118,0.012639,-0.242011,-0.25619,0.14,0.140081,0.08,0.079928,-0.009118,-0.012639,-0.12,-0.120001,-0.008494,-0.00627,0.123414,0.083713,0.14,0.140025,-0.263403,-0.224829,0.008494,0.00627
1787224263.725015,10.22,510,1.222173,1.414811,1.390426,1.605683,0.348623,0.385666,-0.18037,-0.201973,-1.426741,-1.478215,0.888196,0.755347,0.746884,0.700606,-0.156193,-0.191579,-0.12,-0.120001,0.003476,0.011935,-0.242127,-0.253355,0.14,0.140065,0.08,0.079942,-0.003476,-0.011935,-0.12,-0.120001,-0.007917,-0.006715,0.095681,0.091652,0.14,0.14002,-0.235678,-0.232544,0.007917,0.006715
1787224263.740067,10.24,511,1.222173,1.376352,1.390426,1.617912,0.348623,0.377878,-0.18037,-0.197559,-1.426741,-1.467926,0.888196,0.781915,0.746884,0.709875,-0.156193,-0.184525,-0.12,-0.120001,0.001783,0.010243,-0.242162,-0.25111,0.14,0.140052,0.08,0.079954,-0.001783,-0.010243,-0.12,-0.120001,-0.007744,-0.006955,0.087361,0.092458,0.14,0.140016,-0.22736,-0.233171,0.007744,0.006955
1787224263.766021,10.26,512,1.262603,1.345564,1.442778,1.628626,0.308193,0.371751,-0.128019,-0.194049,-1.269923,-1.459691,0.987314,0.803171,0.809793,0.717288,-0.158429,-0.178876,-0.12,-0.120001,0.004348,0.008551,-0.278373,-0.24932,0.14,0.140042,0.08,0.079963,-0.004348,-0.008551,-0.12,-0.120001,-0.008015,-0.007113,0.1106,0.091439,0.14,0.140013,-0.2506,-0.23201,0.008015,0.007113
1787224263.781035,10.28,513,1.262603,1.329036,1.442778,1.650546,0.308193,0.358941,-0.128019,-0.180744,-1.269923,-1.421743,0.987314,0.839995,0.809793,0.735798,-0.158429,-0.174842,-0.12,-0.120001,0.005118,0.00771,-0.289237,-0.25513,0.14,0.140033,0.08,0.07997,-0.005118,-0.007711,-0.12,-0.120001,-0.008096,-0.007294,0.117572,0.095271,0.14,0.14001,-0.257572,-0.235728,0.008096,0.007293
1787224263.810849,10.3,514,1.367762,1.315831,1.491401,1.681276,0.203035,0.348682,-0.079395,-0.169978,-1.032278,-1.391385,1.13953,0.869456,0.839528,0.75061,-0.153599,-0.171636,-0.12,-0.12,-0.001157,0.007192,-0.269612,-0.261951,0.14,0.140027,0.08,0.079976,0.001157,-0.007192,-0.12,-0.120001,-0.009768,-0.007454,0.107796,0.099731,0.14,0.140008,-0.247796,-0.240097,0.009768,0.007454
1787224263.826633,10.32,515,1.367762,1.326285,1.491401,1.723614,0.203035,0.319583,-0.079395,-0.151789,-1.032278,-1.319592,1.13953,0.923458,0.839528,0.768414,-0.153599,-0.168145,-0.12,-0.12,-0.003039,0.005522,-0.263725,-0.263483,0.14,0.140021,0.08,0.079981,0.003039,-0.005523,-0.12,-0.12,-0.010269,-0.007917,0.104863,0.101344,0.14,0.140006,-0.244863,-0.241637,0.010269,0.007917
1787224263.853149,10.34,516,1.448558,1.334724,1.504327,1.774908,0.121405,0.296328,-0.028804,-0.137044,-0.826717,-1.262141,1.22,0.966666,0.948254,0.782659,-0.159609,-0.16537,-0.12,-0.12,-0.005169,0.00381,-0.319835,-0.263532,0.14,0.140017,0.08,0.079985,0.005169,-0.003811,-0.12,-0.12,-0.015751,-0.008387,0.140497,0.102048,0.14,0.140005,-0.269459,-0.242282,0.015751,0.008387
1787224263.871568,10.36,517,1.448558,1.357636,1.504327,1.833432,0.121405,0.261438,-0.028804,-0.115265,-0.826717,-1.190273,1.22,1.017324,0.948254,0.815779,-0.159609,-0.16463,-0.12,-0.12,-0.005808,0.002015,-0.336667,-0.274788,0.14,0.140014,0.08,0.079988,0.005808,-0.002016,-0.12,-0.12,-0.017395,-0.00986,0.151187,0.109736,0.14,0.140004,-0.276838,-0.247717,0.017395,0.00986
1787224263.890806,10.38,518,1.497415,1.376042,1.518084,1.90008,0.072838,0.233572,-0.004452,-0.097624,-0.790396,-1.118395,1.271076,1.057856,1.11265,0.842276,-0.190005,-0.164036,-0.12,-0.12,-0.005005,0.000457,-0.319144,-0.287158,0.14,0.140011,0.08,0.07999,0.005005,-0.000461,-0.12,-0.12,-0.017697,-0.011367,0.164356,0.118024,0.14,0.140003,-0.279051,-0.253539,0.017697,0.011366
1787224263.908355,10.4,519,1.497415,1.400743,1.518084,1.982662,0.072838,0.201741,-0.004452,-0.078153,-0.790396,-1.052817,1.271076,1.100492,1.11265,0.896194,-0.190005,-0.170239,-0.12,-0.12,-0.004764,-0.000649,-0.313887,-0.293551,0.14,0.140009,0.08,0.079992,0.004764,0.000651,-0.12,-0.12,-0.017787,-0.012632,0.168307,0.127286,0.14,0.140003,-0.279715,-0.258639,0.017787,0.012632
1787224263.927185,10.42,520,1.523552,1.420603,1.525166,2.018387,0.040487,0.176352,0.011332,-0.062834,-0.801857,-1.000368,1.341409,1.134601,1.263309,0.939432,-0.143753,-0.174371,-0.12,-0.119999,-0.006522,-0.001468,0.024834,-0.28572,0.14,0.140008,-0.172,0.079994,0.006522,0.001467,-0.12,-0.120001,-0.02161,-0.013663,0.169492,0.135486,0.14,0.140002,-0.279915,-0.262854,0.02161,0.013663
1787224263.946725,10.44,521,1.523552,1.441355,1.525166,2.046671,0.040487,0.149293,0.011332,-0.047833,-0.801857,-0.960662,1.341409,1.171867,1.263309,1.004207,-0.143753,-0.168964,-0.12,-0.12,-0.007049,-0.002477,0.12645,-0.231327,0.14,0.140006,-0.2476,0.029603,0.007049,0.002477,-0.12,-0.120001,-0.022757,-0.015253,0.169848,0.142286,0.14,0.140001,-0.279974,-0.266265,0.022757,0.015252
1787224263.964306,10.46,522,1.523552,1.457828,1.525166,2.077099,0.040487,0.127551,0.011332,-0.035879,-0.801857,-0.928898,1.341409,1.20577,1.263309,1.056034,-0.143753,-0.164402,-0.12,-0.12,-0.007208,-0.00339,0.156935,-0.176933,0.14,0.140005,-0.27028,-0.024801,0.007208,0.003391,-0.12,-0.120001,-0.023101,-0.016754,0.169954,0.147797,0.14,0.140001,-0.279992,-0.269007,0.023101,0.016753
1787224263.988216,10.48,523,1.530134,1.470666,1.542597,2.084546,0.011977,0.109911,0.007619,-0.026533,-0.801857,-0.903504,1.384781,1.23288,1.155742,1.097483,0.044916,-0.16042,-0.12,-0.12,-0.02625,-0.004153,0.166081,-0.122561,0.14,0.140004,-0.277084,-0.073872,0.02625,0.004153,-0.12,-0.120001,-0.030471,-0.018023,0.164081,0.152226,0.14,0.14,-0.279998,-0.271203,0.030471,0.018021
1787224264.009192,10.5,524,1.530134,1.482169,1.542597,2.098918,0.011977,0.090098,0.007619,-0.019867,-0.801857,-0.883188,1.384781,1.263244,1.155742,1.108969,0.044916,-0.119365,-0.12,-0.12,-0.031963,-0.00857,0.168824,-0.068212,0.14,0.140003,-0.279125,-0.114496,0.031963,0.008571,-0.12,-0.120001,-0.032682,-0.020512,0.16232,0.154595,0.14,0.14,-0.279999,-0.272961,0.032682,0.02051
1787224264.033799,10.52,525,1.542534,1.491481,1.544371,2.099811,0.003322,0.07431,0.014078,-0.014383,-0.801857,-0.866929,1.372827,1.282048,1.00959,1.118406,0.232898,-0.086564,-0.12,-0.120002,-0.022848,-0.013248,-0.204058,-0.020923,0.14,0.140001,-0.027738,-0.147416,0.022848,0.013248,-0.12,-0.12,-0.056909,-0.022945,-0.210304,0.15614,0.14,0.140001,-0.028,-0.274368,0.056909,0.022944
1787224264.052723,10.54,526,1.542534,1.501437,1.544371,2.061875,0.003322,0.059942,0.014078,-0.008204,-0.801857,-0.853922,1.372827,1.287263,1.00959,1.096147,0.232898,-0.022912,-0.12,-0.120001,-0.020113,-0.015168,-0.315923,-0.057412,0.14,0.140001,0.047679,-0.123488,0.020113,0.015168,-0.12,-0.12,-0.064177,-0.029737,-0.322091,0.101766,0.14,0.14,0.0476,-0.225117,0.064177,0.029734
1787224264.076796,10.56,527,1.533347,1.509402,1.542887,2.028456,0.022485,0.048447,-0.003607,-0.003198,-0.801857,-0.843515,1.297046,1.304362,0.842676,1.078547,0.345688,0.028045,-0.12,-0.120001,-0.02509,-0.016157,0.024223,-0.109064,0.14,0.140001,-0.181696,-0.089278,0.02509,0.016157,-0.12,-0.12,-0.05468,-0.036623,0.022373,0.04743,0.14,0.14,-0.18172,-0.170753,0.05468,0.036621
1787224264.096557,10.58,528,1.533347,1.514184,1.542887,2.016125,0.022485,0.047659,-0.003607,-0.003183,-0.801857,-0.835184,1.297046,1.3029,0.842676,1.031633,0.345688,0.091395,-0.12,-0.120001,-0.026583,-0.017943,0.126267,-0.082412,0.14,0.14,-0.250509,-0.107759,0.026583,0.017943,-0.12,-0.12,-0.051831,-0.040235,0.125712,0.042405,0.14,0.14,-0.250516,-0.172938,0.051831,0.040232
1787224264.114688,10.6,529,1.530331,1.519531,1.528157,2.019446,-0.004504,0.044818,-0.028058,-0.003274,-0.801857,-0.828518,1.200314,1.301729,0.647919,0.994244,0.413362,0.142199,-0.12,-0.120001,-0.0278,-0.019671,0.144827,-0.04068,0.14,0.14,-0.271153,-0.136306,0.0278,0.019671,-0.12,-0.120001,-0.038258,-0.042554,0.150846,0.059048,0.14,0.14,-0.271155,-0.188451,0.038258,0.042552
1787224264.132999,10.62,530,1.530331,1.521715,1.528157,2.018288,-0.004504,0.034961,-0.028058,-0.008232,-0.801857,-0.823185,1.200314,1.281446,0.647919,0.925524,0.413362,0.19638,-0.12,-0.120001,-0.028165,-0.021296,0.150395,-0.003581,0.14,0.14,-0.277346,-0.163273,0.028165,0.021297,-0.12,-0.120001,-0.034187,-0.041694,0.158386,0.077402,0.14,0.14,-0.277346,-0.20499,0.034187,0.041693
1787224264.151459,10.64,531,1.530331,1.523453,1.528157,2.017172,-0.004504,0.027073,-0.028058,-0.012198,-0.801857,-0.818919,1.200314,1.265219,0.647919,0.870434,0.413362,0.239695,-0.12,-0.120001,-0.028275,-0.02267,0.152065,0.027212,0.14,0.14,-0.279204,-0.186085,0.028275,0.02267,-0.12,-0.120001,-0.032965,-0.040193,0.160648,0.093596,0.14,0.14,-0.279204,-0.219461,0.032965,0.040191
1787224264.171318,10.66,532,1.530331,1.524847,1.528157,2.019633,-0.004504,0.020763,-0.028058,-0.015368,-0.801857,-0.815506,1.200314,1.252237,0.647919,0.826255,0.413362,0.274364,-0.12,-0.120001,-0.028308,-0.023791,0.152566,0.052182,0.14,0.14,-0.279761,-0.204708,0.028308,0.023791,-0.12,-0.120001,-0.032599,-0.038747,0.161327,0.107005,0.14,0.14,-0.279761,-0.231409,0.032599,0.038746
1787224264.190065,10.68,533,1.530331,1.52595,1.528157,2.018192,-0.004504,0.015712,-0.028058,-0.017905,-0.801857,-0.812775,1.200314,1.241852,0.647919,0.790812,0.413362,0.302104,-0.12,-0.120001,-0.028317,-0.024694,0.152717,0.072258,0.14,0.14,-0.279928,-0.219718,0.028317,0.024694,-0.12,-0.12,-0.032489,-0.037518,0.161531,0.117868,0.14,0.14,-0.279928,-0.241079,0.032489,0.037517
1787224264.21037,10.7,534,1.530331,1.526831,1.528157,2.018305,-0.004504,0.011671,-0.028058,-0.019936,-0.801857,-0.810591,1.200314,1.233544,0.647919,0.762388,0.413362,0.324311,-0.12,-0.120001,-0.02832,-0.025419,0.152762,0.088349,0.14,0.14,-0.279979,-0.23176,0.02832,0.025419,-0.12,-0.12,-0.032456,-0.036512,0.161592,0.1266,0.14,0.14,-0.279979,-0.248849,0.032456,0.036511
1787224264.232878,10.72,535,0.766256,1.527534,0.866342,2.018044,-0.128366,0.008437,-0.547415,-0.021561,-0.801857,-0.808844,0.846148,1.226897,-0.445516,0.739599,0.453966,0.34209,-0.12,-0.120001,-0.036519,-0.025999,0.164828,0.101231,0.14,0.14,-0.279994,-0.241404,0.036519,0.025999,-0.12,-0.12,-0.1394,-0.035701,-0.210522,0.133598,0.14,0.14,-0.027994,-0.255074,0.1394,0.0357
1787224264.251653,10.74,536,0.766256,1.50956,0.866342,1.945784,-0.128366,-0.018823,-0.547415,-0.093,-0.801857,-0.807446,0.846148,1.155147,-0.445516,0.656915,0.453966,0.363668,-0.12,-0.120001,-0.038979,-0.028104,0.168449,0.113947,0.14,0.139999,-0.279998,-0.24912,0.038979,0.028103,-0.12,-0.12,-0.171483,-0.056437,-0.322157,0.079216,0.14,0.140001,0.047602,-0.20967,0.171483,0.056439
1787224264.274743,10.76,537,0.766256,1.499998,0.525278,1.874406,-0.128366,-0.04062,-0.859029,-0.163896,-0.801857,-0.806327,0.556065,1.093432,-1.101577,0.57428,0.478328,0.381013,-0.12,-0.120001,-0.010019,-0.030279,-0.175193,0.124844,0.14,0.14,-0.027999,-0.255294,0.010019,0.030278,-0.12,-0.12,-0.074312,-0.07944,-0.343913,0.024881,0.14,0.140001,0.070281,-0.158237,0.074312,0.079443
1787224264.294569,10.78,538,0.766256,1.479607,0.525278,1.791145,-0.128366,-0.057935,-0.859029,-0.234345,-0.801857,-0.805432,0.556065,1.021661,-1.101577,0.491689,0.478328,0.399955,-0.12,-0.120001,-0.001331,-0.026228,-0.278286,0.070457,0.14,0.14,0.0476,-0.209843,0.001331,0.026227,-0.12,-0.12,-0.04516,-0.078416,-0.350439,-0.029628,0.14,0.14,0.077084,-0.112545,0.04516,0.078418
1787224264.315621,10.8,539,0.766256,1.457134,0.342365,1.708205,-0.128366,-0.071845,-1.045998,-0.304998,-0.801857,-0.804717,0.366375,0.949929,-1.495214,0.40909,0.492946,0.415298,-0.12,-0.120001,-0.082514,-0.02125,-0.327491,0.016083,0.14,0.14,0.07028,-0.158362,0.082514,0.021249,-0.12,-0.12,-0.105649,-0.071767,-0.364132,-0.083983,0.14,0.14,0.079125,-0.074626,0.105649,0.071767
1787224264.335629,10.82,540,0.766256,1.434591,0.342365,1.625477,-0.128366,-0.083009,-1.045998,-0.369943,-0.801857,-0.804144,0.366375,0.878175,-1.495214,0.32646,0.492946,0.430496,-0.12,-0.120001,-0.106869,-0.0335,-0.342252,-0.038348,0.14,0.14,0.077084,-0.112642,0.106869,0.0335,-0.12,-0.12,-0.123795,-0.078543,-0.36824,-0.138371,0.14,0.14,0.079738,-0.043888,0.123795,0.078543
1787224264.356474,10.84,541,0.766256,1.415151,0.342365,1.542765,-0.128366,-0.091952,-1.045998,-0.412699,-0.801857,-0.803686,0.366375,0.806349,-1.495214,0.243838,0.492946,0.442773,-0.12,-0.120001,-0.114176,-0.048172,-0.346681,-0.092735,0.14,0.14,0.079125,-0.074708,0.114176,0.048173,-0.12,-0.12,-0.129239,-0.087592,-0.369472,-0.184339,0.14,0.14,0.079921,-0.019194,0.129239,0.087593
1787224264.376682,10.86,542,0.766256,1.399658,0.194809,1.4901,-0.128366,-0.099109,-1.158179,-0.394165,-0.801857,-0.80332,0.2647,0.734468,-1.731396,0.161231,0.501716,0.452718,-0.12,-0.120001,-0.171157,-0.061371,-0.363004,-0.143517,0.14,0.14,0.079738,-0.043954,0.171157,0.061373,-0.12,-0.12,-0.162899,-0.095921,-0.369842,-0.221363,0.14,0.14,0.079976,0.001571,0.162899,0.095922
1787224264.395274,10.88,543,0.766256,1.387318,0.194809,1.447862,-0.128366,-0.107884,-1.158179,-0.356313,-0.801857,-0.803027,0.2647,0.662706,-1.731396,0.078619,0.501716,0.462409,0.048,-0.120001,-0.188251,-0.083325,-0.367901,-0.187409,0.14,0.14,0.079921,-0.01925,0.188251,0.083328,0.048,-0.120001,-0.172997,-0.109315,-0.369952,-0.251057,0.14,0.14,0.079993,0.016424,0.172997,0.109316
1787224264.417198,10.9,544,0.766256,1.394727,0.103786,1.403587,-0.128366,-0.112883,-1.225487,-0.311068,-0.801857,-0.802793,0.221358,0.590994,-1.873105,-0.003981,0.506979,0.469982,0.0984,-0.086424,-0.222501,-0.104295,-0.36937,-0.223488,0.14,0.14,0.079976,0.00177,0.222501,0.104299,0.0984,-0.086412,-0.051899,-0.122049,-0.180986,-0.274831,0.182,0.14,-0.046002,0.029106,0.051899,0.122051
1787224264.437098,10.92,545,0.766256,1.411719,0.103786,1.366439,-0.128366,-0.116243,-1.225487,-0.263944,-0.801857,-0.802605,0.221358,0.519258,-1.873105,-0.086579,0.506979,0.47718,0.11352,-0.051087,-0.232776,-0.127923,-0.369811,-0.252654,0.14,0.14,0.079993,0.016358,0.232776,0.127929,0.11352,-0.051064,-0.01557,-0.108024,-0.124296,-0.256069,0.1946,0.148393,-0.083801,0.014105,0.01557,0.108028
1787224264.45864,10.94,546,0.766256,1.40508,0.103786,1.343315,-0.128366,-0.128308,-1.225487,-0.243369,-0.801857,-0.802455,0.221358,0.459718,-1.873105,-0.169209,0.506979,0.483353,0.118056,-0.018173,-0.235859,-0.148891,-0.369943,-0.276084,0.14,0.14,0.079998,0.029037,0.235859,0.148895,0.118056,-0.018154,-0.004671,-0.089536,-0.107289,-0.229721,0.19838,0.157628,-0.09514,-0.005596,0.004671,0.089543
1787224264.480521,10.96,547,0.766256,1.407387,0.057047,1.310914,-0.128366,-0.141108,-0.609629,-0.222172,-0.801857,-0.802335,0.301193,0.412077,-1.95813,-0.251829,0.510136,0.487949,0.119417,0.009095,-0.236784,-0.166283,-0.369983,-0.294856,0.14,0.139999,0.079999,0.039214,0.236784,0.166286,0.119417,0.009124,-0.001401,-0.072565,-0.102187,-0.205241,0.199514,0.165773,-0.098542,-0.023422,0.001401,0.072574
1787224264.498819,10.98,548,0.766256,1.411813,0.057047,1.280958,-0.128366,-0.14508,-0.609629,-0.208931,-0.801857,-0.802239,0.301193,0.389884,-1.95813,-0.334446,0.510136,0.491974,0.119825,0.03114,-0.237061,-0.180383,-0.369995,-0.309881,0.14,0.139999,0.08,0.047363,0.237061,0.180385,0.119825,0.031165,-0.00042,-0.058335,-0.100656,-0.184637,0.199854,0.172517,-0.099563,-0.038429,0.00042,0.058345
1787224264.521837,11.0,549,0.766256,1.401211,0.048545,1.263655,-0.128366,-0.162605,-0.240113,-0.216603,-0.801857,-0.802163,0.301193,0.372125,-2.009146,-0.4171,0.51203,0.495504,0.119948,0.048872,0.04748,-0.191718,-0.365172,-0.321903,0.14,0.139999,0.08,0.053884,-0.04748,0.19172,0.119948,0.048891,-0.000126,-0.046754,-0.100197,-0.167842,0.199956,0.177983,-0.099869,-0.05065,0.000126,0.046762
1787224264.53837,11.02,550,0.766256,1.390737,0.048545,1.244726,-0.128366,-0.178948,-0.240113,-0.219216,-0.801857,-0.802101,0.301193,0.357922,-2.009146,-0.499742,0.51203,0.498872,0.119984,0.063085,0.132843,-0.156365,-0.363725,-0.330551,0.14,0.139999,0.08,0.0591,-0.132843,0.156366,0.119984,0.063101,-3.8e-05,-0.037429,-0.100059,-0.154313,0.199987,0.182377,-0.099961,-0.06049,3.8e-05,0.037435
1787224264.562047,11.04,551,0.766256,1.377896,0.048545,1.222305,-0.128366,-0.193757,-0.240113,-0.223349,-0.801857,-0.802052,0.301193,0.346562,-1.91127,-0.582382,0.513167,0.501604,0.119995,0.074463,0.039853,-0.121013,-0.179117,-0.337182,0.182,0.139999,-0.046,0.063275,-0.039853,0.121014,0.119995,0.074476,-1.1e-05,-0.029951,-0.100018,-0.143462,0.199996,0.185898,-0.099988,-0.068382,1.1e-05,0.029956
1787224264.578359,11.06,552,0.766256,1.374817,0.048545,1.199551,-0.128366,-0.201753,-0.240113,-0.224759,-0.801857,-0.802013,0.301193,0.337477,-1.91127,-0.665014,0.513167,0.503752,0.119999,0.083568,0.011956,-0.088849,-0.123735,-0.305593,0.1946,0.14839,-0.0838,0.041442,-0.011956,0.088859,0.119999,0.08358,-3e-06,-0.023963,-0.100005,-0.134773,0.199999,0.188717,-0.099996,-0.074702,3e-06,0.023966
1787224264.603062,11.08,553,0.766256,1.37147,0.048545,1.172757,-0.128366,-0.209938,-0.240113,-0.227585,-0.801857,-0.801981,0.301193,0.33021,-0.312494,-0.747638,0.513849,0.505456,0.12,0.090853,0.003587,-0.068694,-0.107121,-0.269245,0.19838,0.157623,-0.09514,0.016432,-0.003587,0.068708,0.12,0.090863,-1e-06,-0.019171,-0.100002,-0.127819,0.2,0.190973,-0.099999,-0.07976,1e-06,0.019173
1787224264.620369,11.1,554,0.766256,1.373627,0.048545,1.126327,-0.128366,-0.195384,-0.240113,-0.212841,-0.801857,-0.801956,0.301193,0.3244,-0.312494,-0.664979,0.513849,0.507678,0.12,0.09668,0.001076,-0.054248,-0.102136,-0.236853,0.199514,0.165764,-0.098542,-0.006003,-0.001076,0.054263,0.12,0.096689,-0.0,-0.015339,-0.1,-0.122257,0.2,0.192778,-0.1,-0.083806,0.0,0.015339
1787224264.64002,11.12,555,0.766256,1.374513,0.048545,1.078592,-0.128366,-0.183523,-0.240113,-0.197861,-0.801857,-0.801936,0.301193,0.319752,0.646771,-0.594515,0.514258,0.50957,0.12,0.101342,0.000323,-0.043191,-0.100641,-0.209932,0.199854,0.172508,-0.099563,-0.024415,-0.000323,0.043204,0.12,0.10135,-0.0,-0.012273,-0.1,-0.117807,0.2,0.194222,-0.1,-0.087044,0.0,0.012272
1787224264.660144,11.14,556,0.766256,1.374877,0.048545,1.028524,-0.128366,-0.172503,-0.240113,-0.182181,-0.801857,-0.80192,0.301193,0.316034,0.646771,-0.511857,0.514258,0.511457,0.12,0.105072,9.7e-05,-0.034495,-0.100192,-0.188087,0.199956,0.177974,-0.099869,-0.039423,-9.7e-05,0.034504,0.12,0.10508,-0.0,-0.009819,-0.1,-0.114246,0.2,0.195377,-0.1,-0.089635,0.0,0.009818
1787224264.682393,11.16,557,0.766256,1.373967,0.048545,0.977348,-0.128366,-0.163661,-0.240113,-0.166754,-0.801857,-0.801907,0.301193,0.313061,1.22233,-0.429196,0.514504,0.513137,0.12,0.108057,2.9e-05,-0.02758,-0.100058,-0.170514,0.199987,0.182369,-0.099961,-0.051501,-2.9e-05,0.027587,0.12,0.108064,-0.0,-0.007857,-0.1,-0.111397,0.2,0.196302,-0.1,-0.091708,0.0,0.007855
1787224264.704981,11.18,558,0.766256,1.371498,0.048545,0.931651,-0.128366,-0.157095,-0.240113,-0.153998,-0.801857,-0.801897,0.301193,0.310682,1.22233,-0.346532,0.514504,0.514659,0.12,0.110445,9e-06,-0.022061,-0.100017,-0.156424,0.199996,0.185891,-0.099988,-0.061186,-9e-06,0.022065,0.12,0.110451,-0.0,-0.006286,-0.1,-0.109117,0.2,0.197041,-0.1,-0.093367,0.0,0.006284
1787224264.726496,11.2,559,0.766256,1.36734,0.048545,0.867957,-0.128366,-0.153911,-0.240113,-0.16975,-0.801857,-0.801888,0.301193,0.30878,1.22233,-0.263867,0.514504,0.51603,0.12,0.112355,3e-06,-0.017649,-0.100005,-0.14514,0.199999,0.188712,-0.099996,-0.068943,-3e-06,0.017649,0.12,0.112361,-0.0,-0.005029,-0.1,-0.107293,0.2,0.197633,-0.1,-0.094694,0.0,0.005027
1787224264.748121,11.22,560,0.766256,1.360512,0.048545,0.813993,-0.128366,-0.155879,-0.240113,-0.182628,-0.801857,-0.801882,0.301193,0.307258,1.567665,-0.181201,0.514651,0.517243,0.12,0.113884,1e-06,-0.014119,-0.100002,-0.136109,0.2,0.19097,-0.099999,-0.075151,-1e-06,0.014117,0.12,0.11389,-0.0,-0.004024,-0.1,-0.105834,0.2,0.198107,-0.1,-0.095755,0.0,0.004022
1787224264.768692,11.24,561,0.766256,1.354072,0.048545,0.748761,-0.128366,-0.155001,-0.240113,-0.192525,-0.801857,-0.801876,0.301193,0.306042,1.567665,-0.098531,0.514651,0.518387,0.12,0.115107,0.0,-0.011295,-0.1,-0.128883,0.2,0.192776,-0.1,-0.08012,-0.0,0.011292,0.12,0.115112,-0.0,-0.003219,-0.1,-0.104666,0.2,0.198486,-0.1,-0.096605,0.0,0.003217
1787224264.796128,11.26,562,0.766256,1.349928,0.048545,0.666687,-0.128366,-0.149576,-0.240113,-0.199751,-0.801857,-0.801872,0.301193,0.305069,1.335414,-0.015858,0.51474,0.51942,0.12,0.116085,0.0,-0.009036,-0.1,-0.123101,0.2,0.194222,-0.1,-0.084096,-0.0,0.009032,0.12,0.11609,-0.0,-0.002576,-0.1,-0.103733,0.2,0.198789,-0.1,-0.097284,0.0,0.002574
1787224264.810011,11.28,563,0.766256,1.343835,0.048545,0.600644,-0.128366,-0.145336,-0.240113,-0.206043,-0.801857,-0.801869,0.301193,0.304291,1.335414,0.066819,0.51474,0.520298,0.12,0.116868,0.0,-0.007228,-0.1,-0.118476,0.2,0.195378,-0.1,-0.087278,-0.0,0.007224,0.12,0.116873,-0.0,-0.00206,-0.1,-0.102986,0.2,0.199031,-0.1,-0.097828,0.0,0.002059
1787224264.829057,11.3,564,0.766256,1.337844,0.048545,0.517851,-0.128366,-0.141802,-0.240113,-0.210734,-0.801857,-0.801866,0.301193,0.303669,0.767314,0.149496,0.514793,0.521077,0.12,0.117494,0.0,-0.005782,-0.1,-0.114776,0.2,0.196303,-0.1,-0.089823,-0.0,0.005777,0.12,0.117499,-0.0,-0.001648,-0.1,-0.102388,0.2,0.199225,-0.1,-0.098263,0.0,0.001647
1787224264.846429,11.32,565,0.766256,1.330998,0.048545,0.43508,-0.128366,-0.138962,-0.240113,-0.214645,-0.801857,-0.801864,0.301193,0.303172,0.767314,0.232175,0.514793,0.52176,0.12,0.117995,0.0,-0.004624,-0.1,-0.111817,0.2,0.197043,-0.1,-0.09186,-0.0,0.004619,0.12,0.118,-0.0,-0.001318,-0.1,-0.10191,0.2,0.19938,-0.1,-0.098611,0.0,0.001317
1787224264.864968,11.34,566,0.766256,1.325732,0.048545,0.357714,-0.128366,-0.136728,-0.240113,-0.218026,-0.801857,-0.801862,0.301193,0.302775,0.767314,0.314856,0.514793,0.522335,0.12,0.118396,0.0,-0.003698,-0.1,-0.10945,0.2,0.197635,-0.1,-0.093489,-0.0,0.003693,0.12,0.1184,-0.0,-0.001054,-0.1,-0.101527,0.2,0.199504,-0.1,-0.098889,0.0,0.001053
1787224264.886858,11.36,567,0.766256,1.322113,0.048545,0.295819,-0.128366,-0.134977,-0.240113,-0.22116,-0.801857,-0.801861,0.301193,0.302457,-0.134447,0.397537,0.514824,0.522802,0.12,0.118717,0.0,-0.002957,-0.1,-0.107556,0.2,0.198109,-0.1,-0.094793,-0.0,0.002952,0.12,0.118721,-0.0,-0.000843,-0.1,-0.101222,0.2,0.199603,-0.1,-0.099111,0.0,0.000842
1787224264.906397,11.38,568,0.766256,1.322052,0.048545,0.246319,-0.128366,-0.133654,-0.240113,-0.224129,-0.801857,-0.801859,0.301193,0.302203,-0.134447,0.315018,0.514824,0.519809,0.12,0.118974,0.0,-0.002364,-0.1,-0.106042,0.2,0.198488,-0.1,-0.095835,-0.0,0.002359,0.12,0.118977,-0.0,-0.000674,-0.1,-0.100977,0.2,0.199683,-0.1,-0.099289,0.0,0.000673
1787224264.928077,11.4,569,0.766256,1.326856,0.048545,0.206729,-0.128366,-0.132716,-0.240113,-0.226763,-0.801857,-0.801858,0.301193,0.302001,-0.90345,0.232502,0.514843,0.51771,0.12,0.119179,0.0,-0.00189,-0.1,-0.104831,0.2,0.198791,-0.1,-0.09667,-0.0,0.001886,0.12,0.119182,-0.0,-0.000539,-0.1,-0.100781,0.2,0.199746,-0.1,-0.099432,0.0,0.000538
1787224264.950941,11.42,570,0.766256,1.335833,0.048545,0.175065,-0.128366,-0.132093,-0.240113,-0.229044,-0.801857,-0.801857,0.301193,0.301839,-0.90345,0.15,0.514843,0.516233,0.12,0.119343,0.0,-0.001511,-0.1,-0.103862,0.2,0.199033,-0.1,-0.097337,-0.0,0.001507,0.12,0.119346,-0.0,-0.000431,-0.1,-0.100625,0.2,0.199797,-0.1,-0.099546,0.0,0.00043
1787224264.973624,11.44,571,0.766256,1.348367,0.048545,0.14974,-0.128366,-0.13173,-0.240113,-0.230983,-0.801857,-0.801857,0.301193,0.301709,-1.02845,0.067523,0.514855,0.515168,0.12,0.119475,0.0,-0.001208,-0.1,-0.103088,0.2,0.199227,-0.1,-0.09787,-0.0,0.001204,0.12,0.119477,-0.0,-0.000344,-0.1,-0.1005,0.2,0.199838,-0.1,-0.099637,0.0,0.000344
1787224264.993378,11.46,572,0.766256,1.361477,0.048545,0.129484,-0.128366,-0.131497,-0.240113,-0.232617,-0.801857,-0.801856,0.301193,0.301605,-1.02845,-0.014926,0.514855,0.514388,0.12,0.11958,0.0,-0.000965,-0.1,-0.102469,0.2,0.199382,-0.1,-0.098297,-0.0,0.000962,0.12,0.119581,-0.0,-0.000275,-0.1,-0.1004,0.2,0.19987,-0.1,-0.099709,0.0,0.000275
1787224265.013879,11.48,573,0.766256,1.359971,0.048545,0.113266,-0.128366,-0.130838,-0.240113,-0.233836,-0.801857,-0.801855,0.301193,0.301523,-1.13333,-0.097463,0.514862,0.512865,0.12,0.119664,0.0,-0.000771,-0.1,-0.101974,0.2,0.199506,-0.1,-0.098639,-0.0,0.000768,0.12,0.119665,-0.0,-0.00022,-0.1,-0.100319,0.2,0.199896,-0.1,-0.099768,0.0,0.00022
1787224265.032273,11.5,574,0.766256,1.358931,0.048545,0.100296,-0.128366,-0.130319,-0.240113,-0.234865,-0.801857,-0.801855,0.301193,0.301457,-1.13333,-0.179989,0.514862,0.511638,0.12,0.119731,0.0,-0.000616,-0.1,-0.101578,0.2,0.199605,-0.1,-0.098912,-0.0,0.000614,0.12,0.119732,-0.0,-0.000176,-0.1,-0.100256,0.2,0.199917,-0.1,-0.099814,0.0,0.000176
1787224265.057864,11.52,575,0.766256,1.358292,0.048545,0.089923,-0.128366,-0.130047,-0.240113,-0.23573,-0.801857,-0.801855,0.301193,0.301404,-1.375857,-0.262502,0.514866,0.510647,0.12,0.119785,0.0,-0.000492,-0.1,-0.101261,0.2,0.199684,-0.1,-0.09913,-0.0,0.00049,0.12,0.119786,-0.0,-0.00014,-0.1,-0.100204,0.2,0.199934,-0.1,-0.099852,0.0,0.00014
1787224265.073343,11.54,576,0.766256,1.35517,0.048545,0.081627,-0.128366,-0.129626,-0.240113,-0.236451,-0.801857,-0.801855,0.301193,0.301361,-1.375857,-0.345011,0.514866,0.509823,0.12,0.119828,0.0,-0.000393,-0.1,-0.101008,0.2,0.199747,-0.1,-0.099305,-0.0,0.000391,0.12,0.119829,-0.0,-0.000112,-0.1,-0.100164,0.2,0.199947,-0.1,-0.099881,0.0,0.000112
1787224265.097158,11.56,577,0.766256,1.349611,0.048545,0.074993,-0.128366,-0.129216,-0.240113,-0.237051,-0.801857,-0.801855,0.301193,0.301328,-1.510987,-0.427512,0.514868,0.509156,0.12,0.119862,0.0,-0.000314,-0.1,-0.100806,0.2,0.199798,-0.1,-0.099444,-0.0,0.000313,0.12,0.119863,-0.0,-8.9e-05,-0.1,-0.100131,0.2,0.199957,-0.1,-0.099905,0.0,9e-05
1787224265.113748,11.58,578,0.766256,1.340975,0.048545,0.069687,-0.128366,-0.128784,-0.240113,-0.237551,-0.801857,-0.801855,0.301193,0.301301,-1.510987,-0.510002,0.514868,0.508648,0.12,0.11989,0.0,-0.00025,-0.1,-0.100644,0.2,0.199839,-0.1,-0.099556,-0.0,0.000249,0.12,0.11989,-0.0,-7.1e-05,-0.1,-0.100105,0.2,0.199966,-0.1,-0.099924,0.0,7.2e-05
1787224265.137882,11.6,579,0.766256,1.322369,0.048545,0.065444,-0.128366,-0.128249,-0.240113,-0.237956,-0.801857,-0.801855,0.301193,0.301279,-1.616614,-0.592536,0.51487,0.508131,0.12,0.119912,0.0,-0.0002,-0.1,-0.100515,0.2,0.199871,-0.1,-0.099645,-0.0,0.000199,0.12,0.119912,-0.0,-5.7e-05,-0.1,-0.100084,0.2,0.199973,-0.1,-0.099939,0.0,5.7e-05
1787224265.155678,11.62,580,0.766256,1.303428,0.048545,0.062052,-0.128366,-0.14326,-0.240113,-0.238297,-0.801857,-0.801855,0.301193,0.301262,-1.616614,-0.675077,0.51487,0.507906,-0.048,0.119929,0.0,-0.000159,-0.1,-0.100412,0.2,0.199897,-0.1,-0.099716,-0.0,0.000159,-0.048,0.11993,-0.0,-4.5e-05,-0.1,-0.100067,0.2,0.199978,-0.1,-0.099952,0.0,4.6e-05
1787224265.17531,11.64,581,0.766256,1.262488,0.048545,0.059346,-0.128366,-0.139156,-0.240113,-0.238653,-0.801857,-0.801855,0.301193,0.301248,-1.804236,-0.757581,0.514871,0.509393,-0.0984,0.086363,0.0,-0.00013,-0.1,-0.10033,0.2,0.199917,-0.1,-0.099774,-0.0,0.000127,-0.0984,0.086385,-0.0,-3.5e-05,-0.1,-0.100054,0.2,0.199983,-0.1,-0.099961,0.0,3.7e-05
1787224265.196107,11.66,582,0.766256,1.179919,0.048545,0.057183,-0.128366,-0.135387,-0.240113,-0.238944,-0.801857,-0.801855,0.301193,0.301237,-1.804236,-0.840131,0.514871,0.510544,-0.11352,0.05102,0.0,-0.000104,-0.1,-0.100264,0.2,0.199934,-0.1,-0.099818,-0.0,0.000101,-0.11352,0.051059,-0.0,-2.8e-05,-0.1,-0.100043,0.2,0.199986,-0.1,-0.099969,0.0,2.9e-05
1787224265.215954,11.68,583,0.766256,1.097337,0.048545,0.055453,-0.128366,-0.132472,-0.240113,-0.239178,-0.801857,-0.801856,0.301193,0.301228,-1.804236,-0.922679,0.514871,0.511388,-0.118056,0.018159,0.0,-8.3e-05,-0.1,-0.100211,0.2,0.199947,-0.1,-0.099855,-0.0,8.1e-05,-0.118056,0.018199,-0.0,-2.2e-05,-0.1,-0.100034,0.2,0.199989,-0.1,-0.099975,0.0,2.3e-05
1787224265.236468,11.7,584,0.766256,1.031203,0.048545,0.054069,-0.128366,-0.130336,-0.240113,-0.239363,-0.801857,-0.801856,0.301193,0.301221,-1.916809,-1.005205,0.514871,0.512007,-0.119417,-0.009265,0.0,-6.6e-05,-0.1,-0.100169,0.2,0.199957,-0.1,-0.099885,-0.0,6.5e-05,-0.119417,-0.009184,-0.0,-1.7e-05,-0.1,-0.100028,0.2,0.199991,-0.1,-0.09998,0.0,1.9e-05
1787224265.255712,11.72,585,0.766256,0.978272,0.048545,0.052961,-0.128366,-0.128795,-0.240113,-0.239511,-0.801857,-0.801856,0.301193,0.301216,-1.916809,-1.087709,0.514871,0.512446,-0.119825,-0.0312,0.0,-5.3e-05,-0.1,-0.100136,0.2,0.199965,-0.1,-0.099908,-0.0,5.2e-05,-0.119825,-0.031142,-0.0,-1.3e-05,-0.1,-0.100022,0.2,0.199993,-0.1,-0.099984,0.0,1.5e-05
1787224265.284921,11.74,586,0.766256,0.935911,0.048545,0.052076,-0.128366,-0.1277,-0.240113,-0.239628,-0.801857,-0.801856,0.301193,0.301211,-1.984353,-1.170187,0.514872,0.512754,-0.119948,-0.048904,0.0,-4.2e-05,-0.1,-0.100109,0.2,0.199972,-0.1,-0.099927,-0.0,4.2e-05,-0.119948,-0.048853,-0.0,-1.1e-05,-0.1,-0.100018,0.2,0.199994,-0.1,-0.099987,0.0,1.2e-05
1787224265.300396,11.76,587,0.766256,0.90201,0.048545,0.051367,-0.128366,-0.126938,-0.240113,-0.239721,-0.801857,-0.801856,0.301193,0.301208,-1.984353,-1.252635,0.514872,0.512973,0.048016,-0.063101,0.0,-3.3e-05,-0.1,-0.100087,0.2,0.199977,-0.1,-0.099943,-0.0,3.4e-05,0.048016,-0.063054,-0.0,-8e-06,-0.1,-0.100014,0.2,0.199995,-0.1,-0.09999,0.0,9e-06
1787224265.321508,11.78,588,0.766256,0.874872,0.048545,0.050802,-0.128366,-0.126684,-0.240113,-0.2398,-0.801857,-0.801856,0.301193,0.301205,-2.024879,-1.335103,0.514872,0.513103,0.098405,-0.040899,0.0,-2.9e-05,-0.1,-0.100071,0.2,0.199981,-0.1,-0.099955,-0.0,2.6e-05,0.098405,-0.040852,-0.0,-6e-06,-0.1,-0.100011,0.2,0.199996,-0.1,-0.099992,0.0,8e-06
1787224265.341208,11.8,589,0.766256,0.853151,0.048545,0.050349,-0.128366,-0.12666,-0.240113,-0.239864,-0.801857,-0.801856,0.301193,0.301202,-2.024879,-1.417591,0.514872,0.513089,0.113521,-0.013068,0.0,-2.4e-05,-0.1,-0.100057,0.2,0.199984,-0.1,-0.099964,-0.0,2e-05,0.113521,-0.013015,-0.0,-4e-06,-0.1,-0.100009,0.2,0.199997,-0.1,-0.099994,0.0,6e-06
1787224265.359307,11.82,590,0.766256,0.835769,0.048545,0.049988,-0.128366,-0.126747,-0.240113,-0.239915,-0.801857,-0.801856,0.301193,0.301201,-2.024879,-1.500097,0.514872,0.513044,0.118056,0.012243,0.0,-2e-05,-0.1,-0.100046,0.2,0.199987,-0.1,-0.099972,-0.0,1.6e-05,0.118056,0.012291,-0.0,-3e-06,-0.1,-0.100007,0.2,0.199998,-0.1,-0.099995,0.0,5e-06
1787224265.384555,11.84,591,0.766256,0.821861,0.048545,0.049699,-0.128366,-0.126884,-0.240113,-0.239955,-0.801857,-0.801856,0.301193,0.301199,-2.049195,-1.582617,0.514872,0.513012,0.119417,0.033388,0.0,-1.7e-05,-0.1,-0.100037,0.2,0.199989,-0.1,-0.099978,-0.0,1.2e-05,0.119417,0.033434,-0.0,-3e-06,-0.1,-0.100006,0.2,0.199998,-0.1,-0.099996,0.0,4e-06
1787224265.402821,11.86,592,0.766256,0.810734,0.048545,0.049467,-0.128366,-0.12704,-0.240113,-0.239987,-0.801857,-0.801856,0.301193,0.301198,-2.049195,-1.665146,0.514872,0.513001,0.119825,0.050583,0.0,-1.4e-05,-0.1,-0.10003,0.2,0.199991,-0.1,-0.099983,-0.0,1e-05,0.119825,0.050625,-0.0,-2e-06,-0.1,-0.100004,0.2,0.199999,-0.1,-0.099997,0.0,3e-06
1787224265.424026,11.88,593,0.766256,0.801832,0.048545,0.049282,-0.128366,-0.127195,-0.240113,-0.240013,-0.801857,-0.801856,0.301193,0.301197,-2.063784,-1.741813,0.514872,0.513038,0.119948,0.064424,0.0,-1.2e-05,-0.1,-0.100025,0.2,0.199992,-0.1,-0.099987,-0.0,7e-06,0.119948,0.06446,-0.0,-1e-06,-0.1,-0.100003,0.2,0.199999,-0.1,-0.099997,0.0,2e-06
1787224265.44288,11.9,594,0.766256,0.794711,0.048545,0.049135,-0.128366,-0.12734,-0.240113,-0.240033,-0.801857,-0.801856,0.301193,0.301196,-2.063784,-1.806106,0.514872,0.51314,0.119984,0.075524,0.0,-1.1e-05,-0.1,-0.10002,0.2,0.199993,-0.1,-0.09999,-0.0,6e-06,0.119984,0.075555,-0.0,-1e-06,-0.1,-0.100003,0.2,0.199999,-0.1,-0.099998,0.0,2e-06
1787224265.461614,11.92,595,0.766256,0.789015,0.048545,0.049016,-0.128366,-0.127471,-0.240113,-0.240049,-0.801857,-0.801857,0.301193,0.301196,-2.072538,-1.857574,0.514872,0.513289,0.119995,0.084412,0.0,-1e-05,-0.1,-0.100017,0.2,0.199994,-0.1,-0.099993,-0.0,4e-06,0.119995,0.084438,-0.0,-1e-06,-0.1,-0.100002,0.2,0.199999,-0.1,-0.099998,0.0,2e-06
1787224265.481028,11.94,596,0.766256,0.784458,0.048545,0.048922,-0.128366,-0.127588,-0.240113,-0.240062,-0.801857,-0.801857,0.301193,0.301195,-2.072538,-1.900515,0.514872,0.513453,0.119999,0.091526,0.0,-9e-06,-0.1,-0.100014,0.2,0.199994,-0.1,-0.099995,-0.0,4e-06,0.119999,0.091548,-0.0,1e-06,-0.1,-0.100002,0.2,0.2,-0.1,-0.099999,0.0,1e-06
1787224265.501932,11.96,597,0.766256,0.780813,0.048545,0.048846,-0.128366,-0.127691,-0.240113,-0.240072,-0.801857,-0.801857,0.301193,0.301195,-2.07779,-1.934881,0.514872,0.513623,0.12,0.097219,0.0,-8e-06,-0.1,-0.100012,0.2,0.199995,-0.1,-0.099996,-0.0,3e-06,0.12,0.097236,-0.0,1e-06,-0.1,-0.100001,0.2,0.2,-0.1,-0.099999,0.0,1e-06
1787224265.521204,11.98,598,0.766256,0.777898,0.048545,0.048786,-0.128366,-0.12778,-0.240113,-0.240081,-0.801857,-0.801857,0.301193,0.301195,-2.07779,-1.963431,0.514872,0.513783,0.12,0.101774,0.0,-7e-06,-0.1,-0.10001,0.2,0.199995,-0.1,-0.099997,-0.0,-3e-06,0.12,0.101788,-0.0,1e-06,-0.1,-0.100001,0.2,0.2,-0.1,-0.099999,0.0,1e-06
1787224265.542849,12.0,599,0.766256,0.775565,0.048545,0.048738,-0.128366,-0.127857,-0.240113,-0.240087,-0.801857,-0.801857,0.301193,0.301194,-2.07779,-1.986276,0.514872,0.513933,0.12,0.105418,0.0,-7e-06,-0.1,-0.100009,0.2,0.199996,-0.1,-0.099998,-0.0,-3e-06,0.12,0.10543,-0.0,1e-06,-0.1,-0.100001,0.2,0.2,-0.1,-0.099999,0.0,1e-06
1787224265.5691,12.02,600,0.766256,0.7737,0.048545,0.048699,-0.128366,-0.127923,-0.240113,-0.240092,-0.801857,-0.801857,0.301193,0.301194,-2.080941,-2.004556,0.514872,0.514069,0.12,0.108334,0.0,-6e-06,-0.1,-0.100007,0.2,0.199996,-0.1,-0.099999,-0.0,-3e-06,0.12,0.108343,-0.0,1e-06,-0.1,-0.1,0.2,0.2,-0.1,-0.099999,0.0,1e-06
1787224265.58761,12.04,601,0.766256,0.772208,0.048545,0.048668,-0.128366,-0.12798,-0.240113,-0.240097,-0.801857,-0.801857,0.301193,0.301194,-2.080941,-2.019811,0.514872,0.514188,0.12,0.110666,0.0,-6e-06,-0.1,-0.100006,0.2,0.199996,-0.1,-0.099999,-0.0,-2e-06,0.12,0.110674,-0.0,1e-06,-0.1,-0.1,0.2,0.2,-0.1,-0.1,0.0,0.0
1787224265.61015,12.06,602,0.766256,0.771014,0.048545,0.048643,-0.128366,-0.128029,-0.240113,-0.2401,-0.801857,-0.801857,0.301193,0.301194,-2.082832,-2.032017,0.514872,0.514292,0.12,0.112533,0.0,-5e-06,-0.1,-0.100006,0.2,0.199997,-0.1,-0.1,-0.0,-2e-06,0.12,0.112539,-0.0,1e-06,-0.1,-0.1,0.2,0.2,-0.1,-0.1,0.0,0.0
1787224265.629488,12.08,603,0.766256,0.770059,0.048545,0.048624,-0.128366,-0.128071,-0.240113,-0.240103,-0.801857,-0.801857,0.301193,0.301194,-2.082832,-2.04216,0.514872,0.514382,0.12,0.114026,0.0,-5e-06,-0.1,-0.100005,0.2,0.199997,-0.1,-0.1,-0.0,2e-06,0.12,0.114031,-0.0,1e-06,-0.1,-0.1,0.2,0.2,-0.1,-0.1,0.0,0.0
1787224265.651499,12.1,604,0.766256,0.769296,0.048545,0.048608,-0.128366,-0.128106,-0.240113,-0.240105,-0.801857,-0.801857,0.301193,0.301194,-2.083967,-2.050275,0.514872,0.514484,0.12,0.115221,0.0,-4e-06,-0.1,-0.100004,0.2,0.199998,-0.1,-0.1,-0.0,-2e-06,0.12,0.115224,-0.0,1e-06,-0.1,-0.1,0.2,0.2,-0.1,-0.1,0.0,0.0
1787224265.67032,12.12,605,0.766256,0.768685,0.048545,0.048595,-0.128366,-0.128137,-0.240113,-0.240106,-0.801857,-0.801857,0.301193,0.301194,-2.083967,-2.056993,0.514872,0.514543,0.12,0.116176,0.0,-4e-06,-0.1,-0.100004,0.2,0.199998,-0.1,-0.1,-0.0,-2e-06,0.12,0.116179,-0.0,1e-06,-0.1,-0.1,0.2,0.2,-0.1,-0.1,0.0,0.0
1787224265.692731,12.14,606,0.766256,0.768196,0.048545,0.048585,-0.128366,-0.128165,-0.240113,-0.240108,-0.801857,-0.801857,0.301193,0.301194,-2.084647,-2.062369,0.514872,0.514685,0.12,0.116939,0.0,-4e-06,-0.1,-0.101604,0.2,0.199997,-0.1,-0.100001,-0.0,-2e-06,0.12,0.116944,-0.0,1e-06,-0.1,-0.1,0.2,0.2,-0.1,-0.1,0.0,0.0
1787224265.705718,12.16,607,0.766256,0.767806,0.048545,0.048577,-0.128366,-0.12819,-0.240113,-0.240109,-0.801857,-0.801857,0.301193,0.301194,-2.084647,-2.066809,0.514872,0.514774,0.12,0.117551,0.0,-4e-06,-0.1,-0.101286,0.2,0.199997,-0.1,-0.100001,-0.0,-2e-06,0.12,0.117556,-0.0,1e-06,-0.1,-0.1,0.2,0.2,-0.1,-0.1,0.0,0.0
1787224265.726969,12.18,608,0.766256,0.767494,0.048545,0.04857,-0.128366,-0.128213,-0.240113,-0.24011,-0.801857,-0.801857,0.301193,0.301194,-2.085056,-2.070363,0.514872,0.514839,0.12,0.11804,0.0,-3e-06,-0.1,-0.101031,0.2,0.199997,-0.1,-0.100001,-0.0,2e-06,0.12,0.118046,-0.0,1e-06,-0.1,-0.1,0.2,0.2,-0.1,-0.1,0.0,0.0
1787224265.746949,12.2,609,0.766256,0.767244,0.048545,0.048566,-0.128366,-0.128234,-0.240113,-0.240111,-0.801857,-0.801857,0.301193,0.301193,-2.085056,-2.073293,0.514872,0.514847,0.12,0.118433,0.0,-2e-06,-0.1,-0.100824,0.2,0.199998,-0.1,-0.100001,-0.0,-1e-06,0.12,0.118435,-0.0,-2e-06,-0.1,-0.102563,0.2,0.199999,-0.1,-0.1,0.0,-1e-06
1787224265.767773,12.22,610,0.766256,0.767045,0.048545,0.048561,-0.128366,-0.128254,-0.240113,-0.240111,-0.801857,-0.801857,0.301193,0.301193,-2.085056,-2.07564,0.514872,0.514843,0.12,0.118748,0.0,1e-06,-0.1,-0.10066,0.2,0.199999,-0.1,-0.100001,-0.0,1e-06,0.12,0.118747,-0.0,3e-06,-0.1,-0.102055,0.2,0.199998,-0.1,-0.1,0.0,1e-06
1787224265.791044,12.24,611,0.766256,0.766886,0.048545,0.048558,-0.128366,-0.128271,-0.240113,-0.240112,-0.801857,-0.801857,0.301193,0.301193,-2.085301,-2.07752,0.514872,0.514837,0.12,0.118999,0.0,-0.0,-0.1,-0.100528,0.2,0.199999,-0.1,-0.1,-0.0,-1e-06,0.12,0.118997,-0.0,-4e-06,-0.1,-0.101647,0.2,0.199997,-0.1,-0.100001,0.0,1e-06
1787224265.810169,12.26,612,0.766256,0.766759,0.048545,0.048556,-0.128366,-0.128287,-0.240113,-0.240112,-0.801857,-0.801857,0.301193,0.301193,-2.085301,-2.079074,0.514872,0.514835,0.12,0.1192,0.0,-0.0,-0.1,-0.100422,0.2,0.199999,-0.1,-0.1,-0.0,-1e-06,0.12,0.119198,-0.0,4e-06,-0.1,-0.101319,0.2,0.199997,-0.1,-0.100001,0.0,1e-06
1787224265.834263,12.28,613,0.766256,0.766658,0.048545,0.048553,-0.128366,-0.1283,-0.240113,-0.240113,-0.801857,-0.801857,0.301193,0.301193,-2.085448,-2.080318,0.514872,0.514837,0.12,0.11936,0.0,-0.0,-0.1,-0.100337,0.2,0.199999,-0.1,-0.1,-0.0,1e-06,0.12,0.119358,-0.0,-4e-06,-0.1,-0.101057,0.2,0.199997,-0.1,-0.100001,0.0,1e-06
1787224265.850154,12.3,614,0.766256,0.766577,0.048545,0.048552,-0.128366,-0.128311,-0.240113,-0.240113,-0.801857,-0.801857,0.301193,0.301193,-2.085448,-2.081343,0.514872,0.514839,0.12,0.119489,0.0,-0.0,-0.1,-0.10027,0.2,0.2,-0.1,-0.1,-0.0,-0.0,0.12,0.119486,-0.0,5e-06,-0.1,-0.100847,0.2,0.199997,-0.1,-0.100002,0.0,-2e-06
1787224265.872438,12.32,615,0.766256,0.766512,0.048545,0.04855,-0.128366,-0.128321,-0.240113,-0.240113,-0.801857,-0.801857,0.301193,0.301193,-2.085536,-2.082163,0.514872,0.514842,0.12,0.119592,0.0,-0.0,-0.1,-0.100216,0.2,0.2,-0.1,-0.1,-0.0,0.0,0.12,0.119588,-0.0,5e-06,-0.1,-0.100679,0.2,0.199996,-0.1,-0.100002,0.0,2e-06
1787224265.891046,12.34,616,0.766256,0.76646,0.048545,0.048549,-0.128366,-0.128329,-0.240113,-0.240113,-0.801857,-0.801857,0.301193,0.301193,-2.085536,-2.082837,0.514872,0.514845,0.12,0.119674,0.0,-1e-06,-0.1,-0.100172,0.2,0.2,-0.1,-0.1,-0.0,-0.0,0.12,0.11967,-0.0,-5e-06,-0.1,-0.100544,0.2,0.199996,-0.1,-0.100002,0.0,2e-06
1787224265.908682,12.36,617,0.766256,0.766419,0.048545,0.048549,-0.128366,-0.128336,-0.240113,-0.240114,-0.801857,-0.801857,0.301193,0.301193,-2.085536,-2.083377,0.514872,0.51485,0.12,0.119739,0.0,-1e-06,-0.1,-0.100138,0.2,0.2,-0.1,-0.1,-0.0,0.0,0.12,0.119736,-0.0,5e-06,-0.1,-0.100436,0.2,0.199996,-0.1,-0.100002,0.0,2e-06
1787224265.929045,12.38,618,0.766256,0.766386,0.048545,0.048548,-0.128366,-0.128342,-0.240113,-0.240114,-0.801857,-0.801857,0.301193,0.301193,-2.085589,-2.083808,0.514872,0.514855,0.12,0.119791,0.0,-1e-06,-0.1,-0.10011,0.2,0.2,-0.1,-0.1,-0.0,-0.0,0.12,0.119788,-0.0,4e-06,-0.1,-0.100349,0.2,0.199996,-0.1,-0.100002,0.0,2e-06
1787224265.949124,12.4,619,0.766256,0.76636,0.048545,0.048548,-0.128366,-0.128346,-0.240113,-0.240114,-0.801857,-0.801857,0.301193,0.301193,-2.085589,-2.084165,0.514872,0.514858,0.12,0.119833,0.0,-1e-06,-0.1,-0.100088,0.2,0.2,-0.1,-0.1,-0.0,-0.0,0.12,0.11983,-0.0,4e-06,-0.1,-0.10028,0.2,0.199997,-0.1,-0.100002,0.0,2e-06
1787224265.970154,12.42,620,0.766256,0.766339,0.048545,0.048548,-0.128366,-0.12835,-0.240113,-0.240114,-0.801857,-0.801857,0.301193,0.301193,-2.085621,-2.084449,0.514872,0.514861,0.12,0.119867,0.0,-1e-06,-0.1,-0.10007,0.2,0.2,-0.1,-0.1,-0.0,0.0,0.12,0.119864,-0.0,4e-06,-0.1,-0.100225,0.2,0.199997,-0.1,-0.100002,0.0,2e-06
1787224265.989943,12.44,621,0.766256,0.766322,0.048545,0.048547,-0.128366,-0.128353,-0.240113,-0.240114,-0.801857,-0.801857,0.301193,0.301193,-2.085621,-2.084684,0.514872,0.514863,0.12,0.119894,0.0,-1e-06,-0.1,-0.100056,0.2,0.2,-0.1,-0.1,-0.0,-0.0,0.12,0.11989,-0.0,4e-06,-0.1,-0.100181,0.2,0.199997,-0.1,-0.100002,0.0,2e-06
1787224266.011121,12.46,622,0.766256,0.766309,0.048545,0.048547,-0.128366,-0.128356,-0.240113,-0.240114,-0.801857,-0.801857,0.301193,0.301193,-2.066046,-2.084871,0.514872,0.514865,0.12,0.119915,0.0,-1e-06,-0.1,-0.100045,0.2,0.2,-0.1,-0.1,-0.0,-0.0,0.12,0.119912,-0.0,4e-06,-0.1,-0.100145,0.2,0.199997,-0.1,-0.100002,0.0,2e-06
1787224266.034618,12.48,623,0.766256,0.766298,0.048545,0.048547,-0.128366,-0.128358,-0.240113,-0.240115,-0.801857,-0.801857,0.301193,0.301193,-2.066046,-2.081106,0.514872,0.514867,0.12,0.119932,0.0,-1e-06,-0.1,-0.100036,0.2,0.2,-0.1,-0.1,-0.0,-0.0,0.12,0.119929,-0.0,4e-06,-0.1,-0.100117,0.2,0.199997,-0.1,-0.100002,0.0,2e-06
1787224266.055062,12.5,624,0.766256,0.76629,0.048545,0.048547,-0.128366,-0.12836,-0.240113,-0.240115,-0.801857,-0.801857,0.301193,0.301193,-2.066046,-2.078094,0.514872,0.514868,0.12,0.119946,0.0,-1e-06,-0.1,-0.100028,0.2,0.2,-0.1,-0.1,-0.0,-0.0,0.12,0.119943,-0.0,4e-06,-0.1,-0.100094,0.2,0.199997,-0.1,-0.100002,0.0,2e-06
1787224266.077367,12.52,625,0.766256,0.766283,0.048545,0.048547,-0.128366,-0.128361,-0.240113,-0.240115,-0.801857,-0.801857,0.301193,0.301193,-1.948201,-2.075685,0.514872,0.514868,0.12,0.119957,0.0,-1e-06,-0.1,-0.100023,0.2,0.2,-0.1,-0.1,-0.0,-0.0,0.12,0.119954,-0.0,4e-06,-0.1,-0.100076,0.2,0.199997,-0.1,-0.100002,0.0,2e-06
1787224266.097727,12.54,626,0.766256,0.766278,0.048545,0.048547,-0.128366,-0.128362,-0.240113,-0.240115,-0.801857,-0.801857,0.301193,0.301193,-1.948201,-2.050193,0.514872,0.514863,0.12,0.119965,0.0,-1e-06,-0.1,-0.100018,0.2,0.2,-0.1,-0.1,-0.0,-0.0,0.12,0.119962,-0.0,4e-06,-0.1,-0.100061,0.2,0.199997,-0.1,-0.100002,0.0,2e-06
1787224266.119846,12.56,627,0.766256,0.766273,0.048545,0.048547,-0.128366,-0.128363,-0.240113,-0.240115,-0.801857,-0.801857,0.301193,0.301193,-2.003188,-2.029799,0.514872,0.514859,0.12,0.119972,0.0,-1e-06,-0.1,-0.100014,0.2,0.2,-0.1,-0.1,-0.0,-0.0,0.12,0.119969,-0.0,3e-06,-0.1,-0.10005,0.2,0.199997,-0.1,-0.100002,0.0,2e-06
1787224266.138685,12.58,628,0.766256,0.76627,0.048545,0.048546,-0.128366,-0.128364,-0.240113,-0.240115,-0.801857,-0.801857,0.301193,0.301193,-2.003188,-2.024478,0.514872,0.514859,0.12,0.119978,0.0,-1e-06,-0.1,-0.100011,0.2,0.2,-0.1,-0.1,-0.0,-0.0,0.12,0.119975,-0.0,3e-06,-0.1,-0.10004,0.2,0.199997,-0.1,-0.100002,0.0,2e-06
1787224266.161481,12.6,629,0.766256,0.766267,0.048545,0.048546,-0.128366,-0.128364,-0.240113,-0.240115,-0.801857,-0.801857,0.301193,0.301193,-2.03618,-2.020222,0.514872,0.514859,0.12,0.119982,0.0,-1e-06,-0.1,-0.100009,0.2,0.2,-0.1,-0.1,-0.0,-0.0,0.12,0.11998,-0.0,3e-06,-0.1,-0.100033,0.2,0.199997,-0.1,-0.100002,0.0,2e-06
1787224266.18041,12.62,630,0.766256,0.766265,0.048545,0.048546,-0.128366,-0.128365,-0.240113,-0.240115,-0.801857,-0.801857,0.301193,0.301193,-2.03618,-2.023412,0.514872,0.514864,0.12,0.119986,0.0,-1e-06,-0.1,-0.100007,0.2,0.2,-0.1,-0.1,-0.0,-0.0,0.12,0.119983,-0.0,3e-06,-0.1,-0.100027,0.2,0.199997,-0.1,-0.100002,0.0,2e-06
1787224266.197615,12.64,631,0.766256,0.766263,0.048545,0.048546,-0.128366,-0.128365,-0.240113,-0.240115,-0.801857,-0.801857,0.301193,0.301193,-2.055976,-2.025965,0.514872,0.514872,0.12,0.119989,0.0,-1e-06,-0.1,-0.100005,0.2,0.2,-0.1,-0.1,-0.0,-0.0,0.12,0.119986,-0.0,4e-06,-0.1,-0.100023,0.2,0.199997,-0.1,-0.100002,0.0,-2e-06
1787224266.215036,12.66,632,0.766256,0.766261,0.048545,0.048546,-0.128366,-0.128366,-0.240113,-0.240115,-0.801857,-0.801857,0.301193,0.301193,-2.055976,-2.031964,0.514872,0.514889,0.12,0.119991,0.0,-1e-06,-0.1,-0.100004,0.2,0.2,-0.1,-0.1,-0.0,-0.0,0.12,0.119988,-0.0,-3e-06,-0.1,-0.100019,0.2,0.199997,-0.1,-0.100001,0.0,2e-06
1787224266.233578,12.68,633,0.766256,0.76626,0.048545,0.048546,-0.128366,-0.128366,-0.240113,-0.240114,-0.801857,-0.801857,0.301193,0.301193,-2.055976,-2.036764,0.514872,0.5149,0.12,0.119993,0.0,-1e-06,-0.1,-0.100003,0.2,0.2,-0.1,-0.1,-0.0,-0.0,0.12,0.11999,-0.0,3e-06,-0.1,-0.100015,0.2,0.199998,-0.1,-0.100001,0.0,-1e-06
1787224266.25457,12.7,634,0.766256,0.766259,0.048545,0.048546,-0.128366,-0.128366,-0.240113,-0.240114,-0.801857,-0.801857,0.301193,0.301193,-2.067853,-2.040604,0.514872,0.514906,0.12,0.119995,0.0,-1e-06,-0.1,-0.100002,0.2,0.2,-0.1,-0.1,-0.0,-0.0,0.12,0.119992,-0.0,3e-06,-0.1,-0.100013,0.2,0.199998,-0.1,-0.100001,0.0,1e-06
1787224266.275516,12.72,635,0.766256,0.766259,0.048545,0.048546,-0.128366,-0.128366,-0.240113,-0.240114,-0.801857,-0.801857,0.301193,0.301193,-2.067853,-2.04605,0.514872,0.514918,0.12,0.119996,0.0,-1e-06,-0.1,-0.100002,0.2,0.2,-0.1,-0.1,-0.0,-0.0,0.12,0.119993,-0.0,3e-06,-0.1,-0.10001,0.2,0.199998,-0.1,-0.100001,0.0,-1e-06
1787224266.301807,12.74,636,0.766256,0.766258,0.048545,0.048546,-0.128366,-0.128366,-0.240113,-0.240114,-0.801857,-0.801857,0.301193,0.301193,-2.074979,-2.050407,0.514872,0.514926,0.12,0.119997,0.0,-1e-06,-0.1,-0.100001,0.2,0.2,-0.1,-0.1,-0.0,0.0,0.12,0.119995,-0.0,-2e-06,-0.1,-0.100009,0.2,0.199999,-0.1,-0.1,0.0,-0.0
1787224266.320319,12.76,637,0.766256,0.766258,0.048545,0.048545,-0.128366,-0.128366,-0.240113,-0.240114,-0.801857,-0.801857,0.301193,0.301193,-2.074979,-2.055317,0.514872,0.514936,0.12,0.119998,0.0,-1e-06,-0.1,-0.100001,0.2,0.2,-0.1,-0.1,-0.0,-0.0,0.12,0.119996,-0.0,2e-06,-0.1,-0.100007,0.2,0.199999,-0.1,-0.1,0.0,-0.0
1787224266.342312,12.78,638,0.766256,0.766257,0.048545,0.048545,-0.128366,-0.128366,-0.240113,-0.240114,-0.801857,-0.801857,0.301193,0.301193,-2.079255,-2.059245,0.514872,0.514943,0.12,0.119998,0.0,-1e-06,-0.1,-0.1,0.2,0.2,-0.1,-0.1,-0.0,-0.0,0.12,0.119996,-0.0,2e-06,-0.1,-0.100006,0.2,0.199999,-0.1,-0.1,0.0,-0.0
1787224266.36175,12.8,639,0.766256,0.766257,0.048545,0.048545,-0.128366,-0.128366,-0.240113,-0.240114,-0.801857,-0.801857,0.301193,0.301193,-2.079255,-2.063241,0.514872,0.514951,0.12,0.119999,0.0,-1e-06,-0.1,-0.1,0.2,0.2,-0.1,-0.1,-0.0,-0.0,0.12,0.119997,-0.0,-2e-06,-0.1,-0.100005,0.2,0.199999,-0.1,-0.1,0.0,-1e-06
1787224266.383545,12.82,640,0.766256,0.766257,0.048545,0.048545,-0.128366,-0.128366,-0.240113,-0.240114,-0.801857,-0.801857,0.301193,0.301193,-2.08182,-2.066439,0.514872,0.514936,0.12,0.119999,0.0,1e-06,-0.1,-0.1,0.2,0.2,-0.1,-0.1,-0.0,0.0,0.12,0.119996,-0.0,3e-06,-0.1,-0.100005,0.2,0.199999,-0.1,-0.1,0.0,-0.0
1787224266.402165,12.84,641,0.766256,0.766257,0.048545,0.048545,-0.128366,-0.128366,-0.240113,-0.240114,-0.801857,-0.801857,0.301193,0.301193,-2.08182,-2.069511,0.514872,0.514917,0.12,0.119998,0.0,1e-06,-0.1,-0.100001,0.2,0.199999,-0.1,-0.100001,-0.0,1e-06,0.12,0.119997,-0.0,-2e-06,-0.1,-0.100004,0.2,0.199999,-0.1,-0.1,0.0,-0.0
1787224266.42047,12.86,642,0.766256,0.766256,0.048545,0.048545,-0.128366,-0.128366,-0.240113,-0.240114,-0.801857,-0.801857,0.301193,0.301193,-2.08182,-2.07197,0.514872,0.514896,0.12,0.119998,0.0,-2e-06,-0.1,-0.100003,0.2,0.199998,-0.1,-0.100001,-0.0,-1e-06,0.12,0.119998,-0.0,1e-06,-0.1,-0.100003,0.2,0.199999,-0.1,-0.1,0.0,-0.0
1787224266.445825,12.88,643,0.766256,0.766256,0.048545,0.048545,-0.128366,-0.128366,-0.240113,-0.240114,-0.801857,-0.801857,0.301193,0.301193,-2.08336,-2.073938,0.514872,0.51488,0.12,0.119997,0.0,3e-06,-0.1,-0.100003,0.2,0.199998,-0.1,-0.100001,-0.0,1e-06,0.12,0.119999,-0.0,1e-06,-0.1,-0.100002,0.2,0.2,-0.1,-0.1,0.0,-0.0
1787224266.461474,12.9,644,0.766256,0.766256,0.048545,0.048545,-0.128366,-0.128366,-0.240113,-0.240114,-0.801857,-0.801857,0.301193,0.301193,-2.08336,-2.075821,0.514872,0.514868,0.12,0.119997,0.0,-3e-06,-0.1,-0.100004,0.2,0.199997,-0.1,-0.100001,-0.0,-1e-06,0.12,0.119999,-0.0,0.0,-0.1,-0.100001,0.2,0.2,-0.1,-0.1,0.0,-0.0
1787224266.485439,12.92,645,0.766256,0.766256,0.048545,0.048545,-0.128366,-0.128366,-0.240113,-0.240114,-0.801857,-0.801857,0.301193,0.301193,-2.084283,-2.077328,0.514872,0.514862,0.12,0.119997,0.0,4e-06,-0.1,-0.100004,0.2,0.199997,-0.1,-0.100002,-0.0,-2e-06,0.12,0.119999,-0.0,0.0,-0.1,-0.100001,0.2,0.2,-0.1,-0.1,0.0,-0.0
1787224266.503495,12.94,646,0.766256,0.766256,0.048545,0.048545,-0.128366,-0.128366,-0.240113,-0.240114,-0.801857,-0.801857,0.301193,0.301193,-2.084283,-2.078718,0.514872,0.514859,0.12,0.119997,0.0,-4e-06,-0.1,-0.100004,0.2,0.199997,-0.1,-0.100002,-0.0,-2e-06,0.12,0.12,-0.0,0.0,-0.1,-0.100001,0.2,0.2,-0.1,-0.1,0.0,-0.0
1787224266.528038,12.96,647,0.766256,0.766256,0.048545,0.048545,-0.128366,-0.128366,-0.240113,-0.240113,-0.801857,-0.801857,0.301193,0.301193,-2.084837,-2.07983,0.514872,0.514858,0.12,0.119997,0.0,-4e-06,-0.1,-0.100005,0.2,0.199996,-0.1,-0.100002,-0.0,-2e-06,0.12,0.12,-0.0,0.0,-0.1,-0.1,0.2,0.2,-0.1,-0.1,0.0,0.0
1787224266.545156,12.98,648,0.766256,0.766256,0.048545,0.048545,-0.128366,-0.128366,-0.240113,-0.240113,-0.801857,-0.801857,0.301193,0.301193,-2.084837,-2.080831,0.514872,0.514858,0.12,0.119997,0.0,5e-06,-0.1,-0.100005,0.2,0.199996,-0.1,-0.100002,-0.0,2e-06,0.12,0.12,-0.0,1e-06,-0.1,-0.1,0.2,0.2,-0.1,-0.1,0.0,0.0
1787224266.564095,13.0,649,0.766256,0.766256,0.048545,0.048545,-0.128366,-0.128366,-0.240113,-0.240113,-0.801857,-0.801857,0.301193,0.301193,-2.08517,-2.081632,0.514872,0.514859,0.12,0.119997,0.0,-5e-06,-0.1,-0.100005,0.2,0.199996,-0.1,-0.100002,-0.0,-2e-06,0.12,0.12,-0.0,1e-06,-0.1,-0.1,0.2,0.2,-0.1,-0.1,0.0,0.0
1787224266.58478,13.02,650,0.766256,0.766256,0.048545,0.048545,-0.128366,-0.128366,-0.240113,-0.240113,-0.801857,-0.801857,0.301193,0.301193,-2.08517,-2.08234,0.514872,0.514862,0.12,0.119997,0.0,-5e-06,-0.1,-0.100005,0.2,0.199996,-0.1,-0.100002,-0.0,-2e-06,0.12,0.12,-0.0,1e-06,-0.1,-0.1,0.2,0.2,-0.1,-0.1,0.0,0.0
1787224266.602867,13.04,651,0.766256,0.766256,0.048545,0.048545,-0.128366,-0.128366,-0.240113,-0.240113,-0.801857,-0.801857,0.301193,0.301193,-2.08517,-2.082905,0.514872,0.514864,0.12,0.119997,0.0,4e-06,-0.1,-0.100004,0.2,0.199996,-0.1,-0.100002,-0.0,-2e-06,0.12,0.12,-0.0,1e-06,-0.1,-0.1,0.2,0.2,-0.1,-0.1,0.0,0.0
1787224266.625919,13.06,652,0.766256,0.766256,0.048545,0.048545,-0.128366,-0.128366,-0.240113,-0.240113,-0.801857,-0.801857,0.301193,0.301193,-2.085369,-2.083358,0.514872,0.514865,0.12,0.119997,0.0,-5e-06,-0.1,-0.100005,0.2,0.199996,-0.1,-0.100002,-0.0,-2e-06,0.12,0.12,-0.0,1e-06,-0.1,-0.1,0.2,0.2,-0.1,-0.1,0.0,0.0
1787224266.645622,13.08,653,0.766256,0.766256,0.048545,0.048545,-0.128366,-0.128366,-0.240113,-0.240113,-0.801857,-0.801857,0.301193,0.301193,-2.085369,-2.08376,0.514872,0.514867,0.12,0.119997,0.0,-5e-06,-0.1,-0.100005,0.2,0.199996,-0.1,-0.100002,-0.0,-2e-06,0.12,0.12,-0.0,1e-06,-0.1,-0.099999,0.2,0.2,-0.1,-0.1,0.0,0.0
1787224266.671006,13.1,654,0.766256,0.766256,0.048545,0.048545,-0.128366,-0.128366,-0.240113,-0.240113,-0.801857,-0.801857,0.301193,0.301193,-2.085489,-2.084082,0.514872,0.514868,0.12,0.119997,0.0,5e-06,-0.1,-0.100005,0.2,0.199996,-0.1,-0.100002,-0.0,2e-06,0.12,0.12,-0.0,1e-06,-0.1,-0.099999,0.2,0.2,-0.1,-0.1,0.0,0.0
1787224266.691213,13.12,655,0.766256,0.766256,0.048545,0.048545,-0.128366,-0.128366,-0.240113,-0.240113,-0.801857,-0.801857,0.301193,0.301193,-2.085489,-2.084363,0.514872,0.514869,0.12,0.119997,0.0,-5e-06,-0.1,-0.100005,0.2,0.199996,-0.1,-0.100002,-0.0,-2e-06,0.12,0.120001,-0.0,1e-06,-0.1,-0.099999,0.2,0.2,-0.1,-0.1,0.0,0.0
1787224266.711269,13.14,656,0.766256,0.766256,0.048545,0.048545,-0.128366,-0.128366,-0.240113,-0.240113,-0.801857,-0.801857,0.301193,0.301193,-2.085561,-2.084588,0.514872,0.51487,0.12,0.119997,0.0,-5e-06,-0.1,-0.100005,0.2,0.199996,-0.1,-0.100002,-0.0,-2e-06,0.12,0.120001,-0.0,1e-06,-0.1,-0.099999,0.2,0.2,-0.1,-0.1,0.0,0.0
1787224266.729079,13.16,657,0.766256,0.766256,0.048545,0.048545,-0.128366,-0.128366,-0.240113,-0.240113,-0.801857,-0.801857,0.301193,0.301193,-2.085561,-2.084782,0.514872,0.51487,0.12,0.119997,0.0,5e-06,-0.1,-0.100005,0.2,0.199996,-0.1,-0.100002,-0.0,-2e-06,0.12,0.120001,-0.0,1e-06,-0.1,-0.099999,0.2,0.2,-0.1,-0.1,0.0,-0.0
1787224266.749798,13.18,658,0.766256,0.766256,0.048545,0.048545,-0.128366,-0.128366,-0.240113,-0.240113,-0.801857,-0.801857,0.301193,0.301193,-2.085604,-2.084938,0.514872,0.514871,0.12,0.119997,0.0,-5e-06,-0.1,-0.100005,0.2,0.199996,-0.1,-0.100002,-0.0,-2e-06,0.12,0.120001,-0.0,1e-06,-0.1,-0.099999,0.2,0.2,-0.1,-0.1,0.0,0.0
1787224266.769085,13.2,659,0.766256,0.766256,0.048545,0.048545,-0.128366,-0.128366,-0.240113,-0.240113,-0.801857,-0.801857,0.301193,0.301193,-2.085604,-2.085071,0.514872,0.514871,0.12,0.119997,0.0,-5e-06,-0.1,-0.100005,0.2,0.199996,-0.1,-0.100002,-0.0,2e-06,0.12,0.120001,-0.0,1e-06,-0.1,-0.099999,0.2,0.2,-0.1,-0.1,0.0,0.0
1787224266.78712,13.22,660,0.766256,0.766256,0.048545,0.048545,-0.128366,-0.128366,-0.240113,-0.240113,-0.801857,-0.801857,0.301193,0.301193,-2.085604,-2.085177,0.514872,0.514872,0.12,0.119997,0.0,5e-06,-0.1,-0.100005,0.2,0.199996,-0.1,-0.100002,-0.0,-2e-06,0.12,0.120001,-0.0,1e-06,-0.1,-0.099999,0.2,0.2,-0.1,-0.1,0.0,0.0
1787224266.809204,13.24,661,0.766256,0.766256,0.048545,0.048545,-0.128366,-0.128366,-0.240113,-0.240113,-0.801857,-0.801857,0.301193,0.301193,-2.08563,-2.085262,0.514872,0.514872,0.12,0.119997,0.0,-5e-06,-0.1,-0.100005,0.2,0.199996,-0.1,-0.100002,-0.0,-2e-06,0.12,0.120001,-0.0,-1e-06,-0.1,-0.099999,0.2,0.2,-0.1,-0.1,0.0,0.0
1787224266.824949,13.26,662,0.766256,0.766256,0.048545,0.048545,-0.128366,-0.128366,-0.240113,-0.240113,-0.801857,-0.801857,0.301193,0.301193,-2.08563,-2.085335,0.514872,0.514872,0.12,0.119997,0.0,5e-06,-0.1,-0.100005,0.2,0.199996,-0.1,-0.100002,-0.0,-2e-06,0.12,0.120001,-0.0,1e-06,-0.1,-0.099999,0.2,0.2,-0.1,-0.1,0.0,-0.0
1787224266.844958,13.28,663,0.766256,0.766256,0.048545,0.048545,-0.128366,-0.128366,-0.240113,-0.240113,-0.801857,-0.801857,0.301193,0.301193,-2.085645,-2.085394,0.514872,0.514872,0.12,0.119997,0.0,-5e-06,-0.1,-0.100005,0.2,0.199996,-0.1,-0.100002,-0.0,-2e-06,0.12,0.120001,-0.0,1e-06,-0.1,-0.099999,0.2,0.2,-0.1,-0.1,0.0,0.0
1787224266.868121,13.3,664,0.766256,0.766256,0.048545,0.048545,-0.128366,-0.128366,-0.240113,-0.240113,-0.801857,-0.801857,0.301193,0.301193,-2.085645,-2.085444,0.514872,0.514872,0.12,0.119997,0.0,-5e-06,-0.1,-0.100005,0.2,0.199996,-0.1,-0.100002,-0.0,2e-06,0.12,0.120001,-0.0,-1e-06,-0.1,-0.099999,0.2,0.2,-0.1,-0.1,0.0,0.0
1787224266.888511,13.32,665,0.766256,0.766256,0.048545,0.048545,-0.128366,-0.128366,-0.240113,-0.240113,-0.801857,-0.801857,0.301193,0.301193,-2.085645,-2.085484,0.514872,0.514872,0.12,0.119997,0.0,5e-06,-0.1,-0.100005,0.2,0.199996,-0.1,-0.100002,-0.0,-2e-06,0.12,0.120001,-0.0,1e-06,-0.1,-0.099999,0.2,0.2,-0.1,-0.1,0.0,-0.0
1787224266.912614,13.34,666,0.766256,0.766256,0.048545,0.048545,-0.128366,-0.128366,-0.240113,-0.240113,-0.801857,-0.801857,0.301193,0.301193,-2.085654,-2.085516,0.514872,0.514872,0.12,0.119998,0.0,-4e-06,-0.1,-0.100004,0.2,0.199997,-0.1,-0.100001,-0.0,1e-06,0.12,0.119999,-0.0,-1e-06,-0.1,-0.100001,0.2,0.199999,-0.1,-0.1,0.0,-0.0
1787224266.932896,13.36,667,0.766256,0.766256,0.048545,0.048545,-0.128366,-0.128366,-0.240113,-0.240114,-0.801857,-0.801857,0.301193,0.301193,-2.085654,-2.085544,0.514872,0.514871,0.12,0.119998,0.0,3e-06,-0.1,-0.100003,0.2,0.199998,-0.1,-0.100001,-0.0,-1e-06,0.12,0.119999,-0.0,-2e-06,-0.1,-0.100002,0.2,0.199999,-0.1,-0.100001,0.0,-1e-06
1787224266.954696,13.38,668,0.766256,0.766256,0.048545,0.048545,-0.128366,-0.128366,-0.240113,-0.240114,-0.801857,-0.801857,0.301193,0.301193,-2.08566,-2.085566,0.514872,0.514871,0.12,0.119999,0.0,-2e-06,-0.1,-0.100002,0.2,0.199998,-0.1,-0.100001,-0.0,1e-06,0.12,0.119998,-0.0,3e-06,-0.1,-0.100002,0.2,0.199998,-0.1,-0.100001,0.0,1e-06
1787224266.974415,13.4,669,0.766256,0.766256,0.048545,0.048545,-0.128366,-0.128366,-0.240113,-0.240114,-0.801857,-0.801857,0.301193,0.301193,-2.08566,-2.085585,0.514872,0.514871,0.12,0.119999,0.0,1e-06,-0.1,-0.100001,0.2,0.199999,-0.1,-0.100001,-0.0,-1e-06,0.12,0.119998,-0.0,3e-06,-0.1,-0.100003,0.2,0.199998,-0.1,-0.100001,0.0,1e-06
1787224266.996526,13.42,670,0.766256,0.766256,0.048545,0.048545,-0.128366,-0.128366,-0.240113,-0.240114,-0.801857,-0.801857,0.301193,0.301193,-2.085663,-2.0856,0.514872,0.514871,0.12,0.12,0.0,-1e-06,-0.1,-0.100001,0.2,0.199999,-0.1,-0.100001,-0.0,1e-06,0.12,0.119998,-0.0,-3e-06,-0.1,-0.100003,0.2,0.199997,-0.1,-0.100001,0.0,1e-06
1787224267.013952,13.44,671,0.766256,0.766256,0.048545,0.048545,-0.128366,-0.128366,-0.240113,-0.240114,-0.801857,-0.801857,0.301193,0.301193,-2.085663,-2.085613,0.514872,0.514871,0.12,0.12,0.0,-1e-06,-0.1,-0.100001,0.2,0.199999,-0.1,-0.1,-0.0,-0.0,0.12,0.119998,-0.0,4e-06,-0.1,-0.100004,0.2,0.199997,-0.1,-0.100001,0.0,-1e-06
1787224267.037465,13.46,672,0.766256,0.766256,0.048545,0.048545,-0.128366,-0.128366,-0.240113,-0.240114,-0.801857,-0.801857,0.301193,0.301193,-2.085665,-2.085623,0.514872,0.51487,0.12,0.12,0.0,-0.0,-0.1,-0.1,0.2,0.2,-0.1,-0.1,-0.0,0.0,0.12,0.119998,-0.0,4e-06,-0.1,-0.100004,0.2,0.199997,-0.1,-0.100001,0.0,1e-06
1787224267.051183,13.48,673,0.766256,0.766256,0.048545,0.048545,-0.128366,-0.128366,-0.240113,-0.240114,-0.801857,-0.801857,0.301193,0.301193,-2.085665,-2.085632,0.514872,0.51487,0.12,0.12,0.0,-0.0,-0.1,-0.1,0.2,0.2,-0.1,-0.1,-0.0,-0.0,0.12,0.119998,-0.0,-4e-06,-0.1,-0.100004,0.2,0.199997,-0.1,-0.100001,0.0,2e-06
1787224267.070241,13.5,674,0.766256,0.766256,0.048545,0.048545,-0.128366,-0.128366,-0.240113,-0.240114,-0.801857,-0.801857,0.301193,0.301193,-2.085665,-2.085639,0.514872,0.51487,0.12,0.12,0.0,-0.0,-0.1,-0.1,0.2,0.2,-0.1,-0.1,-0.0,0.0,0.12,0.119998,-0.0,4e-06,-0.1,-0.100004,0.2,0.199997,-0.1,-0.100001,0.0,2e-06
1787224267.090705,13.52,675,0.766256,0.766256,0.048545,0.048545,-0.128366,-0.128366,-0.240113,-0.240114,-0.801857,-0.801857,0.301193,0.301193,-2.085667,-2.085644,0.514872,0.51487,0.12,0.12,0.0,-0.0,-0.1,-0.1,0.2,0.2,-0.1,-0.1,-0.0,-0.0,0.12,0.119998,-0.0,-4e-06,-0.1,-0.100004,0.2,0.199997,-0.1,-0.100001,0.0,2e-06
1787224267.110154,13.54,676,0.766256,0.766256,0.048545,0.048545,-0.128366,-0.128366,-0.240113,-0.240114,-0.801857,-0.801857,0.301193,0.301193,-2.085667,-2.085649,0.514872,0.51487,0.12,0.12,0.0,-0.0,-0.1,-0.1,0.2,0.2,-0.1,-0.1,-0.0,0.0,0.12,0.119998,-0.0,4e-06,-0.1,-0.100004,0.2,0.199997,-0.1,-0.100001,0.0,-2e-06
1787224267.14189,13.56,677,0.766256,0.766256,0.048545,0.048545,-0.128366,-0.128366,-0.240113,-0.240114,-0.801857,-0.801857,0.301193,0.301193,-2.085667,-2.085652,0.514872,0.51487,0.12,0.12,0.0,-1e-06,-0.1,-0.099999,0.2,0.2,-0.1,-0.1,-0.0,-0.0,0.12,0.119998,-0.0,4e-06,-0.1,-0.100004,0.2,0.199997,-0.1,-0.100001,0.0,2e-06
