wall_time_s,sim_time_s,frame_index,LShoulderPitch_cmd_rad,LShoulderPitch_meas_rad,RShoulderPitch_cmd_rad,RShoulderPitch_meas_rad,LShoulderRoll_cmd_rad,LShoulderRoll_meas_rad,RShoulderRoll_cmd_rad,RShoulderRoll_meas_rad,LElbowRoll_cmd_rad,LElbowRoll_meas_rad,RElbowRoll_cmd_rad,RElbowRoll_meas_rad,HeadYaw_cmd_rad,HeadYaw_meas_rad,HeadPitch_cmd_rad,HeadPitch_meas_rad,LHipYawPitch_cmd_rad,LHipYawPitch_meas_rad,LHipRoll_cmd_rad,LHipRoll_meas_rad,LHipPitch_cmd_rad,LHipPitch_meas_rad,LKneePitch_cmd_rad,LKneePitch_meas_rad,LAnklePitch_cmd_rad,LAnklePitch_meas_rad,LAnkleRoll_cmd_rad,LAnkleRoll_meas_rad,RHipYawPitch_cmd_rad,RHipYawPitch_meas_rad,RHipRoll_cmd_rad,RHipRoll_meas_rad,RHipPitch_cmd_rad,RHipPitch_meas_rad,RKneePitch_cmd_rad,RKneePitch_meas_rad,RAnklePitch_cmd_rad,RAnklePitch_meas_rad,RAnkleRoll_cmd_rad,RAnkleRoll_meas_rad
1787225933.335076,0.02,0,1.48353,1.289244,1.48353,1.147964,0.174533,0.196134,-0.174533,0.265258,-0.523599,-0.910419,0.523599,0.896033,-0.834267,0.287258,0.205949,-0.004253,0.0,0.107517,0.0,-1e-06,-0.1,-0.080804,0.2,0.180799,-0.1,-0.0808,0.0,-1e-06,0.0,0.107522,0.0,0.228239,-0.1,-0.460421,0.2,0.119234,-0.1,0.067761,0.0,-0.228235
1787225933.353629,0.04,1,1.48353,1.328104,1.48353,1.197561,0.174533,0.191912,-0.174533,0.222259,-0.523599,-0.867321,0.523599,0.852959,-0.834267,0.204399,0.205949,0.037244,-0.004805,0.086017,0.0,-1e-06,-0.1,-0.084642,0.2,0.184638,-0.1,-0.084639,0.0,-1e-06,-0.004805,0.086018,0.0,0.192882,-0.1,-0.40603,0.2,0.135373,-0.1,0.034223,0.0,-0.192881
1787225933.373027,0.06,2,1.48353,1.359162,1.48353,1.246843,0.174533,0.188316,-0.174533,0.179051,-0.523599,-0.824233,0.523599,0.809926,-0.834267,0.121726,0.205949,0.070481,-0.022983,0.067853,0.0,-1e-06,-0.1,-0.087713,0.2,0.18771,-0.1,-0.087711,0.0,-1e-06,-0.022983,0.067856,0.0,0.157528,-0.1,-0.351656,0.2,0.148291,-0.1,0.007405,0.0,-0.157537
1787225933.39531,0.08,3,1.48353,1.384057,1.48353,1.294445,0.174533,0.185844,-0.174533,0.136576,-0.523599,-0.78114,0.523599,0.766876,-1.334828,0.038996,0.329518,0.097027,0.052478,0.04969,0.0,0.0,-0.1,-0.09017,0.2,0.190167,-0.1,-0.090168,0.0,-1e-06,0.052478,0.049691,0.0,0.126027,-0.1,-0.301341,0.2,0.158622,-0.1,-0.01406,0.0,-0.126038
1787225933.411833,0.1,4,1.48353,1.403971,1.48353,1.33249,0.174533,0.183789,-0.174533,0.09396,-0.523599,-0.738021,0.523599,0.72379,-1.334828,-0.043599,0.329518,0.14322,0.074655,0.050247,0.0,0.0,-0.1,-0.092136,0.2,0.192133,-0.1,-0.092135,0.0,-0.0,0.074655,0.050249,0.0,0.100826,-0.1,-0.261084,0.2,0.166893,-0.1,-0.03124,0.0,-0.100836
1787225933.429599,0.12,5,1.48353,1.41989,1.48353,1.362729,0.174533,0.182023,-0.174533,0.051094,-0.523599,-0.695152,0.523599,0.683795,-1.635164,-0.12612,0.40366,0.180173,-0.061603,0.055128,0.0,1e-06,-0.1,-0.09371,0.2,0.193706,-0.1,-0.093708,0.0,-0.0,-0.061603,0.05513,0.0,0.080663,-0.1,-0.228872,0.2,0.173512,-0.1,-0.044987,0.0,-0.080671
1787225933.446847,0.14,6,1.48353,1.432617,1.48353,1.386717,0.174533,0.180532,-0.174533,0.008053,-0.523599,-0.660855,0.523599,0.651787,-1.635164,-0.208601,0.40366,0.224409,-0.102481,0.031782,0.0,0.0,-0.1,-0.094968,0.2,0.194965,-0.1,-0.094966,0.0,-0.0,-0.102481,0.031784,0.0,0.064532,-0.1,-0.203101,0.2,0.178808,-0.1,-0.055987,0.0,-0.06454
1787225933.463907,0.16,7,1.48353,1.442797,1.48353,1.405885,0.174533,0.17932,-0.174533,-0.028418,-0.523599,-0.63341,0.523599,0.626166,-1.635164,-0.291043,0.40366,0.259891,-0.114744,0.004931,0.0,0.0,-0.1,-0.095974,0.2,0.195972,-0.1,-0.095973,0.0,-0.0,-0.114744,0.004934,0.0,0.051628,-0.1,-0.182484,0.2,0.183045,-0.1,-0.064789,0.0,-0.051636
1787225933.484918,0.18,8,1.48353,1.450941,1.48353,1.421248,0.174533,0.178346,-0.174533,-0.057622,-0.523599,-0.611451,0.523599,0.605661,-1.815366,-0.37348,0.448145,0.288379,-0.118423,-0.019003,0.0,0.0,-0.1,-0.096779,0.2,0.196778,-0.1,-0.096778,0.0,-0.0,-0.118423,-0.019,0.0,0.041303,-0.1,-0.165989,0.2,0.186436,-0.1,-0.07183,0.0,-0.041311
1787225933.503255,0.2,9,1.48353,1.457459,1.48353,1.433656,0.174533,0.177591,-0.174533,-0.080956,-0.523599,-0.593882,0.523599,0.589251,-1.815366,-0.45596,0.448145,0.319917,-0.119527,-0.038886,0.0,0.0,-0.1,-0.097423,0.2,0.197422,-0.1,-0.097423,0.0,-0.0,-0.119527,-0.038884,0.0,0.033043,-0.1,-0.152791,0.2,0.189149,-0.1,-0.077464,0.0,-0.03305
1787225933.522083,0.22,10,1.48353,1.462673,1.48353,1.443583,0.174533,0.176979,-0.174533,-0.099648,-0.523599,-0.579825,0.523599,0.576122,-1.923487,-0.538485,0.474836,0.345093,-0.119858,-0.055013,0.0,0.0,-0.1,-0.097938,0.2,0.197938,-0.1,-0.097938,0.0,-0.0,-0.119858,-0.055011,0.0,0.026434,-0.1,-0.142233,0.2,0.191319,-0.1,-0.081971,0.0,-0.026441
1787225933.540464,0.24,11,1.48353,1.466845,1.48353,1.45154,0.174533,0.17649,-0.174533,-0.114609,-0.523599,-0.56858,0.523599,0.565617,-1.923487,-0.621031,0.474836,0.370496,-0.119957,-0.067981,0.0,0.0,-0.1,-0.09835,0.2,0.198351,-0.1,-0.098351,0.0,-0.0,-0.119957,-0.06798,0.0,0.021147,-0.1,-0.133786,0.2,0.193055,-0.1,-0.085577,0.0,-0.021153
1787225933.562079,0.26,12,1.48353,1.470182,1.48353,1.457916,0.174533,0.176098,-0.174533,-0.126583,-0.523599,-0.559584,0.523599,0.557213,-1.923487,-0.703619,0.474836,0.390733,-0.119987,-0.078376,0.0,0.0,-0.1,-0.09868,0.2,0.198681,-0.1,-0.09868,0.0,-0.0,-0.119987,-0.078374,0.0,0.016918,-0.1,-0.127029,0.2,0.194444,-0.1,-0.088461,0.0,-0.016923
1787225933.582183,0.28,13,1.48353,1.472851,1.48353,1.463021,0.174533,0.175784,-0.174533,-0.136169,-0.523599,-0.552387,0.523599,0.55049,-1.923487,-0.786183,0.474836,0.407115,-0.119996,-0.086697,0.0,0.0,-0.1,-0.098944,0.2,0.198945,-0.1,-0.098944,0.0,-0.0,-0.119996,-0.086697,0.0,0.013534,-0.1,-0.121623,0.2,0.195555,-0.1,-0.090769,0.0,-0.013539
1787225933.602562,0.3,14,1.48353,1.474987,1.48353,1.467112,0.174533,0.175533,-0.174533,-0.143839,-0.523599,-0.546629,0.523599,0.545112,-1.923487,-0.868772,0.474836,0.420244,-0.119999,-0.093357,0.0,0.0,-0.1,-0.099155,0.2,0.199156,-0.1,-0.099156,0.0,-0.0,-0.119999,-0.093356,0.0,0.010827,-0.1,-0.117298,0.2,0.196444,-0.1,-0.092615,0.0,-0.010831
1787225933.622901,0.32,15,1.48353,1.476696,1.48353,1.47039,0.174533,0.175333,-0.174533,-0.149975,-0.523599,-0.542023,0.523599,0.540809,-1.923487,-0.951379,0.474836,0.430789,-0.12,-0.098685,0.0,0.0,-0.1,-0.099324,0.2,0.199325,-0.1,-0.099325,0.0,-0.0,-0.12,-0.098684,0.0,0.008662,-0.1,-0.113838,0.2,0.197156,-0.1,-0.094092,0.0,-0.008665
1787225933.648028,0.34,16,1.48353,1.478062,1.48353,1.473016,0.174533,0.175174,-0.174533,-0.154885,-0.523599,-0.538339,0.523599,0.537368,-1.923487,-1.033971,0.474836,0.439477,-0.12,-0.102947,0.0,-0.0,-0.1,-0.099459,0.2,0.19946,-0.1,-0.09946,0.0,-0.0,-0.12,-0.102947,0.0,0.006929,-0.1,-0.111071,0.2,0.197724,-0.1,-0.095274,0.0,-0.006932
1787225933.668306,0.36,17,1.48353,1.479156,1.48353,1.475117,0.174533,0.175045,-0.174533,-0.158814,-0.523599,-0.535391,0.523599,0.534614,-1.923487,-1.116579,0.474836,0.446567,-0.12,-0.106358,0.0,-0.0,-0.1,-0.099567,0.2,0.199568,-0.1,-0.099568,0.0,-0.0,-0.12,-0.106357,0.0,0.005544,-0.1,-0.108856,0.2,0.19818,-0.1,-0.096219,0.0,-0.005545
1787225933.691921,0.38,18,1.48353,1.480031,1.48353,1.476798,0.174533,0.174943,-0.174533,-0.161957,-0.523599,-0.533032,0.523599,0.532411,-1.923487,-1.199192,0.474836,0.452379,-0.12,-0.109086,0.0,-0.0,-0.1,-0.099653,0.2,0.199655,-0.1,-0.099654,0.0,-0.0,-0.12,-0.109085,0.0,0.004435,-0.1,-0.107085,0.2,0.198544,-0.1,-0.096975,0.0,-0.004436
1787225933.719924,0.4,19,1.48353,1.480731,1.48353,1.478143,0.174533,0.174861,-0.174533,-0.164472,-0.523599,-0.531146,0.523599,0.530649,-1.528789,-1.281816,0.49085,0.457049,-0.12,-0.111268,0.0,-0.0,-0.1,-0.099722,0.2,0.199724,-0.1,-0.099723,0.0,-0.0,-0.12,-0.111267,0.0,0.003548,-0.1,-0.105668,0.2,0.198835,-0.1,-0.09758,0.0,-0.003549
1787225933.735734,0.42,20,1.48353,1.481291,1.48353,1.47922,0.174533,0.174795,-0.174533,-0.166484,-0.523599,-0.529636,0.523599,0.529239,-1.528789,-1.331171,0.49085,0.463859,-0.12,-0.113014,0.0,-0.0,-0.1,-0.099778,0.2,0.199779,-0.1,-0.099779,0.0,-0.0,-0.12,-0.113014,0.0,0.002838,-0.1,-0.104534,0.2,0.199068,-0.1,-0.098064,0.0,-0.002839
1787225933.756512,0.44,21,1.48353,1.481739,1.48353,1.480081,0.174533,0.174743,-0.174533,-0.168094,-0.523599,-0.528429,0.523599,0.528111,-1.528789,-1.370671,0.49085,0.469281,-0.12,-0.114411,0.0,-0.0,-0.1,-0.099822,0.2,0.199823,-0.1,-0.099823,0.0,-0.0,-0.12,-0.11441,0.0,0.002271,-0.1,-0.103627,0.2,0.199255,-0.1,-0.098451,0.0,-0.002271
1787225933.77442,0.46,22,1.48353,1.482097,1.48353,1.480771,0.174533,0.174701,-0.174533,-0.169382,-0.523599,-0.527463,0.523599,0.527208,-1.528789,-1.402279,0.49085,0.473607,-0.12,-0.115529,0.0,-0.0,-0.1,-0.099857,0.2,0.199859,-0.1,-0.099858,0.0,-0.0,-0.12,-0.115528,0.0,0.001817,-0.1,-0.102901,0.2,0.199404,-0.1,-0.098761,0.0,-0.001817
1787225933.792515,0.48,23,1.48353,1.482384,1.48353,1.481322,0.174533,0.174667,-0.174533,-0.170412,-0.523599,-0.52669,0.523599,0.526486,-1.528789,-1.427572,0.49085,0.477062,-0.12,-0.116423,0.0,-0.0,-0.1,-0.099886,0.2,0.199887,-0.1,-0.099887,0.0,0.0,-0.12,-0.116422,0.0,0.001453,-0.1,-0.102321,0.2,0.199523,-0.1,-0.099009,0.0,-0.001454
1787225933.809658,0.5,24,1.48353,1.482613,1.48353,1.481764,0.174533,0.17464,-0.174533,-0.171236,-0.523599,-0.526072,0.523599,0.525909,-1.528789,-1.44781,0.49085,0.479823,-0.12,-0.117138,0.0,-0.0,-0.1,-0.099908,0.2,0.19991,-0.1,-0.099909,0.0,0.0,-0.12,-0.117137,0.0,0.001163,-0.1,-0.101856,0.2,0.199619,-0.1,-0.099207,0.0,-0.001163
1787225933.829865,0.52,25,1.48353,1.482796,1.48353,1.482117,0.174533,0.174619,-0.174533,-0.171895,-0.523599,-0.525577,0.523599,0.525447,-1.562898,-1.464002,0.500459,0.48203,-0.12,-0.11771,0.0,-0.0,-0.1,-0.099926,0.2,0.199928,-0.1,-0.099927,0.0,0.0,-0.12,-0.117709,0.0,0.00093,-0.1,-0.101485,0.2,0.199695,-0.1,-0.099366,0.0,-0.00093
1787225933.847544,0.54,26,1.48353,1.482943,1.48353,1.4824,0.174533,0.174602,-0.174533,-0.172423,-0.523599,-0.525181,0.523599,0.525077,-1.562898,-1.483775,0.500459,0.485723,-0.12,-0.118168,0.0,-0.0,-0.1,-0.099941,0.2,0.199943,-0.1,-0.099942,0.0,0.0,-0.12,-0.118167,0.0,0.000744,-0.1,-0.101188,0.2,0.199756,-0.1,-0.099492,0.0,-0.000744
1787225933.868206,0.56,27,1.48353,1.483061,1.48353,1.482626,0.174533,0.174588,-0.174533,-0.172845,-0.523599,-0.524865,0.523599,0.524781,-1.562898,-1.499595,0.500459,0.488675,-0.12,-0.118534,0.0,-0.0,-0.1,-0.099952,0.2,0.199954,-0.1,-0.099954,0.0,0.0,-0.12,-0.118533,0.0,0.000595,-0.1,-0.10095,0.2,0.199805,-0.1,-0.099594,0.0,-0.000595
1787225933.889223,0.58,28,1.48353,1.483155,1.48353,1.482807,0.174533,0.174577,-0.174533,-0.173182,-0.523599,-0.524612,0.523599,0.524545,-1.772006,-1.512253,0.506224,0.491035,-0.12,-0.118827,0.0,-0.0,-0.1,-0.099962,0.2,0.199963,-0.1,-0.099963,0.0,0.0,-0.12,-0.118826,0.0,0.000476,-0.1,-0.10076,0.2,0.199844,-0.1,-0.099675,0.0,-0.000476
1787225933.909098,0.6,29,1.48353,1.48323,1.48353,1.482952,0.174533,0.174568,-0.174533,-0.173453,-0.523599,-0.524409,0.523599,0.524356,-1.772006,-1.564184,0.506224,0.494176,-0.12,-0.119061,0.0,-0.0,-0.1,-0.099969,0.2,0.199971,-0.1,-0.09997,0.0,0.0,-0.12,-0.11906,0.0,0.000381,-0.1,-0.100607,0.2,0.199875,-0.1,-0.09974,0.0,-0.000381
1787225933.935523,0.62,30,1.48353,1.48329,1.48353,1.483067,0.174533,0.174561,-0.174533,-0.173669,-0.523599,-0.524247,0.523599,0.524204,-1.897471,-1.605736,0.509683,0.496659,-0.12,-0.119249,0.0,-0.0,-0.1,-0.099975,0.2,0.199977,-0.1,-0.099976,0.0,0.0,-0.12,-0.119248,0.0,0.000305,-0.1,-0.100486,0.2,0.1999,-0.1,-0.099792,0.0,-0.000305
1787225933.956201,0.64,31,1.48353,1.483338,1.48353,1.48316,0.174533,0.174555,-0.174533,-0.173842,-0.523599,-0.524117,0.523599,0.524083,-1.897471,-1.664058,0.509683,0.499404,-0.12,-0.119399,0.0,-0.0,-0.1,-0.09998,0.2,0.199981,-0.1,-0.099981,0.0,0.0,-0.12,-0.119398,0.0,0.000244,-0.1,-0.100388,0.2,0.19992,-0.1,-0.099834,0.0,-0.000244
1787225933.981267,0.66,32,1.48353,1.483376,1.48353,1.483234,0.174533,0.174551,-0.174533,-0.17398,-0.523599,-0.524014,0.523599,0.523986,-1.97275,-1.710726,0.511759,0.501548,-0.12,-0.119519,0.0,-0.0,-0.1,-0.099984,0.2,0.199985,-0.1,-0.099985,0.0,0.0,-0.12,-0.119518,0.0,0.000195,-0.1,-0.10031,0.2,0.199936,-0.1,-0.099867,0.0,-0.000195
1787225933.99839,0.68,33,1.48353,1.483407,1.48353,1.483293,0.174533,0.174547,-0.174533,-0.17409,-0.523599,-0.523931,0.523599,0.523909,-1.97275,-1.763113,0.511759,0.503694,-0.12,-0.119615,0.0,-0.0,-0.1,-0.099987,0.2,0.199988,-0.1,-0.099988,0.0,0.0,-0.12,-0.119614,0.0,0.000156,-0.1,-0.100248,0.2,0.199949,-0.1,-0.099894,0.0,-0.000156
1787225934.016685,0.7,34,1.48353,1.483432,1.48353,1.483341,0.174533,0.174544,-0.174533,-0.174179,-0.523599,-0.523864,0.523599,0.523847,-1.97275,-1.805031,0.511759,0.505369,-0.12,-0.119691,0.0,-0.0,-0.1,-0.099989,0.2,0.199991,-0.1,-0.09999,0.0,0.0,-0.12,-0.119691,0.0,0.000125,-0.1,-0.100198,0.2,0.19996,-0.1,-0.099915,0.0,-0.000125
1787225934.035906,0.72,35,1.48353,1.483452,1.48353,1.483379,0.174533,0.174542,-0.174533,-0.17425,-0.523599,-0.523811,0.523599,0.523797,-1.951612,-1.838569,0.513004,0.506683,-0.12,-0.119753,0.0,-0.0,-0.1,-0.099991,0.2,0.199993,-0.1,-0.099992,0.0,0.0,-0.12,-0.119752,0.0,0.0001,-0.1,-0.100158,0.2,0.199968,-0.1,-0.099932,0.0,-0.0001
1787225934.053215,0.74,36,1.48353,1.483467,1.48353,1.483409,0.174533,0.17454,-0.174533,-0.174306,-0.523599,-0.523769,0.523599,0.523757,-1.951612,-1.861175,0.513004,0.507961,-0.12,-0.119802,0.0,-0.0,-0.1,-0.099992,0.2,0.199994,-0.1,-0.099994,0.0,0.0,-0.12,-0.119801,0.0,8e-05,-0.1,-0.100126,0.2,0.199974,-0.1,-0.099945,0.0,-8e-05
1787225934.076918,0.76,37,1.48353,1.48348,1.48353,1.483433,0.174533,0.174539,-0.174533,-0.174352,-0.523599,-0.523735,0.523599,0.523726,-2.005234,-1.879261,0.513751,0.508978,-0.12,-0.119841,0.0,-0.0,-0.1,-0.099994,0.2,0.199996,-0.1,-0.099995,0.0,0.0,-0.12,-0.119841,0.0,6.4e-05,-0.1,-0.100101,0.2,0.19998,-0.1,-0.099956,0.0,-6.4e-05
1787225934.09485,0.78,38,1.48353,1.48349,1.48353,1.483453,0.174533,0.174538,-0.174533,-0.174388,-0.523599,-0.523707,0.523599,0.5237,-2.005234,-1.904453,0.513751,0.509949,-0.12,-0.119873,0.0,-0.0,-0.1,-0.099995,0.2,0.199997,-0.1,-0.099996,0.0,0.0,-0.12,-0.119872,0.0,5.1e-05,-0.1,-0.10008,0.2,0.199984,-0.1,-0.099965,0.0,-5.1e-05
1787225934.117914,0.8,39,1.48353,1.483498,1.48353,1.483468,0.174533,0.174537,-0.174533,-0.174417,-0.523599,-0.523686,0.523599,0.52368,-2.037408,-1.924608,0.5142,0.51072,-0.12,-0.119898,0.0,-0.0,-0.1,-0.099996,0.2,0.199997,-0.1,-0.099997,0.0,0.0,-0.12,-0.119897,0.0,4.1e-05,-0.1,-0.100064,0.2,0.199987,-0.1,-0.099972,0.0,-4.1e-05
1787225934.134397,0.82,40,1.48353,1.483505,1.48353,1.483481,0.174533,0.174536,-0.174533,-0.17444,-0.523599,-0.523668,0.523599,0.523664,-2.037408,-1.947166,0.5142,0.511429,-0.12,-0.119918,0.0,-0.0,-0.1,-0.099996,0.2,0.199998,-0.1,-0.099997,0.0,0.0,-0.12,-0.119917,0.0,3.3e-05,-0.1,-0.100051,0.2,0.19999,-0.1,-0.099978,0.0,-3.3e-05
1787225934.15619,0.84,41,1.48353,1.48351,1.48353,1.483491,0.174533,0.174535,-0.174533,-0.174459,-0.523599,-0.523654,0.523599,0.523651,-2.056712,-1.965214,0.514469,0.511991,-0.12,-0.119934,0.0,-0.0,-0.1,-0.099997,0.2,0.199998,-0.1,-0.099998,0.0,0.0,-0.12,-0.119933,0.0,2.6e-05,-0.1,-0.100041,0.2,0.199992,-0.1,-0.099982,0.0,-2.6e-05
1787225934.174056,0.86,42,1.48353,1.483514,1.48353,1.483499,0.174533,0.174535,-0.174533,-0.174474,-0.523599,-0.523643,0.523599,0.52364,-2.056712,-1.983513,0.514469,0.512495,-0.12,-0.119947,0.0,-0.0,-0.1,-0.099997,0.2,0.199999,-0.1,-0.099998,0.0,0.0,-0.12,-0.119946,0.0,2.1e-05,-0.1,-0.100032,0.2,0.199994,-0.1,-0.099986,0.0,-2.1e-05
1787225934.193513,0.88,43,1.48353,1.483517,1.48353,1.483505,0.174533,0.174534,-0.174533,-0.174485,-0.523599,-0.523634,0.523599,0.523632,-2.056712,-1.998152,0.514469,0.512894,-0.12,-0.119957,0.0,-0.0,-0.1,-0.099997,0.2,0.199999,-0.1,-0.099999,0.0,0.0,-0.12,-0.119957,0.0,1.7e-05,-0.1,-0.100025,0.2,0.199995,-0.1,-0.099989,0.0,-1.7e-05
1787225934.220654,0.9,44,1.48353,1.48352,1.48353,1.48351,0.174533,0.174534,-0.174533,-0.174495,-0.523599,-0.523627,0.523599,0.523625,-2.068295,-2.009864,0.51463,0.513212,-0.12,-0.119966,0.0,-0.0,-0.1,-0.099998,0.2,0.199999,-0.1,-0.099999,0.0,0.0,-0.12,-0.119965,0.0,1.3e-05,-0.1,-0.10002,0.2,0.199996,-0.1,-0.099991,0.0,-1.3e-05
1787225934.242078,0.92,45,1.48353,1.483522,1.48353,1.483514,0.174533,0.174534,-0.174533,-0.174503,-0.523599,-0.523621,0.523599,0.52362,-2.068295,-2.02155,0.51463,0.513499,-0.12,-0.119972,0.0,-0.0,-0.1,-0.099998,0.2,0.2,-0.1,-0.099999,0.0,0.0,-0.12,-0.119972,0.0,1e-05,-0.1,-0.100016,0.2,0.199997,-0.1,-0.099993,0.0,-1.1e-05
1787225934.266869,0.94,46,1.48353,1.483524,1.48353,1.483517,0.174533,0.174534,-0.174533,-0.174509,-0.523599,-0.523617,0.523599,0.523616,-2.068295,-2.030898,0.51463,0.513727,-0.12,-0.119978,0.0,-0.0,-0.1,-0.099998,0.2,0.2,-0.1,-0.099999,0.0,0.0,-0.12,-0.119977,0.0,8e-06,-0.1,-0.100012,0.2,0.199998,-0.1,-0.099994,0.0,-9e-06
1787225934.288311,0.96,47,1.48353,1.483525,1.48353,1.48352,0.174533,0.174534,-0.174533,-0.174513,-0.523599,-0.523613,0.523599,0.523612,-2.068295,-2.038377,0.51463,0.513908,-0.12,-0.119982,0.0,-0.0,-0.1,-0.099998,0.2,0.2,-0.1,-0.099999,0.0,0.0,-0.12,-0.119981,0.0,7e-06,-0.1,-0.10001,0.2,0.199998,-0.1,-0.099995,0.0,-7e-06
1787225934.308618,0.98,48,1.48353,1.483526,1.48353,1.483522,0.174533,0.174533,-0.174533,-0.174517,-0.523599,-0.52361,0.523599,0.52361,-2.068295,-2.044361,0.51463,0.514052,-0.12,-0.119985,0.0,-0.0,-0.1,-0.099998,0.2,0.2,-0.1,-0.1,0.0,-0.0,-0.12,-0.119985,0.0,5e-06,-0.1,-0.100008,0.2,0.199999,-0.1,-0.099996,0.0,-6e-06
1787225934.327972,1.0,49,1.48353,1.483527,1.48353,1.483524,0.174533,0.174533,-0.174533,-0.17452,-0.523599,-0.523608,0.523599,0.523607,-2.068295,-2.049147,0.51463,0.514168,-0.12,-0.119988,0.0,-0.0,-0.1,-0.099998,0.2,0.2,-0.1,-0.1,0.0,-0.0,-0.12,-0.119987,0.0,4e-06,-0.1,-0.100006,0.2,0.199999,-0.1,-0.099997,0.0,-4e-06
1787225934.350042,1.02,50,1.48353,1.483528,1.48353,1.483525,0.174533,0.174533,-0.174533,-0.174523,-0.523599,-0.523606,0.523599,0.523606,-2.075244,-2.052977,0.514727,0.51426,-0.12,-0.11999,0.0,-0.0,-0.1,-0.099999,0.2,0.2,-0.1,-0.1,0.0,-0.0,-0.12,-0.11999,0.0,3e-06,-0.1,-0.100005,0.2,0.199999,-0.1,-0.099998,0.0,-4e-06
1787225934.367595,1.04,51,1.48353,1.483528,1.48353,1.483526,0.174533,0.174533,-0.174533,-0.174525,-0.523599,-0.523605,0.523599,0.523604,-2.075244,-2.05743,0.514727,0.514354,-0.12,-0.119992,0.0,-0.0,-0.1,-0.099999,0.2,0.2,-0.1,-0.1,0.0,-0.0,-0.12,-0.119992,0.0,2e-06,-0.1,-0.100003,0.2,0.199999,-0.1,-0.099998,0.0,-3e-06
1787225934.386986,1.06,52,1.48353,1.483529,1.48353,1.483527,0.174533,0.174533,-0.174533,-0.174527,-0.523599,-0.523603,0.523599,0.523603,-2.079414,-2.060993,0.514785,0.514428,-0.12,-0.119993,0.0,-0.0,-0.1,-0.099999,0.2,0.2,-0.1,-0.1,0.0,-0.0,-0.12,-0.119993,0.0,1e-06,-0.1,-0.100003,0.2,0.2,-0.1,-0.099998,0.0,-2e-06
1787225934.404018,1.08,53,1.48353,1.483529,1.48353,1.483528,0.174533,0.174533,-0.174533,-0.174528,-0.523599,-0.523602,0.523599,0.523602,-2.079414,-2.064677,0.514785,0.5145,-0.12,-0.119995,0.0,-0.0,-0.1,-0.099999,0.2,0.2,-0.1,-0.1,0.0,-0.0,-0.12,-0.119994,0.0,1e-06,-0.1,-0.100002,0.2,0.2,-0.1,-0.099999,0.0,-2e-06
1787225934.423805,1.1,54,1.48353,1.483529,1.48353,1.483528,0.174533,0.174533,-0.174533,-0.174529,-0.523599,-0.523602,0.523599,0.523601,-2.079414,-2.067624,0.514785,0.514557,-0.12,-0.119995,0.0,-0.0,-0.1,-0.099999,0.2,0.2,-0.1,-0.1,0.0,-0.0,-0.12,-0.119995,0.0,1e-06,-0.1,-0.100001,0.2,0.2,-0.1,-0.099999,0.0,-2e-06
1787225934.445559,1.12,55,1.48353,1.483529,1.48353,1.483529,0.174533,0.174533,-0.174533,-0.17453,-0.523599,-0.523601,0.523599,0.523601,-2.079414,-2.069982,0.514785,0.514602,-0.12,-0.119996,0.0,-0.0,-0.1,-0.099999,0.2,0.2,-0.1,-0.1,0.0,-0.0,-0.12,-0.119996,0.0,0.0,-0.1,-0.100001,0.2,0.2,-0.1,-0.099999,0.0,-1e-06
1787225934.464767,1.14,56,1.48353,1.48353,1.48353,1.483529,0.174533,0.174533,-0.174533,-0.17453,-0.523599,-0.523601,0.523599,0.5236,-2.079414,-2.071868,0.514785,0.514639,-0.12,-0.119997,0.0,-0.0,-0.1,-0.099999,0.2,0.2,-0.1,-0.1,0.0,-0.0,-0.12,-0.119996,0.0,-0.0,-0.1,-0.100001,0.2,0.2,-0.1,-0.099999,0.0,-1e-06
1787225934.485715,1.16,57,1.48353,1.48353,1.48353,1.483529,0.174533,0.174533,-0.174533,-0.174531,-0.523599,-0.5236,0.523599,0.5236,-2.079414,-2.073377,0.514785,0.514668,-0.12,-0.119997,0.0,-0.0,-0.1,-0.099999,0.2,0.2,-0.1,-0.1,0.0,-0.0,-0.12,-0.119997,0.0,-0.0,-0.1,-0.1,0.2,0.2,-0.1,-0.099999,0.0,-1e-06
1787225934.507554,1.18,58,1.48353,1.48353,1.48353,1.483529,0.174533,0.174533,-0.174533,-0.174531,-0.523599,-0.5236,0.523599,0.5236,-2.079414,-2.074584,0.514785,0.514691,-0.12,-0.119998,0.0,-0.0,-0.1,-0.099999,0.2,0.2,-0.1,-0.1,0.0,-0.0,-0.12,-0.119997,0.0,-0.0,-0.1,-0.1,0.2,0.2,-0.1,-0.1,0.0,-1e-06
1787225934.529939,1.2,59,1.48353,1.48353,1.48353,1.48353,0.174533,0.174533,-0.174533,-0.174532,-0.523599,-0.5236,0.523599,0.5236,-2.079414,-2.07555,0.514785,0.51471,-0.12,-0.119998,0.0,-0.0,-0.1,-0.099999,0.2,0.2,-0.1,-0.1,0.0,-0.0,-0.12,-0.119998,0.0,-1e-06,-0.1,-0.1,0.2,0.2,-0.1,-0.1,0.0,-1e-06
1787225934.551172,1.22,60,1.48353,1.48353,1.48353,1.48353,0.174533,0.174533,-0.174533,-0.174532,-0.523599,-0.523599,0.523599,0.523599,-2.079414,-2.076323,0.514785,0.514725,-0.12,-0.119998,0.0,-0.0,-0.1,-0.099999,0.2,0.2,-0.1,-0.1,0.0,-0.0,-0.12,-0.119998,0.0,-1e-06,-0.1,-0.1,0.2,0.2,-0.1,-0.1,0.0,-1e-06
1787225934.572474,1.24,61,1.48353,1.48353,1.48353,1.48353,0.174533,0.174533,-0.174533,-0.174532,-0.523599,-0.523599,0.523599,0.523599,-2.079414,-2.076941,0.514785,0.514737,-0.12,-0.119998,0.0,-0.0,-0.1,-0.099999,0.2,0.2,-0.1,-0.1,0.0,-0.0,-0.12,-0.119998,0.0,-1e-06,-0.1,-0.1,0.2,0.2,-0.1,-0.1,0.0,-1e-06
1787225934.593119,1.26,62,1.48353,1.48353,1.48353,1.48353,0.174533,0.174533,-0.174533,-0.174532,-0.523599,-0.523599,0.523599,0.523599,-2.079414,-2.077435,0.514785,0.514747,-0.12,-0.119999,0.0,-0.0,-0.1,-0.099999,0.2,0.2,-0.1,-0.1,0.0,-0.0,-0.12,-0.119998,0.0,-1e-06,-0.1,-0.099999,0.2,0.2,-0.1,-0.1,0.0,-0.0
1787225934.613098,1.28,63,1.48353,1.48353,1.48353,1.48353,0.174533,0.174533,-0.174533,-0.174532,-0.523599,-0.523599,0.523599,0.523599,-2.079414,-2.077831,0.514785,0.514754,-0.12,-0.119999,0.0,-0.0,-0.1,-0.099999,0.2,0.2,-0.1,-0.1,0.0,-0.0,-0.12,-0.119998,0.0,-1e-06,-0.1,-0.099999,0.2,0.2,-0.1,-0.1,0.0,-0.0
1787225934.630723,1.3,64,1.48353,1.48353,1.48353,1.48353,0.174533,0.174533,-0.174533,-0.174532,-0.523599,-0.523599,0.523599,0.523599,-2.079414,-2.078147,0.514785,0.51476,-0.12,-0.119999,0.0,-0.0,-0.1,-0.099999,0.2,0.2,-0.1,-0.1,0.0,-0.0,-0.12,-0.119999,0.0,-1e-06,-0.1,-0.099999,0.2,0.2,-0.1,-0.1,0.0,-0.0
1787225934.649292,1.32,65,1.48353,1.48353,1.48353,1.48353,0.174533,0.174533,-0.174533,-0.174533,-0.523599,-0.523599,0.523599,0.523599,-2.079414,-2.078401,0.514785,0.514765,-0.12,-0.119999,0.0,-0.0,-0.1,-0.099999,0.2,0.2,-0.1,-0.1,0.0,-0.0,-0.12,-0.119999,0.0,-1e-06,-0.1,-0.099999,0.2,0.2,-0.1,-0.1,0.0,-0.0
1787225934.669041,1.34,66,1.48353,1.48353,1.48353,1.48353,0.174533,0.174533,-0.174533,-0.174533,-0.523599,-0.523599,0.523599,0.523599,-2.079414,-2.078603,0.514785,0.514769,-0.12,-0.119999,0.0,-0.0,-0.1,-0.099999,0.2,0.2,-0.1,-0.1,0.0,-0.0,-0.12,-0.119999,0.0,-1e-06,-0.1,-0.099999,0.2,0.2,-0.1,-0.1,0.0,-0.0
1787225934.69084,1.36,67,1.48353,1.48353,1.48353,1.48353,0.174533,0.174533,-0.174533,-0.174533,-0.523599,-0.523599,0.523599,0.523599,-2.079414,-2.078765,0.514785,0.514772,-0.12,-0.119999,0.0,-0.0,-0.1,-0.099999,0.2,0.2,-0.1,-0.1,0.0,-0.0,-0.12,-0.119999,0.0,-1e-06,-0.1,-0.099999,0.2,0.2,-0.1,-0.1,0.0,-0.0
1787225934.714875,1.38,68,1.48353,1.48353,1.48353,1.48353,0.174533,0.174533,-0.174533,-0.174533,-0.523599,-0.523599,0.523599,0.523599,-1.547275,-2.078895,0.51482,0.514775,-0.12,-0.119999,0.0,-0.0,-0.1,-0.099999,0.2,0.2,-0.1,-0.1,0.0,-0.0,-0.12,-0.119999,0.0,-1e-06,-0.1,-0.099999,0.2,0.2,-0.1,-0.1,0.0,-0.0
1787225934.73313,1.4,69,1.48353,1.48353,1.48353,1.48353,0.174533,0.174533,-0.174533,-0.174533,-0.523599,-0.523599,0.523599,0.523599,-1.547275,-1.996241,0.51482,0.514918,-0.12,-0.119999,0.0,-0.0,-0.1,-0.099999,0.2,0.2,-0.1,-0.1,0.0,-0.0,-0.12,-0.119999,0.0,-1e-06,-0.1,-0.099999,0.2,0.2,-0.1,-0.1,0.0,-0.0
1787225934.753562,1.42,70,1.48353,1.48353,1.48353,1.48353,0.174533,0.174533,-0.174533,-0.174533,-0.523599,-0.523599,0.523599,0.523599,-1.762632,-1.913589,0.514841,0.51509,-0.12,-0.119999,0.0,0.0,-0.1,-0.099999,0.2,0.2,-0.1,-0.1,0.0,-0.0,-0.12,-0.119999,0.0,-1e-06,-0.1,-0.099999,0.2,0.2,-0.1,-0.1,0.0,-0.0
1787225934.77269,1.44,71,1.48353,1.48353,1.48353,1.48353,0.174533,0.174533,-0.174533,-0.174533,-0.523599,-0.523599,0.523599,0.523599,-1.762632,-1.8834,0.514841,0.515079,-0.12,-0.119999,0.0,0.0,-0.1,-0.099999,0.2,0.2,-0.1,-0.1,0.0,-0.0,-0.12,-0.119999,0.0,-1e-06,-0.1,-0.099999,0.2,0.2,-0.1,-0.1,0.0,-0.0
1787225934.792264,1.46,72,1.48353,1.48353,1.48353,1.48353,0.174533,0.174533,-0.174533,-0.174533,-0.523599,-0.523599,0.523599,0.523599,-1.762632,-1.859248,0.514841,0.515056,-0.12,-0.119999,0.0,0.0,-0.1,-0.099999,0.2,0.2,-0.1,-0.1,0.0,-0.0,-0.12,-0.119999,0.0,-0.0,-0.1,-0.099999,0.2,0.2,-0.1,-0.1,0.0,-0.0
1787225934.81466,1.48,73,1.48353,1.48353,1.48353,1.48353,0.174533,0.174533,-0.174533,-0.174533,-0.523599,-0.523599,0.523599,0.523599,-1.891847,-1.839925,0.514853,0.515029,-0.12,-0.119999,0.0,0.0,-0.1,-0.099999,0.2,0.2,-0.1,-0.1,0.0,-0.0,-0.12,-0.119999,0.0,-0.0,-0.1,-0.099999,0.2,0.2,-0.1,-0.1,0.0,-0.0
1787225934.834413,1.5,74,1.48353,1.48353,1.48353,1.48353,0.174533,0.174533,-0.174533,-0.174533,-0.523599,-0.523599,0.523599,0.523599,-1.891847,-1.850309,0.514853,0.514996,-0.12,-0.119999,0.0,0.0,-0.1,-0.099999,0.2,0.2,-0.1,-0.1,0.0,-0.0,-0.12,-0.119999,0.0,-0.0,-0.1,-0.099999,0.2,0.2,-0.1,-0.1,0.0,-0.0
1787225934.85546,1.52,75,1.48353,1.48353,1.48353,1.48353,0.174533,0.174533,-0.174533,-0.174533,-0.523599,-0.523599,0.523599,0.523599,-1.891847,-1.858617,0.514853,0.51497,-0.12,-0.119999,0.0,0.0,-0.1,-0.099999,0.2,0.2,-0.1,-0.1,0.0,-0.0,-0.12,-0.119999,0.0,-0.0,-0.1,-0.099999,0.2,0.2,-0.1,-0.1,0.0,-0.0
1787225934.875537,1.54,76,1.48353,1.48353,1.48353,1.48353,0.174533,0.174533,-0.174533,-0.174533,-0.523599,-0.523599,0.523599,0.523599,-1.891847,-1.865263,0.514853,0.514948,-0.12,-0.119999,0.0,-0.0,-0.1,-0.099999,0.2,0.2,-0.1,-0.1,0.0,-0.0,-0.12,-0.119999,0.0,-0.0,-0.1,-0.099999,0.2,0.2,-0.1,-0.1,0.0,-0.0
1787225934.896002,1.56,77,1.48353,1.48353,1.48353,1.48353,0.174533,0.174533,-0.174533,-0.174533,-0.523599,-0.523599,0.523599,0.523599,-1.891847,-1.870579,0.514853,0.51493,-0.12,-0.119999,0.0,-0.0,-0.1,-0.099999,0.2,0.2,-0.1,-0.1,0.0,-0.0,-0.12,-0.119999,0.0,-0.0,-0.1,-0.099999,0.2,0.2,-0.1,-0.1,0.0,-0.0
1787225934.923514,1.58,78,1.48353,1.48353,1.48353,1.48353,0.174533,0.174533,-0.174533,-0.174533,-0.523599,-0.523599,0.523599,0.523599,-1.891847,-1.874833,0.514853,0.514915,-0.12,-0.119999,0.0,-0.0,-0.1,-0.099999,0.2,0.2,-0.1,-0.1,0.0,-0.0,-0.12,-0.119999,0.0,-0.0,-0.1,-0.099999,0.2,0.2,-0.1,-0.1,0.0,-0.0
1787225934.940231,1.6,79,1.48353,1.48353,1.48353,1.48353,0.174533,0.174533,-0.174533,-0.174533,-0.523599,-0.523599,0.523599,0.523599,-1.891847,-1.878235,0.514853,0.514903,-0.12,-0.119999,0.0,-0.0,-0.1,-0.099999,0.2,0.2,-0.1,-0.1,0.0,-0.0,-0.12,-0.119999,0.0,-0.0,-0.1,-0.099999,0.2,0.2,-0.1,-0.1,0.0,-0.0
1787225934.961222,1.62,80,1.48353,1.48353,1.48353,1.48353,0.174533,0.174533,-0.174533,-0.174533,-0.523599,-0.523599,0.523599,0.523599,-1.891847,-1.880958,0.514853,0.514894,-0.12,-0.119999,0.0,-0.0,-0.1,-0.099999,0.2,0.2,-0.1,-0.1,0.0,-0.0,-0.12,-0.119999,0.0,-0.0,-0.1,-0.099999,0.2,0.2,-0.1,-0.1,0.0,-0.0
1787225934.978564,1.64,81,1.48353,1.48353,1.48353,1.48353,0.174533,0.174533,-0.174533,-0.174533,-0.523599,-0.523599,0.523599,0.523599,-1.891847,-1.883135,0.514853,0.514886,-0.12,-0.119999,0.0,-0.0,-0.1,-0.099999,0.2,0.2,-0.1,-0.1,0.0,-0.0,-0.12,-0.119999,0.0,-0.0,-0.1,-0.099999,0.2,0.2,-0.1,-0.1,0.0,-0.0
1787225934.997446,1.66,82,1.48353,1.48353,1.48353,1.48353,0.174533,0.174533,-0.174533,-0.174533,-0.523599,-0.523599,0.523599,0.523599,-1.891847,-1.884878,0.514853,0.514879,-0.12,-0.119999,0.0,-0.0,-0.1,-0.099999,0.2,0.2,-0.1,-0.1,0.0,-0.0,-0.12,-0.119999,0.0,-0.0,-0.1,-0.099999,0.2,0.2,-0.1,-0.1,0.0,-0.0
1787225935.015601,1.68,83,1.48353,1.48353,1.48353,1.48353,0.174533,0.174533,-0.174533,-0.174533,-0.523599,-0.523599,0.523599,0.523599,-1.891847,-1.886271,0.514853,0.514874,-0.12,-0.119999,0.0,-0.0,-0.1,-0.099999,0.2,0.2,-0.1,-0.1,0.0,-0.0,-0.12,-0.119999,0.0,-0.0,-0.1,-0.099999,0.2,0.2,-0.1,-0.1,0.0,-0.0
1787225935.037017,1.7,84,1.48353,1.48353,1.48353,1.48353,0.174533,0.174533,-0.174533,-0.174533,-0.523599,-0.523599,0.523599,0.523599,-1.891847,-1.887386,0.514853,0.51487,-0.12,-0.119999,0.0,-0.0,-0.1,-0.099999,0.2,0.2,-0.1,-0.1,0.0,-0.0,-0.12,-0.119999,0.0,-0.0,-0.1,-0.099999,0.2,0.2,-0.1,-0.1,0.0,-0.0
1787225935.057565,1.72,85,1.48353,1.48353,1.48353,1.48353,0.174533,0.174533,-0.174533,-0.174533,-0.523599,-0.523599,0.523599,0.523599,-1.891847,-1.888278,0.514853,0.514867,-0.12,-0.119999,0.0,-0.0,-0.1,-0.099999,0.2,0.2,-0.1,-0.1,0.0,0.0,-0.12,-0.119999,0.0,-0.0,-0.1,-0.099999,0.2,0.200001,-0.1,-0.1,0.0,-0.0
1787225935.083725,1.74,86,1.48353,1.48353,1.48353,1.48353,0.174533,0.174533,-0.174533,-0.174533,-0.523599,-0.523599,0.523599,0.523599,-1.891847,-1.888992,0.514853,0.514864,-0.12,-0.119999,0.0,-0.0,-0.1,-0.099999,0.2,0.2,-0.1,-0.1,0.0,0.0,-0.12,-0.119999,0.0,-0.0,-0.1,-0.099999,0.2,0.200001,-0.1,-0.1,0.0,-0.0
1787225935.101963,1.76,87,1.48353,1.48353,1.48353,1.48353,0.174533,0.174533,-0.174533,-0.174533,-0.523599,-0.523599,0.523599,0.523599,-1.891847,-1.889563,0.514853,0.514862,-0.12,-0.119999,0.0,-0.0,-0.1,-0.099999,0.2,0.2,-0.1,-0.1,0.0,0.0,-0.12,-0.119999,0.0,-0.0,-0.1,-0.099999,0.2,0.200001,-0.1,-0.1,0.0,-0.0
1787225935.122509,1.78,88,1.48353,1.48353,1.48353,1.48353,0.174533,0.174533,-0.174533,-0.174533,-0.523599,-0.523599,0.523599,0.523599,-1.891847,-1.89002,0.514853,0.51486,-0.12,-0.119999,0.0,-0.0,-0.1,-0.099999,0.2,0.2,-0.1,-0.1,0.0,0.0,-0.12,-0.119999,0.0,-0.0,-0.1,-0.099999,0.2,0.200001,-0.1,-0.1,0.0,-0.0
1787225935.146135,1.8,89,1.48353,1.48353,1.48353,1.48353,0.174533,0.174533,-0.174533,-0.174533,-0.523599,-0.523599,0.523599,0.523599,-1.891847,-1.890385,0.514853,0.514859,-0.12,-0.119999,0.0,-0.0,-0.1,-0.099999,0.2,0.200001,-0.1,-0.1,0.0,0.0,-0.12,-0.119999,0.0,-0.0,-0.1,-0.099999,0.2,0.200001,-0.1,-0.1,0.0,-0.0
1787225935.16706,1.82,90,1.48353,1.48353,1.48353,1.48353,0.174533,0.174533,-0.174533,-0.174533,-0.523599,-0.523599,0.523599,0.523599,-1.891847,-1.890677,0.514853,0.514858,-0.12,-0.119999,0.0,-0.0,-0.1,-0.099999,0.2,0.200001,-0.1,-0.1,0.0,0.0,-0.12,-0.119999,0.0,-0.0,-0.1,-0.099999,0.2,0.200001,-0.1,-0.1,0.0,-0.0
1787225935.18643,1.84,91,1.48353,1.48353,1.48353,1.48353,0.174533,0.174533,-0.174533,-0.174533,-0.523599,-0.523599,0.523599,0.523599,-1.891847,-1.890911,0.514853,0.514857,-0.12,-0.119999,0.0,-0.0,-0.1,-0.099999,0.2,0.200001,-0.1,-0.1,0.0,0.0,-0.12,-0.119999,0.0,-0.0,-0.1,-0.099999,0.2,0.200001,-0.1,-0.1,0.0,-0.0
1787225935.203142,1.86,92,1.48353,1.48353,1.48353,1.48353,0.174533,0.174533,-0.174533,-0.174533,-0.523599,-0.523599,0.523599,0.523599,-1.891847,-1.891098,0.514853,0.514856,-0.12,-0.119999,0.0,-0.0,-0.1,-0.099999,0.2,0.200001,-0.1,-0.1,0.0,0.0,-0.12,-0.119999,0.0,-0.0,-0.1,-0.099999,0.2,0.200001,-0.1,-0.1,0.0,-0.0
1787225935.221035,1.88,93,1.48353,1.48353,1.48353,1.48353,0.174533,0.174533,-0.174533,-0.174533,-0.523599,-0.523599,0.523599,0.523599,-1.891847,-1.891248,0.514853,0.514856,-0.12,-0.119999,0.0,-0.0,-0.1,-0.099999,0.2,0.200001,-0.1,-0.1,0.0,0.0,-0.12,-0.119999,0.0,-0.0,-0.1,-0.099999,0.2,0.200001,-0.1,-0.1,0.0,-0.0
1787225935.242586,1.9,94,1.48353,1.48353,1.48353,1.48353,0.174533,0.174533,-0.174533,-0.174533,-0.523599,-0.523599,0.523599,0.523599,-1.891847,-1.891368,0.514853,0.514855,-0.12,-0.119999,0.0,-0.0,-0.1,-0.099999,0.2,0.200001,-0.1,-0.1,0.0,0.0,-0.12,-0.119999,0.0,-0.0,-0.1,-0.099999,0.2,0.200001,-0.1,-0.1,0.0,-0.0
1787225935.262002,1.92,95,1.48353,1.48353,1.48353,1.48353,0.174533,0.174533,-0.174533,-0.174533,-0.523599,-0.523599,0.523599,0.523599,-1.891847,-1.891463,0.514853,0.514855,-0.12,-0.119999,0.0,-0.0,-0.1,-0.099999,0.2,0.200001,-0.1,-0.1,0.0,0.0,-0.12,-0.119999,0.0,-0.0,-0.1,-0.099999,0.2,0.200001,-0.1,-0.1,0.0,-0.0
1787225935.285542,1.94,96,1.48353,1.48353,1.48353,1.48353,0.174533,0.174533,-0.174533,-0.174533,-0.523599,-0.523599,0.523599,0.523599,-1.891847,-1.89154,0.514853,0.514855,-0.12,-0.119999,0.0,-0.0,-0.1,-0.099999,0.2,0.200001,-0.1,-0.1,0.0,0.0,-0.12,-0.119999,0.0,-0.0,-0.1,-0.099999,0.2,0.200001,-0.1,-0.1,0.0,-0.0
1787225935.304455,1.96,97,1.48353,1.48353,1.48353,1.48353,0.174533,0.174533,-0.174533,-0.174533,-0.523599,-0.523599,0.523599,0.523599,-1.891847,-1.891601,0.514853,0.514854,-0.12,-0.119999,0.0,-0.0,-0.1,-0.099999,0.2,0.200001,-0.1,-0.1,0.0,0.0,-0.12,-0.119999,0.0,-0.0,-0.1,-0.099999,0.2,0.200001,-0.1,-0.1,0.0,-0.0
1787225935.324602,1.98,98,1.48353,1.48353,1.48353,1.48353,0.174533,0.174533,-0.174533,-0.174533,-0.523599,-0.523599,0.523599,0.523599,-1.891847,-1.89165,0.514853,0.514854,-0.12,-0.119999,0.0,-0.0,-0.1,-0.099999,0.2,0.200001,-0.1,-0.1,0.0,0.0,-0.12,-0.119999,0.0,-0.0,-0.1,-0.099999,0.2,0.200001,-0.1,-0.1,0.0,-0.0
1787225935.34657,2.0,99,1.48353,1.48353,1.48353,1.48353,0.174533,0.174533,-0.174533,-0.174533,-0.523599,-0.523599,0.523599,0.523599,-1.891847,-1.89169,0.514853,0.514854,-0.12,-0.119999,0.0,-0.0,-0.1,-0.099999,0.2,0.200001,-0.1,-0.1,0.0,0.0,-0.12,-0.119999,0.0,-0.0,-0.1,-0.099999,0.2,0.200001,-0.1,-0.1,0.0,-0.0
1787225935.367759,2.02,100,1.48353,1.48353,1.48353,1.48353,0.174533,0.174533,-0.174533,-0.174533,-0.523599,-0.523599,0.523599,0.523599,-1.891847,-1.891721,0.514853,0.514854,-0.12,-0.119999,0.0,-0.0,-0.1,-0.099999,0.2,0.200001,-0.1,-0.1,0.0,0.0,-0.12,-0.119999,0.0,-0.0,-0.1,-0.099999,0.2,0.200001,-0.1,-0.1,0.0,-0.0
1787225935.387846,2.04,101,1.48353,1.48353,1.48353,1.48353,0.174533,0.174533,-0.174533,-0.174533,-0.523599,-0.523599,0.523599,0.523599,-1.891847,-1.891746,0.514853,0.514854,-0.12,-0.119999,0.0,-0.0,-0.1,-0.099999,0.2,0.200001,-0.1,-0.1,0.0,0.0,-0.12,-0.119999,0.0,-0.0,-0.1,-0.099999,0.2,0.200001,-0.1,-0.1,0.0,-0.0
1787225935.408265,2.06,102,1.48353,1.48353,1.48353,1.48353,0.174533,0.174533,-0.174533,-0.174533,-0.523599,-0.523599,0.523599,0.523599,-1.891847,-1.891766,0.514853,0.514854,-0.12,-0.119999,0.0,-0.0,-0.1,-0.099999,0.2,0.200001,-0.1,-0.1,0.0,0.0,-0.12,-0.119999,0.0,-0.0,-0.1,-0.099999,0.2,0.200001,-0.1,-0.1,0.0,-0.0
1787225935.428876,2.08,103,1.48353,1.48353,1.48353,1.48353,0.174533,0.174533,-0.174533,-0.174533,-0.523599,-0.523599,0.523599,0.523599,-1.891847,-1.891782,0.514853,0.514854,-0.12,-0.119999,0.0,-0.0,-0.1,-0.099999,0.2,0.200001,-0.1,-0.1,0.0,0.0,-0.12,-0.119999,0.0,-0.0,-0.1,-0.099999,0.2,0.200001,-0.1,-0.1,0.0,-0.0
1787225935.447178,2.1,104,1.48353,1.48353,1.48353,1.48353,0.174533,0.174533,-0.174533,-0.174533,-0.523599,-0.523599,0.523599,0.523599,-1.891847,-1.891795,0.514853,0.514854,-0.12,-0.119999,0.0,-0.0,-0.1,-0.099999,0.2,0.200001,-0.1,-0.1,0.0,0.0,-0.12,-0.119999,0.0,-0.0,-0.1,-0.099999,0.2,0.200001,-0.1,-0.1,0.0,-0.0
1787225935.465893,2.12,105,1.48353,1.48353,1.48353,1.48353,0.174533,0.174533,-0.174533,-0.174533,-0.523599,-0.523599,0.523599,0.523599,-1.891847,-1.891805,0.514853,0.514854,-0.12,-0.119999,0.0,-0.0,-0.1,-0.099999,0.2,0.200001,-0.1,-0.1,0.0,0.0,-0.12,-0.119999,0.0,-0.0,-0.1,-0.099999,0.2,0.200001,-0.1,-0.1,0.0,-0.0
1787225935.485901,2.14,106,1.48353,1.48353,1.48353,1.48353,0.174533,0.174533,-0.174533,-0.174533,-0.523599,-0.523599,0.523599,0.523599,-1.891847,-1.891814,0.514853,0.514854,-0.12,-0.119999,0.0,0.0,-0.1,-0.099999,0.2,0.200001,-0.1,-0.1,0.0,0.0,-0.12,-0.119999,0.0,-0.0,-0.1,-0.099999,0.2,0.200001,-0.1,-0.1,0.0,-0.0
1787225935.506535,2.16,107,1.48353,1.48353,1.48353,1.48353,0.174533,0.174533,-0.174533,-0.174533,-0.523599,-0.523599,0.523599,0.523599,-1.891847,-1.89182,0.514853,0.514853,-0.12,-0.119999,0.0,0.0,-0.1,-0.099999,0.2,0.200001,-0.1,-0.1,0.0,0.0,-0.12,-0.119999,0.0,-0.0,-0.1,-0.099999,0.2,0.200001,-0.1,-0.1,0.0,-0.0
1787225935.52569,2.18,108,1.48353,1.48353,1.48353,1.48353,0.174533,0.174533,-0.174533,-0.174533,-0.523599,-0.523599,0.523599,0.523599,-1.891847,-1.891826,0.514853,0.514853,-0.12,-0.119999,0.0,0.0,-0.1,-0.099999,0.2,0.200001,-0.1,-0.1,0.0,0.0,-0.12,-0.119999,0.0,-0.0,-0.1,-0.099999,0.2,0.200001,-0.1,-0.1,0.0,-0.0
1787225935.546924,2.2,109,1.48353,1.48353,1.48353,1.48353,0.174533,0.174533,-0.174533,-0.174533,-0.523599,-0.523599,0.523599,0.523599,-1.891847,-1.89183,0.514853,0.514853,-0.12,-0.119999,0.0,0.0,-0.1,-0.099999,0.2,0.200001,-0.1,-0.1,0.0,0.0,-0.12,-0.119999,0.0,-0.0,-0.1,-0.099999,0.2,0.200001,-0.1,-0.1,0.0,-0.0
1787225935.566721,2.22,110,1.48353,1.48353,1.48353,1.48353,0.174533,0.174533,-0.174533,-0.174533,-0.523599,-0.523599,0.523599,0.523599,-1.891847,-1.891833,0.514853,0.514853,-0.12,-0.119999,0.0,0.0,-0.1,-0.099999,0.2,0.200001,-0.1,-0.1,0.0,0.0,-0.12,-0.119999,0.0,-0.0,-0.1,-0.099999,0.2,0.200001,-0.1,-0.1,0.0,-0.0
1787225935.590587,2.24,111,1.48353,1.48353,1.48353,1.48353,0.174533,0.174533,-0.174533,-0.174533,-0.523599,-0.523599,0.523599,0.523599,-1.891847,-1.891836,0.514853,0.514853,-0.12,-0.119999,0.0,0.0,-0.1,-0.099999,0.2,0.200001,-0.1,-0.1,0.0,0.0,-0.12,-0.119999,0.0,-0.0,-0.1,-0.099999,0.2,0.200001,-0.1,-0.1,0.0,-0.0
1787225935.614735,2.26,112,1.48353,1.48353,1.48353,1.48353,0.174533,0.174533,-0.174533,-0.174533,-0.523599,-0.523599,0.523599,0.523599,-1.891847,-1.891838,0.514853,0.514853,-0.12,-0.119999,0.0,0.0,-0.1,-0.099999,0.2,0.200001,-0.1,-0.1,0.0,0.0,-0.12,-0.119999,0.0,-0.0,-0.1,-0.099999,0.2,0.200001,-0.1,-0.1,0.0,-0.0
1787225935.634796,2.28,113,1.48353,1.48353,1.48353,1.48353,0.174533,0.174533,-0.174533,-0.174533,-0.523599,-0.523599,0.523599,0.523599,-1.891847,-1.89184,0.514853,0.514853,-0.12,-0.119999,0.0,0.0,-0.1,-0.099999,0.2,0.200001,-0.1,-0.1,0.0,0.0,-0.12,-0.119999,0.0,-0.0,-0.1,-0.099999,0.2,0.200001,-0.1,-0.1,0.0,-0.0
1787225935.654904,2.3,114,1.48353,1.48353,1.48353,1.48353,0.174533,0.174533,-0.174533,-0.174533,-0.523599,-0.523599,0.523599,0.523599,-1.891847,-1.891841,0.514853,0.514853,-0.12,-0.119999,0.0,0.0,-0.1,-0.099999,0.2,0.200001,-0.1,-0.1,0.0,0.0,-0.12,-0.119999,0.0,-0.0,-0.1,-0.099999,0.2,0.200001,-0.1,-0.1,0.0,-0.0
1787225935.678106,2.32,115,1.48353,1.48353,1.48353,1.48353,0.174533,0.174533,-0.174533,-0.174533,-0.523599,-0.523599,0.523599,0.523599,-1.969375,-1.891842,0.514861,0.514853,-0.12,-0.119999,0.0,0.0,-0.1,-0.099999,0.2,0.200001,-0.1,-0.1,0.0,0.0,-0.12,-0.119999,0.0,-0.0,-0.1,-0.099999,0.2,0.200001,-0.1,-0.1,0.0,-0.0
1787225935.699902,2.34,116,1.48353,1.48353,1.48353,1.48353,0.174533,0.174533,-0.174533,-0.174533,-0.523599,-0.523599,0.523599,0.523599,-1.969375,-1.907348,0.514861,0.514862,-0.12,-0.119999,0.0,-0.0,-0.1,-0.099999,0.2,0.2,-0.1,-0.1,0.0,0.0,-0.12,-0.119999,0.0,-0.0,-0.1,-0.099999,0.2,0.2,-0.1,-0.1,0.0,-0.0
1787225935.718174,2.36,117,1.48353,1.48353,1.48353,1.48353,0.174533,0.174533,-0.174533,-0.174533,-0.523599,-0.523599,0.523599,0.523599,-1.969375,-1.919754,0.514861,0.514868,-0.12,-0.119999,0.0,-0.0,-0.1,-0.099999,0.2,0.2,-0.1,-0.1,0.0,0.0,-0.12,-0.119999,0.0,-0.0,-0.1,-0.099999,0.2,0.2,-0.1,-0.1,0.0,-0.0
1787225935.74138,2.38,118,1.48353,1.48353,1.48353,1.48353,0.174533,0.174533,-0.174533,-0.174533,-0.523599,-0.523599,0.523599,0.523599,-2.015893,-1.929678,0.514865,0.51487,-0.12,-0.119999,0.0,-0.0,-0.1,-0.099999,0.2,0.200001,-0.1,-0.1,0.0,0.0,-0.12,-0.119999,0.0,-0.0,-0.1,-0.099999,0.2,0.200001,-0.1,-0.1,0.0,-0.0
1787225935.757827,2.4,119,1.48353,1.48353,1.48353,1.48353,0.174533,0.174533,-0.174533,-0.174533,-0.523599,-0.523599,0.523599,0.523599,-2.015893,-1.94692,0.514865,0.514878,-0.12,-0.119999,0.0,-0.0,-0.1,-0.099999,0.2,0.2,-0.1,-0.1,0.0,0.0,-0.12,-0.119999,0.0,-0.0,-0.1,-0.099999,0.2,0.2,-0.1,-0.1,0.0,-0.0
1787225935.783036,2.42,120,1.48353,1.48353,1.48353,1.48353,0.174533,0.174533,-0.174533,-0.174533,-0.523599,-0.523599,0.523599,0.523599,-2.015893,-1.960714,0.514865,0.514882,-0.12,-0.119999,0.0,-0.0,-0.1,-0.099999,0.2,0.200001,-0.1,-0.1,0.0,0.0,-0.12,-0.119999,0.0,-0.0,-0.1,-0.099999,0.2,0.200001,-0.1,-0.1,0.0,-0.0
1787225935.794801,2.44,121,1.48353,1.48353,1.48353,1.48353,0.174533,0.174533,-0.174533,-0.174533,-0.523599,-0.523599,0.523599,0.523599,-2.015893,-1.97175,0.514865,0.514882,-0.12,-0.119999,0.0,-0.0,-0.1,-0.099999,0.2,0.200001,-0.1,-0.1,0.0,0.0,-0.12,-0.119999,0.0,-0.0,-0.1,-0.099999,0.2,0.200001,-0.1,-0.1,0.0,-0.0
1787225935.810991,2.46,122,1.48353,1.48353,1.48353,1.48353,0.174533,0.174533,-0.174533,-0.174533,-0.523599,-0.523599,0.523599,0.523599,-2.015893,-1.980578,0.514865,0.514881,-0.12,-0.119999,0.0,-0.0,-0.1,-0.099999,0.2,0.200001,-0.1,-0.1,0.0,0.0,-0.12,-0.119999,0.0,-0.0,-0.1,-0.099999,0.2,0.200001,-0.1,-0.1,0.0,-0.0
1787225935.829494,2.48,123,1.48353,1.48353,1.48353,1.48353,0.174533,0.174533,-0.174533,-0.174533,-0.523599,-0.523599,0.523599,0.523599,-2.015893,-1.987641,0.514865,0.51488,-0.12,-0.119999,0.0,-0.0,-0.1,-0.099999,0.2,0.200001,-0.1,-0.1,0.0,0.0,-0.12,-0.119999,0.0,-0.0,-0.1,-0.099999,0.2,0.200001,-0.1,-0.1,0.0,-0.0
1787225935.849614,2.5,124,1.48353,1.48353,1.48353,1.48353,0.174533,0.174533,-0.174533,-0.174533,-0.523599,-0.523599,0.523599,0.523599,-2.015893,-1.993291,0.514865,0.514878,-0.12,-0.119999,0.0,-0.0,-0.1,-0.099999,0.2,0.200001,-0.1,-0.1,0.0,0.0,-0.12,-0.119999,0.0,-0.0,-0.1,-0.099999,0.2,0.200001,-0.1,-0.1,0.0,-0.0
1787225935.871092,2.52,125,1.48353,1.48353,1.48353,1.48353,0.174533,0.174533,-0.174533,-0.174533,-0.523599,-0.523599,0.523599,0.523599,-2.015893,-1.997811,0.514865,0.514876,-0.12,-0.119999,0.0,-0.0,-0.1,-0.099999,0.2,0.200001,-0.1,-0.1,0.0,0.0,-0.12,-0.119999,0.0,-0.0,-0.1,-0.099999,0.2,0.200001,-0.1,-0.1,0.0,-0.0
1787225935.889501,2.54,126,1.48353,1.48353,1.48353,1.48353,0.174533,0.174533,-0.174533,-0.174533,-0.523599,-0.523599,0.523599,0.523599,-2.015893,-2.001428,0.514865,0.514874,-0.12,-0.119999,0.0,-0.0,-0.1,-0.099999,0.2,0.200001,-0.1,-0.1,0.0,0.0,-0.12,-0.119999,0.0,-0.0,-0.1,-0.099999,0.2,0.200001,-0.1,-0.1,0.0,-0.0
1787225935.910483,2.56,127,1.48353,1.48353,1.48353,1.48353,0.174533,0.174533,-0.174533,-0.174533,-0.523599,-0.523599,0.523599,0.523599,-2.015893,-2.004321,0.514865,0.514873,-0.12,-0.119999,0.0,-0.0,-0.1,-0.099999,0.2,0.200001,-0.1,-0.1,0.0,0.0,-0.12,-0.119999,0.0,-0.0,-0.1,-0.099999,0.2,0.200001,-0.1,-0.1,0.0,-0.0
1787225935.932729,2.58,128,1.48353,1.48353,1.48353,1.48353,0.174533,0.174533,-0.174533,-0.174533,-0.523599,-0.523599,0.523599,0.523599,-2.015893,-2.006635,0.514865,0.514871,-0.12,-0.119999,0.0,-0.0,-0.1,-0.099999,0.2,0.200001,-0.1,-0.1,0.0,0.0,-0.12,-0.119999,0.0,-0.0,-0.1,-0.099999,0.2,0.200001,-0.1,-0.1,0.0,-0.0
1787225935.95869,2.6,129,1.48353,1.48353,1.48353,1.48353,0.174533,0.174533,-0.174533,-0.174533,-0.523599,-0.523599,0.523599,0.523599,-2.015893,-2.008486,0.514865,0.51487,-0.12,-0.119999,0.0,-0.0,-0.1,-0.099999,0.2,0.200001,-0.1,-0.1,0.0,0.0,-0.12,-0.119999,0.0,-0.0,-0.1,-0.099999,0.2,0.200001,-0.1,-0.1,0.0,-0.0
1787225935.974059,2.62,130,1.48353,1.48353,1.48353,1.48353,0.174533,0.174533,-0.174533,-0.174533,-0.523599,-0.523599,0.523599,0.523599,-2.015893,-2.009968,0.514865,0.514869,-0.12,-0.119999,0.0,-0.0,-0.1,-0.099999,0.2,0.200001,-0.1,-0.1,0.0,0.0,-0.12,-0.119999,0.0,-0.0,-0.1,-0.099999,0.2,0.200001,-0.1,-0.1,0.0,-0.0
1787225935.994235,2.64,131,1.48353,1.48353,1.48353,1.48353,0.174533,0.174533,-0.174533,-0.174533,-0.523599,-0.523599,0.523599,0.523599,-2.015893,-2.011152,0.514865,0.514869,-0.12,-0.119999,0.0,-0.0,-0.1,-0.099999,0.2,0.200001,-0.1,-0.1,0.0,0.0,-0.12,-0.119999,0.0,-0.0,-0.1,-0.099999,0.2,0.200001,-0.1,-0.1,0.0,-0.0
1787225936.015,2.66,132,1.48353,1.48353,1.48353,1.48353,0.174533,0.174533,-0.174533,-0.174533,-0.523599,-0.523599,0.523599,0.523599,-2.015893,-2.0121,0.514865,0.514868,-0.12,-0.119999,0.0,-0.0,-0.1,-0.099999,0.2,0.200001,-0.1,-0.1,0.0,0.0,-0.12,-0.119999,0.0,-0.0,-0.1,-0.099999,0.2,0.200001,-0.1,-0.1,0.0,-0.0
1787225936.034829,2.68,133,1.48353,1.48353,1.48353,1.48353,0.174533,0.174533,-0.174533,-0.174533,-0.523599,-0.523599,0.523599,0.523599,-2.015893,-2.012859,0.514865,0.514867,-0.12,-0.119999,0.0,-0.0,-0.1,-0.099999,0.2,0.200001,-0.1,-0.1,0.0,0.0,-0.12,-0.119999,0.0,-0.0,-0.1,-0.099999,0.2,0.200001,-0.1,-0.1,0.0,-0.0
1787225936.055691,2.7,134,1.48353,1.48353,1.48353,1.48353,0.174533,0.174533,-0.174533,-0.174533,-0.523599,-0.523599,0.523599,0.523599,-2.015893,-2.013465,0.514865,0.514867,-0.12,-0.119999,0.0,-0.0,-0.1,-0.099999,0.2,0.200001,-0.1,-0.1,0.0,0.0,-0.12,-0.119999,0.0,-0.0,-0.1,-0.099999,0.2,0.200001,-0.1,-0.1,0.0,-0.0
1787225936.073739,2.72,135,1.48353,1.48353,1.48353,1.48353,0.174533,0.174533,-0.174533,-0.174533,-0.523599,-0.523599,0.523599,0.523599,-2.015893,-2.013951,0.514865,0.514867,-0.12,-0.119999,0.0,-0.0,-0.1,-0.099999,0.2,0.200001,-0.1,-0.1,0.0,0.0,-0.12,-0.119999,0.0,-0.0,-0.1,-0.099999,0.2,0.200001,-0.1,-0.1,0.0,-0.0
1787225936.09445,2.74,136,1.48353,1.48353,1.48353,1.48353,0.174533,0.174533,-0.174533,-0.174533,-0.523599,-0.523599,0.523599,0.523599,-2.015893,-2.014339,0.514865,0.514866,-0.12,-0.119999,0.0,-0.0,-0.1,-0.099999,0.2,0.200001,-0.1,-0.1,0.0,0.0,-0.12,-0.119999,0.0,-0.0,-0.1,-0.099999,0.2,0.200001,-0.1,-0.1,0.0,-0.0
1787225936.115556,2.76,137,1.48353,1.48353,1.48353,1.48353,0.174533,0.174533,-0.174533,-0.174533,-0.523599,-0.523599,0.523599,0.523599,-2.015893,-2.01465,0.514865,0.514866,-0.12,-0.119999,0.0,-0.0,-0.1,-0.099999,0.2,0.200001,-0.1,-0.1,0.0,0.0,-0.12,-0.119999,0.0,-0.0,-0.1,-0.099999,0.2,0.200001,-0.1,-0.1,0.0,-0.0
1787225936.136851,2.78,138,1.48353,1.48353,1.48353,1.48353,0.174533,0.174533,-0.174533,-0.174533,-0.523599,-0.523599,0.523599,0.523599,-2.015893,-2.014898,0.514865,0.514866,-0.12,-0.119999,0.0,-0.0,-0.1,-0.099999,0.2,0.200001,-0.1,-0.1,0.0,0.0,-0.12,-0.119999,0.0,-0.0,-0.1,-0.099999,0.2,0.200001,-0.1,-0.1,0.0,-0.0
1787225936.157832,2.8,139,1.48353,1.48353,1.48353,1.48353,0.174533,0.174533,-0.174533,-0.174533,-0.523599,-0.523599,0.523599,0.523599,-2.015893,-2.015097,0.514865,0.514866,-0.12,-0.119999,0.0,-0.0,-0.1,-0.099999,0.2,0.200001,-0.1,-0.1,0.0,0.0,-0.12,-0.119999,0.0,-0.0,-0.1,-0.099999,0.2,0.200001,-0.1,-0.1,0.0,-0.0
1787225936.178805,2.82,140,1.48353,1.48353,1.48353,1.48353,0.174533,0.174533,-0.174533,-0.174533,-0.523599,-0.523599,0.523599,0.523599,-2.015893,-2.015256,0.514865,0.514866,-0.12,-0.119999,0.0,-0.0,-0.1,-0.099999,0.2,0.200001,-0.1,-0.1,0.0,0.0,-0.12,-0.119999,0.0,-0.0,-0.1,-0.099999,0.2,0.200001,-0.1,-0.1,0.0,-0.0
1787225936.199121,2.84,141,1.48353,1.48353,1.48353,1.48353,0.174533,0.174533,-0.174533,-0.174533,-0.523599,-0.523599,0.523599,0.523599,-2.015893,-2.015383,0.514865,0.514866,-0.12,-0.119999,0.0,-0.0,-0.1,-0.099999,0.2,0.200001,-0.1,-0.1,0.0,0.0,-0.12,-0.119999,0.0,-0.0,-0.1,-0.099999,0.2,0.200001,-0.1,-0.1,0.0,-0.0
1787225936.218486,2.86,142,1.48353,1.48353,1.48353,1.48353,0.174533,0.174533,-0.174533,-0.174533,-0.523599,-0.523599,0.523599,0.523599,-2.015893,-2.015485,0.514865,0.514866,-0.12,-0.119999,0.0,-0.0,-0.1,-0.099999,0.2,0.200001,-0.1,-0.1,0.0,0.0,-0.12,-0.119999,0.0,-0.0,-0.1,-0.099999,0.2,0.200001,-0.1,-0.1,0.0,-0.0
1787225936.236804,2.88,143,1.48353,1.48353,1.48353,1.48353,0.174533,0.174533,-0.174533,-0.174533,-0.523599,-0.523599,0.523599,0.523599,-2.015893,-2.015567,0.514865,0.514866,-0.12,-0.119999,0.0,-0.0,-0.1,-0.099999,0.2,0.200001,-0.1,-0.1,0.0,0.0,-0.12,-0.119999,0.0,-0.0,-0.1,-0.099999,0.2,0.200001,-0.1,-0.1,0.0,-0.0
1787225936.254795,2.9,144,1.48353,1.48353,1.48353,1.48353,0.174533,0.174533,-0.174533,-0.174533,-0.523599,-0.523599,0.523599,0.523599,-2.015893,-2.015632,0.514865,0.514866,-0.12,-0.119999,0.0,-0.0,-0.1,-0.099999,0.2,0.200001,-0.1,-0.1,0.0,0.0,-0.12,-0.119999,0.0,-0.0,-0.1,-0.099999,0.2,0.200001,-0.1,-0.1,0.0,-0.0
1787225936.273992,2.92,145,1.48353,1.48353,1.48353,1.48353,0.174533,0.174533,-0.174533,-0.174533,-0.523599,-0.523599,0.523599,0.523599,-2.015893,-2.015684,0.514865,0.514866,-0.12,-0.119999,0.0,-0.0,-0.1,-0.099999,0.2,0.200001,-0.1,-0.1,0.0,0.0,-0.12,-0.119999,0.0,-0.0,-0.1,-0.099999,0.2,0.200001,-0.1,-0.1,0.0,-0.0
1787225936.294656,2.94,146,1.48353,1.48353,1.48353,1.48353,0.174533,0.174533,-0.174533,-0.174533,-0.523599,-0.523599,0.523599,0.523599,-2.015893,-2.015726,0.514865,0.514866,-0.12,-0.119999,0.0,-0.0,-0.1,-0.099999,0.2,0.200001,-0.1,-0.1,0.0,0.0,-0.12,-0.119999,0.0,-0.0,-0.1,-0.099999,0.2,0.200001,-0.1,-0.1,0.0,-0.0
1787225936.314326,2.96,147,1.48353,1.48353,1.48353,1.48353,0.174533,0.174533,-0.174533,-0.174533,-0.523599,-0.523599,0.523599,0.523599,-2.015893,-2.015759,0.514865,0.514866,-0.12,-0.119999,0.0,-0.0,-0.1,-0.099999,0.2,0.200001,-0.1,-0.1,0.0,0.0,-0.12,-0.119999,0.0,-0.0,-0.1,-0.099999,0.2,0.200001,-0.1,-0.1,0.0,-0.0
1787225936.335399,2.98,148,1.48353,1.48353,1.48353,1.48353,0.174533,0.174533,-0.174533,-0.174533,-0.523599,-0.523599,0.523599,0.523599,-2.015893,-2.015786,0.514865,0.514865,-0.12,-0.119999,0.0,-0.0,-0.1,-0.099999,0.2,0.200001,-0.1,-0.1,0.0,0.0,-0.12,-0.119999,0.0,-0.0,-0.1,-0.099999,0.2,0.200001,-0.1,-0.1,0.0,-0.0
1787225936.355262,3.0,149,1.48353,1.48353,1.48353,1.48353,0.174533,0.174533,-0.174533,-0.174533,-0.523599,-0.523599,0.523599,0.523599,-2.015893,-2.015807,0.514865,0.514865,-0.12,-0.119999,0.0,-0.0,-0.1,-0.099999,0.2,0.200001,-0.1,-0.1,0.0,0.0,-0.12,-0.119999,0.0,-0.0,-0.1,-0.099999,0.2,0.200001,-0.1,-0.1,0.0,-0.0
1787225936.375378,3.02,150,1.48353,1.48353,1.48353,1.48353,0.174533,0.174533,-0.174533,-0.174533,-0.523599,-0.523599,0.523599,0.523599,-2.015893,-2.015824,0.514865,0.514865,-0.12,-0.119999,0.0,-0.0,-0.1,-0.099999,0.2,0.200001,-0.1,-0.1,0.0,0.0,-0.12,-0.119999,0.0,-0.0,-0.1,-0.099999,0.2,0.200001,-0.1,-0.1,0.0,-0.0
1787225936.408777,3.04,151,1.48353,1.48353,1.48353,1.48353,0.174533,0.174533,-0.174533,-0.174533,-0.523599,-0.523599,0.523599,0.523599,-2.015893,-2.015838,0.514865,0.514865,-0.12,-0.119999,0.0,-0.0,-0.1,-0.099999,0.2,0.200001,-0.1,-0.1,0.0,0.0,-0.12,-0.119999,0.0,-0.0,-0.1,-0.099999,0.2,0.200001,-0.1,-0.1,0.0,-0.0
1787225936.421795,3.06,152,1.48353,1.48353,1.48353,1.48353,0.174533,0.174533,-0.174533,-0.174533,-0.523599,-0.523599,0.523599,0.523599,-2.015893,-2.015849,0.514865,0.514865,-0.12,-0.119999,0.0,-0.0,-0.1,-0.099999,0.2,0.200001,-0.1,-0.1,0.0,0.0,-0.12,-0.119999,0.0,-0.0,-0.1,-0.099999,0.2,0.200001,-0.1,-0.1,0.0,-0.0
1787225936.443796,3.08,153,1.48353,1.48353,1.48353,1.48353,0.174533,0.174533,-0.174533,-0.174533,-0.523599,-0.523599,0.523599,0.523599,-2.015893,-2.015857,0.514865,0.514865,-0.12,-0.119999,0.0,0.0,-0.1,-0.099999,0.2,0.200001,-0.1,-0.1,0.0,0.0,-0.12,-0.119999,0.0,-0.0,-0.1,-0.099999,0.2,0.200001,-0.1,-0.1,0.0,-0.0
1787225936.463366,3.1,154,1.48353,1.48353,1.48353,1.48353,0.174533,0.174533,-0.174533,-0.174533,-0.523599,-0.523599,0.523599,0.523599,-2.015893,-2.015864,0.514865,0.514865,-0.12,-0.119999,0.0,0.0,-0.1,-0.099999,0.2,0.200001,-0.1,-0.1,0.0,0.0,-0.12,-0.119999,0.0,-0.0,-0.1,-0.099999,0.2,0.200001,-0.1,-0.1,0.0,-0.0
1787225936.488685,3.12,155,1.48353,1.48353,1.48353,1.48353,0.174533,0.174533,-0.174533,-0.174533,-0.523599,-0.523599,0.523599,0.523599,-2.015893,-2.01587,0.514865,0.514865,-0.12,-0.119999,0.0,0.0,-0.1,-0.099999,0.2,0.200001,-0.1,-0.1,0.0,0.0,-0.12,-0.119999,0.0,-0.0,-0.1,-0.099999,0.2,0.200001,-0.1,-0.1,0.0,-0.0
1787225936.504852,3.14,156,1.48353,1.48353,1.48353,1.48353,0.174533,0.174533,-0.174533,-0.174533,-0.523599,-0.523599,0.523599,0.523599,-2.015893,-2.015875,0.514865,0.514865,-0.12,-0.119999,0.0,0.0,-0.1,-0.099999,0.2,0.200001,-0.1,-0.1,0.0,0.0,-0.12,-0.119999,0.0,-0.0,-0.1,-0.099999,0.2,0.200001,-0.1,-0.1,0.0,-0.0
1787225936.524635,3.16,157,1.48353,1.48353,1.48353,1.48353,0.174533,0.174533,-0.174533,-0.174533,-0.523599,-0.523599,0.523599,0.523599,-2.015893,-2.015878,0.514865,0.514865,-0.12,-0.119999,0.0,0.0,-0.1,-0.099999,0.2,0.200001,-0.1,-0.1,0.0,0.0,-0.12,-0.119999,0.0,-0.0,-0.1,-0.099999,0.2,0.200001,-0.1,-0.1,0.0,-0.0
1787225936.54352,3.18,158,1.48353,1.48353,1.48353,1.48353,0.174533,0.174533,-0.174533,-0.174533,-0.523599,-0.523599,0.523599,0.523599,-2.015893,-2.015881,0.514865,0.514865,-0.12,-0.119999,0.0,0.0,-0.1,-0.099999,0.2,0.200001,-0.1,-0.1,0.0,0.0,-0.12,-0.119999,0.0,-0.0,-0.1,-0.099999,0.2,0.200001,-0.1,-0.1,0.0,-0.0
1787225936.564256,3.2,159,1.48353,1.48353,1.48353,1.48353,0.174533,0.174533,-0.174533,-0.174533,-0.523599,-0.523599,0.523599,0.523599,-2.015893,-2.015883,0.514865,0.514865,-0.12,-0.119999,0.0,0.0,-0.1,-0.099999,0.2,0.200001,-0.1,-0.1,0.0,0.0,-0.12,-0.119999,0.0,-0.0,-0.1,-0.099999,0.2,0.200001,-0.1,-0.1,0.0,-0.0
1787225936.583371,3.22,160,1.48353,1.48353,1.48353,1.48353,0.174533,0.174533,-0.174533,-0.174533,-0.523599,-0.523599,0.523599,0.523599,-2.015893,-2.015885,0.514865,0.514865,-0.12,-0.119999,0.0,0.0,-0.1,-0.099999,0.2,0.200001,-0.1,-0.1,0.0,0.0,-0.12,-0.119999,0.0,-0.0,-0.1,-0.099999,0.2,0.200001,-0.1,-0.1,0.0,-0.0
1787225936.603791,3.24,161,1.48353,1.48353,1.48353,1.48353,0.174533,0.174533,-0.174533,-0.174533,-0.523599,-0.523599,0.523599,0.523599,-2.015893,-2.015887,0.514865,0.514865,-0.12,-0.119999,0.0,0.0,-0.1,-0.099999,0.2,0.200001,-0.1,-0.1,0.0,0.0,-0.12,-0.119999,0.0,-0.0,-0.1,-0.099999,0.2,0.200001,-0.1,-0.1,0.0,-0.0
1787225936.624377,3.26,162,1.48353,1.48353,1.48353,1.48353,0.174533,0.174533,-0.174533,-0.174533,-0.523599,-0.523599,0.523599,0.523599,-2.015893,-2.015888,0.514865,0.514865,-0.12,-0.119999,0.0,0.0,-0.1,-0.099999,0.2,0.200001,-0.1,-0.1,0.0,0.0,-0.12,-0.119999,0.0,-0.0,-0.1,-0.099999,0.2,0.200001,-0.1,-0.1,0.0,-0.0
1787225936.651417,3.28,163,1.48353,1.48353,1.48353,1.48353,0.174533,0.174533,-0.174533,-0.174533,-0.523599,-0.523599,0.523599,0.523599,-2.015893,-2.015889,0.514865,0.514865,-0.12,-0.119999,0.0,0.0,-0.1,-0.099999,0.2,0.200001,-0.1,-0.1,0.0,0.0,-0.12,-0.119999,0.0,-0.0,-0.1,-0.099999,0.2,0.200001,-0.1,-0.1,0.0,-0.0
1787225936.671848,3.3,164,1.48353,1.48353,1.48353,1.48353,0.174533,0.174533,-0.174533,-0.174533,-0.523599,-0.523599,0.523599,0.523599,-2.015893,-2.015889,0.514865,0.514865,-0.12,-0.119999,0.0,0.0,-0.1,-0.099999,0.2,0.200001,-0.1,-0.1,0.0,0.0,-0.12,-0.119999,0.0,-0.0,-0.1,-0.099999,0.2,0.200001,-0.1,-0.1,0.0,-0.0
1787225936.693118,3.32,165,1.48353,1.48353,1.48353,1.48353,0.174533,0.174533,-0.174533,-0.174533,-0.523599,-0.523599,0.523599,0.523599,-2.015893,-2.01589,0.514865,0.514865,-0.12,-0.119999,0.0,0.0,-0.1,-0.099999,0.2,0.200001,-0.1,-0.1,0.0,0.0,-0.12,-0.119999,0.0,-0.0,-0.1,-0.099999,0.2,0.200001,-0.1,-0.1,0.0,-0.0
1787225936.718622,3.34,166,1.48353,1.48353,1.48353,1.48353,0.174533,0.174533,-0.174533,-0.174533,-0.523599,-0.523599,0.523599,0.523599,-2.015893,-2.015891,0.514865,0.514865,-0.12,-0.119999,0.0,0.0,-0.1,-0.099999,0.2,0.200001,-0.1,-0.1,0.0,0.0,-0.12,-0.119999,0.0,-0.0,-0.1,-0.099999,0.2,0.200001,-0.1,-0.1,0.0,-0.0
1787225936.733477,3.36,167,1.48353,1.48353,1.48353,1.48353,0.174533,0.174533,-0.174533,-0.174533,-0.523599,-0.523599,0.523599,0.523599,-2.015893,-2.015891,0.514865,0.514865,-0.12,-0.119999,0.0,0.0,-0.1,-0.099999,0.2,0.200001,-0.1,-0.1,0.0,0.0,-0.12,-0.119999,0.0,-0.0,-0.1,-0.099999,0.2,0.200001,-0.1,-0.1,0.0,-0.0
1787225936.75269,3.38,168,1.48353,1.48353,1.48353,1.48353,0.174533,0.174533,-0.174533,-0.174533,-0.523599,-0.523599,0.523599,0.523599,-2.015893,-2.015891,0.514865,0.514865,-0.12,-0.119999,0.0,0.0,-0.1,-0.099999,0.2,0.200001,-0.1,-0.1,0.0,0.0,-0.12,-0.119999,0.0,-0.0,-0.1,-0.099999,0.2,0.200001,-0.1,-0.1,0.0,-0.0
1787225936.769992,3.4,169,1.48353,1.48353,1.48353,1.48353,0.174533,0.174533,-0.174533,-0.174533,-0.523599,-0.523599,0.523599,0.523599,-2.015893,-2.015892,0.514865,0.514865,-0.12,-0.119999,0.0,0.0,-0.1,-0.099999,0.2,0.200001,-0.1,-0.1,0.0,0.0,-0.12,-0.119999,0.0,-0.0,-0.1,-0.099999,0.2,0.200001,-0.1,-0.1,0.0,-0.0
1787225936.795814,3.42,170,1.48353,1.48353,1.48353,1.48353,0.174533,0.174533,-0.174533,-0.174533,-0.523599,-0.523599,0.523599,0.523599,-2.015893,-2.015892,0.514865,0.514865,-0.12,-0.119999,0.0,0.0,-0.1,-0.099999,0.2,0.200001,-0.1,-0.1,0.0,0.0,-0.12,-0.119999,0.0,-0.0,-0.1,-0.099999,0.2,0.200001,-0.1,-0.1,0.0,-0.0
1787225936.810996,3.44,171,1.48353,1.48353,1.48353,1.48353,0.174533,0.174533,-0.174533,-0.174533,-0.523599,-0.523599,0.523599,0.523599,-2.015893,-2.015892,0.514865,0.514865,-0.12,-0.119999,0.0,0.0,-0.1,-0.099999,0.2,0.200001,-0.1,-0.1,0.0,0.0,-0.12,-0.119999,0.0,-0.0,-0.1,-0.099999,0.2,0.200001,-0.1,-0.1,0.0,-0.0
1787225936.831174,3.46,172,1.48353,1.48353,1.48353,1.48353,0.174533,0.174533,-0.174533,-0.174533,-0.523599,-0.523599,0.523599,0.523599,-2.015893,-2.015892,0.514865,0.514865,-0.12,-0.119999,0.0,0.0,-0.1,-0.099999,0.2,0.200001,-0.1,-0.1,0.0,0.0,-0.12,-0.119999,0.0,-0.0,-0.1,-0.099999,0.2,0.200001,-0.1,-0.1,0.0,-0.0
1787225936.850526,3.48,173,1.48353,1.48353,1.48353,1.48353,0.174533,0.174533,-0.174533,-0.174533,-0.523599,-0.523599,0.523599,0.523599,-2.015893,-2.015892,0.514865,0.514865,-0.12,-0.119999,0.0,0.0,-0.1,-0.099999,0.2,0.200001,-0.1,-0.1,0.0,0.0,-0.12,-0.119999,0.0,-0.0,-0.1,-0.099999,0.2,0.200001,-0.1,-0.1,0.0,-0.0
1787225936.871346,3.5,174,1.48353,1.48353,1.48353,1.48353,0.174533,0.174533,-0.174533,-0.174533,-0.523599,-0.523599,0.523599,0.523599,-2.015893,-2.015892,0.514865,0.514865,-0.12,-0.119999,0.0,0.0,-0.1,-0.099999,0.2,0.200001,-0.1,-0.1,0.0,0.0,-0.12,-0.119999,0.0,-0.0,-0.1,-0.099999,0.2,0.200001,-0.1,-0.1,0.0,-0.0
1787225936.895543,3.52,175,1.48353,1.48353,1.48353,1.48353,0.174533,0.174533,-0.174533,-0.174533,-0.523599,-0.523599,0.523599,0.523599,-2.015893,-2.015892,0.514865,0.514865,-0.12,-0.119999,0.0,0.0,-0.1,-0.099999,0.2,0.200001,-0.1,-0.1,0.0,0.0,-0.12,-0.119999,0.0,-0.0,-0.1,-0.099999,0.2,0.200001,-0.1,-0.1,0.0,-0.0
1787225936.915539,3.54,176,1.48353,1.48353,1.48353,1.48353,0.174533,0.174533,-0.174533,-0.174533,-0.523599,-0.523599,0.523599,0.523599,-2.015893,-2.015892,0.514865,0.514865,-0.12,-0.119999,0.0,0.0,-0.1,-0.099999,0.2,0.200001,-0.1,-0.1,0.0,0.0,-0.12,-0.119999,0.0,-0.0,-0.1,-0.099999,0.2,0.200001,-0.1,-0.1,0.0,-0.0
1787225936.936877,3.56,177,1.48353,1.48353,1.48353,1.48353,0.174533,0.174533,-0.174533,-0.174533,-0.523599,-0.523599,0.523599,0.523599,-2.015893,-2.015892,0.514865,0.514865,-0.12,-0.119999,0.0,0.0,-0.1,-0.099999,0.2,0.200001,-0.1,-0.1,0.0,0.0,-0.12,-0.119999,0.0,-0.0,-0.1,-0.099999,0.2,0.200001,-0.1,-0.1,0.0,-0.0
1787225936.956259,3.58,178,1.48353,1.48353,1.48353,1.48353,0.174533,0.174533,-0.174533,-0.174533,-0.523599,-0.523599,0.523599,0.523599,-2.015893,-2.015892,0.514865,0.514865,-0.12,-0.119999,0.0,0.0,-0.1,-0.099999,0.2,0.200001,-0.1,-0.1,0.0,0.0,-0.12,-0.119999,0.0,-0.0,-0.1,-0.099999,0.2,0.200001,-0.1,-0.1,0.0,-0.0
1787225936.976161,3.6,179,1.48353,1.48353,1.48353,1.48353,0.174533,0.174533,-0.174533,-0.174533,-0.523599,-0.523599,0.523599,0.523599,-2.015893,-2.015892,0.514865,0.514865,-0.12,-0.119999,0.0,0.0,-0.1,-0.099999,0.2,0.200001,-0.1,-0.1,0.0,0.0,-0.12,-0.119999,0.0,-0.0,-0.1,-0.099999,0.2,0.200001,-0.1,-0.1,0.0,-0.0
1787225936.992095,3.62,180,1.48353,1.48353,1.48353,1.48353,0.174533,0.174533,-0.174533,-0.174533,-0.523599,-0.523599,0.523599,0.523599,-2.015893,-2.015893,0.514865,0.514865,-0.12,-0.119999,0.0,0.0,-0.1,-0.099999,0.2,0.200001,-0.1,-0.1,0.0,0.0,-0.12,-0.119999,0.0,-0.0,-0.1,-0.099999,0.2,0.200001,-0.1,-0.1,0.0,-0.0
1787225937.012013,3.64,181,1.48353,1.48353,1.48353,1.48353,0.174533,0.174533,-0.174533,-0.174533,-0.523599,-0.523599,0.523599,0.523599,-2.015893,-2.015893,0.514865,0.514865,-0.12,-0.119999,0.0,0.0,-0.1,-0.099999,0.2,0.200001,-0.1,-0.1,0.0,0.0,-0.12,-0.119999,0.0,-0.0,-0.1,-0.099999,0.2,0.200001,-0.1,-0.1,0.0,-0.0
1787225937.034191,3.66,182,1.48353,1.48353,1.48353,1.48353,0.174533,0.174533,-0.174533,-0.174533,-0.523599,-0.523599,0.523599,0.523599,-2.015893,-2.015893,0.514865,0.514865,-0.12,-0.119999,0.0,0.0,-0.1,-0.099999,0.2,0.200001,-0.1,-0.1,0.0,0.0,-0.12,-0.119999,0.0,-0.0,-0.1,-0.099999,0.2,0.200001,-0.1,-0.1,0.0,-0.0
1787225937.055709,3.68,183,1.48353,1.48353,1.48353,1.48353,0.174533,0.174533,-0.174533,-0.174533,-0.523599,-0.523599,0.523599,0.523599,-2.015893,-2.015893,0.514865,0.514865,-0.12,-0.119999,0.0,0.0,-0.1,-0.099999,0.2,0.200001,-0.1,-0.1,0.0,0.0,-0.12,-0.119999,0.0,-0.0,-0.1,-0.099999,0.2,0.200001,-0.1,-0.1,0.0,-0.0
1787225937.079993,3.7,184,1.48353,1.48353,1.48353,1.48353,0.174533,0.174533,-0.174533,-0.174533,-0.523599,-0.523599,0.523599,0.523599,-2.015893,-2.015893,0.514865,0.514865,-0.12,-0.119999,0.0,0.0,-0.1,-0.099999,0.2,0.200001,-0.1,-0.1,0.0,0.0,-0.12,-0.119999,0.0,-0.0,-0.1,-0.099999,0.2,0.200001,-0.1,-0.1,0.0,-0.0
1787225937.098339,3.72,185,1.48353,1.48353,1.48353,1.48353,0.174533,0.174533,-0.174533,-0.174533,-0.523599,-0.523599,0.523599,0.523599,-2.015893,-2.015893,0.514865,0.514865,-0.12,-0.119999,0.0,0.0,-0.1,-0.099999,0.2,0.200001,-0.1,-0.1,0.0,0.0,-0.12,-0.119999,0.0,-0.0,-0.1,-0.099999,0.2,0.200001,-0.1,-0.1,0.0,-0.0
1787225937.118152,3.74,186,1.48353,1.48353,1.48353,1.48353,0.174533,0.174533,-0.174533,-0.174533,-0.523599,-0.523599,0.523599,0.523599,-2.015893,-2.015893,0.514865,0.514865,-0.12,-0.119999,0.0,0.0,-0.1,-0.099999,0.2,0.200001,-0.1,-0.1,0.0,0.0,-0.12,-0.119999,0.0,-0.0,-0.1,-0.099999,0.2,0.200001,-0.1,-0.1,0.0,-0.0
1787225937.139243,3.76,187,1.48353,1.48353,1.48353,1.48353,0.174533,0.174533,-0.174533,-0.174533,-0.523599,-0.523599,0.523599,0.523599,-2.015893,-2.015893,0.514865,0.514865,-0.12,-0.119999,0.0,0.0,-0.1,-0.099999,0.2,0.200001,-0.1,-0.1,0.0,0.0,-0.12,-0.119999,0.0,-0.0,-0.1,-0.099999,0.2,0.200001,-0.1,-0.1,0.0,-0.0
1787225937.1619,3.78,188,1.48353,1.48353,1.48353,1.48353,0.174533,0.174533,-0.174533,-0.174533,-0.523599,-0.523599,0.523599,0.523599,-2.015893,-2.015893,0.514865,0.514865,-0.12,-0.119999,0.0,0.0,-0.1,-0.099999,0.2,0.200001,-0.1,-0.1,0.0,0.0,-0.12,-0.119999,0.0,-0.0,-0.1,-0.099999,0.2,0.200001,-0.1,-0.1,0.0,-0.0
1787225937.179227,3.8,189,1.48353,1.48353,1.48353,1.48353,0.174533,0.174533,-0.174533,-0.174533,-0.523599,-0.523599,0.523599,0.523599,-2.015893,-2.015893,0.514865,0.514865,-0.12,-0.119999,0.0,0.0,-0.1,-0.099999,0.2,0.200001,-0.1,-0.1,0.0,0.0,-0.12,-0.119999,0.0,-0.0,-0.1,-0.099999,0.2,0.200001,-0.1,-0.1,0.0,-0.0
1787225937.199452,3.82,190,1.48353,1.48353,1.48353,1.48353,0.174533,0.174533,-0.174533,-0.174533,-0.523599,-0.523599,0.523599,0.523599,-2.015893,-2.015893,0.514865,0.514865,-0.12,-0.119999,0.0,0.0,-0.1,-0.099999,0.2,0.200001,-0.1,-0.1,0.0,0.0,-0.12,-0.119999,0.0,-0.0,-0.1,-0.099999,0.2,0.200001,-0.1,-0.1,0.0,-0.0
1787225937.218331,3.84,191,1.48353,1.48353,1.48353,1.48353,0.174533,0.174533,-0.174533,-0.174533,-0.523599,-0.523599,0.523599,0.523599,-2.015893,-2.015893,0.514865,0.514865,-0.12,-0.119999,0.0,0.0,-0.1,-0.099999,0.2,0.200001,-0.1,-0.1,0.0,0.0,-0.12,-0.119999,0.0,-0.0,-0.1,-0.099999,0.2,0.200001,-0.1,-0.1,0.0,-0.0
1787225937.239521,3.86,192,1.48353,1.48353,1.48353,1.48353,0.174533,0.174533,-0.174533,-0.174533,-0.523599,-0.523599,0.523599,0.523599,-2.015893,-2.015893,0.514865,0.514865,-0.12,-0.119999,0.0,0.0,-0.1,-0.099999,0.2,0.200001,-0.1,-0.1,0.0,0.0,-0.12,-0.119999,0.0,-0.0,-0.1,-0.099999,0.2,0.200001,-0.1,-0.1,0.0,-0.0
1787225937.260041,3.88,193,1.48353,1.48353,1.48353,1.48353,0.174533,0.174533,-0.174533,-0.174533,-0.523599,-0.523599,0.523599,0.523599,-2.015893,-2.015893,0.514865,0.514865,-0.12,-0.119999,0.0,0.0,-0.1,-0.099999,0.2,0.200001,-0.1,-0.1,0.0,0.0,-0.12,-0.119999,0.0,-0.0,-0.1,-0.099999,0.2,0.200001,-0.1,-0.1,0.0,-0.0
1787225937.278604,3.9,194,1.48353,1.48353,1.48353,1.48353,0.174533,0.174533,-0.174533,-0.174533,-0.523599,-0.523599,0.523599,0.523599,-2.015893,-2.015893,0.514865,0.514865,-0.12,-0.119999,0.0,0.0,-0.1,-0.099999,0.2,0.200001,-0.1,-0.1,0.0,0.0,-0.12,-0.119999,0.0,-0.0,-0.1,-0.099999,0.2,0.200001,-0.1,-0.1,0.0,-0.0
1787225937.297355,3.92,195,1.48353,1.48353,1.48353,1.48353,0.174533,0.174533,-0.174533,-0.174533,-0.523599,-0.523599,0.523599,0.523599,-2.015893,-2.015893,0.514865,0.514865,-0.12,-0.119999,0.0,0.0,-0.1,-0.099999,0.2,0.200001,-0.1,-0.1,0.0,0.0,-0.12,-0.119999,0.0,-0.0,-0.1,-0.099999,0.2,0.200001,-0.1,-0.1,0.0,-0.0
1787225937.320197,3.94,196,1.48353,1.48353,1.48353,1.48353,0.174533,0.174533,-0.174533,-0.174533,-0.523599,-0.523599,0.523599,0.523599,-2.015893,-2.015893,0.514865,0.514865,-0.12,-0.119999,0.0,0.0,-0.1,-0.099999,0.2,0.200001,-0.1,-0.1,0.0,0.0,-0.12,-0.119999,0.0,-0.0,-0.1,-0.099999,0.2,0.200001,-0.1,-0.1,0.0,-0.0
1787225937.342565,3.96,197,1.48353,1.48353,1.48353,1.48353,0.174533,0.174533,-0.174533,-0.174533,-0.523599,-0.523599,0.523599,0.523599,-2.015893,-2.015893,0.514865,0.514865,-0.12,-0.119999,0.0,0.0,-0.1,-0.099999,0.2,0.200001,-0.1,-0.1,0.0,0.0,-0.12,-0.119999,0.0,-0.0,-0.1,-0.099999,0.2,0.200001,-0.1,-0.1,0.0,-0.0
1787225937.365237,3.98,198,1.48353,1.48353,1.48353,1.48353,0.174533,0.174533,-0.174533,-0.174533,-0.523599,-0.523599,0.523599,0.523599,-2.015893,-2.015893,0.514865,0.514865,-0.12,-0.119999,0.0,0.0,-0.1,-0.099999,0.2,0.200001,-0.1,-0.1,0.0,0.0,-0.12,-0.119999,0.0,-0.0,-0.1,-0.099999,0.2,0.200001,-0.1,-0.1,0.0,-0.0
1787225937.390357,4.0,199,1.48353,1.48353,1.48353,1.48353,0.174533,0.174533,-0.174533,-0.174533,-0.523599,-0.523599,0.523599,0.523599,-2.015893,-2.015893,0.514865,0.514865,-0.12,-0.119999,0.0,0.0,-0.1,-0.099999,0.2,0.200001,-0.1,-0.1,0.0,0.0,-0.12,-0.119999,0.0,-0.0,-0.1,-0.099999,0.2,0.200001,-0.1,-0.1,0.0,-0.0
1787225937.40801,4.02,200,1.48353,1.48353,1.48353,1.48353,0.174533,0.174533,-0.174533,-0.174533,-0.523599,-0.523599,0.523599,0.523599,-2.015893,-2.015893,0.514865,0.514865,-0.12,-0.119999,0.0,0.0,-0.1,-0.099999,0.2,0.200001,-0.1,-0.1,0.0,0.0,-0.12,-0.119999,0.0,-0.0,-0.1,-0.099999,0.2,0.200001,-0.1,-0.1,0.0,-0.0
1787225937.429061,4.04,201,1.48353,1.48353,1.48353,1.48353,0.174533,0.174533,-0.174533,-0.174533,-0.523599,-0.523599,0.523599,0.523599,-2.015893,-2.015893,0.514865,0.514865,-0.12,-0.119999,0.0,0.0,-0.1,-0.099999,0.2,0.200001,-0.1,-0.1,0.0,0.0,-0.12,-0.119999,0.0,-0.0,-0.1,-0.099999,0.2,0.200001,-0.1,-0.1,0.0,-0.0
1787225937.451496,4.06,202,1.48353,1.48353,1.48353,1.48353,0.174533,0.174533,-0.174533,-0.174533,-0.523599,-0.523599,0.523599,0.523599,-2.015893,-2.015893,0.514865,0.514865,-0.12,-0.119999,0.0,0.0,-0.1,-0.099999,0.2,0.200001,-0.1,-0.1,0.0,0.0,-0.12,-0.119999,0.0,-0.0,-0.1,-0.099999,0.2,0.200001,-0.1,-0.1,0.0,-0.0
1787225937.470921,4.08,203,1.48353,1.48353,1.48353,1.48353,0.174533,0.174533,-0.174533,-0.174533,-0.523599,-0.523599,0.523599,0.523599,-2.015893,-2.015893,0.514865,0.514865,-0.12,-0.119999,0.0,0.0,-0.1,-0.099999,0.2,0.200001,-0.1,-0.1,0.0,0.0,-0.12,-0.119999,0.0,-0.0,-0.1,-0.099999,0.2,0.200001,-0.1,-0.1,0.0,-0.0
1787225937.489378,4.1,204,1.48353,1.48353,1.48353,1.48353,0.174533,0.174533,-0.174533,-0.174533,-0.523599,-0.523599,0.523599,0.523599,-2.015893,-2.015893,0.514865,0.514865,-0.12,-0.119999,0.0,0.0,-0.1,-0.099999,0.2,0.200001,-0.1,-0.1,0.0,0.0,-0.12,-0.119999,0.0,-0.0,-0.1,-0.099999,0.2,0.200001,-0.1,-0.1,0.0,-0.0
1787225937.508574,4.12,205,1.48353,1.48353,1.48353,1.48353,0.174533,0.174533,-0.174533,-0.174533,-0.523599,-0.523599,0.523599,0.523599,-2.015893,-2.015893,0.514865,0.514865,-0.12,-0.119999,0.0,0.0,-0.1,-0.099999,0.2,0.200001,-0.1,-0.1,0.0,0.0,-0.12,-0.119999,0.0,-0.0,-0.1,-0.099999,0.2,0.200001,-0.1,-0.1,0.0,-0.0
1787225937.527261,4.14,206,1.48353,1.48353,1.48353,1.48353,0.174533,0.174533,-0.174533,-0.174533,-0.523599,-0.523599,0.523599,0.523599,-2.015893,-2.015893,0.514865,0.514865,-0.12,-0.119999,0.0,0.0,-0.1,-0.099999,0.2,0.200001,-0.1,-0.1,0.0,0.0,-0.12,-0.119999,0.0,-0.0,-0.1,-0.099999,0.2,0.200001,-0.1,-0.1,0.0,-0.0
1787225937.548262,4.16,207,1.48353,1.48353,1.48353,1.48353,0.174533,0.174533,-0.174533,-0.174533,-0.523599,-0.523599,0.523599,0.523599,-2.015893,-2.015893,0.514865,0.514865,-0.12,-0.119999,0.0,0.0,-0.1,-0.099999,0.2,0.200001,-0.1,-0.1,0.0,0.0,-0.12,-0.119999,0.0,-0.0,-0.1,-0.099999,0.2,0.200001,-0.1,-0.1,0.0,-0.0
1787225937.569102,4.18,208,1.48353,1.48353,1.48353,1.48353,0.174533,0.174533,-0.174533,-0.174533,-0.523599,-0.523599,0.523599,0.523599,-2.015893,-2.015893,0.514865,0.514865,-0.12,-0.119999,0.0,0.0,-0.1,-0.099999,0.2,0.200001,-0.1,-0.1,0.0,0.0,-0.12,-0.119999,0.0,-0.0,-0.1,-0.099999,0.2,0.200001,-0.1,-0.1,0.0,-0.0
1787225937.588825,4.2,209,1.48353,1.48353,1.48353,1.48353,0.174533,0.174533,-0.174533,-0.174533,-0.523599,-0.523599,0.523599,0.523599,-2.015893,-2.015893,0.514865,0.514865,-0.12,-0.119999,0.0,0.0,-0.1,-0.099999,0.2,0.200001,-0.1,-0.1,0.0,0.0,-0.12,-0.119999,0.0,-0.0,-0.1,-0.099999,0.2,0.200001,-0.1,-0.1,0.0,-0.0
1787225937.608466,4.22,210,1.48353,1.48353,1.48353,1.48353,0.174533,0.174533,-0.174533,-0.174533,-0.523599,-0.523599,0.523599,0.523599,-2.015893,-2.015893,0.514865,0.514865,-0.12,-0.119999,0.0,0.0,-0.1,-0.099999,0.2,0.200001,-0.1,-0.1,0.0,0.0,-0.12,-0.119999,0.0,-0.0,-0.1,-0.099999,0.2,0.200001,-0.1,-0.1,0.0,-0.0
1787225937.631686,4.24,211,1.48353,1.48353,1.48353,1.48353,0.174533,0.174533,-0.174533,-0.174533,-0.523599,-0.523599,0.523599,0.523599,-2.015893,-2.015893,0.514865,0.514865,-0.12,-0.119999,0.0,0.0,-0.1,-0.099999,0.2,0.200001,-0.1,-0.1,0.0,0.0,-0.12,-0.119999,0.0,-0.0,-0.1,-0.099999,0.2,0.200001,-0.1,-0.1,0.0,-0.0
1787225937.654275,4.26,212,1.48353,1.48353,1.48353,1.48353,0.174533,0.174533,-0.174533,-0.174533,-0.523599,-0.523599,0.523599,0.523599,-2.015893,-2.015893,0.514865,0.514865,-0.12,-0.119999,0.0,0.0,-0.1,-0.099999,0.2,0.200001,-0.1,-0.1,0.0,0.0,-0.12,-0.119999,0.0,-0.0,-0.1,-0.099999,0.2,0.200001,-0.1,-0.1,0.0,-0.0
1787225937.672014,4.28,213,1.48353,1.48353,1.48353,1.48353,0.174533,0.174533,-0.174533,-0.174533,-0.523599,-0.523599,0.523599,0.523599,-2.015893,-2.015893,0.514865,0.514865,-0.12,-0.119999,0.0,0.0,-0.1,-0.099999,0.2,0.200001,-0.1,-0.1,0.0,0.0,-0.12,-0.119999,0.0,-0.0,-0.1,-0.099999,0.2,0.200001,-0.1,-0.1,0.0,-0.0
1787225937.693994,4.3,214,1.48353,1.48353,1.48353,1.48353,0.174533,0.174533,-0.174533,-0.174533,-0.523599,-0.523599,0.523599,0.523599,-2.015893,-2.015893,0.514865,0.514865,-0.12,-0.119999,0.0,0.0,-0.1,-0.099999,0.2,0.200001,-0.1,-0.1,0.0,0.0,-0.12,-0.119999,0.0,-0.0,-0.1,-0.099999,0.2,0.200001,-0.1,-0.1,0.0,-0.0
1787225937.716112,4.32,215,1.48353,1.48353,1.48353,1.48353,0.174533,0.174533,-0.174533,-0.174533,-0.523599,-0.523599,0.523599,0.523599,-2.015893,-2.015893,0.514865,0.514865,-0.12,-0.119999,0.0,0.0,-0.1,-0.099999,0.2,0.200001,-0.1,-0.1,0.0,0.0,-0.12,-0.119999,0.0,-0.0,-0.1,-0.099999,0.2,0.200001,-0.1,-0.1,0.0,-0.0
1787225937.738623,4.34,216,1.48353,1.48353,1.48353,1.48353,0.174533,0.174533,-0.174533,-0.174533,-0.523599,-0.523599,0.523599,0.523599,-2.015893,-2.015893,0.514865,0.514865,-0.12,-0.119999,0.0,0.0,-0.1,-0.099999,0.2,0.200001,-0.1,-0.1,0.0,0.0,-0.12,-0.119999,0.0,-0.0,-0.1,-0.099999,0.2,0.200001,-0.1,-0.1,0.0,-0.0
1787225937.758519,4.36,217,1.48353,1.48353,1.48353,1.48353,0.174533,0.174533,-0.174533,-0.174533,-0.523599,-0.523599,0.523599,0.523599,-2.015893,-2.015893,0.514865,0.514865,-0.12,-0.119999,0.0,0.0,-0.1,-0.099999,0.2,0.200001,-0.1,-0.1,0.0,0.0,-0.12,-0.119999,0.0,-0.0,-0.1,-0.099999,0.2,0.200001,-0.1,-0.1,0.0,-0.0
1787225937.776361,4.38,218,1.48353,1.48353,1.48353,1.48353,0.174533,0.174533,-0.174533,-0.174533,-0.523599,-0.523599,0.523599,0.523599,-2.015893,-2.015893,0.514865,0.514865,-0.12,-0.119999,0.0,0.0,-0.1,-0.099999,0.2,0.200001,-0.1,-0.1,0.0,0.0,-0.12,-0.119999,0.0,-0.0,-0.1,-0.099999,0.2,0.200001,-0.1,-0.1,0.0,-0.0
1787225937.795236,4.4,219,1.48353,1.48353,1.48353,1.48353,0.174533,0.174533,-0.174533,-0.174533,-0.523599,-0.523599,0.523599,0.523599,-2.015893,-2.015893,0.514865,0.514865,-0.12,-0.119999,0.0,0.0,-0.1,-0.099999,0.2,0.200001,-0.1,-0.1,0.0,0.0,-0.12,-0.119999,0.0,-0.0,-0.1,-0.099999,0.2,0.200001,-0.1,-0.1,0.0,-0.0
1787225937.815117,4.42,220,1.48353,1.48353,1.48353,1.48353,0.174533,0.174533,-0.174533,-0.174533,-0.523599,-0.523599,0.523599,0.523599,-2.015893,-2.015893,0.514865,0.514865,-0.12,-0.119999,0.0,0.0,-0.1,-0.099999,0.2,0.200001,-0.1,-0.1,0.0,0.0,-0.12,-0.119999,0.0,-0.0,-0.1,-0.099999,0.2,0.200001,-0.1,-0.1,0.0,-0.0
1787225937.836894,4.44,221,1.48353,1.48353,1.48353,1.48353,0.174533,0.174533,-0.174533,-0.174533,-0.523599,-0.523599,0.523599,0.523599,-2.043803,-2.015893,0.514868,0.514865,-0.12,-0.119999,0.0,0.0,-0.1,-0.099999,0.2,0.200001,-0.1,-0.1,0.0,0.0,-0.12,-0.119999,0.0,-0.0,-0.1,-0.099999,0.2,0.200001,-0.1,-0.1,0.0,-0.0
1787225937.855975,4.46,222,1.48353,1.48353,1.48353,1.48353,0.174533,0.174533,-0.174533,-0.174533,-0.523599,-0.523599,0.523599,0.523599,-2.043803,-2.021475,0.514868,0.514867,-0.12,-0.119999,0.0,-0.0,-0.1,-0.099999,0.2,0.200001,-0.1,-0.1,0.0,0.0,-0.12,-0.119999,0.0,-0.0,-0.1,-0.099999,0.2,0.200001,-0.1,-0.1,0.0,-0.0
1787225937.877554,4.48,223,1.48353,1.48353,1.48353,1.48353,0.174533,0.174533,-0.174533,-0.174533,-0.523599,-0.523599,0.523599,0.523599,-2.043803,-2.02594,0.514868,0.514868,-0.12,-0.119999,0.0,-0.0,-0.1,-0.099999,0.2,0.200001,-0.1,-0.1,0.0,0.0,-0.12,-0.119999,0.0,-0.0,-0.1,-0.099999,0.2,0.200001,-0.1,-0.1,0.0,-0.0
1787225937.904097,4.5,224,1.48353,1.48353,1.48353,1.48353,0.174533,0.174533,-0.174533,-0.174533,-0.523599,-0.523599,0.523599,0.523599,-2.043803,-2.029513,0.514868,0.514868,-0.12,-0.119999,0.0,-0.0,-0.1,-0.099999,0.2,0.200001,-0.1,-0.1,0.0,0.0,-0.12,-0.119999,0.0,-0.0,-0.1,-0.099999,0.2,0.200001,-0.1,-0.1,0.0,-0.0
1787225937.923578,4.52,225,1.48353,1.48353,1.48353,1.48353,0.174533,0.174533,-0.174533,-0.174533,-0.523599,-0.523599,0.523599,0.523599,-2.043803,-2.032371,0.514868,0.514868,-0.12,-0.119999,0.0,-0.0,-0.1,-0.099999,0.2,0.200001,-0.1,-0.1,0.0,0.0,-0.12,-0.119999,0.0,-0.0,-0.1,-0.099999,0.2,0.2,-0.1,-0.1,0.0,-0.0
1787225937.945973,4.54,226,1.48353,1.48353,1.48353,1.48353,0.174533,0.174533,-0.174533,-0.174533,-0.523599,-0.523599,0.523599,0.523599,-2.043803,-2.034657,0.514868,0.514868,-0.12,-0.119999,0.0,-0.0,-0.1,-0.099999,0.2,0.200001,-0.1,-0.1,0.0,0.0,-0.12,-0.119999,0.0,-0.0,-0.1,-0.099999,0.2,0.2,-0.1,-0.1,0.0,-0.0
1787225937.966085,4.56,227,1.48353,1.48353,1.48353,1.48353,0.174533,0.174533,-0.174533,-0.174533,-0.523599,-0.523599,0.523599,0.523599,-2.043803,-2.036486,0.514868,0.514868,-0.12,-0.119999,0.0,-0.0,-0.1,-0.099999,0.2,0.200001,-0.1,-0.1,0.0,0.0,-0.12,-0.119999,0.0,-1e-06,-0.1,-0.099999,0.2,0.2,-0.1,-0.1,0.0,-0.0
1787225937.985463,4.58,228,1.48353,1.48353,1.48353,1.48353,0.174533,0.174533,-0.174533,-0.174533,-0.523599,-0.523599,0.523599,0.523599,-2.043803,-2.037949,0.514868,0.514868,-0.12,-0.119999,0.0,-0.0,-0.1,-0.099999,0.2,0.200001,-0.1,-0.1,0.0,0.0,-0.12,-0.119999,0.0,-1e-06,-0.1,-0.099999,0.2,0.2,-0.1,-0.1,0.0,-0.0
1787225938.007427,4.6,229,1.48353,1.48353,1.48353,1.48353,0.174533,0.174533,-0.174533,-0.174533,-0.523599,-0.523599,0.523599,0.523599,-2.043803,-2.03912,0.514868,0.514868,-0.12,-0.119999,0.0,-0.0,-0.1,-0.099999,0.2,0.200001,-0.1,-0.1,0.0,0.0,-0.12,-0.119999,0.0,-1e-06,-0.1,-0.099999,0.2,0.2,-0.1,-0.1,0.0,-0.0
1787225938.024476,4.62,230,1.48353,1.48353,1.48353,1.48353,0.174533,0.174533,-0.174533,-0.174533,-0.523599,-0.523599,0.523599,0.523599,-2.043803,-2.040057,0.514868,0.514868,-0.12,-0.119999,0.0,-0.0,-0.1,-0.099999,0.2,0.2,-0.1,-0.1,0.0,-0.0,-0.12,-0.119999,0.0,-1e-06,-0.1,-0.099999,0.2,0.2,-0.1,-0.1,0.0,-0.0
1787225938.042747,4.64,231,1.48353,1.48353,1.48353,1.48353,0.174533,0.174533,-0.174533,-0.174533,-0.523599,-0.523599,0.523599,0.523599,-2.043803,-2.040806,0.514868,0.514868,-0.12,-0.119999,0.0,-0.0,-0.1,-0.099999,0.2,0.2,-0.1,-0.1,0.0,-0.0,-0.12,-0.119999,0.0,-1e-06,-0.1,-0.099999,0.2,0.2,-0.1,-0.1,0.0,-0.0
1787225938.060471,4.66,232,1.48353,1.48353,1.48353,1.48353,0.174533,0.174533,-0.174533,-0.174533,-0.523599,-0.523599,0.523599,0.523599,-2.043803,-2.041405,0.514868,0.514868,-0.12,-0.119999,0.0,-0.0,-0.1,-0.099999,0.2,0.2,-0.1,-0.1,0.0,-0.0,-0.12,-0.119999,0.0,-1e-06,-0.1,-0.099999,0.2,0.2,-0.1,-0.1,0.0,-0.0
1787225938.079937,4.68,233,1.48353,1.48353,1.48353,1.48353,0.174533,0.174533,-0.174533,-0.174533,-0.523599,-0.523599,0.523599,0.523599,-2.043803,-2.041885,0.514868,0.514868,-0.12,-0.119999,0.0,-0.0,-0.1,-0.099999,0.2,0.2,-0.1,-0.1,0.0,-0.0,-0.12,-0.119999,0.0,-1e-06,-0.1,-0.099999,0.2,0.2,-0.1,-0.1,0.0,-0.0
1787225938.101585,4.7,234,1.48353,1.48353,1.48353,1.48353,0.174533,0.174533,-0.174533,-0.174533,-0.523599,-0.523599,0.523599,0.523599,-2.043803,-2.042268,0.514868,0.514868,-0.12,-0.119999,0.0,-0.0,-0.1,-0.099999,0.2,0.2,-0.1,-0.1,0.0,-0.0,-0.12,-0.119999,0.0,-1e-06,-0.1,-0.099999,0.2,0.2,-0.1,-0.1,0.0,-0.0
1787225938.124462,4.72,235,1.48353,1.48353,1.48353,1.48353,0.174533,0.174533,-0.174533,-0.174533,-0.523599,-0.523599,0.523599,0.523599,-2.043803,-2.042575,0.514868,0.514868,-0.12,-0.119999,0.0,-0.0,-0.1,-0.099999,0.2,0.2,-0.1,-0.1,0.0,-0.0,-0.12,-0.119999,0.0,-1e-06,-0.1,-0.099999,0.2,0.2,-0.1,-0.1,0.0,-0.0
1787225938.149145,4.74,236,1.48353,1.48353,1.48353,1.48353,0.174533,0.174533,-0.174533,-0.174533,-0.523599,-0.523599,0.523599,0.523599,-2.043803,-2.04282,0.514868,0.514868,-0.12,-0.119999,0.0,-0.0,-0.1,-0.099999,0.2,0.2,-0.1,-0.1,0.0,-0.0,-0.12,-0.119999,0.0,-1e-06,-0.1,-0.099999,0.2,0.2,-0.1,-0.1,0.0,-0.0
1787225938.167233,4.76,237,1.48353,1.48353,1.48353,1.48353,0.174533,0.174533,-0.174533,-0.174533,-0.523599,-0.523599,0.523599,0.523599,-2.043803,-2.043017,0.514868,0.514868,-0.12,-0.119999,0.0,-0.0,-0.1,-0.099999,0.2,0.2,-0.1,-0.1,0.0,-0.0,-0.12,-0.119999,0.0,-1e-06,-0.1,-0.099999,0.2,0.2,-0.1,-0.1,0.0,-0.0
1787225938.187393,4.78,238,1.48353,1.48353,1.48353,1.48353,0.174533,0.174533,-0.174533,-0.174533,-0.523599,-0.523599,0.523599,0.523599,-2.043803,-2.043174,0.514868,0.514868,-0.12,-0.119999,0.0,-0.0,-0.1,-0.099999,0.2,0.2,-0.1,-0.1,0.0,-0.0,-0.12,-0.119999,0.0,-1e-06,-0.1,-0.099999,0.2,0.2,-0.1,-0.1,0.0,-0.0
1787225938.207202,4.8,239,1.48353,1.48353,1.48353,1.48353,0.174533,0.174533,-0.174533,-0.174533,-0.523599,-0.523599,0.523599,0.523599,-2.043803,-2.0433,0.514868,0.514868,-0.12,-0.119999,0.0,-0.0,-0.1,-0.099999,0.2,0.2,-0.1,-0.1,0.0,-0.0,-0.12,-0.119999,0.0,-1e-06,-0.1,-0.099999,0.2,0.2,-0.1,-0.1,0.0,-0.0
1787225938.230644,4.82,240,1.48353,1.48353,1.48353,1.48353,0.174533,0.174533,-0.174533,-0.174533,-0.523599,-0.523599,0.523599,0.523599,-2.060549,-2.0434,0.51487,0.514868,-0.12,-0.119999,0.0,-0.0,-0.1,-0.099999,0.2,0.2,-0.1,-0.1,0.0,-0.0,-0.12,-0.119999,0.0,-1e-06,-0.1,-0.099999,0.2,0.2,-0.1,-0.1,0.0,-0.0
1787225938.249971,4.84,241,1.48353,1.48353,1.48353,1.48353,0.174533,0.174533,-0.174533,-0.174533,-0.523599,-0.523599,0.523599,0.523599,-2.060549,-2.04683,0.51487,0.514869,-0.12,-0.119999,0.0,-0.0,-0.1,-0.099999,0.2,0.2,-0.1,-0.1,0.0,-0.0,-0.12,-0.119999,0.0,-1e-06,-0.1,-0.099999,0.2,0.2,-0.1,-0.1,0.0,-0.0
1787225938.270579,4.86,242,1.48353,1.48353,1.48353,1.48353,0.174533,0.174533,-0.174533,-0.174533,-0.523599,-0.523599,0.523599,0.523599,-2.060549,-2.049574,0.51487,0.514869,-0.12,-0.119999,0.0,-0.0,-0.1,-0.099999,0.2,0.2,-0.1,-0.1,0.0,-0.0,-0.12,-0.119999,0.0,-1e-06,-0.1,-0.099999,0.2,0.2,-0.1,-0.1,0.0,-0.0
1787225938.292218,4.88,243,1.48353,1.48353,1.48353,1.48353,0.174533,0.174533,-0.174533,-0.174533,-0.523599,-0.523599,0.523599,0.523599,-2.070597,-2.051769,0.514871,0.514869,-0.12,-0.119999,0.0,-0.0,-0.1,-0.099999,0.2,0.2,-0.1,-0.1,0.0,-0.0,-0.12,-0.119999,0.0,-1e-06,-0.1,-0.099999,0.2,0.2,-0.1,-0.1,0.0,-0.0
1787225938.308928,4.9,244,1.48353,1.48353,1.48353,1.48353,0.174533,0.174533,-0.174533,-0.174533,-0.523599,-0.523599,0.523599,0.523599,-2.070597,-2.055534,0.514871,0.514869,-0.12,-0.119999,0.0,-0.0,-0.1,-0.099999,0.2,0.2,-0.1,-0.1,0.0,-0.0,-0.12,-0.119999,0.0,-1e-06,-0.1,-0.099999,0.2,0.2,-0.1,-0.1,0.0,-0.0
1787225938.336812,4.92,245,1.48353,1.48353,1.48353,1.48353,0.174533,0.174533,-0.174533,-0.174533,-0.523599,-0.523599,0.523599,0.523599,-2.076626,-2.058547,0.514871,0.51487,-0.12,-0.119999,0.0,-0.0,-0.1,-0.099999,0.2,0.2,-0.1,-0.1,0.0,-0.0,-0.12,-0.119999,0.0,-1e-06,-0.1,-0.099999,0.2,0.2,-0.1,-0.1,0.0,-0.0
1787225938.346514,4.94,246,1.48353,1.48353,1.48353,1.48353,0.174533,0.174533,-0.174533,-0.174533,-0.523599,-0.523599,0.523599,0.523599,-2.076626,-2.062162,0.514871,0.51487,-0.12,-0.119999,0.0,-1e-06,-0.1,-0.099999,0.2,0.2,-0.1,-0.1,0.0,-0.0,-0.12,-0.119999,0.0,-1e-06,-0.1,-0.099999,0.2,0.2,-0.1,-0.1,0.0,-0.0
1787225938.367076,4.96,247,1.48353,1.48353,1.48353,1.48353,0.174533,0.174533,-0.174533,-0.174533,-0.523599,-0.523599,0.523599,0.523599,-1.978154,-2.065055,0.514872,0.51487,-0.12,-0.119999,0.0,-1e-06,-0.1,-0.099999,0.2,0.2,-0.1,-0.1,0.0,-0.0,-0.12,-0.119999,0.0,-1e-06,-0.1,-0.099999,0.2,0.2,-0.1,-0.1,0.0,-0.0
1787225938.384895,4.98,248,1.48353,1.48353,1.48353,1.48353,0.174533,0.174533,-0.174533,-0.174533,-0.523599,-0.523599,0.523599,0.523599,-1.978154,-2.047675,0.514872,0.514876,-0.12,-0.119999,0.0,-0.0,-0.1,-0.099999,0.2,0.2,-0.1,-0.1,0.0,-0.0,-0.12,-0.119999,0.0,-1e-06,-0.1,-0.099999,0.2,0.2,-0.1,-0.1,0.0,-0.0
1787225938.403696,5.0,249,1.48353,1.48353,1.48353,1.48353,0.174533,0.174533,-0.174533,-0.174533,-0.523599,-0.523599,0.523599,0.523599,-1.978154,-2.033771,0.514872,0.514879,-0.12,-0.119999,0.0,-0.0,-0.1,-0.099999,0.2,0.2,-0.1,-0.1,0.0,-0.0,-0.12,-0.119999,0.0,-1e-06,-0.1,-0.099999,0.2,0.2,-0.1,-0.1,0.0,-0.0
1787225938.428104,5.02,250,0.77318,1.48353,1.48353,1.48353,-0.020944,0.174533,-0.174533,-0.174533,-0.523599,-0.523599,0.523599,0.523599,-1.866336,-2.022648,0.514872,0.514881,-0.12,-0.119999,0.0,0.0,-0.1,-0.099999,0.2,0.2,-0.1,-0.1,0.0,-0.0,-0.12,-0.119999,0.0,-0.0,-0.1,-0.099999,0.2,0.2,-0.1,-0.1,0.0,-0.0
1787225938.443399,5.04,251,0.77318,1.400958,1.48353,1.48353,-0.020944,0.135417,-0.174533,-0.174533,-0.523599,-0.523598,0.523599,0.523599,-1.866336,-1.991389,0.514872,0.514903,-0.12,-0.119999,0.0,0.0,-0.1,-0.099999,0.2,0.2,-0.1,-0.1,0.0,-0.0,-0.12,-0.119999,0.0,-0.0,-0.1,-0.099999,0.2,0.2,-0.1,-0.1,0.0,-0.0
1787225938.46653,5.06,252,0.77318,1.318372,1.48353,1.48353,-0.020944,0.104329,-0.174533,-0.174533,-0.523599,-0.523598,0.523599,0.523599,-1.866336,-1.96638,0.514872,0.514915,-0.12,-0.119999,0.0,0.0,-0.1,-0.099999,0.2,0.2,-0.1,-0.1,0.0,-0.0,-0.12,-0.119999,0.0,-0.0,-0.1,-0.099999,0.2,0.2,-0.1,-0.1,0.0,-0.0
1787225938.487026,5.08,253,0.77318,1.235786,1.48353,1.48353,-0.020944,0.079536,-0.174533,-0.174533,-0.523599,-0.523599,0.523599,0.523599,-1.866336,-1.946371,0.514872,0.514918,-0.12,-0.119999,0.0,0.0,-0.1,-0.099999,0.2,0.2,-0.1,-0.1,0.0,-0.0,-0.12,-0.119999,0.0,-0.0,-0.1,-0.099999,0.2,0.2,-0.1,-0.1,0.0,-0.0
1787225938.506882,5.1,254,0.77318,1.153194,1.48353,1.48353,-0.020944,0.05973,-0.174533,-0.174533,-0.523599,-0.523599,0.523599,0.523599,-1.866336,-1.930365,0.514872,0.514917,-0.12,-0.119999,0.0,0.0,-0.1,-0.099999,0.2,0.2,-0.1,-0.1,0.0,-0.0,-0.12,-0.119999,0.0,-0.0,-0.1,-0.099999,0.2,0.2,-0.1,-0.1,0.0,-0.0
1787225938.527292,5.12,255,0.77318,1.077277,1.48353,1.48353,-0.020944,0.043867,-0.174533,-0.174533,-0.523599,-0.523599,0.523599,0.523599,-1.866336,-1.917559,0.514872,0.514913,-0.12,-0.119999,0.0,1e-06,-0.1,-0.099999,0.2,0.2,-0.1,-0.1,0.0,-0.0,-0.12,-0.119999,0.0,-0.0,-0.1,-0.099999,0.2,0.2,-0.1,-0.1,0.0,-0.0
1787225938.547116,5.14,256,0.77318,1.016514,1.48353,1.48353,-0.020944,0.031112,-0.174533,-0.174533,-0.523599,-0.523599,0.523599,0.523599,-1.866336,-1.907315,0.514872,0.514909,-0.12,-0.119999,0.0,1e-06,-0.1,-0.099999,0.2,0.2,-0.1,-0.1,0.0,-0.0,-0.12,-0.119999,0.0,-0.0,-0.1,-0.099999,0.2,0.2,-0.1,-0.1,0.0,-0.0
1787225938.566835,5.16,257,0.77318,0.967884,1.48353,1.48353,-0.020944,0.020847,-0.174533,-0.174533,-0.523599,-0.523599,0.523599,0.523599,-1.866336,-1.899119,0.514872,0.514904,-0.12,-0.119999,0.0,1e-06,-0.1,-0.099999,0.2,0.2,-0.1,-0.1,0.0,-0.0,-0.12,-0.119999,0.0,-0.0,-0.1,-0.099999,0.2,0.2,-0.1,-0.1,0.0,-0.0
1787225938.585421,5.18,258,0.77318,0.928968,1.48353,1.48353,-0.020944,0.012588,-0.174533,-0.174533,-0.523599,-0.523599,0.523599,0.523599,-1.866336,-1.892563,0.514872,0.514899,-0.12,-0.119999,0.0,1e-06,-0.1,-0.099999,0.2,0.2,-0.1,-0.1,0.0,-0.0,-0.12,-0.119999,0.0,-0.0,-0.1,-0.099999,0.2,0.2,-0.1,-0.1,0.0,-0.0
1787225938.608415,5.2,259,0.77318,0.897826,1.48353,1.48353,-0.020944,0.005949,-0.174533,-0.174533,-0.523599,-0.523599,0.523599,0.523599,-1.866336,-1.887317,0.514872,0.514895,-0.12,-0.119999,0.0,1e-06,-0.1,-0.099999,0.2,0.2,-0.1,-0.1,0.0,-0.0,-0.12,-0.119999,0.0,0.0,-0.1,-0.099999,0.2,0.2,-0.1,-0.1,0.0,-0.0
1787225938.635619,5.22,260,0.77318,0.872908,1.48353,1.48353,-0.020944,0.000615,-0.174533,-0.174533,-0.523599,-0.523599,0.523599,0.523599,-1.866336,-1.883121,0.514872,0.514891,-0.12,-0.119999,0.0,1e-06,-0.1,-0.099999,0.2,0.2,-0.1,-0.1,0.0,-0.0,-0.12,-0.119999,0.0,0.0,-0.1,-0.099999,0.2,0.2,-0.1,-0.1,0.0,-0.0
1787225938.657761,5.24,261,0.77318,0.852969,1.48353,1.48353,-0.020944,-0.003668,-0.174533,-0.174533,-0.523599,-0.523599,0.523599,0.523599,-1.866336,-1.879764,0.514872,0.514888,-0.12,-0.119999,0.0,1e-06,-0.1,-0.099999,0.2,0.2,-0.1,-0.1,0.0,-0.0,-0.12,-0.119999,0.0,0.0,-0.1,-0.099999,0.2,0.2,-0.1,-0.1,0.0,-0.0
1787225938.683079,5.26,262,0.77318,0.837016,1.48353,1.48353,-0.020944,-0.007104,-0.174533,-0.174533,-0.523599,-0.523599,0.523599,0.523599,-1.866336,-1.877079,0.514872,0.514885,-0.12,-0.119999,0.0,1e-06,-0.1,-0.099999,0.2,0.2,-0.1,-0.1,0.0,-0.0,-0.12,-0.119999,0.0,0.0,-0.1,-0.099999,0.2,0.2,-0.1,-0.1,0.0,-0.0
1787225938.700938,5.28,263,0.77318,0.824252,1.48353,1.48353,-0.020944,-0.00986,-0.174533,-0.174533,-0.523599,-0.523599,0.523599,0.523599,-1.866336,-1.87493,0.514872,0.514882,-0.12,-0.119999,0.0,1e-06,-0.1,-0.099999,0.2,0.2,-0.1,-0.1,0.0,0.0,-0.12,-0.119999,0.0,0.0,-0.1,-0.099999,0.2,0.2,-0.1,-0.1,0.0,-0.0
1787225938.721349,5.3,264,0.77318,0.814039,1.48353,1.48353,-0.020944,-0.012069,-0.174533,-0.174533,-0.523599,-0.523599,0.523599,0.523599,-1.866336,-1.873211,0.514872,0.51488,-0.12,-0.119998,0.0,0.0,-0.1,-0.099999,0.2,0.2,-0.1,-0.1,0.0,0.0,-0.12,-0.119999,0.0,0.0,-0.1,-0.099999,0.2,0.200001,-0.1,-0.1,0.0,-0.0
1787225938.741153,5.32,265,0.77318,0.805869,1.48353,1.48353,-0.020944,-0.013839,-0.174533,-0.174533,-0.523599,-0.523599,0.523599,0.523599,-1.866336,-1.871836,0.514872,0.514879,-0.12,-0.119998,0.0,0.0,-0.1,-0.099999,0.2,0.2,-0.1,-0.1,0.0,0.0,-0.12,-0.119999,0.0,0.0,-0.1,-0.099999,0.2,0.200001,-0.1,-0.1,0.0,-0.0
1787225938.758138,5.34,266,0.77318,0.799332,1.48353,1.48353,-0.020944,-0.015256,-0.174533,-0.174533,-0.523599,-0.523599,0.523599,0.523599,-1.866336,-1.870736,0.514872,0.514877,-0.12,-0.119998,0.0,0.0,-0.1,-0.099999,0.2,0.2,-0.1,-0.1,0.0,0.0,-0.12,-0.119999,0.0,0.0,-0.1,-0.099999,0.2,0.200001,-0.1,-0.1,0.0,-0.0
1787225938.778754,5.36,267,0.77318,0.794102,1.48353,1.48353,-0.020944,-0.016392,-0.174533,-0.174533,-0.523599,-0.523599,0.523599,0.523599,-1.866336,-1.869856,0.514872,0.514876,-0.12,-0.119998,0.0,0.0,-0.1,-0.099999,0.2,0.2,-0.1,-0.1,0.0,0.0,-0.12,-0.119999,0.0,0.0,-0.1,-0.099999,0.2,0.200001,-0.1,-0.1,0.0,-0.0
1787225938.799813,5.38,268,0.77318,0.789918,1.48353,1.48353,-0.020944,-0.017301,-0.174533,-0.174533,-0.523599,-0.523599,0.523599,0.523599,-1.866336,-1.869152,0.514872,0.514875,-0.12,-0.119998,0.0,0.0,-0.1,-0.099999,0.2,0.200001,-0.1,-0.1,0.0,0.0,-0.12,-0.119999,0.0,0.0,-0.1,-0.099999,0.2,0.200001,-0.1,-0.1,0.0,-0.0
1787225938.821617,5.4,269,0.77318,0.786571,1.48353,1.48353,-0.020944,-0.018029,-0.174533,-0.174533,-0.523599,-0.523599,0.523599,0.523599,-1.954069,-1.868589,0.514872,0.514875,-0.12,-0.119998,0.0,0.0,-0.1,-0.099999,0.2,0.200001,-0.1,-0.1,0.0,0.0,-0.12,-0.119999,0.0,0.0,-0.1,-0.099999,0.2,0.200001,-0.1,-0.1,0.0,-0.0
1787225938.842909,5.42,270,0.77318,0.783893,1.48353,1.48353,-0.020944,-0.018611,-0.174533,-0.174533,-0.523599,-0.523599,0.523599,0.523599,-1.954069,-1.885685,0.514872,0.514884,-0.12,-0.119999,0.0,0.0,-0.1,-0.099999,0.2,0.2,-0.1,-0.1,0.0,0.0,-0.12,-0.119999,0.0,-0.0,-0.1,-0.099999,0.2,0.2,-0.1,-0.1,0.0,-0.0
1787225938.863692,5.44,271,0.77318,0.78175,1.48353,1.48353,-0.020944,-0.019077,-0.174533,-0.174533,-0.523599,-0.523599,0.523599,0.523599,-2.006709,-1.899361,0.514872,0.514889,-0.12,-0.119999,0.0,-0.0,-0.1,-0.099999,0.2,0.2,-0.1,-0.1,0.0,0.0,-0.12,-0.119999,0.0,-0.0,-0.1,-0.099999,0.2,0.2,-0.1,-0.1,0.0,-0.0
1787225938.887383,5.46,272,0.77318,0.780036,1.48353,1.48353,-0.020944,-0.01945,-0.174533,-0.174533,-0.523599,-0.523599,0.523599,0.523599,-2.006709,-1.92083,0.514872,0.514901,-0.12,-0.119999,0.0,-0.0,-0.1,-0.099999,0.2,0.2,-0.1,-0.1,0.0,0.0,-0.12,-0.119999,0.0,-0.0,-0.1,-0.099999,0.2,0.2,-0.1,-0.1,0.0,-0.0
1787225938.905278,5.48,273,0.77318,0.778665,1.48353,1.48353,-0.020944,-0.019749,-0.174533,-0.174533,-0.523599,-0.523599,0.523599,0.523599,-2.006709,-1.938005,0.514872,0.514906,-0.12,-0.119999,0.0,-0.0,-0.1,-0.099999,0.2,0.2,-0.1,-0.1,0.0,0.0,-0.12,-0.119999,0.0,-0.0,-0.1,-0.099999,0.2,0.2,-0.1,-0.1,0.0,-0.0
1787225938.92888,5.5,274,0.77318,0.777568,1.48353,1.48353,-0.020944,-0.019988,-0.174533,-0.174533,-0.523599,-0.523599,0.523599,0.523599,-2.038293,-1.951745,0.514872,0.514905,-0.12,-0.119999,0.0,-0.0,-0.1,-0.099999,0.2,0.200001,-0.1,-0.1,0.0,0.0,-0.12,-0.119999,0.0,-0.0,-0.1,-0.099999,0.2,0.200001,-0.1,-0.1,0.0,-0.0
1787225938.947212,5.52,275,0.77318,0.77669,1.48353,1.48353,-0.020944,-0.020179,-0.174533,-0.174533,-0.523599,-0.523599,0.523599,0.523599,-2.038293,-1.969054,0.514872,0.514908,-0.12,-0.119999,0.0,-1e-06,-0.1,-0.099999,0.2,0.200001,-0.1,-0.1,0.0,0.0,-0.12,-0.119999,0.0,-0.0,-0.1,-0.099999,0.2,0.200001,-0.1,-0.1,0.0,-0.0
1787225938.965481,5.54,276,0.77318,0.775988,1.48353,1.48353,-0.020944,-0.020332,-0.174533,-0.174533,-0.523599,-0.523599,0.523599,0.523599,-2.038293,-1.982902,0.514872,0.514907,-0.12,-0.119999,0.0,-0.0,-0.1,-0.099999,0.2,0.200001,-0.1,-0.1,0.0,0.0,-0.12,-0.119999,0.0,-0.0,-0.1,-0.099999,0.2,0.200001,-0.1,-0.1,0.0,-0.0
1787225938.987999,5.56,277,0.77318,0.775427,1.48353,1.48353,-0.020944,-0.020454,-0.174533,-0.174533,-0.523599,-0.523599,0.523599,0.523599,-2.057243,-1.99398,0.514872,0.514904,-0.12,-0.119999,0.0,-0.0,-0.1,-0.099999,0.2,0.200001,-0.1,-0.1,0.0,0.0,-0.12,-0.119999,0.0,-0.0,-0.1,-0.099999,0.2,0.200001,-0.1,-0.1,0.0,-0.0
1787225939.005357,5.58,278,0.77318,0.774977,1.48353,1.48353,-0.020944,-0.020552,-0.174533,-0.174533,-0.523599,-0.523599,0.523599,0.523599,-2.057243,-2.006632,0.514872,0.514902,-0.12,-0.119999,0.0,-0.0,-0.1,-0.099999,0.2,0.200001,-0.1,-0.1,0.0,0.0,-0.12,-0.119999,0.0,-0.0,-0.1,-0.099999,0.2,0.200001,-0.1,-0.1,0.0,-0.0
1787225939.027797,5.6,279,0.77318,0.774618,1.48353,1.48353,-0.020944,-0.02063,-0.174533,-0.174533,-0.523599,-0.523599,0.523599,0.523599,-2.057243,-2.016754,0.514872,0.514899,-0.12,-0.119999,0.0,-0.0,-0.1,-0.099999,0.2,0.200001,-0.1,-0.1,0.0,0.0,-0.12,-0.119999,0.0,-0.0,-0.1,-0.099999,0.2,0.200001,-0.1,-0.1,0.0,-0.0
1787225939.046026,5.62,280,0.77318,0.77433,1.48353,1.48353,-0.020944,-0.020693,-0.174533,-0.174533,-0.523599,-0.523599,0.523599,0.523599,-2.057243,-2.024852,0.514872,0.514895,-0.12,-0.119999,0.0,-0.0,-0.1,-0.099999,0.2,0.200001,-0.1,-0.1,0.0,0.0,-0.12,-0.119999,0.0,-0.0,-0.1,-0.099999,0.2,0.200001,-0.1,-0.1,0.0,-0.0
1787225939.066757,5.64,281,0.77318,0.7741,1.48353,1.48353,-0.020944,-0.020743,-0.174533,-0.174533,-0.523599,-0.523599,0.523599,0.523599,-2.057243,-2.03133,0.514872,0.514892,-0.12,-0.119999,0.0,-0.0,-0.1,-0.099999,0.2,0.200001,-0.1,-0.1,0.0,0.0,-0.12,-0.119999,0.0,-0.0,-0.1,-0.099999,0.2,0.200001,-0.1,-0.1,0.0,-0.0
1787225939.097744,5.66,282,0.77318,0.773916,1.48353,1.48353,-0.020944,-0.020783,-0.174533,-0.174533,-0.523599,-0.523599,0.523599,0.523599,-2.057243,-2.036512,0.514872,0.514888,-0.12,-0.119999,0.0,-0.0,-0.1,-0.099999,0.2,0.200001,-0.1,-0.1,0.0,0.0,-0.12,-0.119999,0.0,-0.0,-0.1,-0.099999,0.2,0.2,-0.1,-0.1,0.0,-0.0
1787225939.111063,5.68,283,0.77318,0.773769,1.48353,1.48353,-0.020944,-0.020816,-0.174533,-0.174533,-0.523599,-0.523599,0.523599,0.523599,-2.057243,-2.040658,0.514872,0.514885,-0.12,-0.119999,0.0,-0.0,-0.1,-0.099999,0.2,0.200001,-0.1,-0.1,0.0,0.0,-0.12,-0.119999,0.0,-1e-06,-0.1,-0.099999,0.2,0.2,-0.1,-0.1,0.0,-0.0
1787225939.131707,5.7,284,0.77318,0.773651,1.48353,1.48353,-0.020944,-0.020841,-0.174533,-0.174533,-0.523599,-0.523599,0.523599,0.523599,-2.057243,-2.043975,0.514872,0.514883,-0.12,-0.119999,0.0,-0.0,-0.1,-0.099999,0.2,0.200001,-0.1,-0.1,0.0,0.0,-0.12,-0.119999,0.0,-1e-06,-0.1,-0.099999,0.2,0.2,-0.1,-0.1,0.0,-0.0
1787225939.153184,5.72,285,0.77318,0.773557,1.48353,1.48353,-0.020944,-0.020862,-0.174533,-0.174533,-0.523599,-0.523599,0.523599,0.523599,-2.057243,-2.046629,0.514872,0.51488,-0.12,-0.119999,0.0,-0.0,-0.1,-0.099999,0.2,0.200001,-0.1,-0.1,0.0,0.0,-0.12,-0.119999,0.0,-1e-06,-0.1,-0.099999,0.2,0.2,-0.1,-0.1,0.0,-0.0
1787225939.173886,5.74,286,0.77318,0.773482,1.48353,1.48353,-0.020944,-0.020878,-0.174533,-0.174533,-0.523599,-0.523599,0.523599,0.523599,-2.057243,-2.048751,0.514872,0.514879,-0.12,-0.119999,0.0,-0.0,-0.1,-0.099999,0.2,0.200001,-0.1,-0.1,0.0,0.0,-0.12,-0.119999,0.0,-1e-06,-0.1,-0.099999,0.2,0.2,-0.1,-0.1,0.0,-0.0
1787225939.194419,5.76,287,0.77318,0.773421,1.48353,1.48353,-0.020944,-0.020891,-0.174533,-0.174533,-0.523599,-0.523599,0.523599,0.523599,-2.057243,-2.05045,0.514872,0.514877,-0.12,-0.119999,0.0,-0.0,-0.1,-0.099999,0.2,0.200001,-0.1,-0.1,0.0,0.0,-0.12,-0.119999,0.0,-1e-06,-0.1,-0.099999,0.2,0.2,-0.1,-0.1,0.0,-0.0
1787225939.213083,5.78,288,0.77318,0.773373,1.48353,1.48353,-0.020944,-0.020902,-0.174533,-0.174533,-0.523599,-0.523599,0.523599,0.523599,-2.057243,-2.051808,0.514872,0.514876,-0.12,-0.119999,0.0,-0.0,-0.1,-0.099999,0.2,0.200001,-0.1,-0.1,0.0,0.0,-0.12,-0.119999,0.0,-1e-06,-0.1,-0.099999,0.2,0.2,-0.1,-0.1,0.0,-0.0
1787225939.231968,5.8,289,0.77318,0.773335,1.48353,1.48353,-0.020944,-0.02091,-0.174533,-0.174533,-0.523599,-0.523599,0.523599,0.523599,-2.057243,-2.052895,0.514872,0.514876,-0.12,-0.119999,0.0,-0.0,-0.1,-0.099999,0.2,0.200001,-0.1,-0.1,0.0,0.0,-0.12,-0.119999,0.0,-1e-06,-0.1,-0.099999,0.2,0.2,-0.1,-0.1,0.0,-0.0
1787225939.251063,5.82,290,0.77318,0.773304,1.48353,1.48353,-0.020944,-0.020917,-0.174533,-0.174533,-0.523599,-0.523599,0.523599,0.523599,-2.057243,-2.053764,0.514872,0.514875,-0.12,-0.119999,0.0,-0.0,-0.1,-0.099999,0.2,0.200001,-0.1,-0.1,0.0,0.0,-0.12,-0.119999,0.0,-1e-06,-0.1,-0.099999,0.2,0.2,-0.1,-0.1,0.0,-0.0
1787225939.270581,5.84,291,0.77318,0.773279,1.48353,1.48353,-0.020944,-0.020922,-0.174533,-0.174533,-0.523599,-0.523599,0.523599,0.523599,-2.057243,-2.05446,0.514872,0.514874,-0.12,-0.119999,0.0,-0.0,-0.1,-0.099999,0.2,0.200001,-0.1,-0.1,0.0,0.0,-0.12,-0.119999,0.0,-1e-06,-0.1,-0.099999,0.2,0.2,-0.1,-0.1,0.0,-0.0
1787225939.290836,5.86,292,0.77318,0.773259,1.48353,1.48353,-0.020944,-0.020927,-0.174533,-0.174533,-0.523599,-0.523599,0.523599,0.523599,-2.057243,-2.055016,0.514872,0.514874,-0.12,-0.119999,0.0,-0.0,-0.1,-0.099999,0.2,0.200001,-0.1,-0.1,0.0,0.0,-0.12,-0.119999,0.0,-1e-06,-0.1,-0.099999,0.2,0.2,-0.1,-0.1,0.0,-0.0
1787225939.312636,5.88,293,0.77318,0.773243,1.48353,1.48353,-0.020944,-0.02093,-0.174533,-0.174533,-0.523599,-0.523599,0.523599,0.523599,-2.057243,-2.055462,0.514872,0.514873,-0.12,-0.119999,0.0,-0.0,-0.1,-0.099999,0.2,0.200001,-0.1,-0.1,0.0,0.0,-0.12,-0.119999,0.0,-1e-06,-0.1,-0.099999,0.2,0.2,-0.1,-0.1,0.0,-0.0
1787225939.335702,5.9,294,0.77318,0.773231,1.48353,1.48353,-0.020944,-0.020933,-0.174533,-0.174533,-0.523599,-0.523599,0.523599,0.523599,-2.057243,-2.055818,0.514872,0.514873,-0.12,-0.119999,0.0,-0.0,-0.1,-0.099999,0.2,0.200001,-0.1,-0.1,0.0,0.0,-0.12,-0.119999,0.0,-1e-06,-0.1,-0.099999,0.2,0.2,-0.1,-0.1,0.0,-0.0
1787225939.356598,5.92,295,0.77318,0.773221,1.48353,1.48353,-0.020944,-0.020935,-0.174533,-0.174533,-0.523599,-0.523599,0.523599,0.523599,-2.057243,-2.056103,0.514872,0.514873,-0.12,-0.119999,0.0,-0.0,-0.1,-0.099999,0.2,0.2,-0.1,-0.1,0.0,-0.0,-0.12,-0.119999,0.0,-1e-06,-0.1,-0.099999,0.2,0.2,-0.1,-0.1,0.0,-0.0
1787225939.377042,5.94,296,0.77318,0.773213,1.48353,1.48353,-0.020944,-0.020937,-0.174533,-0.174533,-0.523599,-0.523599,0.523599,0.523599,-2.057243,-2.056331,0.514872,0.514873,-0.12,-0.119999,0.0,-0.0,-0.1,-0.099999,0.2,0.2,-0.1,-0.1,0.0,-0.0,-0.12,-0.119999,0.0,-1e-06,-0.1,-0.099999,0.2,0.2,-0.1,-0.1,0.0,-0.0
1787225939.398801,5.96,297,0.77318,0.773206,1.48353,1.48353,-0.020944,-0.020938,-0.174533,-0.174533,-0.523599,-0.523599,0.523599,0.523599,-2.057243,-2.056513,0.514872,0.514873,-0.12,-0.119999,0.0,-0.0,-0.1,-0.099999,0.2,0.2,-0.1,-0.1,0.0,-0.0,-0.12,-0.119999,0.0,-1e-06,-0.1,-0.099999,0.2,0.2,-0.1,-0.1,0.0,-0.0
1787225939.420154,5.98,298,0.77318,0.773201,1.48353,1.48353,-0.020944,-0.020939,-0.174533,-0.174533,-0.523599,-0.523599,0.523599,0.523599,-2.057243,-2.056659,0.514872,0.514872,-0.12,-0.119999,0.0,-0.0,-0.1,-0.099999,0.2,0.2,-0.1,-0.1,0.0,-0.0,-0.12,-0.119999,0.0,-1e-06,-0.1,-0.099999,0.2,0.2,-0.1,-0.1,0.0,-0.0
1787225939.439573,6.0,299,0.77318,0.773197,1.48353,1.48353,-0.020944,-0.02094,-0.174533,-0.174533,-0.523599,-0.523599,0.523599,0.523599,-2.057243,-2.056776,0.514872,0.514872,-0.12,-0.119999,0.0,-0.0,-0.1,-0.099999,0.2,0.2,-0.1,-0.1,0.0,-0.0,-0.12,-0.119999,0.0,-1e-06,-0.1,-0.099999,0.2,0.2,-0.1,-0.1,0.0,-0.0
1787225939.45846,6.02,300,0.77318,0.773193,1.48353,1.48353,-0.020944,-0.020941,-0.174533,-0.174533,-0.523599,-0.523599,0.523599,0.523599,-2.057243,-2.056869,0.514872,0.514872,-0.12,-0.119999,0.0,-0.0,-0.1,-0.099999,0.2,0.2,-0.1,-0.1,0.0,-0.0,-0.12,-0.119999,0.0,-1e-06,-0.1,-0.099999,0.2,0.2,-0.1,-0.1,0.0,-0.0
1787225939.478684,6.04,301,0.77318,0.773191,1.48353,1.48353,-0.020944,-0.020942,-0.174533,-0.174533,-0.523599,-0.523599,0.523599,0.523599,-2.057243,-2.056944,0.514872,0.514872,-0.12,-0.119999,0.0,-0.0,-0.1,-0.099999,0.2,0.2,-0.1,-0.1,0.0,-0.0,-0.12,-0.119999,0.0,-1e-06,-0.1,-0.099999,0.2,0.2,-0.1,-0.1,0.0,-0.0
1787225939.496912,6.06,302,0.77318,0.773189,1.48353,1.48353,-0.020944,-0.020942,-0.174533,-0.174533,-0.523599,-0.523599,0.523599,0.523599,-2.057243,-2.057003,0.514872,0.514872,-0.12,-0.119999,0.0,-0.0,-0.1,-0.099999,0.2,0.2,-0.1,-0.1,0.0,-0.0,-0.12,-0.119999,0.0,-1e-06,-0.1,-0.099999,0.2,0.2,-0.1,-0.1,0.0,-0.0
1787225939.517367,6.08,303,0.77318,0.773187,1.48353,1.48353,-0.020944,-0.020942,-0.174533,-0.174533,-0.523599,-0.523599,0.523599,0.523599,-2.057243,-2.057051,0.514872,0.514872,-0.12,-0.119999,0.0,-0.0,-0.1,-0.099999,0.2,0.2,-0.1,-0.1,0.0,-0.0,-0.12,-0.119999,0.0,-1e-06,-0.1,-0.099999,0.2,0.2,-0.1,-0.1,0.0,-0.0
1787225939.538356,6.1,304,0.77318,0.773186,1.48353,1.48353,-0.020944,-0.020943,-0.174533,-0.174533,-0.523599,-0.523599,0.523599,0.523599,-2.057243,-2.057089,0.514872,0.514872,-0.12,-0.119999,0.0,-0.0,-0.1,-0.099999,0.2,0.2,-0.1,-0.1,0.0,-0.0,-0.12,-0.119999,0.0,-1e-06,-0.1,-0.099999,0.2,0.2,-0.1,-0.1,0.0,-0.0
1787225939.557701,6.12,305,0.77318,0.773184,1.48353,1.48353,-0.020944,-0.020943,-0.174533,-0.174533,-0.523599,-0.523599,0.523599,0.523599,-2.057243,-2.05712,0.514872,0.514872,-0.12,-0.119999,0.0,-0.0,-0.1,-0.099999,0.2,0.2,-0.1,-0.1,0.0,-0.0,-0.12,-0.119999,0.0,-1e-06,-0.1,-0.099999,0.2,0.2,-0.1,-0.1,0.0,-0.0
1787225939.580358,6.14,306,0.77318,0.773184,1.48353,1.48353,-0.020944,-0.020943,-0.174533,-0.174533,-0.523599,-0.523599,0.523599,0.523599,-2.057243,-2.057144,0.514872,0.514872,-0.12,-0.119999,0.0,-0.0,-0.1,-0.099999,0.2,0.2,-0.1,-0.1,0.0,-0.0,-0.12,-0.119999,0.0,-1e-06,-0.1,-0.099999,0.2,0.2,-0.1,-0.1,0.0,-0.0
1787225939.602933,6.16,307,0.77318,0.773183,1.48353,1.48353,-0.020944,-0.020943,-0.174533,-0.174533,-0.523599,-0.523599,0.523599,0.523599,-2.057243,-2.057164,0.514872,0.514872,-0.12,-0.119999,0.0,-0.0,-0.1,-0.099999,0.2,0.2,-0.1,-0.1,0.0,-0.0,-0.12,-0.119999,0.0,-1e-06,-0.1,-0.099999,0.2,0.2,-0.1,-0.1,0.0,-0.0
1787225939.623168,6.18,308,0.77318,0.773182,1.48353,1.48353,-0.020944,-0.020943,-0.174533,-0.174533,-0.523599,-0.523599,0.523599,0.523599,-2.057243,-2.05718,0.514872,0.514872,-0.12,-0.119999,0.0,-0.0,-0.1,-0.099999,0.2,0.2,-0.1,-0.1,0.0,-0.0,-0.12,-0.119999,0.0,-1e-06,-0.1,-0.099999,0.2,0.2,-0.1,-0.1,0.0,-0.0
1787225939.652136,6.2,309,0.77318,0.773182,1.48353,1.48353,-0.020944,-0.020944,-0.174533,-0.174533,-0.523599,-0.523599,0.523599,0.523599,-2.057243,-2.057192,0.514872,0.514872,-0.12,-0.119999,0.0,-0.0,-0.1,-0.099999,0.2,0.2,-0.1,-0.1,0.0,-0.0,-0.12,-0.119999,0.0,-1e-06,-0.1,-0.099999,0.2,0.2,-0.1,-0.1,0.0,-0.0
1787225939.665946,6.22,310,0.77318,0.773182,1.48353,1.48353,-0.020944,-0.020944,-0.174533,-0.174533,-0.523599,-0.523599,0.523599,0.523599,-2.057243,-2.057202,0.514872,0.514872,-0.12,-0.119999,0.0,-0.0,-0.1,-0.099999,0.2,0.2,-0.1,-0.1,0.0,-0.0,-0.12,-0.119999,0.0,-1e-06,-0.1,-0.099999,0.2,0.2,-0.1,-0.1,0.0,-0.0
1787225939.685529,6.24,311,0.77318,0.773181,1.48353,1.48353,-0.020944,-0.020944,-0.174533,-0.174533,-0.523599,-0.523599,0.523599,0.523599,-2.057243,-2.05721,0.514872,0.514872,-0.12,-0.119999,0.0,-0.0,-0.1,-0.099999,0.2,0.2,-0.1,-0.1,0.0,-0.0,-0.12,-0.119999,0.0,-1e-06,-0.1,-0.099999,0.2,0.2,-0.1,-0.1,0.0,-0.0
1787225939.705613,6.26,312,0.77318,0.773181,1.48353,1.48353,-0.020944,-0.020944,-0.174533,-0.174533,-0.523599,-0.523599,0.523599,0.523599,-2.057243,-2.057217,0.514872,0.514872,-0.12,-0.119999,0.0,-0.0,-0.1,-0.099999,0.2,0.2,-0.1,-0.1,0.0,-0.0,-0.12,-0.119999,0.0,-1e-06,-0.1,-0.099999,0.2,0.2,-0.1,-0.1,0.0,-0.0
1787225939.724876,6.28,313,0.77318,0.773181,1.48353,1.48353,-0.020944,-0.020944,-0.174533,-0.174533,-0.523599,-0.523599,0.523599,0.523599,-2.057243,-2.057222,0.514872,0.514872,-0.12,-0.119999,0.0,0.0,-0.1,-0.099999,0.2,0.2,-0.1,-0.1,0.0,-0.0,-0.12,-0.119999,0.0,-1e-06,-0.1,-0.099999,0.2,0.2,-0.1,-0.1,0.0,-0.0
1787225939.744717,6.3,314,0.77318,0.773181,1.48353,1.48353,-0.020944,-0.020944,-0.174533,-0.174533,-0.523599,-0.523599,0.523599,0.523599,-2.057243,-2.057226,0.514872,0.514872,-0.12,-0.119999,0.0,0.0,-0.1,-0.099999,0.2,0.2,-0.1,-0.1,0.0,-0.0,-0.12,-0.119999,0.0,-1e-06,-0.1,-0.099999,0.2,0.2,-0.1,-0.1,0.0,-0.0
1787225939.765732,6.32,315,0.77318,0.773181,1.48353,1.48353,-0.020944,-0.020944,-0.174533,-0.174533,-0.523599,-0.523599,0.523599,0.523599,-2.057243,-2.057229,0.514872,0.514872,-0.12,-0.119999,0.0,0.0,-0.1,-0.099999,0.2,0.2,-0.1,-0.1,0.0,-0.0,-0.12,-0.119999,0.0,-1e-06,-0.1,-0.099999,0.2,0.2,-0.1,-0.1,0.0,-0.0
1787225939.78502,6.34,316,0.77318,0.773181,1.48353,1.48353,-0.020944,-0.020944,-0.174533,-0.174533,-0.523599,-0.523599,0.523599,0.523599,-2.057243,-2.057232,0.514872,0.514872,-0.12,-0.119999,0.0,0.0,-0.1,-0.099999,0.2,0.2,-0.1,-0.1,0.0,-0.0,-0.12,-0.119999,0.0,-1e-06,-0.1,-0.099999,0.2,0.2,-0.1,-0.1,0.0,-0.0
1787225939.806117,6.36,317,0.77318,0.77318,1.48353,1.48353,-0.020944,-0.020944,-0.174533,-0.174533,-0.523599,-0.523599,0.523599,0.523599,-2.057243,-2.057234,0.514872,0.514872,-0.12,-0.119999,0.0,0.0,-0.1,-0.099999,0.2,0.2,-0.1,-0.1,0.0,-0.0,-0.12,-0.119999,0.0,-1e-06,-0.1,-0.099999,0.2,0.2,-0.1,-0.1,0.0,-0.0
1787225939.826957,6.38,318,0.77318,0.77318,1.48353,1.48353,-0.020944,-0.020944,-0.174533,-0.174533,-0.523599,-0.523599,0.523599,0.523599,-2.057243,-2.057236,0.514872,0.514872,-0.12,-0.119999,0.0,0.0,-0.1,-0.099999,0.2,0.2,-0.1,-0.1,0.0,-0.0,-0.12,-0.119999,0.0,-1e-06,-0.1,-0.099999,0.2,0.2,-0.1,-0.1,0.0,-0.0
1787225939.848029,6.4,319,0.77318,0.77318,1.48353,1.48353,-0.020944,-0.020944,-0.174533,-0.174533,-0.523599,-0.523599,0.523599,0.523599,-2.057243,-2.057237,0.514872,0.514872,-0.12,-0.119999,0.0,0.0,-0.1,-0.099999,0.2,0.2,-0.1,-0.1,0.0,-0.0,-0.12,-0.119999,0.0,-1e-06,-0.1,-0.099999,0.2,0.2,-0.1,-0.1,0.0,-0.0
1787225939.872109,6.42,320,0.77318,0.77318,1.48353,1.48353,-0.020944,-0.020944,-0.174533,-0.174533,-0.523599,-0.523599,0.523599,0.523599,-2.057243,-2.057238,0.514872,0.514872,-0.12,-0.119999,0.0,0.0,-0.1,-0.099999,0.2,0.2,-0.1,-0.1,0.0,-0.0,-0.12,-0.119999,0.0,-1e-06,-0.1,-0.099999,0.2,0.2,-0.1,-0.1,0.0,-0.0
1787225939.894968,6.44,321,0.77318,0.77318,1.48353,1.48353,-0.020944,-0.020944,-0.174533,-0.174533,-0.523599,-0.523599,0.523599,0.523599,-2.057243,-2.057239,0.514872,0.514872,-0.12,-0.119999,0.0,0.0,-0.1,-0.099999,0.2,0.2,-0.1,-0.1,0.0,-0.0,-0.12,-0.119999,0.0,-1e-06,-0.1,-0.099999,0.2,0.2,-0.1,-0.1,0.0,-0.0
1787225939.916033,6.46,322,0.77318,0.77318,1.48353,1.48353,-0.020944,-0.020944,-0.174533,-0.174533,-0.523599,-0.523599,0.523599,0.523599,-2.057243,-2.05724,0.514872,0.514872,-0.12,-0.119999,0.0,0.0,-0.1,-0.099999,0.2,0.2,-0.1,-0.1,0.0,-0.0,-0.12,-0.119999,0.0,-1e-06,-0.1,-0.099999,0.2,0.2,-0.1,-0.1,0.0,-0.0
1787225939.937133,6.48,323,0.77318,0.77318,1.48353,1.48353,-0.020944,-0.020944,-0.174533,-0.174533,-0.523599,-0.523599,0.523599,0.523599,-2.057243,-2.057241,0.514872,0.514872,-0.12,-0.119999,0.0,0.0,-0.1,-0.099999,0.2,0.2,-0.1,-0.1,0.0,-0.0,-0.12,-0.119999,0.0,-1e-06,-0.1,-0.099999,0.2,0.2,-0.1,-0.1,0.0,-0.0
1787225939.957591,6.5,324,0.77318,0.77318,1.48353,1.48353,-0.020944,-0.020944,-0.174533,-0.174533,-0.523599,-0.523599,0.523599,0.523599,-2.057243,-2.057241,0.514872,0.514872,-0.12,-0.119999,0.0,0.0,-0.1,-0.099999,0.2,0.2,-0.1,-0.1,0.0,-0.0,-0.12,-0.119999,0.0,-1e-06,-0.1,-0.099999,0.2,0.2,-0.1,-0.1,0.0,-0.0
1787225939.975845,6.52,325,0.77318,0.77318,1.48353,1.48353,-0.020944,-0.020944,-0.174533,-0.174533,-0.523599,-0.523599,0.523599,0.523599,-2.057243,-2.057241,0.514872,0.514872,-0.12,-0.119999,0.0,0.0,-0.1,-0.099999,0.2,0.2,-0.1,-0.1,0.0,-0.0,-0.12,-0.119999,0.0,-1e-06,-0.1,-0.099999,0.2,0.2,-0.1,-0.1,0.0,-0.0
1787225939.992693,6.54,326,0.77318,0.77318,1.48353,1.48353,-0.020944,-0.020944,-0.174533,-0.174533,-0.523599,-0.523599,0.523599,0.523599,-2.057243,-2.057242,0.514872,0.514872,-0.12,-0.119999,0.0,0.0,-0.1,-0.099999,0.2,0.2,-0.1,-0.1,0.0,-0.0,-0.12,-0.119999,0.0,-1e-06,-0.1,-0.099999,0.2,0.2,-0.1,-0.1,0.0,-0.0
1787225940.011438,6.56,327,0.77318,0.77318,1.48353,1.48353,-0.020944,-0.020944,-0.174533,-0.174533,-0.523599,-0.523599,0.523599,0.523599,-2.057243,-2.057242,0.514872,0.514872,-0.12,-0.119999,0.0,0.0,-0.1,-0.099999,0.2,0.2,-0.1,-0.1,0.0,-0.0,-0.12,-0.119999,0.0,-0.0,-0.1,-0.099999,0.2,0.2,-0.1,-0.1,0.0,-0.0
1787225940.03103,6.58,328,0.77318,0.77318,1.48353,1.48353,-0.020944,-0.020944,-0.174533,-0.174533,-0.523599,-0.523599,0.523599,0.523599,-2.057243,-2.057242,0.514872,0.514872,-0.12,-0.119999,0.0,0.0,-0.1,-0.099999,0.2,0.2,-0.1,-0.1,0.0,-0.0,-0.12,-0.119999,0.0,-0.0,-0.1,-0.099999,0.2,0.2,-0.1,-0.1,0.0,-0.0
1787225940.051265,6.6,329,0.77318,0.77318,1.48353,1.48353,-0.020944,-0.020944,-0.174533,-0.174533,-0.523599,-0.523599,0.523599,0.523599,-2.057243,-2.057242,0.514872,0.514872,-0.12,-0.119999,0.0,0.0,-0.1,-0.099999,0.2,0.2,-0.1,-0.1,0.0,-0.0,-0.12,-0.119999,0.0,-0.0,-0.1,-0.099999,0.2,0.2,-0.1,-0.1,0.0,-0.0
1787225940.079767,6.62,330,0.77318,0.77318,1.48353,1.48353,-0.020944,-0.020944,-0.174533,-0.174533,-0.523599,-0.523599,0.523599,0.523599,-2.057243,-2.057242,0.514872,0.514872,-0.12,-0.119999,0.0,0.0,-0.1,-0.099999,0.2,0.2,-0.1,-0.1,0.0,-0.0,-0.12,-0.119999,0.0,-0.0,-0.1,-0.099999,0.2,0.2,-0.1,-0.1,0.0,-0.0
1787225940.099982,6.64,331,0.77318,0.77318,1.48353,1.48353,-0.020944,-0.020944,-0.174533,-0.174533,-0.523599,-0.523599,0.523599,0.523599,-2.057243,-2.057242,0.514872,0.514872,-0.12,-0.119999,0.0,0.0,-0.1,-0.099999,0.2,0.2,-0.1,-0.1,0.0,-0.0,-0.12,-0.119999,0.0,-0.0,-0.1,-0.099999,0.2,0.2,-0.1,-0.1,0.0,-0.0
1787225940.120433,6.66,332,0.77318,0.77318,1.48353,1.48353,-0.020944,-0.020944,-0.174533,-0.174533,-0.523599,-0.523599,0.523599,0.523599,-2.057243,-2.057243,0.514872,0.514872,-0.12,-0.119999,0.0,0.0,-0.1,-0.099999,0.2,0.2,-0.1,-0.1,0.0,-0.0,-0.12,-0.119999,0.0,-0.0,-0.1,-0.099999,0.2,0.2,-0.1,-0.1,0.0,-0.0
1787225940.140675,6.68,333,0.77318,0.77318,1.48353,1.48353,-0.020944,-0.020944,-0.174533,-0.174533,-0.523599,-0.523599,0.523599,0.523599,-2.057243,-2.057243,0.514872,0.514872,-0.12,-0.119999,0.0,0.0,-0.1,-0.099999,0.2,0.2,-0.1,-0.1,0.0,-0.0,-0.12,-0.119999,0.0,-0.0,-0.1,-0.099999,0.2,0.2,-0.1,-0.1,0.0,-0.0
1787225940.160148,6.7,334,0.77318,0.77318,1.48353,1.48353,-0.020944,-0.020944,-0.174533,-0.174533,-0.523599,-0.523599,0.523599,0.523599,-2.057243,-2.057243,0.514872,0.514872,-0.12,-0.119999,0.0,0.0,-0.1,-0.099999,0.2,0.2,-0.1,-0.1,0.0,-0.0,-0.12,-0.119999,0.0,-0.0,-0.1,-0.099999,0.2,0.2,-0.1,-0.1,0.0,-0.0
1787225940.181494,6.72,335,0.77318,0.77318,1.48353,1.48353,-0.020944,-0.020944,-0.174533,-0.174533,-0.523599,-0.523599,0.523599,0.523599,-2.057243,-2.057243,0.514872,0.514872,-0.12,-0.119999,0.0,0.0,-0.1,-0.099999,0.2,0.2,-0.1,-0.1,0.0,-0.0,-0.12,-0.119999,0.0,-0.0,-0.1,-0.099999,0.2,0.2,-0.1,-0.1,0.0,-0.0
1787225940.196835,6.74,336,0.77318,0.77318,1.48353,1.48353,-0.020944,-0.020944,-0.174533,-0.174533,-0.523599,-0.523599,0.523599,0.523599,-2.057243,-2.057243,0.514872,0.514872,-0.12,-0.119999,0.0,0.0,-0.1,-0.099999,0.2,0.2,-0.1,-0.1,0.0,-0.0,-0.12,-0.119999,0.0,-0.0,-0.1,-0.099999,0.2,0.2,-0.1,-0.1,0.0,-0.0
1787225940.215582,6.76,337,0.77318,0.77318,1.48353,1.48353,-0.020944,-0.020944,-0.174533,-0.174533,-0.523599,-0.523599,0.523599,0.523599,-2.057243,-2.057243,0.514872,0.514872,-0.12,-0.119999,0.0,0.0,-0.1,-0.099999,0.2,0.2,-0.1,-0.1,0.0,-0.0,-0.12,-0.119999,0.0,-0.0,-0.1,-0.099999,0.2,0.2,-0.1,-0.1,0.0,-0.0
1787225940.236531,6.78,338,0.77318,0.77318,1.48353,1.48353,-0.020944,-0.020944,-0.174533,-0.174533,-0.523599,-0.523599,0.523599,0.523599,-2.057243,-2.057243,0.514872,0.514872,-0.12,-0.119999,0.0,0.0,-0.1,-0.099999,0.2,0.2,-0.1,-0.1,0.0,-0.0,-0.12,-0.119999,0.0,-0.0,-0.1,-0.099999,0.2,0.2,-0.1,-0.1,0.0,-0.0
1787225940.256797,6.8,339,0.77318,0.77318,1.48353,1.48353,-0.020944,-0.020944,-0.174533,-0.174533,-0.523599,-0.523599,0.523599,0.523599,-2.057243,-2.057243,0.514872,0.514872,-0.12,-0.119999,0.0,0.0,-0.1,-0.099999,0.2,0.2,-0.1,-0.1,0.0,-0.0,-0.12,-0.119999,0.0,-0.0,-0.1,-0.099999,0.2,0.2,-0.1,-0.1,0.0,-0.0
1787225940.278642,6.82,340,0.77318,0.77318,1.48353,1.48353,-0.020944,-0.020944,-0.174533,-0.174533,-0.523599,-0.523599,0.523599,0.523599,-2.057243,-2.057243,0.514872,0.514872,-0.12,-0.119999,0.0,0.0,-0.1,-0.099999,0.2,0.2,-0.1,-0.1,0.0,-0.0,-0.12,-0.119999,0.0,-0.0,-0.1,-0.099999,0.2,0.2,-0.1,-0.1,0.0,-0.0
1787225940.298714,6.84,341,0.77318,0.77318,1.48353,1.48353,-0.020944,-0.020944,-0.174533,-0.174533,-0.523599,-0.523599,0.523599,0.523599,-2.057243,-2.057243,0.514872,0.514872,-0.12,-0.119999,0.0,0.0,-0.1,-0.099999,0.2,0.2,-0.1,-0.1,0.0,-0.0,-0.12,-0.119999,0.0,-0.0,-0.1,-0.099999,0.2,0.2,-0.1,-0.1,0.0,-0.0
1787225940.318763,6.86,342,0.77318,0.77318,1.48353,1.48353,-0.020944,-0.020944,-0.174533,-0.174533,-0.523599,-0.523599,0.523599,0.523599,-2.057243,-2.057243,0.514872,0.514872,-0.12,-0.119999,0.0,0.0,-0.1,-0.099999,0.2,0.2,-0.1,-0.1,0.0,-0.0,-0.12,-0.119999,0.0,-0.0,-0.1,-0.099999,0.2,0.2,-0.1,-0.1,0.0,-0.0
1787225940.343889,6.88,343,0.77318,0.77318,1.48353,1.48353,-0.020944,-0.020944,-0.174533,-0.174533,-0.523599,-0.523599,0.523599,0.523599,-2.057243,-2.057243,0.514872,0.514872,-0.12,-0.119999,0.0,0.0,-0.1,-0.099999,0.2,0.2,-0.1,-0.1,0.0,-0.0,-0.12,-0.119999,0.0,-0.0,-0.1,-0.099999,0.2,0.2,-0.1,-0.1,0.0,-0.0
1787225940.382973,6.9,344,0.77318,0.77318,1.48353,1.48353,-0.020944,-0.020944,-0.174533,-0.174533,-0.523599,-0.523599,0.523599,0.523599,-2.057243,-2.057243,0.514872,0.514872,-0.12,-0.119999,0.0,0.0,-0.1,-0.099999,0.2,0.2,-0.1,-0.1,0.0,-0.0,-0.12,-0.119999,0.0,-0.0,-0.1,-0.099999,0.2,0.2,-0.1,-0.1,0.0,-0.0
1787225940.40234,6.92,345,0.77318,0.77318,1.48353,1.48353,-0.020944,-0.020944,-0.174533,-0.174533,-0.523599,-0.523599,0.523599,0.523599,-2.057243,-2.057243,0.514872,0.514872,-0.12,-0.119999,0.0,0.0,-0.1,-0.099999,0.2,0.2,-0.1,-0.1,0.0,-0.0,-0.12,-0.119999,0.0,-0.0,-0.1,-0.099999,0.2,0.2,-0.1,-0.1,0.0,-0.0
1787225940.421893,6.94,346,0.77318,0.77318,1.48353,1.48353,-0.020944,-0.020944,-0.174533,-0.174533,-0.523599,-0.523599,0.523599,0.523599,-2.057243,-2.057243,0.514872,0.514872,-0.12,-0.119999,0.0,0.0,-0.1,-0.099999,0.2,0.2,-0.1,-0.1,0.0,-0.0,-0.12,-0.119999,0.0,-0.0,-0.1,-0.099999,0.2,0.2,-0.1,-0.1,0.0,-0.0
1787225940.442126,6.96,347,0.77318,0.77318,1.48353,1.48353,-0.020944,-0.020944,-0.174533,-0.174533,-0.523599,-0.523599,0.523599,0.523599,-2.057243,-2.057243,0.514872,0.514872,-0.12,-0.119999,0.0,0.0,-0.1,-0.099999,0.2,0.2,-0.1,-0.1,0.0,-0.0,-0.12,-0.119999,0.0,-0.0,-0.1,-0.099999,0.2,0.2,-0.1,-0.1,0.0,-0.0
1787225940.463234,6.98,348,0.77318,0.77318,1.48353,1.48353,-0.020944,-0.020944,-0.174533,-0.174533,-0.523599,-0.523599,0.523599,0.523599,-2.057243,-2.057243,0.514872,0.514872,-0.12,-0.119999,0.0,0.0,-0.1,-0.099999,0.2,0.2,-0.1,-0.1,0.0,-0.0,-0.12,-0.119999,0.0,-0.0,-0.1,-0.099999,0.2,0.2,-0.1,-0.1,0.0,-0.0
1787225940.482572,7.0,349,0.77318,0.77318,1.48353,1.48353,-0.020944,-0.020944,-0.174533,-0.174533,-0.523599,-0.523599,0.523599,0.523599,-2.057243,-2.057243,0.514872,0.514872,-0.12,-0.119999,0.0,0.0,-0.1,-0.099999,0.2,0.2,-0.1,-0.1,0.0,-0.0,-0.12,-0.119999,0.0,-0.0,-0.1,-0.099999,0.2,0.2,-0.1,-0.1,0.0,-0.0
1787225940.499949,7.02,350,0.77318,0.77318,1.48353,1.48353,-0.020944,-0.020944,-0.174533,-0.174533,-0.523599,-0.523599,0.523599,0.523599,-2.057243,-2.057243,0.514872,0.514872,-0.12,-0.119999,0.0,0.0,-0.1,-0.099999,0.2,0.2,-0.1,-0.1,0.0,-0.0,-0.12,-0.119999,0.0,-0.0,-0.1,-0.099999,0.2,0.2,-0.1,-0.1,0.0,-0.0
1787225940.519177,7.04,351,0.77318,0.77318,1.48353,1.48353,-0.020944,-0.020944,-0.174533,-0.174533,-0.523599,-0.523599,0.523599,0.523599,-2.057243,-2.057243,0.514872,0.514872,-0.12,-0.119999,0.0,0.0,-0.1,-0.099999,0.2,0.2,-0.1,-0.1,0.0,-0.0,-0.12,-0.119999,0.0,-0.0,-0.1,-0.099999,0.2,0.2,-0.1,-0.1,0.0,-0.0
1787225940.539021,7.06,352,0.77318,0.77318,1.48353,1.48353,-0.020944,-0.020944,-0.174533,-0.174533,-0.523599,-0.523599,0.523599,0.523599,-2.057243,-2.057243,0.514872,0.514872,-0.12,-0.119999,0.0,0.0,-0.1,-0.099999,0.2,0.2,-0.1,-0.1,0.0,-0.0,-0.12,-0.119999,0.0,-0.0,-0.1,-0.099999,0.2,0.2,-0.1,-0.1,0.0,-0.0
1787225940.559011,7.08,353,0.77318,0.77318,1.48353,1.48353,-0.020944,-0.020944,-0.174533,-0.174533,-0.523599,-0.523599,0.523599,0.523599,-2.057243,-2.057243,0.514872,0.514872,-0.12,-0.119999,0.0,0.0,-0.1,-0.099999,0.2,0.2,-0.1,-0.1,0.0,-0.0,-0.12,-0.119999,0.0,-0.0,-0.1,-0.099999,0.2,0.2,-0.1,-0.1,0.0,-0.0
1787225940.587714,7.1,354,0.77318,0.77318,1.48353,1.48353,-0.020944,-0.020944,-0.174533,-0.174533,-0.523599,-0.523599,0.523599,0.523599,-2.057243,-2.057243,0.514872,0.514872,-0.12,-0.119999,0.0,0.0,-0.1,-0.099999,0.2,0.2,-0.1,-0.1,0.0,-0.0,-0.12,-0.119999,0.0,-0.0,-0.1,-0.099999,0.2,0.2,-0.1,-0.1,0.0,-0.0
1787225940.604398,7.12,355,0.77318,0.77318,1.48353,1.48353,-0.020944,-0.020944,-0.174533,-0.174533,-0.523599,-0.523599,0.523599,0.523599,-2.057243,-2.057243,0.514872,0.514872,-0.12,-0.119999,0.0,0.0,-0.1,-0.099999,0.2,0.2,-0.1,-0.1,0.0,-0.0,-0.12,-0.119999,0.0,-0.0,-0.1,-0.099999,0.2,0.2,-0.1,-0.1,0.0,-0.0
1787225940.625023,7.14,356,0.77318,0.77318,1.48353,1.48353,-0.020944,-0.020944,-0.174533,-0.174533,-0.523599,-0.523599,0.523599,0.523599,-2.057243,-2.057243,0.514872,0.514872,-0.12,-0.119999,0.0,0.0,-0.1,-0.099999,0.2,0.2,-0.1,-0.1,0.0,-0.0,-0.12,-0.119999,0.0,-0.0,-0.1,-0.099999,0.2,0.2,-0.1,-0.1,0.0,-0.0
1787225940.647451,7.16,357,0.77318,0.77318,1.48353,1.48353,-0.020944,-0.020944,-0.174533,-0.174533,-0.523599,-0.523599,0.523599,0.523599,-2.057243,-2.057243,0.514872,0.514872,-0.12,-0.119999,0.0,0.0,-0.1,-0.099999,0.2,0.2,-0.1,-0.1,0.0,-0.0,-0.12,-0.119999,0.0,-0.0,-0.1,-0.099999,0.2,0.2,-0.1,-0.1,0.0,-0.0
1787225940.666414,7.18,358,0.77318,0.77318,1.48353,1.48353,-0.020944,-0.020944,-0.174533,-0.174533,-0.523599,-0.523599,0.523599,0.523599,-2.057243,-2.057243,0.514872,0.514872,-0.12,-0.119999,0.0,0.0,-0.1,-0.099999,0.2,0.2,-0.1,-0.1,0.0,-0.0,-0.12,-0.119999,0.0,-0.0,-0.1,-0.099999,0.2,0.2,-0.1,-0.1,0.0,-0.0
1787225940.694766,7.2,359,0.77318,0.77318,1.48353,1.48353,-0.020944,-0.020944,-0.174533,-0.174533,-0.523599,-0.523599,0.523599,0.523599,-2.057243,-2.057243,0.514872,0.514872,-0.12,-0.119999,0.0,0.0,-0.1,-0.099999,0.2,0.2,-0.1,-0.1,0.0,-0.0,-0.12,-0.119999,0.0,-0.0,-0.1,-0.099999,0.2,0.2,-0.1,-0.1,0.0,-0.0
1787225940.706044,7.22,360,0.77318,0.77318,1.48353,1.48353,-0.020944,-0.020944,-0.174533,-0.174533,-0.523599,-0.523599,0.523599,0.523599,-2.057243,-2.057243,0.514872,0.514872,-0.12,-0.119999,0.0,0.0,-0.1,-0.099999,0.2,0.2,-0.1,-0.1,0.0,-0.0,-0.12,-0.119999,0.0,-0.0,-0.1,-0.099999,0.2,0.2,-0.1,-0.1,0.0,-0.0
1787225940.723089,7.24,361,0.77318,0.77318,1.48353,1.48353,-0.020944,-0.020944,-0.174533,-0.174533,-0.523599,-0.523599,0.523599,0.523599,-2.057243,-2.057243,0.514872,0.514872,-0.12,-0.119999,0.0,0.0,-0.1,-0.099999,0.2,0.2,-0.1,-0.1,0.0,-0.0,-0.12,-0.119999,0.0,-0.0,-0.1,-0.099999,0.2,0.2,-0.1,-0.1,0.0,-0.0
1787225940.742294,7.26,362,0.77318,0.77318,1.48353,1.48353,-0.020944,-0.020944,-0.174533,-0.174533,-0.523599,-0.523599,0.523599,0.523599,-2.057243,-2.057243,0.514872,0.514872,-0.12,-0.119999,0.0,0.0,-0.1,-0.099999,0.2,0.2,-0.1,-0.1,0.0,-0.0,-0.12,-0.119999,0.0,-0.0,-0.1,-0.099999,0.2,0.2,-0.1,-0.1,0.0,-0.0
1787225940.761451,7.28,363,0.77318,0.77318,1.48353,1.48353,-0.020944,-0.020944,-0.174533,-0.174533,-0.523599,-0.523599,0.523599,0.523599,-2.057243,-2.057243,0.514872,0.514872,-0.12,-0.119999,0.0,0.0,-0.1,-0.099999,0.2,0.2,-0.1,-0.1,0.0,-0.0,-0.12,-0.119999,0.0,-0.0,-0.1,-0.099999,0.2,0.2,-0.1,-0.1,0.0,-0.0
1787225940.781865,7.3,364,0.77318,0.77318,1.48353,1.48353,-0.020944,-0.020944,-0.174533,-0.174533,-0.523599,-0.523599,0.523599,0.523599,-2.068613,-2.057243,0.514872,0.514872,-0.12,-0.119999,-0.193697,0.0,-0.0755,-0.099999,0.151,0.2,-0.0755,-0.1,0.193697,-0.0,-0.12,-0.119999,0.0,-0.0,-0.1,-0.099999,0.2,0.2,-0.1,-0.1,0.0,-0.0
1787225940.806586,7.32,365,0.77318,0.77318,1.48353,1.48353,-0.020944,-0.020944,-0.174533,-0.174533,-0.523599,-0.523599,0.523599,0.523599,-2.068613,-2.059517,0.514872,0.514873,-0.12,-0.119999,-0.251806,-0.035356,-0.06815,-0.0951,0.1363,0.190202,-0.06815,-0.095101,0.251806,0.035357,-0.12,-0.119999,0.0,-1e-06,-0.1,-0.099999,0.2,0.2,-0.1,-0.1,0.0,-0.0
1787225940.82639,7.34,366,0.77318,0.77318,1.48353,1.48353,-0.020944,-0.020944,-0.174533,-0.174533,-0.523599,-0.523599,0.523599,0.523599,-2.068613,-2.061336,0.514872,0.514873,-0.12,-0.119999,-0.269239,-0.070712,-0.065945,-0.08971,0.13189,0.179423,-0.065945,-0.089711,0.269239,0.070713,-0.12,-0.119999,0.0,-2e-06,-0.1,-0.099999,0.2,0.2,-0.1,-0.1,0.0,-0.0
1787225940.849962,7.36,367,-0.110769,0.77318,1.48353,1.48353,-0.066207,-0.020944,-0.174533,-0.174533,-0.523599,-0.523599,0.523599,0.523599,-2.075435,-2.062791,0.514872,0.514873,-0.12,-0.119999,-0.238039,-0.106069,-0.065284,-0.084958,0.130567,0.169918,-0.065283,-0.084959,0.238039,0.106069,-0.12,-0.12,0.0,-2e-06,-0.1,-0.099999,0.2,0.2,-0.1,-0.1,0.0,-0.0
1787225940.873118,7.38,368,-0.110769,0.690531,1.48353,1.48353,-0.066207,-0.029998,-0.174533,-0.174533,-0.523599,-0.523599,0.523599,0.523599,-2.075435,-2.06532,0.514872,0.514873,-0.12,-0.119999,-0.228679,-0.132461,-0.065085,-0.081023,0.13017,0.162049,-0.065085,-0.081024,0.228679,0.132462,-0.12,-0.12,0.0,-2e-06,-0.1,-0.099999,0.2,0.2,-0.1,-0.1,0.0,-0.0
1787225940.891242,7.4,369,-0.110769,0.60788,1.48353,1.48353,-0.066207,-0.037175,-0.174533,-0.174533,-0.523599,-0.523599,0.523599,0.523599,-2.075435,-2.067343,0.514872,0.514873,-0.12,-0.119998,-0.225871,-0.151704,-0.065026,-0.077835,0.130051,0.155673,-0.065026,-0.077836,0.225871,0.151705,-0.12,-0.12,0.0,-2e-06,-0.1,-0.099999,0.2,0.2,-0.1,-0.1,0.0,-1e-06
1787225940.911641,7.42,370,-0.110769,0.525229,1.48353,1.48353,-0.066207,-0.042902,-0.174533,-0.174533,-0.523599,-0.523599,0.523599,0.523599,-2.075435,-2.068961,0.514872,0.514873,-0.12,-0.119998,-0.225029,-0.166537,-0.065008,-0.075273,0.130015,0.150549,-0.065008,-0.075274,0.225029,0.166538,-0.12,-0.12,0.0,-2e-06,-0.1,-0.099999,0.2,0.2,-0.1,-0.1,0.0,-1e-06
1787225940.928712,7.44,371,-0.110769,0.442579,1.48353,1.48353,-0.066207,-0.047484,-0.174533,-0.174533,-0.523599,-0.523599,0.523599,0.523599,-2.075435,-2.070256,0.514872,0.514873,-0.12,-0.119998,-0.224776,-0.178235,-0.065002,-0.07322,0.130005,0.146443,-0.065002,-0.073221,0.224776,0.178236,-0.12,-0.12,0.0,-2e-06,-0.1,-0.099999,0.2,0.200001,-0.1,-0.1,0.0,-1e-06
1787225940.947855,7.46,372,-0.110769,0.359928,1.48353,1.48353,-0.066207,-0.051152,-0.174533,-0.174533,-0.523599,-0.523599,0.523599,0.523599,-2.075435,-2.071292,0.514872,0.514873,-0.12,-0.119998,-0.224701,-0.187544,-0.065001,-0.071576,0.130001,0.143155,-0.065001,-0.071577,0.224701,0.187544,-0.12,-0.12,0.0,-2e-06,-0.1,-0.099999,0.2,0.200001,-0.1,-0.1,0.0,-1e-06
1787225940.967685,7.48,373,-0.110769,0.277277,1.48353,1.48353,-0.066207,-0.054092,-0.174533,-0.174533,-0.523599,-0.523599,0.523599,0.523599,-2.075435,-2.07212,0.514872,0.514873,-0.12,-0.119998,-0.224678,-0.194975,-0.065,-0.070261,0.13,0.140525,-0.065,-0.070262,0.224678,0.194975,-0.12,-0.12,0.0,-3e-06,-0.1,-0.099999,0.2,0.200001,-0.1,-0.1,0.0,-1e-06
1787225940.986967,7.5,374,-0.110769,0.199708,1.48353,1.48353,-0.066207,-0.056454,-0.174533,-0.174533,-0.523599,-0.523599,0.523599,0.523599,-2.075435,-2.072783,0.514872,0.514873,-0.12,-0.119998,-0.224671,-0.200915,-0.065,-0.069208,0.13,0.13842,-0.065,-0.06921,0.224671,0.200916,-0.12,-0.12,0.0,-3e-06,-0.1,-0.099999,0.2,0.200001,-0.1,-0.1,0.0,-1e-06
1787225941.006124,7.52,375,-0.110769,0.137634,1.48353,1.48353,-0.066207,-0.058362,-0.174533,-0.174533,-0.523599,-0.523599,0.523599,0.523599,-2.075435,-2.073314,0.514872,0.514873,-0.12,-0.119998,-0.224669,-0.205666,-0.065,-0.068367,0.13,0.136736,-0.065,-0.068368,0.224669,0.205667,-0.12,-0.12,0.0,-3e-06,-0.1,-0.099999,0.2,0.200001,-0.1,-0.1,0.0,-1e-06
1787225941.0257,7.54,376,-0.110769,0.087964,1.48353,1.48353,-0.066207,-0.059902,-0.174533,-0.174533,-0.523599,-0.523599,0.523599,0.523599,-2.075435,-2.073738,0.514872,0.514873,-0.12,-0.119998,-0.224668,-0.209467,-0.065,-0.067693,0.13,0.135389,-0.065,-0.067694,0.224668,0.209467,-0.12,-0.12,0.0,-3e-06,-0.1,-0.099999,0.2,0.200001,-0.1,-0.1,0.0,-1e-06
1787225941.047469,7.56,377,-0.110769,0.048223,1.48353,1.48353,-0.066207,-0.061143,-0.174533,-0.174533,-0.523599,-0.523599,0.523599,0.523599,-2.075435,-2.074077,0.514872,0.514873,-0.12,-0.119998,-0.224668,-0.212507,-0.065,-0.067154,0.13,0.134311,-0.065,-0.067155,0.224668,0.212507,-0.12,-0.12,0.0,-3e-06,-0.1,-0.099999,0.2,0.200001,-0.1,-0.1,0.0,-1e-06
1787225941.072145,7.58,378,-0.110769,0.016428,1.48353,1.48353,-0.066207,-0.062143,-0.174533,-0.174533,-0.523599,-0.523599,0.523599,0.523599,-2.075435,-2.074349,0.514872,0.514873,-0.12,-0.119998,-0.224668,-0.214939,-0.065,-0.066723,0.13,0.133449,-0.065,-0.066724,0.224668,0.21494,-0.12,-0.12,0.0,-3e-06,-0.1,-0.099999,0.2,0.200001,-0.1,-0.1,0.0,-1e-06
1787225941.090626,7.6,379,-0.110769,-0.00901,1.48353,1.48353,-0.066207,-0.062947,-0.174533,-0.174533,-0.523599,-0.523599,0.523599,0.523599,-2.075435,-2.074566,0.514872,0.514873,-0.12,-0.119998,-0.224668,-0.216885,-0.065,-0.066378,0.13,0.132759,-0.065,-0.066379,0.224668,0.216885,-0.12,-0.12,0.0,-3e-06,-0.1,-0.099999,0.2,0.200001,-0.1,-0.1,0.0,-1e-06
1787225941.115537,7.62,380,-0.110769,-0.029361,1.48353,1.48353,-0.066207,-0.063594,-0.174533,-0.174533,-0.523599,-0.523599,0.523599,0.523599,-2.075435,-2.07474,0.514872,0.514873,-0.12,-0.119998,-0.224668,-0.218441,-0.065,-0.066102,0.13,0.132208,-0.065,-0.066104,0.224668,0.218442,-0.12,-0.12,0.0,-3e-06,-0.1,-0.099999,0.2,0.200001,-0.1,-0.1,0.0,-1e-06
1787225941.135859,7.64,381,-0.110769,-0.045642,1.48353,1.48353,-0.066207,-0.064113,-0.174533,-0.174533,-0.523599,-0.523599,0.523599,0.523599,-2.075435,-2.074879,0.514872,0.514873,-0.12,-0.119998,-0.224668,-0.219687,-0.065,-0.065882,0.13,0.131766,-0.065,-0.065883,0.224668,0.219687,-0.12,-0.12,0.0,-3e-06,-0.1,-0.099999,0.2,0.200001,-0.1,-0.1,0.0,-1e-06
1787225941.154767,7.66,382,-0.110769,-0.058668,1.48353,1.48353,-0.066207,-0.064529,-0.174533,-0.174533,-0.523599,-0.523599,0.523599,0.523599,-2.075435,-2.07499,0.514872,0.514873,-0.12,-0.119998,-0.224668,-0.220683,-0.065,-0.065705,0.13,0.131413,-0.065,-0.065706,0.224668,0.220683,-0.12,-0.12,0.0,-3e-06,-0.1,-0.099999,0.2,0.200001,-0.1,-0.1,0.0,-1e-06
1787225941.17228,7.68,383,-0.110769,-0.069088,1.48353,1.48353,-0.066207,-0.064863,-0.174533,-0.174533,-0.523599,-0.523599,0.523599,0.523599,-2.075435,-2.075079,0.514872,0.514873,-0.12,-0.119998,-0.224668,-0.22148,-0.065,-0.065564,0.13,0.131131,-0.065,-0.065565,0.224668,0.22148,-0.12,-0.12,0.0,-3e-06,-0.1,-0.099999,0.2,0.200001,-0.1,-0.1,0.0,-1e-06
1787225941.190789,7.7,384,-0.110769,-0.077424,1.48353,1.48353,-0.066207,-0.065131,-0.174533,-0.174533,-0.523599,-0.523599,0.523599,0.523599,-2.075435,-2.07515,0.514872,0.514873,-0.12,-0.119998,-0.224668,-0.222117,-0.065,-0.065451,0.13,0.130905,-0.065,-0.065452,0.224668,0.222118,-0.12,-0.12,0.0,-3e-06,-0.1,-0.099999,0.2,0.200001,-0.1,-0.1,0.0,-1e-06
1787225941.211752,7.72,385,-0.110769,-0.084093,1.48353,1.48353,-0.066207,-0.065346,-0.174533,-0.174533,-0.523599,-0.523599,0.523599,0.523599,-2.075435,-2.075207,0.514872,0.514873,-0.12,-0.119998,-0.224668,-0.222627,-0.065,-0.06536,0.13,0.130724,-0.065,-0.065362,0.224668,0.222628,-0.12,-0.12,0.0,-3e-06,-0.1,-0.099999,0.2,0.200001,-0.1,-0.1,0.0,-1e-06
1787225941.232745,7.74,386,-0.110769,-0.089428,1.48353,1.48353,-0.066207,-0.065518,-0.174533,-0.174533,-0.523599,-0.523599,0.523599,0.523599,-2.075435,-2.075253,0.514872,0.514873,-0.12,-0.119998,-0.224668,-0.223035,-0.065,-0.065288,0.13,0.130579,-0.065,-0.065289,0.224668,0.223036,-0.12,-0.12,0.0,-3e-06,-0.1,-0.099999,0.2,0.200001,-0.1,-0.1,0.0,-1e-06
1787225941.255501,7.76,387,-0.110769,-0.093697,1.48353,1.48353,-0.066207,-0.065655,-0.174533,-0.174533,-0.523599,-0.523599,0.523599,0.523599,-2.075435,-2.075289,0.514872,0.514873,-0.12,-0.119998,-0.224668,-0.223362,-0.065,-0.06523,0.13,0.130463,-0.065,-0.065231,0.224668,0.223362,-0.12,-0.12,0.0,-3e-06,-0.1,-0.099999,0.2,0.200001,-0.1,-0.1,0.0,-1e-06
1787225941.274806,7.78,388,-0.110769,-0.097111,1.48353,1.48353,-0.066207,-0.065766,-0.174533,-0.174533,-0.523599,-0.523599,0.523599,0.523599,-2.075435,-2.075318,0.514872,0.514873,-0.12,-0.119998,-0.224668,-0.223623,-0.065,-0.065184,0.13,0.130371,-0.065,-0.065185,0.224668,0.223623,-0.12,-0.12,0.0,-3e-06,-0.1,-0.099999,0.2,0.200001,-0.1,-0.1,0.0,-1e-06
1787225941.295715,7.8,389,-0.110769,-0.099843,1.48353,1.48353,-0.066207,-0.065854,-0.174533,-0.174533,-0.523599,-0.523599,0.523599,0.523599,-2.075435,-2.075342,0.514872,0.514872,-0.12,-0.119998,-0.224668,-0.223832,-0.065,-0.065147,0.13,0.130297,-0.065,-0.065148,0.224668,0.223832,-0.12,-0.12,0.0,-3e-06,-0.1,-0.099999,0.2,0.200001,-0.1,-0.1,0.0,-1e-06
1787225941.316636,7.82,390,-0.110769,-0.102028,1.48353,1.48353,-0.066207,-0.065925,-0.174533,-0.174533,-0.523599,-0.523599,0.523599,0.523599,-2.075435,-2.07536,0.514872,0.514872,-0.12,-0.119998,-0.224668,-0.223999,-0.065,-0.065117,0.13,0.130237,-0.065,-0.065118,0.224668,0.223999,-0.12,-0.12,0.0,-3e-06,-0.1,-0.099999,0.2,0.2,-0.1,-0.1,0.0,-1e-06
1787225941.33882,7.84,391,-0.110769,-0.103776,1.48353,1.48353,-0.066207,-0.065981,-0.174533,-0.174533,-0.523599,-0.523599,0.523599,0.523599,-2.075435,-2.075375,0.514872,0.514872,-0.12,-0.119998,-0.224668,-0.224133,-0.065,-0.065093,0.13,0.13019,-0.065,-0.065095,0.224668,0.224133,-0.12,-0.12,0.0,-3e-06,-0.1,-0.099999,0.2,0.2,-0.1,-0.1,0.0,-1e-06
1787225941.356742,7.86,392,-0.110769,-0.105175,1.48353,1.48353,-0.066207,-0.066026,-0.174533,-0.174533,-0.523599,-0.523599,0.523599,0.523599,-2.075435,-2.075387,0.514872,0.514872,-0.12,-0.119998,-0.224668,-0.22424,-0.065,-0.065075,0.13,0.130152,-0.065,-0.065076,0.224668,0.22424,-0.12,-0.12,0.0,-2e-06,-0.1,-0.099999,0.2,0.2,-0.1,-0.1,0.0,-1e-06
1787225941.377847,7.88,393,-0.110769,-0.106294,1.48353,1.48353,-0.066207,-0.066063,-0.174533,-0.174533,-0.523599,-0.523599,0.523599,0.523599,-2.075435,-2.075397,0.514872,0.514872,-0.12,-0.119998,-0.0674,-0.224325,-0.0895,-0.065059,0.179,0.130122,-0.0895,-0.065061,0.0674,0.224326,-0.12,-0.12,0.0,-2e-06,-0.1,-0.099999,0.2,0.2,-0.1,-0.1,0.0,-1e-06
1787225941.395661,7.9,394,-0.110769,-0.107189,1.48353,1.48353,-0.066207,-0.066092,-0.174533,-0.174533,-0.523599,-0.523599,0.523599,0.523599,-2.075435,-2.075404,0.514872,0.514872,-0.12,-0.119999,-0.02022,-0.192943,-0.09685,-0.069946,0.1937,0.139895,-0.09685,-0.069947,0.02022,0.192943,-0.12,-0.12,0.0,-2e-06,-0.1,-0.099999,0.2,0.2,-0.1,-0.1,0.0,-1e-06
1787225941.418546,7.92,395,-0.110769,-0.107905,1.48353,1.48353,-0.066207,-0.066115,-0.174533,-0.174533,-0.523599,-0.523599,0.523599,0.523599,-2.075435,-2.07541,0.514872,0.514872,-0.12,-0.119999,-0.006066,-0.158402,-0.099055,-0.075325,0.19811,0.150653,-0.099055,-0.075326,0.006066,0.158402,-0.12,-0.12,0.0,-2e-06,-0.1,-0.099999,0.2,0.2,-0.1,-0.1,0.0,-0.0
1787225941.434516,7.94,396,-0.110769,-0.108478,1.48353,1.48353,-0.066207,-0.066133,-0.174533,-0.174533,-0.523599,-0.523599,0.523599,0.523599,-2.075435,-2.075415,0.514872,0.514872,-0.12,-0.119999,-0.00182,-0.127937,-0.099716,-0.080069,0.199433,0.160142,-0.099716,-0.080071,0.00182,0.127937,-0.12,-0.12,0.0,-1e-06,-0.1,-0.099999,0.2,0.2,-0.1,-0.1,0.0,-0.0
1787225941.456994,7.96,397,-0.110769,-0.108936,1.48353,1.48353,-0.066207,-0.066148,-0.174533,-0.174533,-0.523599,-0.523599,0.523599,0.523599,-2.075435,-2.075419,0.514872,0.514872,-0.12,-0.119999,-0.000546,-0.102715,-0.099915,-0.083998,0.19983,0.167999,-0.099915,-0.083999,0.000546,0.102715,-0.12,-0.12,0.0,-1e-06,-0.1,-0.099999,0.2,0.2,-0.1,-0.1,0.0,-0.0
1787225941.48058,7.98,398,-0.110769,-0.109303,1.48353,1.48353,-0.066207,-0.06616,-0.174533,-0.174533,-0.523599,-0.523599,0.523599,0.523599,-2.075435,-2.075422,0.514872,0.514872,-0.12,-0.119999,-0.000164,-0.082282,-0.099974,-0.087181,0.199949,0.174365,-0.099974,-0.087182,0.000164,0.082282,-0.12,-0.119999,0.0,-1e-06,-0.1,-0.099999,0.2,0.2,-0.1,-0.1,0.0,-0.0
1787225941.501709,8.0,399,-0.110769,-0.109596,1.48353,1.48353,-0.066207,-0.06617,-0.174533,-0.174533,-0.523599,-0.523599,0.523599,0.523599,-2.075435,-2.075425,0.514872,0.514872,-0.12,-0.119999,-4.9e-05,-0.065859,-0.099992,-0.08974,0.199985,0.179482,-0.099992,-0.089741,4.9e-05,0.065859,-0.12,-0.119999,0.0,-1e-06,-0.1,-0.099999,0.2,0.200001,-0.1,-0.1,0.0,-0.0
1787225941.521955,8.02,400,-0.110769,-0.109831,1.48353,1.48353,-0.066207,-0.066177,-0.174533,-0.174533,-0.523599,-0.523599,0.523599,0.523599,-2.075435,-2.075427,0.514872,0.514872,-0.12,-0.119999,-1.5e-05,-0.052697,-0.099998,-0.09179,0.199995,0.183583,-0.099998,-0.091791,1.5e-05,0.052697,-0.12,-0.119999,0.0,-1e-06,-0.1,-0.099999,0.2,0.200001,-0.1,-0.1,0.0,-0.0
1787225941.539836,8.04,401,-0.110769,-0.110019,1.48353,1.48353,-0.066207,-0.066183,-0.174533,-0.174533,-0.523599,-0.523599,0.523599,0.523599,-2.075435,-2.075428,0.514872,0.514872,-0.12,-0.119999,-4e-06,-0.042161,-0.099999,-0.093432,0.199999,0.186866,-0.099999,-0.093433,4e-06,0.042161,-0.12,-0.119999,0.0,-1e-06,-0.1,-0.099999,0.2,0.200001,-0.1,-0.1,0.0,-0.0
1787225941.561054,8.06,402,-0.110769,-0.110169,1.48353,1.48353,-0.066207,-0.066188,-0.174533,-0.174533,-0.523599,-0.523599,0.523599,0.523599,-2.075435,-2.075429,0.514872,0.514872,-0.12,-0.12,-1e-06,-0.03373,-0.1,-0.094745,0.2,0.189493,-0.1,-0.094746,1e-06,0.033729,-0.12,-0.119999,0.0,-1e-06,-0.1,-0.099999,0.2,0.200001,-0.1,-0.1,0.0,-0.0
1787225941.582734,8.08,403,-0.110769,-0.110289,1.48353,1.48353,-0.066207,-0.066192,-0.174533,-0.174533,-0.523599,-0.523599,0.523599,0.523599,-2.075435,-2.07543,0.514872,0.514872,-0.12,-0.12,-0.0,-0.026984,-0.1,-0.095796,0.2,0.191595,-0.1,-0.095797,0.0,0.026984,-0.12,-0.119999,0.0,-1e-06,-0.1,-0.099999,0.2,0.200001,-0.1,-0.1,0.0,-0.0
1787225941.603047,8.1,404,-0.110769,-0.110385,1.48353,1.48353,-0.066207,-0.066195,-0.174533,-0.174533,-0.523599,-0.523599,0.523599,0.523599,-2.075435,-2.075431,0.514872,0.514872,-0.12,-0.12,-0.0,-0.021587,-0.1,-0.096637,0.2,0.193277,-0.1,-0.096638,0.0,0.021587,-0.12,-0.119999,0.0,-1e-06,-0.1,-0.099999,0.2,0.200001,-0.1,-0.1,0.0,-0.0
1787225941.621502,8.12,405,-0.110769,-0.110462,1.48353,1.48353,-0.066207,-0.066198,-0.174533,-0.174533,-0.523599,-0.523599,0.523599,0.523599,-2.075435,-2.075432,0.514872,0.514872,-0.12,-0.12,-0.0,-0.01727,-0.1,-0.097309,0.2,0.194622,-0.1,-0.097311,0.0,0.01727,-0.12,-0.119999,0.0,-1e-06,-0.1,-0.099999,0.2,0.200001,-0.1,-0.1,0.0,-0.0
1787225941.640233,8.14,406,-0.110769,-0.110524,1.48353,1.48353,-0.066207,-0.0662,-0.174533,-0.174533,-0.523599,-0.523599,0.523599,0.523599,-2.075435,-2.075433,0.514872,0.514872,-0.12,-0.12,-0.0,-0.013816,-0.1,-0.097847,0.2,0.195698,-0.1,-0.097849,0.0,0.013816,-0.12,-0.119999,0.0,-0.0,-0.1,-0.099999,0.2,0.200001,-0.1,-0.1,0.0,-0.0
1787225941.661782,8.16,407,-0.110769,-0.110573,1.48353,1.48353,-0.066207,-0.066201,-0.174533,-0.174533,-0.523599,-0.523599,0.523599,0.523599,-2.075435,-2.075433,0.514872,0.514872,-0.12,-0.12,-0.0,-0.011053,-0.1,-0.098278,0.2,0.196559,-0.1,-0.098279,0.0,0.011053,-0.12,-0.119999,0.0,-0.0,-0.1,-0.099999,0.2,0.200001,-0.1,-0.1,0.0,-0.0
1787225941.683054,8.18,408,-0.110769,-0.110612,1.48353,1.48353,-0.066207,-0.066202,-0.174533,-0.174533,-0.523599,-0.523599,0.523599,0.523599,-2.075435,-2.075433,0.514872,0.514872,-0.12,-0.12,-0.0,-0.008842,-0.1,-0.098622,0.2,0.197247,-0.1,-0.098623,0.0,0.008842,-0.12,-0.119999,0.0,-0.0,-0.1,-0.099999,0.2,0.200001,-0.1,-0.1,0.0,-0.0
1787225941.706153,8.2,409,-0.110769,-0.110644,1.48353,1.48353,-0.066207,-0.066203,-0.174533,-0.174533,-0.523599,-0.523599,0.523599,0.523599,-2.075435,-2.075434,0.514872,0.514872,-0.12,-0.12,-0.0,-0.007074,-0.1,-0.098897,0.2,0.197798,-0.1,-0.098899,0.0,0.007074,-0.12,-0.119999,0.0,-0.0,-0.1,-0.099999,0.2,0.200001,-0.1,-0.1,0.0,-0.0
1787225941.724662,8.22,410,-0.110769,-0.110669,1.48353,1.48353,-0.066207,-0.066204,-0.174533,-0.174533,-0.523599,-0.523599,0.523599,0.523599,-2.075435,-2.075434,0.514872,0.514872,-0.12,-0.12,-0.0,-0.005659,-0.1,-0.099118,0.2,0.198239,-0.1,-0.099119,0.0,0.005659,-0.12,-0.119999,0.0,-0.0,-0.1,-0.099999,0.2,0.200001,-0.1,-0.1,0.0,-0.0
1787225941.747496,8.24,411,-0.110769,-0.110689,1.48353,1.48353,-0.066207,-0.066205,-0.174533,-0.174533,-0.523599,-0.523599,0.523599,0.523599,-2.075435,-2.075434,0.514872,0.514872,-0.12,-0.12,-0.0,-0.004528,-0.1,-0.099294,0.2,0.198591,-0.1,-0.099295,0.0,0.004527,-0.12,-0.119999,0.0,-0.0,-0.1,-0.099999,0.2,0.200001,-0.1,-0.1,0.0,-0.0
1787225941.765086,8.26,412,-0.110769,-0.110705,1.48353,1.48353,-0.066207,-0.066205,-0.174533,-0.174533,-0.523599,-0.523599,0.523599,0.523599,-2.075435,-2.075434,0.514872,0.514872,-0.12,-0.12,-0.0,-0.003622,-0.1,-0.099435,0.2,0.198873,-0.1,-0.099436,0.0,0.003622,-0.12,-0.119999,0.0,-0.0,-0.1,-0.099999,0.2,0.200001,-0.1,-0.1,0.0,-0.0
1787225941.790685,8.28,413,-0.110769,-0.110718,1.48353,1.48353,-0.066207,-0.066206,-0.174533,-0.174533,-0.523599,-0.523599,0.523599,0.523599,-2.075435,-2.075434,0.514872,0.514872,-0.12,-0.12,-0.0,-0.002898,-0.1,-0.099548,0.2,0.199099,-0.1,-0.099549,0.0,0.002897,-0.12,-0.119999,0.0,0.0,-0.1,-0.099999,0.2,0.200001,-0.1,-0.1,0.0,-0.0
1787225941.8117,8.3,414,-0.110769,-0.110728,1.48353,1.48353,-0.066207,-0.066206,-0.174533,-0.174533,-0.523599,-0.523599,0.523599,0.523599,-2.075435,-2.075434,0.514872,0.514872,-0.12,-0.12,-0.0,-0.002318,-0.1,-0.099638,0.2,0.199279,-0.1,-0.099639,0.0,0.002318,-0.12,-0.119999,0.0,0.0,-0.1,-0.099999,0.2,0.200001,-0.1,-0.1,0.0,-0.0
1787225941.832759,8.32,415,-0.110769,-0.110737,1.48353,1.48353,-0.066207,-0.066206,-0.174533,-0.174533,-0.523599,-0.523599,0.523599,0.523599,-2.075435,-2.075434,0.514872,0.514872,-0.12,-0.12,-0.0,-0.001855,-0.1,-0.09971,0.2,0.199423,-0.1,-0.099711,0.0,0.001854,-0.12,-0.119999,0.0,0.0,-0.1,-0.099999,0.2,0.200001,-0.1,-0.1,0.0,-0.0
1787225941.854902,8.34,416,-0.110769,-0.110743,1.48353,1.48353,-0.066207,-0.066207,-0.174533,-0.174533,-0.523599,-0.523599,0.523599,0.523599,-2.075435,-2.075434,0.514872,0.514872,-0.12,-0.12,-0.0,-0.001484,-0.1,-0.099768,0.2,0.199539,-0.1,-0.099769,0.0,0.001483,-0.12,-0.119999,0.0,0.0,-0.1,-0.099999,0.2,0.200001,-0.1,-0.1,0.0,-0.0
1787225941.87672,8.36,417,-0.110769,-0.110748,1.48353,1.48353,-0.066207,-0.066207,-0.174533,-0.174533,-0.523599,-0.523599,0.523599,0.523599,-2.075435,-2.075435,0.514872,0.514872,-0.12,-0.12,-0.0,-0.001187,-0.1,-0.099814,0.2,0.199631,-0.1,-0.099815,0.0,0.001187,-0.12,-0.119999,0.0,0.0,-0.1,-0.099999,0.2,0.200001,-0.1,-0.1,0.0,-0.0
1787225941.894432,8.38,418,-0.110769,-0.110753,1.48353,1.48353,-0.066207,-0.066207,-0.174533,-0.174533,-0.523599,-0.523599,0.523599,0.523599,-2.075435,-2.075435,0.514872,0.514872,-0.12,-0.12,-0.0,-0.00095,-0.1,-0.099851,0.2,0.199705,-0.1,-0.099852,0.0,0.000949,-0.12,-0.119999,0.0,0.0,-0.1,-0.099999,0.2,0.200001,-0.1,-0.1,0.0,-0.0
1787225941.912889,8.4,419,-0.110769,-0.110756,1.48353,1.48353,-0.066207,-0.066207,-0.174533,-0.174533,-0.523599,-0.523599,0.523599,0.523599,-2.075435,-2.075435,0.514872,0.514872,-0.12,-0.12,-0.0,-0.00076,-0.1,-0.099881,0.2,0.199764,-0.1,-0.099882,0.0,0.00076,-0.12,-0.119999,0.0,0.0,-0.1,-0.099999,0.2,0.200001,-0.1,-0.1,0.0,-0.0
1787225941.931436,8.42,420,-0.110769,-0.110759,1.48353,1.48353,-0.066207,-0.066207,-0.174533,-0.174533,-0.523599,-0.523599,0.523599,0.523599,-2.075435,-2.075435,0.514872,0.514872,-0.12,-0.12,-0.0,-0.000608,-0.1,-0.099904,0.2,0.199811,-0.1,-0.099905,0.0,0.000608,-0.12,-0.119999,0.0,0.0,-0.1,-0.099999,0.2,0.200001,-0.1,-0.1,0.0,-0.0
1787225941.950648,8.44,421,-0.110769,-0.110761,1.48353,1.48353,-0.066207,-0.066207,-0.174533,-0.174533,-0.523599,-0.523599,0.523599,0.523599,-2.075435,-2.075435,0.514872,0.514872,-0.12,-0.12,-0.0,-0.000486,-0.1,-0.099923,0.2,0.199849,-0.1,-0.099924,0.0,0.000486,-0.12,-0.119999,0.0,0.0,-0.1,-0.099999,0.2,0.200001,-0.1,-0.1,0.0,-0.0
1787225941.969551,8.46,422,-0.110769,-0.110763,1.48353,1.48353,-0.066207,-0.066207,-0.174533,-0.174533,-0.523599,-0.523599,0.523599,0.523599,-2.075435,-2.075435,0.514872,0.514872,-0.12,-0.12,-0.0,-0.000389,-0.1,-0.099938,0.2,0.19988,-0.1,-0.099939,0.0,0.000389,-0.12,-0.119999,0.0,0.0,-0.1,-0.099999,0.2,0.200001,-0.1,-0.1,0.0,-0.0
1787225941.991089,8.48,423,-0.110769,-0.110764,1.48353,1.48353,-0.066207,-0.066207,-0.174533,-0.174533,-0.523599,-0.523599,0.523599,0.523599,-2.075435,-2.075435,0.514872,0.514872,-0.12,-0.12,-0.0,-0.000311,-0.1,-0.09995,0.2,0.199904,-0.1,-0.099952,0.0,0.000311,-0.12,-0.119999,0.0,0.0,-0.1,-0.099999,0.2,0.200001,-0.1,-0.1,0.0,-0.0
1787225942.014385,8.5,424,-0.110769,-0.110765,1.48353,1.48353,-0.066207,-0.066207,-0.174533,-0.174533,-0.523599,-0.523599,0.523599,0.523599,-2.075435,-2.075435,0.514872,0.514872,-0.12,-0.12,-0.0,-0.000249,-0.1,-0.09996,0.2,0.199923,-0.1,-0.099961,0.0,0.000249,-0.12,-0.119999,0.0,0.0,-0.1,-0.099999,0.2,0.200001,-0.1,-0.1,0.0,-0.0
1787225942.035206,8.52,425,-0.110769,-0.110766,1.48353,1.48353,-0.066207,-0.066207,-0.174533,-0.174533,-0.523599,-0.523599,0.523599,0.523599,-2.075435,-2.075435,0.514872,0.514872,-0.12,-0.12,-0.0,-0.000199,-0.1,-0.099968,0.2,0.199939,-0.1,-0.099969,0.0,0.000199,-0.12,-0.119999,0.0,0.0,-0.1,-0.099999,0.2,0.200001,-0.1,-0.1,0.0,-0.0
1787225942.056268,8.54,426,-0.110769,-0.110767,1.48353,1.48353,-0.066207,-0.066207,-0.174533,-0.174533,-0.523599,-0.523599,0.523599,0.523599,-2.075435,-2.075435,0.514872,0.514872,-0.12,-0.12,-0.0,-0.00016,-0.1,-0.099974,0.2,0.199951,-0.1,-0.099975,0.0,0.000159,-0.12,-0.119999,0.0,0.0,-0.1,-0.099999,0.2,0.200001,-0.1,-0.1,0.0,-0.0
1787225942.077877,8.56,427,-0.110769,-0.110767,1.48353,1.48353,-0.066207,-0.066207,-0.174533,-0.174533,-0.523599,-0.523599,0.523599,0.523599,-2.075435,-2.075435,0.514872,0.514872,-0.12,-0.12,-0.0,-0.000128,-0.1,-0.099979,0.2,0.199961,-0.1,-0.09998,0.0,0.000127,-0.12,-0.119999,0.0,0.0,-0.1,-0.099999,0.2,0.200001,-0.1,-0.1,0.0,-0.0
1787225942.098437,8.58,428,-0.110769,-0.110768,1.48353,1.48353,-0.066207,-0.066207,-0.174533,-0.174533,-0.523599,-0.523599,0.523599,0.523599,-2.075435,-2.075435,0.514872,0.514872,-0.12,-0.12,-0.0,-0.000102,-0.1,-0.099983,0.2,0.199969,-0.1,-0.099984,0.0,0.000102,-0.12,-0.119999,0.0,0.0,-0.1,-0.099999,0.2,0.200001,-0.1,-0.1,0.0,-0.0
1787225942.118287,8.6,429,-0.110769,-0.110768,1.48353,1.48353,-0.066207,-0.066207,-0.174533,-0.174533,-0.523599,-0.523599,0.523599,0.523599,-2.075435,-2.075435,0.514872,0.514872,-0.12,-0.12,-0.0,-8.2e-05,-0.1,-0.099986,0.2,0.199975,-0.1,-0.099987,0.0,8.2e-05,-0.12,-0.119999,0.0,0.0,-0.1,-0.099999,0.2,0.200001,-0.1,-0.1,0.0,-0.0
1787225942.137363,8.62,430,-0.110769,-0.110768,1.48353,1.48353,-0.066207,-0.066207,-0.174533,-0.174533,-0.523599,-0.523599,0.523599,0.523599,-2.075435,-2.075435,0.514872,0.514872,-0.12,-0.12,-0.0,-6.5e-05,-0.1,-0.099989,0.2,0.19998,-0.1,-0.09999,0.0,6.5e-05,-0.12,-0.119999,0.0,0.0,-0.1,-0.099999,0.2,0.200001,-0.1,-0.1,0.0,-0.0
1787225942.155555,8.64,431,-0.110769,-0.110769,1.48353,1.48353,-0.066207,-0.066207,-0.174533,-0.174533,-0.523599,-0.523599,0.523599,0.523599,-2.075435,-2.075435,0.514872,0.514872,-0.12,-0.12,-0.0,-5.2e-05,-0.1,-0.099991,0.2,0.199984,-0.1,-0.099992,0.0,5.2e-05,-0.12,-0.119999,0.0,0.0,-0.1,-0.099999,0.2,0.200001,-0.1,-0.1,0.0,-0.0
1787225942.173753,8.66,432,-0.110769,-0.110769,1.48353,1.48353,-0.066207,-0.066207,-0.174533,-0.174533,-0.523599,-0.523599,0.523599,0.523599,-2.075435,-2.075435,0.514872,0.514872,-0.12,-0.12,-0.0,-4.2e-05,-0.1,-0.099992,0.2,0.199987,-0.1,-0.099993,0.0,4.2e-05,-0.12,-0.119999,0.0,0.0,-0.1,-0.099999,0.2,0.200001,-0.1,-0.1,0.0,-0.0
1787225942.192702,8.68,433,-0.110769,-0.110769,1.48353,1.48353,-0.066207,-0.066207,-0.174533,-0.174533,-0.523599,-0.523599,0.523599,0.523599,-2.075435,-2.075435,0.514872,0.514872,-0.12,-0.12,-0.0,-3.4e-05,-0.1,-0.099994,0.2,0.19999,-0.1,-0.099995,0.0,3.3e-05,-0.12,-0.119999,0.0,0.0,-0.1,-0.099999,0.2,0.200001,-0.1,-0.1,0.0,-0.0
1787225942.21156,8.7,434,-0.110769,-0.110769,1.48353,1.48353,-0.066207,-0.066207,-0.174533,-0.174533,-0.523599,-0.523599,0.523599,0.523599,-2.075435,-2.075435,0.514872,0.514872,-0.12,-0.12,-0.0,-2.7e-05,-0.1,-0.099995,0.2,0.199992,-0.1,-0.099996,0.0,2.7e-05,-0.12,-0.119999,0.0,0.0,-0.1,-0.099999,0.2,0.200001,-0.1,-0.1,0.0,-0.0
1787225942.23227,8.72,435,-0.110769,-0.110769,1.48353,1.48353,-0.066207,-0.066207,-0.174533,-0.174533,-0.523599,-0.523599,0.523599,0.523599,-2.075435,-2.075435,0.514872,0.514872,-0.12,-0.119999,-0.0,-2.2e-05,-0.1,-0.099995,0.2,0.199994,-0.1,-0.099997,0.0,2.1e-05,-0.12,-0.119999,0.0,0.0,-0.1,-0.099999,0.2,0.200001,-0.1,-0.1,0.0,-0.0
1787225942.253576,8.74,436,-0.110769,-0.110769,1.48353,1.48353,-0.066207,-0.066208,-0.174533,-0.174533,-0.523599,-0.523599,0.523599,0.523599,-2.075435,-2.075435,0.514872,0.514872,-0.12,-0.119999,-0.0,-1.7e-05,-0.1,-0.099996,0.2,0.199995,-0.1,-0.099997,0.0,1.7e-05,-0.12,-0.119999,0.0,0.0,-0.1,-0.099999,0.2,0.200001,-0.1,-0.1,0.0,-0.0
1787225942.276871,8.76,437,-0.110769,-0.110769,1.48353,1.48353,-0.066207,-0.066208,-0.174533,-0.174533,-0.523599,-0.523599,0.523599,0.523599,-2.075435,-2.075435,0.514872,0.514872,-0.12,-0.119999,-0.0,-1.4e-05,-0.1,-0.099997,0.2,0.199996,-0.1,-0.099998,0.0,1.4e-05,-0.12,-0.119999,0.0,0.0,-0.1,-0.099999,0.2,0.200001,-0.1,-0.1,0.0,-0.0
1787225942.300323,8.78,438,-0.110769,-0.110769,1.48353,1.48353,-0.066207,-0.066208,-0.174533,-0.174533,-0.523599,-0.523599,0.523599,0.523599,-2.075435,-2.075435,0.514872,0.514872,-0.12,-0.119999,-0.0,-1.1e-05,-0.1,-0.099997,0.2,0.199997,-0.1,-0.099998,0.0,1.1e-05,-0.12,-0.119999,0.0,0.0,-0.1,-0.099999,0.2,0.200001,-0.1,-0.1,0.0,-0.0
1787225942.321116,8.8,439,-0.110769,-0.110769,1.48353,1.48353,-0.066207,-0.066208,-0.174533,-0.174533,-0.523599,-0.523599,0.523599,0.523599,-2.075435,-2.075435,0.514872,0.514872,-0.12,-0.119999,-0.0,-9e-06,-0.1,-0.099997,0.2,0.199998,-0.1,-0.099999,0.0,9e-06,-0.12,-0.119999,0.0,0.0,-0.1,-0.099999,0.2,0.200001,-0.1,-0.1,0.0,-0.0
1787225942.340177,8.82,440,-0.110769,-0.110769,1.48353,1.48353,-0.066207,-0.066208,-0.174533,-0.174533,-0.523599,-0.523599,0.523599,0.523599,-2.075435,-2.075435,0.514872,0.514872,-0.12,-0.119999,-0.0,-7e-06,-0.1,-0.099998,0.2,0.199998,-0.1,-0.099999,0.0,7e-06,-0.12,-0.119999,0.0,0.0,-0.1,-0.099999,0.2,0.200001,-0.1,-0.1,0.0,-0.0
1787225942.361132,8.84,441,-0.110769,-0.110769,1.48353,1.48353,-0.066207,-0.066208,-0.174533,-0.174533,-0.523599,-0.523599,0.523599,0.523599,-2.075435,-2.075435,0.514872,0.514872,-0.12,-0.119999,-0.0,-6e-06,-0.1,-0.099998,0.2,0.199999,-0.1,-0.099999,0.0,6e-06,-0.12,-0.119999,0.0,0.0,-0.1,-0.099999,0.2,0.200001,-0.1,-0.1,0.0,-0.0
1787225942.380975,8.86,442,-0.110769,-0.110769,1.48353,1.48353,-0.066207,-0.066208,-0.174533,-0.174533,-0.523599,-0.523599,0.523599,0.523599,-2.075435,-2.075435,0.514872,0.514872,-0.12,-0.119999,-0.0,-5e-06,-0.1,-0.099998,0.2,0.199999,-0.1,-0.099999,0.0,4e-06,-0.12,-0.119999,0.0,0.0,-0.1,-0.099999,0.2,0.200001,-0.1,-0.1,0.0,-0.0
1787225942.403168,8.88,443,-0.110769,-0.110769,1.48353,1.48353,-0.066207,-0.066208,-0.174533,-0.174533,-0.523599,-0.523599,0.523599,0.523599,-2.075435,-2.075435,0.514872,0.514872,-0.12,-0.119999,-0.0,-4e-06,-0.1,-0.099998,0.2,0.199999,-0.1,-0.099999,0.0,4e-06,-0.12,-0.119999,0.0,0.0,-0.1,-0.099999,0.2,0.200001,-0.1,-0.1,0.0,-0.0
1787225942.417608,8.9,444,-0.110769,-0.11077,1.48353,1.48353,-0.066207,-0.066208,-0.174533,-0.174533,-0.523599,-0.523599,0.523599,0.523599,-2.075435,-2.075435,0.514872,0.514872,-0.12,-0.119999,-0.0,-3e-06,-0.1,-0.099998,0.2,0.2,-0.1,-0.1,0.0,3e-06,-0.12,-0.119999,0.0,0.0,-0.1,-0.099999,0.2,0.200001,-0.1,-0.1,0.0,-0.0
1787225942.438053,8.92,445,-0.110769,-0.11077,1.48353,1.48353,-0.066207,-0.066208,-0.174533,-0.174533,-0.523599,-0.523599,0.523599,0.523599,-2.075435,-2.075435,0.514872,0.514872,-0.12,-0.119999,-0.0,-1e-06,-0.1,-0.099998,0.2,0.2,-0.1,-0.1,0.0,2e-06,-0.12,-0.119999,0.0,0.0,-0.1,-0.099999,0.2,0.200001,-0.1,-0.1,0.0,-0.0
1787225942.45706,8.94,446,-0.110769,-0.11077,1.48353,1.48353,-0.066207,-0.066208,-0.174533,-0.174533,-0.523599,-0.523599,0.523599,0.523599,-2.075435,-2.075435,0.514872,0.514872,-0.12,-0.119999,-0.0,-1e-06,-0.1,-0.099998,0.2,0.2,-0.1,-0.1,0.0,2e-06,-0.12,-0.119999,0.0,0.0,-0.1,-0.099999,0.2,0.200001,-0.1,-0.1,0.0,-0.0
1787225942.479596,8.96,447,-0.110769,-0.11077,1.48353,1.48353,-0.066207,-0.066208,-0.174533,-0.174533,-0.523599,-0.523599,0.523599,0.523599,-2.075435,-2.075435,0.514872,0.514872,-0.12,-0.119999,-0.0,-1e-06,-0.1,-0.099999,0.2,0.2,-0.1,-0.1,0.0,1e-06,-0.12,-0.119999,0.0,0.0,-0.1,-0.099999,0.2,0.200001,-0.1,-0.1,0.0,-0.0
1787225942.49736,8.98,448,-0.110769,-0.11077,1.48353,1.48353,-0.066207,-0.066208,-0.174533,-0.174533,-0.523599,-0.523599,0.523599,0.523599,-2.075435,-2.075435,0.514872,0.514872,-0.12,-0.119999,-0.0,-1e-06,-0.1,-0.099999,0.2,0.2,-0.1,-0.1,0.0,1e-06,-0.12,-0.119999,0.0,0.0,-0.1,-0.099999,0.2,0.200001,-0.1,-0.1,0.0,-0.0
1787225942.519917,9.0,449,-0.110769,-0.11077,1.48353,1.48353,-0.066207,-0.066208,-0.174533,-0.174533,-0.523599,-0.523599,0.523599,0.523599,-2.075435,-2.075435,0.514872,0.514872,-0.12,-0.119999,-0.0,-1e-06,-0.1,-0.099999,0.2,0.2,-0.1,-0.1,0.0,1e-06,-0.12,-0.119999,0.0,0.0,-0.1,-0.099999,0.2,0.200001,-0.1,-0.1,0.0,-0.0
1787225942.54182,9.02,450,-0.110769,-0.11077,1.48353,1.48353,-0.066207,-0.066208,-0.174533,-0.174533,-0.523599,-0.523599,0.523599,0.523599,-2.075435,-2.075435,0.514872,0.514872,-0.12,-0.119999,-0.0,-1e-06,-0.1,-0.099999,0.2,0.2,-0.1,-0.1,0.0,1e-06,-0.12,-0.119999,0.0,0.0,-0.1,-0.099999,0.2,0.200001,-0.1,-0.1,0.0,-0.0
1787225942.559413,9.04,451,-0.110769,-0.11077,1.48353,1.48353,-0.066207,-0.066208,-0.174533,-0.174533,-0.523599,-0.523599,0.523599,0.523599,-2.075435,-2.075435,0.514872,0.514872,-0.12,-0.119999,-0.0,-1e-06,-0.1,-0.099999,0.2,0.2,-0.1,-0.1,0.0,1e-06,-0.12,-0.119999,0.0,0.0,-0.1,-0.099999,0.2,0.200001,-0.1,-0.1,0.0,-0.0
1787225942.580458,9.06,452,-0.110769,-0.11077,1.48353,1.48353,-0.066207,-0.066208,-0.174533,-0.174533,-0.523599,-0.523599,0.523599,0.523599,-2.075435,-2.075435,0.514872,0.514872,-0.12,-0.119999,-0.0,-1e-06,-0.1,-0.099999,0.2,0.2,-0.1,-0.1,0.0,0.0,-0.12,-0.119999,0.0,0.0,-0.1,-0.099999,0.2,0.200001,-0.1,-0.1,0.0,-0.0
1787225942.603452,9.08,453,-0.110769,-0.11077,1.48353,1.48353,-0.066207,-0.066208,-0.174533,-0.174533,-0.523599,-0.523599,0.523599,0.523599,-2.075435,-2.075435,0.514872,0.514872,-0.12,-0.119999,-0.0,-0.0,-0.1,-0.099999,0.2,0.2,-0.1,-0.1,0.0,0.0,-0.12,-0.119999,0.0,0.0,-0.1,-0.099999,0.2,0.200001,-0.1,-0.1,0.0,-0.0
1787225942.625577,9.1,454,-0.110769,-0.11077,1.48353,1.48353,-0.066207,-0.066208,-0.174533,-0.174533,-0.523599,-0.523599,0.523599,0.523599,-2.075435,-2.075435,0.514872,0.514872,-0.12,-0.119999,-0.0,-0.0,-0.1,-0.099999,0.2,0.2,-0.1,-0.1,0.0,0.0,-0.12,-0.119999,0.0,0.0,-0.1,-0.099999,0.2,0.200001,-0.1,-0.1,0.0,-0.0
1787225942.655637,9.12,455,-0.110769,-0.11077,1.48353,1.48353,-0.066207,-0.066208,-0.174533,-0.174533,-0.523599,-0.523599,0.523599,0.523599,-2.075435,-2.075435,0.514872,0.514872,-0.12,-0.119999,-0.0,-0.0,-0.1,-0.099999,0.2,0.2,-0.1,-0.1,0.0,0.0,-0.12,-0.119999,0.0,0.0,-0.1,-0.099999,0.2,0.200001,-0.1,-0.1,0.0,-0.0
1787225942.6674,9.14,456,-0.110769,-0.11077,1.48353,1.48353,-0.066207,-0.066208,-0.174533,-0.174533,-0.523599,-0.523599,0.523599,0.523599,-2.075435,-2.075435,0.514872,0.514872,-0.12,-0.119999,-0.0,-0.0,-0.1,-0.099999,0.2,0.2,-0.1,-0.1,0.0,0.0,-0.12,-0.119999,0.0,0.0,-0.1,-0.099999,0.2,0.200001,-0.1,-0.1,0.0,-0.0
1787225942.685179,9.16,457,-0.110769,-0.11077,1.48353,1.48353,-0.066207,-0.066208,-0.174533,-0.174533,-0.523599,-0.523599,0.523599,0.523599,-2.075435,-2.075435,0.514872,0.514872,-0.12,-0.119999,-0.0,-0.0,-0.1,-0.099999,0.2,0.2,-0.1,-0.1,0.0,0.0,-0.12,-0.119999,0.0,0.0,-0.1,-0.099999,0.2,0.200001,-0.1,-0.1,0.0,-0.0
1787225942.70486,9.18,458,-0.110769,-0.11077,1.48353,1.48353,-0.066207,-0.066208,-0.174533,-0.174533,-0.523599,-0.523599,0.523599,0.523599,-2.075435,-2.075435,0.514872,0.514872,-0.12,-0.119999,-0.0,-0.0,-0.1,-0.099999,0.2,0.2,-0.1,-0.1,0.0,0.0,-0.12,-0.119999,0.0,0.0,-0.1,-0.099999,0.2,0.200001,-0.1,-0.1,0.0,-0.0
1787225942.722825,9.2,459,-0.110769,-0.11077,1.48353,1.48353,-0.066207,-0.066208,-0.174533,-0.174533,-0.523599,-0.523599,0.523599,0.523599,-2.075435,-2.075435,0.514872,0.514872,-0.12,-0.119999,-0.0,-0.0,-0.1,-0.099999,0.2,0.2,-0.1,-0.1,0.0,0.0,-0.12,-0.119999,0.0,0.0,-0.1,-0.099999,0.2,0.200001,-0.1,-0.1,0.0,-0.0
1787225942.75139,9.22,460,-0.110769,-0.11077,1.48353,1.48353,-0.066207,-0.066208,-0.174533,-0.174533,-0.523599,-0.523599,0.523599,0.523599,-2.075435,-2.075435,0.514872,0.514872,-0.12,-0.119999,-0.0,-0.0,-0.1,-0.099999,0.2,0.2,-0.1,-0.1,0.0,0.0,-0.12,-0.119999,0.0,0.0,-0.1,-0.099999,0.2,0.200001,-0.1,-0.1,0.0,-0.0
1787225942.762494,9.24,461,-0.110769,-0.11077,1.48353,1.48353,-0.066207,-0.066208,-0.174533,-0.174533,-0.523599,-0.523599,0.523599,0.523599,-2.075435,-2.075435,0.514872,0.514872,-0.12,-0.119999,-0.0,-0.0,-0.1,-0.099999,0.2,0.2,-0.1,-0.1,0.0,0.0,-0.12,-0.119999,0.0,0.0,-0.1,-0.099999,0.2,0.200001,-0.1,-0.1,0.0,-0.0
1787225942.782575,9.26,462,-0.110769,-0.11077,1.48353,1.48353,-0.066207,-0.066208,-0.174533,-0.174533,-0.523599,-0.523599,0.523599,0.523599,-2.075435,-2.075435,0.514872,0.514872,-0.12,-0.119999,-0.0,-0.0,-0.1,-0.099999,0.2,0.2,-0.1,-0.1,0.0,0.0,-0.12,-0.119999,0.0,0.0,-0.1,-0.099999,0.2,0.200001,-0.1,-0.1,0.0,-0.0
1787225942.804398,9.28,463,-0.110769,-0.11077,1.48353,1.48353,-0.066207,-0.066208,-0.174533,-0.174533,-0.523599,-0.523599,0.523599,0.523599,-2.075435,-2.075435,0.514872,0.514872,-0.12,-0.119999,-0.0,-0.0,-0.1,-0.099999,0.2,0.2,-0.1,-0.1,0.0,0.0,-0.12,-0.119999,0.0,0.0,-0.1,-0.099999,0.2,0.200001,-0.1,-0.1,0.0,-0.0
1787225942.824807,9.3,464,-0.110769,-0.11077,1.48353,1.48353,-0.066207,-0.066208,-0.174533,-0.174533,-0.523599,-0.523599,0.523599,0.523599,-2.075435,-2.075435,0.514872,0.514872,-0.12,-0.119999,-0.0,-0.0,-0.1,-0.099999,0.2,0.2,-0.1,-0.1,0.0,0.0,-0.12,-0.119999,0.0,0.0,-0.1,-0.099999,0.2,0.200001,-0.1,-0.1,0.0,-0.0
1787225942.846697,9.32,465,-0.110769,-0.11077,1.48353,1.48353,-0.066207,-0.066208,-0.174533,-0.174533,-0.523599,-0.523599,0.523599,0.523599,-2.075435,-2.075435,0.514872,0.514872,-0.12,-0.119999,-0.0,-0.0,-0.1,-0.099999,0.2,0.2,-0.1,-0.1,0.0,-0.0,-0.12,-0.119999,0.0,0.0,-0.1,-0.099999,0.2,0.200001,-0.1,-0.1,0.0,-0.0
1787225942.867447,9.34,466,-0.110769,-0.11077,1.48353,1.48353,-0.066207,-0.066208,-0.174533,-0.174533,-0.523599,-0.523599,0.523599,0.523599,-2.075435,-2.075435,0.514872,0.514872,-0.12,-0.119999,-0.0,-0.0,-0.1,-0.099999,0.2,0.2,-0.1,-0.1,0.0,-0.0,-0.12,-0.119999,0.0,0.0,-0.1,-0.099999,0.2,0.200001,-0.1,-0.1,0.0,-0.0
1787225942.889175,9.36,467,-0.110769,-0.11077,1.48353,1.48353,-0.066207,-0.066208,-0.174533,-0.174533,-0.523599,-0.523599,0.523599,0.523599,-2.075435,-2.075435,0.514872,0.514872,-0.12,-0.119999,-0.0,-0.0,-0.1,-0.099999,0.2,0.2,-0.1,-0.1,0.0,-0.0,-0.12,-0.119999,0.0,0.0,-0.1,-0.099999,0.2,0.200001,-0.1,-0.1,0.0,-0.0
1787225942.908769,9.38,468,-0.110769,-0.11077,1.48353,1.48353,-0.066207,-0.066208,-0.174533,-0.174533,-0.523599,-0.523599,0.523599,0.523599,-2.075435,-2.075435,0.514872,0.514872,-0.12,-0.119999,-0.0,-0.0,-0.1,-0.099999,0.2,0.2,-0.1,-0.1,0.0,-0.0,-0.12,-0.119999,0.0,0.0,-0.1,-0.099999,0.2,0.200001,-0.1,-0.1,0.0,-0.0
1787225942.928191,9.4,469,-0.110769,-0.11077,1.48353,1.48353,-0.066207,-0.066208,-0.174533,-0.174533,-0.523599,-0.523599,0.523599,0.523599,-2.075435,-2.075435,0.514872,0.514872,-0.12,-0.119999,-0.0,-0.0,-0.1,-0.099999,0.2,0.2,-0.1,-0.1,0.0,-0.0,-0.12,-0.119999,0.0,0.0,-0.1,-0.099999,0.2,0.200001,-0.1,-0.1,0.0,-0.0
1787225942.948422,9.42,470,-0.110769,-0.11077,1.48353,1.48353,-0.066207,-0.066208,-0.174533,-0.174533,-0.523599,-0.523599,0.523599,0.523599,-2.075435,-2.075435,0.514872,0.514872,-0.12,-0.119999,-0.0,-0.0,-0.1,-0.099999,0.2,0.2,-0.1,-0.1,0.0,-0.0,-0.12,-0.119999,0.0,0.0,-0.1,-0.099999,0.2,0.200001,-0.1,-0.1,0.0,-0.0
