frame_index,timestamp_s,LElbowRoll,LHipPitch,LShoulderPitch,RElbowRoll,RHipPitch,RShoulderPitch,TorsoPitch
7,1787225847.5967948,0.9765563776159487,-1.0087235538059238,1.2430554076728928,-0.6792783287902737,-0.8055453197003437,1.2570644229726669,-0.5235987755982988
9,1787225847.735646,1.4594297170176875,-0.49073669566038647,0.2585299048214157,-1.2661989852809987,-0.3586708434917594,0.3172102747008517,-0.15707963267948966
10,1787225847.813779,1.7732973876288176,-0.15404523786578708,-0.37538381853150304,-1.6476974119999699,-0.06820243395617948,-0.28740125727061744,0.0811578102177363
11,1787225847.8676364,1.9773113735260521,0.06480420970070251,-0.779206990443607,-1.8956713893673012,0.12060203224194746,-0.6468209344714829,0.23601214810093318
12,1787225847.914052,2.109920464359255,0.20705635061892075,-1.018252664991097,-2.0568544746560664,0.24332493527072996,-0.8842224958345064,0.33666746772501116
13,1787225847.959009,2.1961163734008364,0.2995202422157626,-1.1659861208098794,-2.161623480093764,0.32309482223943864,-1.0418994012004026,0.40209342548066185
14,1787225848.0045362,2.2521437142778646,0.3596217717537098,-1.2546540879058687,-2.229723333628267,0.37494524876909924,-1.1417555179107257,0.4446202980218348
15,1787225848.0659895,2.2192393671637656,0.3986877659533755,-1.2108151761676316,-2.2739882384256944,0.40864802601337863,-1.2156254034590672,0.4722627651735972
16,1787225848.1157317,2.137832194645453,0.4240806621831582,-1.045007886786792,-2.302760426544022,0.4305548312221602,-1.2652081313007164,0.4902303688222428
17,1787225848.1626937,2.214258998086865,0.44058604473251695,-1.0357559293661633,-2.321462348820935,0.44479425460786826,-1.2997057877652356,0.5019093111938624
18,1787225848.2129319,2.263936420323783,0.4513145433896002,-1.0743702955115055,-2.3336185983009283,0.45404987980857847,-1.3209472163054636,0.5095006237354152
19,1787225848.2744431,2.252893527409345,0.45828806751670426,-1.110111753002201,-2.341520160462924,0.4600660361890402,-1.336740844990393,0.5144349768874245
20,1787225848.3317852,2.1173099463989757,0.46282085819932195,-1.159612534544846,-2.346656175868221,0.4639765378363403,-1.357110788017292,0.5176423064362305
21,1787225848.3733397,2.026153980444169,0.46576717214302343,-1.2062687777980514,-2.3106854195344777,0.46651836390708534,-1.3808694644634623,0.5197270706429544
22,1787225848.4191353,1.9947879275732907,0.4676822762064293,-1.2404870548917317,-2.307430155415368,0.4681705508530696,-1.4050494709837449,0.5210821673773249
23,1787225848.4790835,2.0032604956783513,0.4689270938476432,-1.265061545436522,-2.312188985575975,0.4692444723679594,-1.4279111051863078,0.5219629802546658
24,1787225848.533877,2.0179465442572773,0.46973622531443215,-1.292489724878416,-2.280586036749327,0.4699425213526377,-1.4454504515329123,0.5225355086249374
25,1787225848.5869014,2.0113253852502506,0.470262160767845,-1.3214942827426865,-2.3070489954543834,0.47039625319267864,-1.4674012510069412,0.522907652065614
26,1787225848.6537857,2.0038995803719866,0.4706040188125634,-1.346514334286185,-2.32424991861267,0.47069117888870526,-1.4808032029408147,0.5231495453020536
27,1787225848.7037554,2.0493935531887617,0.4708262265416303,-1.3750357435844058,-2.3354305186655564,0.4708828805911226,-1.489762537860583,0.5233067759057395
28,1787225848.7612207,2.0659546057872054,0.4709706615655238,-1.3965985227277022,-2.3426979086999324,0.47100748669769377,-1.485191466601018,0.5234089757981353
29,1787225848.8149714,2.0907338637636412,0.4710645443310546,-1.4105296532044747,-2.347421712222277,0.47108848066696507,-1.4741965055570818,0.5234754057281925
30,1787225848.8632145,2.144428436129377,0.4711255681286496,-1.4298143583585246,-2.3504921845118005,0.4711411267469914,-1.4734520439434875,0.5235185851827298
31,1787225848.912882,2.174229260060132,0.4711652335970864,-1.4351238804789825,-2.352487991499991,0.4711753466990085,-1.4695876792373168,0.5235466518281789
32,1787225848.9545374,2.2235470848441468,0.47119101615157033,-1.432470937647779,-2.3537852660423146,0.47119758966781966,-1.4598294311804643,0.523564895147721
33,1787225849.0054803,2.2588472018333463,0.47120777481198484,-1.4324479088465718,-2.3546284944948255,0.47121204759754687,-1.4558242242604855,0.5235767533054232
34,1787225849.0556433,2.2627193220365864,0.4712186679412542,-1.432782843667908,-2.355176592988957,0.4712214452518696,-1.4477689841285288,0.5235844611079297
35,1787225849.1105976,2.281345741503069,0.4712257484752794,-1.4298710688707934,-2.355532857010143,0.4712275537271794,-1.4364431545576544,0.5235894711795589
36,1787225849.1715105,2.3075428035443157,0.4712303508223957,-1.4305409403636573,-2.355764428623914,0.4712315242361307,-1.422294485902769,0.5235927277261179
37,1787225849.2157257,2.324570893871126,0.4712333423480214,-1.4297813918591937,-2.3559149501728647,0.47123410506694907,-1.413914077470829,0.5235948444813812
38,1787225849.2716334,2.3272502703526645,0.4712352868396781,-1.4332027903011237,-2.3560127891796827,0.47123578260698107,-1.4013684765385326,0.5235962203723024
39,1787225849.3344758,2.3373807472965527,0.47123655075925486,-1.441810600488,-2.3560763845341146,0.4712368730080019,-1.393901139730655,0.5235971147014011
40,1787225849.3788784,2.3439655573100797,0.4712373723069798,-1.4424641037118726,-2.3561177215144955,0.47123758176866537,-1.3910685715100928,0.5235976960153153
41,1787225849.421098,2.3482456838188726,0.471237906313001,-1.439599090412979,-2.356144590551743,0.47123804246309664,-1.3860295600610986,0.5235980738693595
42,1787225849.4631848,2.351027766049588,0.47123825341691483,-1.4360789672921794,-2.356162055425954,0.471238341914477,-1.3838640995789524,0.5235983194744882
43,1787225849.5136552,2.352836119499553,0.4712384790344588,-1.4342015184176753,-2.3561734075941905,0.4712385365578742,-1.3836463485975328,0.5235984791178219
44,1787225849.5594227,2.3353822553846166,0.4712386256858624,-1.4300537345938653,-2.3561807865035442,0.4712386630760823,-1.385738308719218,0.5235985828859888
45,1787225849.609537,2.3096239379310384,0.47123872100927466,-1.424139060258158,-2.3561855827946245,0.47123874531291765,-1.3907260165794404,0.5235986503352974
46,1787225849.6534204,2.325923631222496,0.4712387829694926,-1.4204245848592274,-2.356188700383827,0.4712387987668606,-1.404246699365637,0.5235986941773478
47,1787225849.7030106,2.313812409999751,0.4712388232436343,-1.4198402540107706,-2.3561907268168083,0.4712388335119235,-1.425044370024694,0.5235987226746807
48,1787225849.7442222,2.2699641529656143,0.4712388494218265,-1.420907580985279,-2.356192043998246,0.4712388560962144,-1.4440296009599876,0.523598741197947
49,1787225849.7898486,2.267886610689384,0.47123886643765134,-1.4199130353949991,-2.3561929001661808,0.47123887077600346,-1.4629835650873795,0.5235987532380701
50,1787225849.831539,2.2516933081084005,0.47123887749793747,-1.420904847305358,-2.356193456675338,0.4712388803178664,-1.4804813072204746,0.5235987610641502
51,1787225849.8729157,2.2367824662140974,0.4712388846871235,-1.4216228533777775,-2.3561938184062905,0.4712388865200773,-1.4933279080210011,0.5235987661511021
52,1787225849.918997,2.1583349669510774,0.4712388893600944,-1.4232756283963326,-2.353751785338145,0.47123889055151436,-1.505186342129257,0.523598769457621
53,1787225849.9786522,2.09256345909545,0.4712388923975255,-1.4287156681678852,-2.3422654144390918,0.47123889317194845,-1.5142625099576352,0.5235987716068582
54,1787225850.0241783,2.0420458604467617,0.47123889437185573,-1.437322063263406,-2.3330993505979016,0.47123889487523063,-1.5210507074390485,0.5235987730038625
55,1787225850.0673661,2.0372276736453783,0.4712388956551704,-1.4490835134997924,-2.341182649455957,0.471238895982364,-1.5237252778253823,0.5235987739119152
56,1787225850.114572,2.0042036871150857,0.47123889648932493,-1.4593148321848768,-2.3404300228518777,0.4712388967020007,-1.5229082600223265,0.5235987745021495
57,1787225850.1580453,1.9646178393111697,0.47123889703152533,-1.4679882268355273,-2.329364905594785,0.47123889716976464,-1.519154703321619,0.5235987748858018
58,1787225850.2007673,1.9584432939926886,0.47123889738395563,-1.4719415357450027,-2.3236994543970355,0.4712388974738111,-1.5126041496500133,0.5235987751351757
59,1787225850.2460203,1.9368602458984912,0.4712388976130353,-1.479099359867213,-2.299598610989581,0.47123889767144134,-1.5064695096834126,0.5235987752972688
60,1787225850.2879863,1.9223800497832844,0.47123889776193706,-1.484853707895942,-2.2696799077184906,0.471238897799901,-1.5023373369490591,0.5235987754026293
61,1787225850.344065,1.9178022799177552,0.4712388978587232,-1.491040320617155,-2.248417432127638,0.4712388978833998,-1.4967957222456403,0.5235987754711137
62,1787225850.3904605,1.9017432226579833,0.4712388979216342,-1.4925917033399863,-2.2487622445672666,0.47123889793767404,-1.4910475739646252,0.5235987755156285
63,1787225850.4449522,1.8932449049433875,0.4712388979625264,-1.491557605283098,-2.2173444185295734,0.47123889797295226,-1.48463576286214,0.5235987755445631
64,1787225850.4916198,1.9097088899121417,0.47123889798910623,-1.4901413878067038,-2.1957222198783963,0.47123889799588314,-1.4775805158120787,0.5235987755633706
65,1787225850.5368533,1.9673957772664026,0.4712388980063832,-1.4877223381191689,-2.1787418246819508,0.4712388980107882,-1.466618068749404,0.5235987755755955
66,1787225850.5787866,1.9629947542967514,0.4712388980176132,-1.4855621546634636,-2.1681210354124003,0.47123889802047647,-1.4556346337292752,0.5235987755835416
67,1787225850.6210651,1.9582643876635366,0.4712388980249127,-1.479177245318343,-2.166482059881991,0.4712388980267739,-1.449701500169166,0.5235987755887066
68,1787225850.6696692,1.9363104093325005,0.47123889802965735,-1.4718877037454212,-2.1608808156377393,0.47123889803086716,-1.44606624389262,0.5235987755920639
69,1787225850.7180588,1.9484392578807115,0.47123889803274144,-1.4699411382747432,-2.149472643245829,0.4712388980335278,-1.4333965742247945,0.5235987755942462
70,1787225850.764675,1.9606189550420776,0.47123889803474606,-1.467387110862199,-2.167277074095729,0.4712388980352572,-1.4137536817361485,0.5235987755956646
71,1787225850.814852,1.9738399985580801,0.471238898036049,-1.4624738840591942,-2.1895003013975165,0.4712388980363813,-1.3954890927963928,0.5235987755965865
72,1787225850.865918,1.9862199601355215,0.471238898036896,-1.447730637111472,-2.2080721940271375,0.47123889803711194,-1.3777532676951778,0.5235987755971858
73,1787225850.908438,2.019037852803348,0.47123889803744656,-1.42422066584092,-2.226308298086976,0.4712388980375869,-1.359481987032038,0.5235987755975754
74,1787225850.9494839,2.0071771089849877,0.4712388980378044,-1.3815291708620514,-2.2057665111476616,0.47123889803789565,-1.3270097025748455,0.5235987755978286
75,1787225850.9973452,1.9757943867795662,0.471238898038037,-1.336202888870364,-2.165820103815111,0.47123889803809627,-1.2909441717846266,0.5235987755979932
76,1787225851.043392,1.9874718225345473,0.4712388980381882,-1.2925515159952556,-2.157185067684709,0.4712388980382267,-1.25561933577377,0.5235987755981002
77,1787225851.084185,1.9509929191323014,0.47123889803828645,-1.2509697010892957,-2.1233816794788263,0.47123889803831154,-1.2148093593318894,0.5235987755981697
78,1787225851.1340125,1.899230746092333,0.4712388980383503,-1.2156153898105295,-2.085916707768201,0.4712388980383666,-1.1718534599053518,0.5235987755982149
79,1787225851.1769366,1.854556976217313,0.4712388980383918,-1.1841563879459869,-2.0604059091403713,0.47123889803840247,-1.1332123853175595,0.5235987755982443
80,1787225851.2247794,1.7880134831492653,0.4712388980384188,-1.1606449354109416,-2.021315841309434,0.4712388980384258,-1.1033554749609027,0.5235987755982634
81,1787225851.2732856,1.748652232475127,0.4712388980384363,-1.1435688853275507,-2.0075589394471387,0.4712388980384409,-1.0754046692892358,0.5235987755982758
82,1787225851.330546,1.7221542960991825,0.47123889803844776,-1.1289078433382251,-2.0059574767986708,0.47123889803845065,-1.0454867776006989,0.5235987755982838
83,1787225851.375346,1.7177146535200447,0.4712388980384552,-1.1178939492620161,-2.0236812221699925,0.4712388980384571,-1.0249174127957594,0.5235987755982892
84,1787225851.418587,1.7085547071477312,0.47123889803846,-1.108199030406414,-2.0129020196550678,0.4712388980384612,-1.0098713463913385,0.5235987755982925
85,1787225851.4601512,1.7010633075575738,0.4712388980384631,-1.098389583700266,-2.0013355347496073,0.47123889803846386,-0.9986966116981582,0.5235987755982947
86,1787225851.5061414,1.6958576955642515,0.4712388980384651,-1.0904049624330308,-1.9945490122983196,0.47123889803846564,-0.9879025090580248,0.5235987755982962
87,1787225851.5535817,1.718756856926035,0.4712388980384664,-1.0835940953505958,-1.9966395688029666,0.47123889803846675,-0.9807926724428926,0.5235987755982972
88,1787225851.6047928,1.7364073291345394,0.4712388980384673,-1.0758849690562506,-2.0020228583317548,0.4712388980384675,-0.9765137685683885,0.5235987755982978
89,1787225851.6555643,1.7417149513399128,0.47123889803846786,-1.0696971704837068,-2.0009351511128037,0.47123889803846797,-0.973254545305283,0.5235987755982981
90,1787225851.7330258,1.755569083084822,0.4712388980384682,-1.0664593860211138,-2.013202525926747,0.4712388980384683,-0.9715010570516966,0.5235987755982984
91,1787225851.7876947,1.773922640168042,0.4712388980384684,-1.0647626863016797,-2.0223274446651778,0.4712388980384685,-0.9719994633524184,0.5235987755982985
92,1787225851.833889,1.7884395604493337,0.47123889803846863,-1.0637703805878624,-2.0304648525307516,0.47123889803846863,-0.9708711798828826,0.5235987755982986
93,1787225851.8803718,1.798622455964832,0.47123889803846875,-1.0635589527831706,-2.0264037016350334,0.47123889803846875,-0.9718871450491,0.5235987755982987
94,1787225851.9229395,1.7950510351357511,0.47123889803846886,-1.0642650946611671,-2.0253942285413817,0.47123889803846886,-0.9733560141345374,0.5235987755982987
95,1787225851.9711485,1.7769627023049819,0.47123889803846886,-1.0661588825098136,-2.0093649771403737,0.47123889803846886,-0.9749896531439952,0.5235987755982987
96,1787225852.013544,1.7183788480837454,0.47123889803846886,-1.0690372583902308,-2.0082866770442287,0.47123889803846886,-0.9771793414289389,0.5235987755982987
97,1787225852.061358,1.681780767650114,0.47123889803846886,-1.0710222085786516,-2.0129692777359462,0.47123889803846886,-0.9816716022963594,0.5235987755982987
98,1787225852.104177,1.6495634168049111,0.47123889803846886,-1.0721227960362256,-2.016833313789637,0.47123889803846886,-0.9878133857853247,0.5235987755982987
99,1787225852.1478007,1.6289094532427617,0.47123889803846886,-1.0726207700969985,-2.027725904479086,0.47123889803846886,-0.9941563346191686,0.5235987755982987
100,1787225852.1985502,1.6419634259128204,0.47123889803846886,-1.0726192870906046,-2.0604897870012318,0.47123889803846886,-0.9994028700138204,0.5235987755982987
101,1787225852.2418876,1.6534118408564256,0.47123889803846886,-1.072255600796871,-2.0952126819674333,0.47123889803846886,-1.0040170357734526,0.5235987755982987
102,1787225852.288313,1.6722767984171516,0.47123889803846886,-1.0714749656241516,-2.1187210457071837,0.47123889803846886,-1.0078432050260697,0.5235987755982987
103,1787225852.3356886,1.6980864543205119,0.47123889803846886,-1.0711081411948997,-2.1261838446151646,0.47123889803846886,-1.0106198917850073,0.5235987755982987
104,1787225852.3808568,1.7146082719851226,0.47123889803846886,-1.0709991952186697,-2.127555030302582,0.47123889803846886,-1.0127732890647914,0.5235987755982987
105,1787225852.4220035,1.7255461269688475,0.47123889803846886,-1.0723057250280665,-2.1277342917469997,0.47123889803846886,-1.0148684240347996,0.5235987755982987
106,1787225852.4649394,1.7388095297027664,0.47123889803846886,-1.0739975985202201,-2.1338342057739137,0.47123889803846886,-1.0167135263647393,0.5235987755982987
107,1787225852.5091126,1.7267659547961336,0.47123889803846886,-1.0768992332160363,-2.1135227184228693,0.47123889803846886,-1.018392727204577,0.5235987755982987
108,1787225852.5496194,1.7123321759212526,0.47123889803846886,-1.080799853432079,-2.08454987447322,0.47123889803846886,-1.0199190523040913,0.5235987755982987
109,1787225852.592793,1.7044360083511068,0.47123889803846886,-1.0851701392372552,-2.065041356677476,0.47123889803846886,-1.0214696706357387,0.5235987755982987
110,1787225852.6396663,1.7036014081411073,0.47123889803846886,-1.0893328853279254,-2.054036595088152,0.47123889803846886,-1.022655608809686,0.5235987755982987
111,1787225852.6832595,1.703409746767044,0.47123889803846886,-1.092928299301244,-2.0538797922282823,0.47123889803846886,-1.0237081770075311,0.5235987755982987
112,1787225852.7310517,1.7029399973982595,0.47123889803846886,-1.0954340487272503,-2.050161415051772,0.47123889803846886,-1.0245091244892692,0.5235987755982987
113,1787225852.7753136,1.704444952651396,0.47123889803846886,-1.0972487168617358,-2.0496582757730764,0.47123889803846886,-1.0253456018827998,0.5235987755982987
114,1787225852.823619,1.708584166845836,0.47123889803846886,-1.0985896268294812,-2.0510205364953418,0.47123889803846886,-1.025929401506779,0.5235987755982987
115,1787225852.8721228,1.7074024811281423,0.47123889803846886,-1.099636702596478,-2.0496477749078483,0.47123889803846886,-1.0262894686835908,0.5235987755982987
116,1787225852.9188488,1.7404002926315498,0.47123889803846886,-1.1004350474380864,-2.0578516031096963,0.47123889803846886,-1.0268351598009835,0.5235987755982987
117,1787225852.9673483,1.746181935259144,0.47123889803846886,-1.1015336473631887,-2.041140107861051,0.47123889803846886,-1.028149594620234,0.5235987755982987
118,1787225853.012647,1.7410817807620744,0.47123889803846886,-1.1031164043062396,-2.026125934346693,0.47123889803846886,-1.030026483522935,0.5235987755982987
119,1787225853.0610232,1.748506418045106,0.47123889803846886,-1.1060034591315082,-2.011860133270437,0.47123889803846886,-1.0318451141515959,0.5235987755982987
120,1787225853.1086922,1.7690245880977835,0.47123889803846886,-1.1097073391969463,-2.0036103804792673,0.47123889803846886,-1.0336845222172466,0.5235987755982987
121,1787225853.1506386,1.822635624945761,0.47123889803846886,-1.1219395287381198,-2.0193192307573,0.47123889803846886,-1.0380591749346197,0.5235987755982987
122,1787225853.2085314,1.870981394616688,0.47123889803846886,-1.1376379604152356,-2.0478806730729957,0.47123889803846886,-1.0457507554156635,0.5235987755982987
123,1787225853.256154,1.9065519114359961,0.47123889803846886,-1.1552093037900348,-2.0584683250500952,0.47123889803846886,-1.0605113527935406,0.5235987755982987
124,1787225853.304568,1.927885410061808,0.47123889803846886,-1.1785787956974918,-2.0580298259152956,0.47123889803846886,-1.0867472254826824,0.5235987755982987
125,1787225853.3555417,1.9396888294409953,0.47123889803846886,-1.2075463165335165,-2.0346034031332256,0.47123889803846886,-1.122442794463066,0.5235987755982987
126,1787225853.4035194,2.0095615864466003,0.47123889803846886,-1.2557449222494288,-2.089660544962969,0.47123889803846886,-1.180275031342811,0.5235987755982987
127,1787225853.4558015,2.005710361484626,0.47123889803846886,-1.3038991144523018,-2.141025604249725,0.47123889803846886,-1.2370946702846888,0.5235987755982987
128,1787225853.5290022,1.9844346340956152,0.47123889803846886,-1.3534569658360636,-2.1677580811073414,0.47123889803846886,-1.2972731316855546,0.5235987755982987
129,1787225853.5792484,2.027741884695419,0.47123889803846886,-1.418194844853911,-2.2337108242870927,0.47123889803846886,-1.3604311244997263,0.5235987755982987
130,1787225853.6194553,2.073223711688929,0.47123889803846886,-1.4638230803002048,-2.276580107353931,0.47123889803846886,-1.4067663083186537,0.5235987755982987
131,1787225853.6709776,2.127115579363116,0.47123889803846886,-1.4909332362545098,-2.304445141347376,0.47123889803846886,-1.4356537673380698,0.5235987755982987
132,1787225853.7169633,2.1591412294259724,0.47123889803846886,-1.498198709531155,-2.322557413443115,0.47123889803846886,-1.445468359493836,0.5235987755982987
133,1787225853.7669432,2.1782953628663178,0.47123889803846886,-1.4998970534356288,-2.334330390305346,0.47123889803846886,-1.4488667582630013,0.5235987755982987
134,1787225853.8144975,2.19756898455917,0.47123889803846886,-1.5014117147509891,-2.3419828252657955,0.47123889803846886,-1.4487079834184144,0.5235987755982987
135,1787225853.862814,2.219841320382646,0.47123889803846886,-1.5011324312898182,-2.346956907990088,0.47123889803846886,-1.4475799423677498,0.5235987755982987
136,1787225853.9069278,2.228663580660426,0.47123889803846886,-1.4989168673916513,-2.3501900617608777,0.47123889803846886,-1.4467307549529758,0.5235987755982987
137,1787225853.954535,2.237598890369026,0.47123889803846886,-1.4940906804848082,-2.352291611711891,0.47123889803846886,-1.445529470518895,0.5235987755982987
138,1787225853.997325,2.2346785858997813,0.47123889803846886,-1.4897193983161081,-2.35365761918005,0.47123889803846886,-1.44389595624131,0.5235987755982987
139,1787225854.039236,2.2277566631089596,0.47123889803846886,-1.4851018658785091,-2.3545455240343536,0.47123889803846886,-1.4429785866370644,0.5235987755982987
140,1787225854.0829499,2.222839237408097,0.47123889803846886,-1.4822794238061041,-2.3550941432217245,0.47123889803846886,-1.4446139190059437,0.5235987755982987
141,1787225854.1321104,2.22295817843818,0.47123889803846886,-1.479513079283426,-2.355479264661442,0.47123889803846886,-1.446717919065236,0.5235987755982987
142,1787225854.1795104,2.2239062573330077,0.47123889803846886,-1.477024262475316,-2.3557295935972578,0.47123889803846886,-1.449736409218211,0.5235987755982987
143,1787225854.2269542,2.2190542492507874,0.47123889803846886,-1.4753123037807123,-2.3558923074055382,0.47123889803846886,-1.4529648575698229,0.5235987755982987
144,1787225854.2687504,2.226858246268085,0.47123889803846886,-1.4800945343264846,-2.3559980713809203,0.47123889803846886,-1.4580510368966835,0.5235987755982987
145,1787225854.3166351,2.236686319326676,0.47123889803846886,-1.489258766464705,-2.356066817964919,0.47123889803846886,-1.463013249980595,0.5235987755982987
146,1787225854.3625958,2.248289817245077,0.47123889803846886,-1.4993848573631787,-2.3561115032445183,0.47123889803846886,-1.467961248831819,0.5235987755982987
147,1787225854.4055762,2.2685060883152195,0.47123889803846886,-1.5060032227018443,-2.3561405486762577,0.47123889803846886,-1.47090552401992,0.5235987755982987
148,1787225854.4556937,2.2753031370960395,0.47123889803846886,-1.510325391826461,-2.3561594282068885,0.47123889803846886,-1.472615387705663,0.5235987755982987
149,1787225854.4995937,2.272708518389425,0.47123889803846886,-1.51312860304053,-2.3561716999017985,0.47123889803846886,-1.4736216267007867,0.5235987755982987
150,1787225854.5418296,2.269460625151706,0.47123889803846886,-1.5110556105740658,-2.3561796765034897,0.47123889803846886,-1.4736566061130039,0.5235987755982987
151,1787225854.586847,2.269689966864772,0.47123889803846886,-1.506434002316398,-2.3561848612945893,0.47123889803846886,-1.4722370205526958,0.5235987755982987
152,1787225854.630853,2.2971663412503798,0.47123889803846886,-1.502017336909997,-2.3561882314088036,0.47123889803846886,-1.469648650245242,0.5235987755982987
153,1787225854.6745985,2.3125794273201,0.47123889803846886,-1.4978343638725065,-2.356190421983043,0.47123889803846886,-1.4661671600688213,0.5235987755982987
154,1787225854.7186623,2.3135502525077305,0.47123889803846886,-1.4940034414136534,-2.3561918458562987,0.47123889803846886,-1.4622068165876492,0.5235987755982987
155,1787225854.7592342,2.3049048780831276,0.47123889803846886,-1.49072739264429,-2.356192771373915,0.47123889803846886,-1.4578986618233403,0.5235987755982987
156,1787225854.8105469,2.295513418525557,0.47123889803846886,-1.4877602985868903,-2.3561933729603655,0.47123889803846886,-1.454025673649947,0.5235987755982987
157,1787225854.857123,2.2849420749137916,0.47123889803846886,-1.4860671775445344,-2.356193763991558,0.47123889803846886,-1.4521785499109496,0.5235987755982987
158,1787225854.9045615,2.2858608036540233,0.47123889803846886,-1.4850632776225265,-2.3561940181618333,0.47123889803846886,-1.452054849305736,0.5235987755982987
159,1787225854.9504054,2.2917445744814224,0.47123889803846886,-1.4851577381104941,-2.356194183372512,0.47123889803846886,-1.454747009562844,0.5235987755982987
160,1787225854.9962676,2.286139280936842,0.47123889803846886,-1.485386976056708,-2.3561942907594537,0.47123889803846886,-1.4581457693163653,0.5235987755982987
161,1787225855.0422843,2.2870949297049203,0.47123889803846886,-1.486501602378435,-2.3561943605609654,0.47123889803846886,-1.462326233946711,0.5235987755982987
162,1787225855.0872483,2.296968629179778,0.47123889803846886,-1.4879150658793407,-2.356194405931948,0.47123889803846886,-1.4657178652704024,0.5235987755982987
163,1787225855.1346219,2.301894436029326,0.47123889803846886,-1.489504657878625,-2.356194435423087,0.47123889803846886,-1.4686846932758308,0.5235987755982987
164,1787225855.1763022,2.301981402567054,0.47123889803846886,-1.4908947173457077,-2.3561944545923272,0.47123889803846886,-1.4721229156039581,0.5235987755982987
165,1787225855.2288196,2.3014477731612972,0.47123889803846886,-1.4926146354284766,-2.356194467052333,0.47123889803846886,-1.4747484112156783,0.5235987755982987
166,1787225855.2760391,2.297867397700889,0.47123889803846886,-1.4944182059524103,-2.3561944751513373,0.47123889803846886,-1.4758920271815685,0.5235987755982987
167,1787225855.3375845,2.2950001629298944,0.47123889803846886,-1.4952309485175301,-2.35619448041569,0.47123889803846886,-1.4765937478218176,0.5235987755982987
168,1787225855.392696,2.296151314689078,0.47123889803846886,-1.4962800788911683,-2.356194483837519,0.47123889803846886,-1.4770481852541435,0.5235987755982987
169,1787225855.4448678,2.2940633528034193,0.47123889803846886,-1.4972600522953599,-2.3561944860617077,0.47123889803846886,-1.477165736836703,0.5235987755982987
170,1787225855.4947276,2.2861428208190597,0.47123889803846886,-1.4981103255389923,-2.3561944875074308,0.47123889803846886,-1.4771545439026565,0.5235987755982987
171,1787225855.5448492,2.2805607266929293,0.47123889803846886,-1.498523214936753,-2.3561944884471506,0.47123889803846886,-1.4768413925812478,0.5235987755982987
172,1787225855.5913746,2.2743307514769833,0.47123889803846886,-1.4980377516048704,-2.3561944890579687,0.47123889803846886,-1.4762556683470196,0.5235987755982987
173,1787225855.6324031,2.267289600729109,0.47123889803846886,-1.497782545838824,-2.3561944894550004,0.47123889803846886,-1.4754682651139701,0.5235987755982987
174,1787225855.6735182,2.265015044389087,0.47123889803846886,-1.4984507579369457,-2.3561944897130713,0.47123889803846886,-1.4743474794172167,0.5235987755982987
175,1787225855.7203114,2.2609275155314026,0.47123889803846886,-1.4998737347563755,-2.356194489880817,0.47123889803846886,-1.4734192929894965,0.5235987755982987
176,1787225855.7641168,2.259301602494235,0.47123889803846886,-1.5018579562534138,-2.3561944899898517,0.47123889803846886,-1.4727411244770612,0.5235987755982987
177,1787225855.8060782,2.2565999914585184,0.47123889803846886,-1.5040982427970933,-2.3561944900607243,0.47123889803846886,-1.4706185942019314,0.5235987755982987
178,1787225855.8486722,2.25196684062967,0.47123889803846886,-1.5058991004223268,-2.3561944901067915,0.47123889803846886,-1.467679515130089,0.5235987755982987
179,1787225855.8934813,2.242200114232466,0.47123889803846886,-1.5068333785457355,-2.356194490136735,0.47123889803846886,-1.4634468879345721,0.5235987755982987
180,1787225855.9404938,2.2223485145201622,0.47123889803846886,-1.5063761164027025,-2.3561944901561986,0.47123889803846886,-1.4582644525781698,0.5235987755982987
181,1787225855.9815855,2.2146691708158013,0.47123889803846886,-1.506290593631063,-2.35619449016885,0.47123889803846886,-1.4519994273420243,0.5235987755982987
182,1787225856.023213,2.203489934984403,0.47123889803846886,-1.5061328078182505,-2.356194490177073,0.47123889803846886,-1.4448585304968584,0.5235987755982987
183,1787225856.0705416,2.2051027079965224,0.47123889803846886,-1.5034859203120514,-2.3561944901824186,0.47123889803846886,-1.4371556869486208,0.5235987755982987
184,1787225856.115143,2.2046559263668097,0.47123889803846886,-1.5033334781389376,-2.356194490185893,0.47123889803846886,-1.4257765096385067,0.5235987755982987
185,1787225856.1555798,2.1887011185955836,0.47123889803846886,-1.50266808885881,-2.3448336925983835,0.47123889803846886,-1.4202216736828355,0.5235987755982987
186,1787225856.201635,2.1783311186892873,0.47123889803846886,-1.4984638617966237,-2.3290498904703663,0.47123889803846886,-1.4179267994100329,0.5235987755982987
187,1787225856.2462277,2.1791862186815174,0.47123889803846886,-1.4921682781350425,-2.3256446396768182,0.47123889803846886,-1.4165866461277008,0.5235987755982987
188,1787225856.2898932,2.178275314359447,0.47123889803846886,-1.487059862434433,-2.3203854767700216,0.47123889803846886,-1.4169091526665154,0.5235987755982987
189,1787225856.3365982,2.1808844518211368,0.47123889803846886,-1.4814895942919533,-2.309086629718226,0.47123889803846886,-1.4178721846632176,0.5235987755982987
190,1787225856.3783398,2.170328380016156,0.47123889803846886,-1.4768154894788323,-2.2960197773768845,0.47123889803846886,-1.4187421468125876,0.5235987755982987
191,1787225856.4227335,2.1739399677766302,0.47123889803846886,-1.4744432789052513,-2.291005505711817,0.47123889803846886,-1.4191232987644176,0.5235987755982987
192,1787225856.4671283,2.1707690385522476,0.47123889803846886,-1.4725167484812705,-2.29191634109074,0.47123889803846886,-1.419150067382685,0.5235987755982987
193,1787225856.511104,2.1575499824917244,0.47123889803846886,-1.4677680656551433,-2.3009922862892256,0.47123889803846886,-1.4193165488980628,0.5235987755982987
194,1787225856.5575278,2.1330757334539863,0.47123889803846886,-1.466228711003637,-2.305528668646934,0.47123889803846886,-1.4175001884142913,0.5235987755982987
195,1787225856.6067336,2.1123058608666376,0.47123889803846886,-1.4698447893296418,-2.3147795264345037,0.47123889803846886,-1.4157423179559672,0.5235987755982987
196,1787225856.6497216,2.0890068949185503,0.47123889803846886,-1.4742798599285982,-2.329274763749748,0.47123889803846886,-1.415034118439859,0.5235987755982987
197,1787225856.693645,2.0736969875856706,0.47123889803846886,-1.4794687242740272,-2.338696668004657,0.47123889803846886,-1.4164141659979004,0.5235987755982987
198,1787225856.7399056,2.0803667733442404,0.47123889803846886,-1.4893173022924913,-2.3324368388029577,0.47123889803846886,-1.4178994616994363,0.5235987755982987
199,1787225856.7869422,2.0672657698888166,0.47123889803846886,-1.496442306751304,-2.32330681387194,0.47123889803846886,-1.4160999810292982,0.5235987755982987
200,1787225856.8338022,2.071365915884823,0.47123889803846886,-1.4993664246316967,-2.334817500584082,0.47123889803846886,-1.412362656104483,0.5235987755982987
201,1787225856.878768,2.0919433142711323,0.47123889803846886,-1.5099576306544984,-2.3422994469469742,0.47123889803846886,-1.4099809036668687,0.5235987755982987
202,1787225856.9287112,2.081271205646209,0.47123889803846886,-1.5208583140721206,-2.347162712082854,0.47123889803846886,-1.4099083272133335,0.5235987755982987
203,1787225856.973155,2.069848745510272,0.47123889803846886,-1.531062519985414,-2.350323834421176,0.47123889803846886,-1.4099203475866209,0.5235987755982987
204,1787225857.0157776,2.072718728203219,0.47123889803846886,-1.5346787349630122,-2.3482504359434135,0.47123889803846886,-1.4102221583752386,0.5235987755982987
205,1787225857.0638316,2.084430146184078,0.47123889803846886,-1.538897771078997,-2.3510308549305394,0.47123889803846886,-1.4100745056218265,0.5235987755982987
206,1787225857.1112626,2.0854803276240848,0.47123889803846886,-1.5397855965961569,-2.3528381272721717,0.47123889803846886,-1.4100431288486341,0.5235987755982987
207,1787225857.1579475,2.084890355079332,0.47123889803846886,-1.537017022077701,-2.3540128542942322,0.47123889803846886,-1.4145852643715533,0.5235987755982987
208,1787225857.2043867,2.098719900572463,0.47123889803846886,-1.5335324550924347,-2.354776426858572,0.47123889803846886,-1.4173533756529175,0.5235987755982987
209,1787225857.2506044,2.0887406232514345,0.47123889803846886,-1.531071924245679,-2.35140091320597,0.47123889803846886,-1.4217988494033462,0.5235987755982987
210,1787225857.303856,2.0742957028253,0.47123889803846886,-1.5315773494616294,-2.3481661736048873,0.47123889803846886,-1.4249298149721725,0.5235987755982987
211,1787225857.3487031,2.0755597304563214,0.47123889803846886,-1.5347362130272124,-2.3290420490786072,0.47123889803846886,-1.426597906726912,0.5235987755982987
212,1787225857.3918633,2.0821840931088786,0.47123889803846886,-1.5338187383702155,-2.299110196897196,0.47123889803846886,-1.4311209408969632,0.5235987755982987
213,1787225857.4338205,2.0952191378308402,0.47123889803846886,-1.5324905363898549,-2.2702572162155015,0.47123889803846886,-1.4356231459569224,0.5235987755982987
214,1787225857.477119,2.108340383569983,0.47123889803846886,-1.5294485299687566,-2.2725545135988474,0.47123889803846886,-1.4380376570882616,0.5235987755982987
215,1787225857.5283277,2.130014937210656,0.47123889803846886,-1.526088006406699,-2.284048481207815,0.47123889803846886,-1.4375548154656703,0.5235987755982987
216,1787225857.5712743,2.1402680507590732,0.47123889803846886,-1.5216877713132377,-2.2893082309604353,0.47123889803846886,-1.4370561411516,0.5235987755982987
217,1787225857.6164207,2.150419515354161,0.47123889803846886,-1.5154079817062907,-2.2921849022108534,0.47123889803846886,-1.4406278605475653,0.5235987755982987
218,1787225857.6590388,2.1796405195137707,0.47123889803846886,-1.5083732824988583,-2.3080061019380325,0.47123889803846886,-1.4427420385048975,0.5235987755982987
219,1787225857.7127025,2.187667684639778,0.47123889803846886,-1.5032852131153867,-2.3231850581172218,0.47123889803846886,-1.4494721274810725,0.5235987755982987
220,1787225857.7592082,2.1843047856222757,0.47123889803846886,-1.497962023035415,-2.3347383593435147,0.47123889803846886,-1.4568446351713127,0.5235987755982987
221,1787225857.7997887,2.180456659020051,0.47123889803846886,-1.4913950052798732,-2.3422480051406054,0.47123889803846886,-1.4538852201616663,0.5235987755982987
222,1787225857.843069,2.190915026226775,0.47123889803846886,-1.4824282694658022,-2.3471292749087143,0.47123889803846886,-1.4504806464996562,0.5235987755982987
223,1787225857.8859563,2.209578024318254,0.47123889803846886,-1.473867202311979,-2.350302100257985,0.47123889803846886,-1.4467338651933765,0.5235987755982987
224,1787225857.9293637,2.2096424075844316,0.47123889803846886,-1.4701427855278368,-2.3523644367350114,0.47123889803846886,-1.4434135934067744,0.5235987755982987
225,1787225857.9698203,2.2097950889925753,0.47123889803846886,-1.4692171529535623,-2.353704955445078,0.47123889803846886,-1.441990211515875,0.5235987755982987
226,1787225858.012354,2.216488406042395,0.47123889803846886,-1.4683493392734874,-2.3545762926066214,0.47123889803846886,-1.4428139777129503,0.5235987755982987
227,1787225858.0535526,2.20783533547263,0.47123889803846886,-1.467521619120937,-2.355142661761625,0.47123889803846886,-1.4429189019656452,0.5235987755982987
228,1787225858.095079,2.1988540319943963,0.47123889803846886,-1.4702910597037855,-2.355510801712377,0.47123889803846886,-1.4430589057863725,0.5235987755982987
229,1787225858.135363,2.198984735326029,0.47123889803846886,-1.479297208250539,-2.355750092680366,0.47123889803846886,-1.44292246596959,0.5235987755982987
230,1787225858.2085714,2.1987798614995775,0.47123889803846886,-1.4933219415398908,-2.3559056318095584,0.47123889803846886,-1.4432859241866618,0.5235987755982987
231,1787225858.2616487,2.198275669569085,0.47123889803846886,-1.5113213908165464,-2.3560067322435336,0.47123889803846886,-1.4452433203369448,0.5235987755982987
232,1787225858.3081753,2.1825011070555504,0.47123889803846886,-1.5246776511339966,-2.3542684968989946,0.47123889803846886,-1.4474473336428635,0.5235987755982987
233,1787225858.350324,2.161761537765951,0.47123889803846886,-1.537966980313058,-2.3458279847508394,0.47123889803846886,-1.451222925540974,0.5235987755982987
234,1787225858.393499,2.1746778672072367,0.47123889803846886,-1.545791728120527,-2.337141137473073,0.47123889803846886,-1.452396554834733,0.5235987755982987
235,1787225858.4613893,2.1977524220863183,0.47123889803846886,-1.5473929012216714,-2.3404119292674763,0.47123889803846886,-1.4516316751593863,0.5235987755982987
236,1787225858.5095222,2.2073522477668526,0.47123889803846886,-1.5445822992142375,-2.334188950403882,0.47123889803846886,-1.451321374047481,0.5235987755982987
237,1787225858.556156,2.2052209162387615,0.47123889803846886,-1.5418416336697067,-2.3275675638295534,0.47123889803846886,-1.4530357546052173,0.5235987755982987
238,1787225858.6217194,2.203987297524627,0.47123889803846886,-1.536452371426368,-2.315991183858321,0.47123889803846886,-1.453130914440038,0.5235987755982987
239,1787225858.6669292,2.210873454644565,0.47123889803846886,-1.5336271222916653,-2.313063336419569,0.47123889803846886,-1.4522178752205799,0.5235987755982987
240,1787225858.7174022,2.222597969943864,0.47123889803846886,-1.5313449375785406,-2.3090739403032883,0.47123889803846886,-1.4522065517723983,0.5235987755982987
241,1787225858.7600586,2.235316363008235,0.47123889803846886,-1.5282485444574792,-2.307644683022197,0.47123889803846886,-1.4538729341806773,0.5235987755982987
242,1787225858.8104334,2.2325169593814618,0.47123889803846886,-1.5219679840773424,-2.3074622133208362,0.47123889803846886,-1.4542486727814505,0.5235987755982987
243,1787225858.8617506,2.2355503496096603,0.47123889803846886,-1.5145252364706434,-2.3071451745135194,0.47123889803846886,-1.4544091820917298,0.5235987755982987
244,1787225858.9114673,2.2318090666419645,0.47123889803846886,-1.5074971236644594,-2.2973675421252366,0.47123889803846886,-1.4556519338436194,0.5235987755982987
245,1787225858.9626951,2.2286135920069317,0.47123889803846886,-1.5002169568414043,-2.2957894661444347,0.47123889803846886,-1.4581678770410091,0.5235987755982987
246,1787225859.009363,2.2149744111518803,0.47123889803846886,-1.4949407979431784,-2.2985304595777283,0.47123889803846886,-1.4616612304252705,0.5235987755982987
247,1787225859.058569,2.2004684276499815,0.47123889803846886,-1.4902571378098848,-2.2965829900294072,0.47123889803846886,-1.4657115202272424,0.5235987755982987
248,1787225859.1023242,2.1905441754884514,0.47123889803846886,-1.4853404501643084,-2.2933092205364707,0.47123889803846886,-1.4703001933697475,0.5235987755982987
249,1787225859.154611,2.1847745250970343,0.47123889803846886,-1.4806048937306944,-2.288297303236879,0.47123889803846886,-1.4738453666868965,0.5235987755982987
250,1787225859.2021234,2.178488670978526,0.47123889803846886,-1.4764911315894025,-2.2891405411726984,0.47123889803846886,-1.476061775241567,0.5235987755982987
251,1787225859.2496467,2.176367159390905,0.47123889803846886,-1.4740998729371744,-2.2904075592677557,0.47123889803846886,-1.4790481371769928,0.5235987755982987
252,1787225859.2942183,2.166845673984283,0.47123889803846886,-1.4737013219259163,-2.2875872808838533,0.47123889803846886,-1.4833209185410388,0.5235987755982987
253,1787225859.3354552,2.1738541742414283,0.47123889803846886,-1.4738677611759967,-2.2854250603628885,0.47123889803846886,-1.488461472294044,0.5235987755982987
254,1787225859.377965,2.1892444002300726,0.47123889803846886,-1.4756590729394532,-2.299250910178069,0.47123889803846886,-1.490010959917555,0.5235987755982987
255,1787225859.4241943,2.1974040916293847,0.47123889803846886,-1.4770305277524411,-2.3191811631830657,0.47123889803846886,-1.4921785756745858,0.5235987755982987
256,1787225859.4721391,2.205309620723089,0.47123889803846886,-1.4809987074038884,-2.3321358276363133,0.47123889803846886,-1.4926161354887046,0.5235987755982987
257,1787225859.516615,2.208142660470655,0.47123889803846886,-1.495789772606451,-2.3405563595309244,0.47123889803846886,-1.491532728817519,0.5235987755982987
258,1787225859.5689445,2.1876533404660394,0.47123889803846886,-1.5136971937992612,-2.342859551397259,0.47123889803846886,-1.4883355259251587,0.5235987755982987
259,1787225859.6209013,2.17951134595471,0.47123889803846886,-1.5256195670069213,-2.334732499419948,0.47123889803846886,-1.484467159821945,0.5235987755982987
260,1787225859.6705735,2.158034471309521,0.47123889803846886,-1.535559114855271,-2.3334360770468083,0.47123889803846886,-1.4787516458589258,0.5235987755982987
261,1787225859.7204392,2.1499492658807577,0.47123889803846886,-1.5417113853172664,-2.280572244303788,0.47123889803846886,-1.4721265608758636,0.5235987755982987
262,1787225859.7695425,2.1562108087574945,0.47123889803846886,-1.5448123797749127,-2.245367577770027,0.47123889803846886,-1.4621823702271546,0.5235987755982987
263,1787225859.825172,2.163139506162166,0.47123889803846886,-1.5461621297703023,-2.230027980808167,0.47123889803846886,-1.4550161318982338,0.5235987755982987
264,1787225859.8695707,2.1677456036614178,0.47123889803846886,-1.5486820907672372,-2.2081900939430654,0.47123889803846886,-1.450637080535913,0.5235987755982987
265,1787225859.9114852,2.1667831148092356,0.47123889803846886,-1.5464336001064092,-2.2017770607983893,0.47123889803846886,-1.4500166734053188,0.5235987755982987
266,1787225859.9542205,2.166869027938566,0.47123889803846886,-1.5415816637875674,-2.1949637470921024,0.47123889803846886,-1.4524083866455495,0.5235987755982987
267,1787225859.999604,2.1556282300694622,0.47123889803846886,-1.5359014635519725,-2.198072185450453,0.47123889803846886,-1.4556845188186336,0.5235987755982987
268,1787225860.0570004,2.1475362744684863,0.47123889803846886,-1.5285478077576804,-2.2063026248932815,0.47123889803846886,-1.45960061601946,0.5235987755982987
269,1787225860.0999596,2.1478250168302813,0.47123889803846886,-1.517967709723194,-2.227067734386622,0.47123889803846886,-1.4653945704867937,0.5235987755982987
270,1787225860.1427898,2.156722670529047,0.47123889803846886,-1.5083370844953392,-2.250133097625146,0.47123889803846886,-1.4701856521751973,0.5235987755982987
271,1787225860.1876583,2.1672358205318796,0.47123889803846886,-1.500288559929218,-2.26871181163539,0.47123889803846886,-1.4742793268497354,0.5235987755982987
272,1787225860.2306085,2.1718709089023442,0.47123889803846886,-1.4948074802353364,-2.2764046456533684,0.47123889803846886,-1.4783519841941746,0.5235987755982987
273,1787225860.2736192,2.1820968139181796,0.47123889803846886,-1.4942010462086688,-2.2933997176046796,0.47123889803846886,-1.482243872105083,0.5235987755982987
274,1787225860.3192313,2.1916000771976805,0.47123889803846886,-1.4946022628582614,-2.3101968534786446,0.47123889803846886,-1.4862670677465437,0.5235987755982987
275,1787225860.3614726,2.2159765527165627,0.47123889803846886,-1.4983117807652708,-2.319348885226013,0.47123889803846886,-1.4895658606095306,0.5235987755982987
276,1787225860.412992,2.2351354307010314,0.47123889803846886,-1.5073149605704208,-2.313092145438901,0.47123889803846886,-1.4909626983118638,0.5235987755982987
277,1787225860.4580615,2.206244154234024,0.47123889803846886,-1.515868531691928,-2.3099965323698672,0.47123889803846886,-1.4892016920661546,0.5235987755982987
278,1787225860.5001833,2.191187818145504,0.47123889803846886,-1.5228856910298316,-2.3072157024011144,0.47123889803846886,-1.485473515788966,0.5235987755982987
279,1787225860.5423472,2.180558075117592,0.47123889803846886,-1.5306958061147249,-2.294760935666777,0.47123889803846886,-1.4821132898629612,0.5235987755982987
280,1787225860.5840938,2.1767126041587135,0.47123889803846886,-1.5369361769430845,-2.2910625701608396,0.47123889803846886,-1.4776436350906654,0.5235987755982987
281,1787225860.626694,2.1779283835606327,0.47123889803846886,-1.541063990284091,-2.292184706668525,0.47123889803846886,-1.4725552784308862,0.5235987755982987
282,1787225860.6697497,2.1821021034223334,0.47123889803846886,-1.5442263715198226,-2.295898201565086,0.47123889803846886,-1.466151909461526,0.5235987755982987
283,1787225860.7166026,2.165528217585815,0.47123889803846886,-1.5430098511502612,-2.298610728853229,0.47123889803846886,-1.456779334915686,0.5235987755982987
284,1787225860.766307,2.1627674733742976,0.47123889803846886,-1.5401892287661105,-2.3187650453219195,0.47123889803846886,-1.451984680333763,0.5235987755982987
285,1787225860.8062074,2.157605614657675,0.47123889803846886,-1.5362931656252456,-2.3280780701867094,0.47123889803846886,-1.4507356004796672,0.5235987755982987
286,1787225860.8503387,2.145929003459003,0.47123889803846886,-1.5314572398830992,-2.3277434517385736,0.47123889803846886,-1.452201417361667,0.5235987755982987
287,1787225860.895961,2.1353966372109903,0.47123889803846886,-1.5274620487649413,-2.326668554392062,0.47123889803846886,-1.4566074895886607,0.5235987755982987
288,1787225860.936717,2.119320608665718,0.47123889803846886,-1.524220132348022,-2.319431445664657,0.47123889803846886,-1.461501931183282,0.5235987755982987
289,1787225860.9801056,2.1099691540841503,0.47123889803846886,-1.5212322658672877,-2.3174587269675397,0.47123889803846886,-1.4656634492606178,0.5235987755982987
290,1787225861.0232081,2.110546308149241,0.47123889803846886,-1.5196479157141738,-2.316507147735226,0.47123889803846886,-1.469538959003366,0.5235987755982987
291,1787225861.0727856,2.1105452207960487,0.47123889803846886,-1.519389450191439,-2.31567063761304,0.47123889803846886,-1.472889482268397,0.5235987755982987
292,1787225861.1169946,2.1009725512477617,0.47123889803846886,-1.516834333082074,-2.311982173959469,0.47123889803846886,-1.4760617103891098,0.5235987755982987
293,1787225861.157254,2.090455269020467,0.47123889803846886,-1.5145221879926494,-2.3113190821541845,0.47123889803846886,-1.4786661826446879,0.5235987755982987
294,1787225861.2004128,2.0928629974829227,0.47123889803846886,-1.5128262175068303,-2.3200009199720597,0.47123889803846886,-1.477500199274162,0.5235987755982987
295,1787225861.2506795,2.1048227795275283,0.47123889803846886,-1.5115489874912031,-2.3326686695491596,0.47123889803846886,-1.4740700002436653,0.5235987755982987
296,1787225861.2970774,2.1072553023171725,0.47123889803846886,-1.5092441578760067,-2.3409027067742745,0.47123889803846886,-1.471304725687232,0.5235987755982987
297,1787225861.3407838,2.115447588665654,0.47123889803846886,-1.5081246379344948,-2.346254830970599,0.47123889803846886,-1.468681265206731,0.5235987755982987
298,1787225861.3866522,2.11517043777158,0.47123889803846886,-1.5073960926919912,-2.3452763986043523,0.47123889803846886,-1.4671152586666185,0.5235987755982987
299,1787225861.4308646,2.120910230495491,0.47123889803846886,-1.506521299821919,-2.3490977306601497,0.47123889803846886,-1.4658959740731814,0.5235987755982987
300,1787225861.4806764,2.1341909406393325,0.47123889803846886,-1.5060156128117914,-2.351581596496418,0.47123889803846886,-1.4637558142733336,0.5235987755982987
301,1787225861.532776,2.150443843344775,0.47123889803846886,-1.5065428705972725,-2.3531961092899927,0.47123889803846886,-1.4600723618704352,0.5235987755982987
302,1787225861.581555,2.1667455007425462,0.47123889803846886,-1.502768768780947,-2.3397244308263323,0.47123889803846886,-1.4559853962721947,0.5235987755982987
303,1787225861.6295743,2.182829949695031,0.47123889803846886,-1.495453751783658,-2.335476045036347,0.47123889803846886,-1.454604356344825,0.5235987755982987
304,1787225861.6771877,2.1947036663939747,0.47123889803846886,-1.4907125187946577,-2.306309178745357,0.47123889803846886,-1.4541626706448083,0.5235987755982987
305,1787225861.7315323,2.2156174852750987,0.47123889803846886,-1.4889068579265596,-2.272926196274575,0.47123889803846886,-1.453217833367988,0.5235987755982987
306,1787225861.7781525,2.228308716770883,0.47123889803846886,-1.4894367009640077,-2.2511776859970016,0.47123889803846886,-1.4510567146151319,0.5235987755982987
307,1787225861.8212168,2.230423415260905,0.47123889803846886,-1.4898825310440498,-2.247324483577234,0.47123889803846886,-1.4460557591126344,0.5235987755982987
308,1787225861.8690307,2.228089779649037,0.47123889803846886,-1.4926563872692564,-2.227786378535901,0.47123889803846886,-1.4409684419294126,0.5235987755982987
309,1787225861.9121418,2.225892462486737,0.47123889803846886,-1.4914917046950364,-2.2055949593419095,0.47123889803846886,-1.4417737169005393,0.5235987755982987
310,1787225861.9551034,2.2476195836643313,0.47123889803846886,-1.4909186827020022,-2.1982543721013714,0.47123889803846886,-1.4448023132411443,0.5235987755982987
311,1787225861.9997978,2.285620800949136,0.47123889803846886,-1.4868546096887099,-2.213795401049095,0.47123889803846886,-1.4484637341851716,0.5235987755982987
312,1787225862.0424945,2.2936644750470805,0.47123889803846886,-1.4833922390405858,-2.227573710620616,0.47123889803846886,-1.449055112425915,0.5235987755982987
313,1787225862.087397,2.3114819378158327,0.47123889803846886,-1.479390814050424,-2.2478365575770027,0.47123889803846886,-1.4561145892034806,0.5235987755982987
314,1787225862.1361363,2.310276261557931,0.47123889803846886,-1.476461131986936,-2.2397255521242214,0.47123889803846886,-1.452835247963542,0.5235987755982987
315,1787225862.1837325,2.326347641579976,0.47123889803846886,-1.470808292651042,-2.264911628516617,0.47123889803846886,-1.4522471979756388,0.5235987755982987
316,1787225862.22573,2.32362136137545,0.47123889803846886,-1.4654437742109767,-2.294199989712623,0.47123889803846886,-1.452285490103658,0.5235987755982987
317,1787225862.2776353,2.317178107077627,0.47123889803846886,-1.4582251947650113,-2.3158980648805256,0.47123889803846886,-1.4524972627699158,0.5235987755982987
318,1787225862.3277433,2.3124218230668716,0.47123889803846886,-1.4466005238816397,-2.3300018137396625,0.47123889803846886,-1.4549769428633814,0.5235987755982987
319,1787225862.3754883,2.2996665196150197,0.47123889803846886,-1.440278727004122,-2.3391692504981014,0.47123889803846886,-1.4567455408076544,0.5235987755982987
320,1787225862.4265234,2.274439447824208,0.47123889803846886,-1.421464113188948,-2.345128084391087,0.47123889803846886,-1.4701740761614044,0.5235987755982987
321,1787225862.4771612,2.2599863617131533,0.47123889803846886,-1.4096347451154974,-2.3490013264215275,0.47123889803846886,-1.4734209621848073,0.5235987755982987
322,1787225862.5415914,2.241714670084837,0.47123889803846886,-1.4188273067787214,-2.3515189337413136,0.47123889803846886,-1.4688748128927789,0.5235987755982987
323,1787225862.5920813,2.24580640128627,0.47123889803846886,-1.4322135338675244,-2.3531553784991743,0.47123889803846886,-1.4518443583665315,0.5235987755982987
324,1787225862.651335,2.2546888681337176,0.47123889803846886,-1.4500600229169294,-2.3542190675917842,0.47123889803846886,-1.4410080364632014,0.5235987755982987
325,1787225862.6963704,2.2572738216152457,0.47123889803846886,-1.4665172279943797,-2.3549104655019804,0.47123889803846886,-1.4322308259927445,0.5235987755982987
326,1787225862.74664,2.269854457186062,0.47123889803846886,-1.4791976351703089,-2.355359874143608,0.47123889803846886,-1.4270978994543055,0.5235987755982987
327,1787225862.8057175,2.2724606559523544,0.47123889803846886,-1.4875361613109708,-2.3556519897606663,0.47123889803846886,-1.4242955913632058,0.5235987755982987
328,1787225862.855638,2.2825056721502666,0.47123889803846886,-1.4907892301248697,-2.355213248596775,0.47123889803846886,-1.4257562262277834,0.5235987755982987
329,1787225862.9021788,2.285875693498206,0.47123889803846886,-1.4911784764418297,-2.3391759863852357,0.47123889803846886,-1.4252581392926598,0.5235987755982987
330,1787225862.9488943,2.286930356875217,0.47123889803846886,-1.489380540575903,-2.329936053346242,0.47123889803846886,-1.4249700058483032,0.5235987755982987
331,1787225862.9934664,2.2789053479582098,0.47123889803846886,-1.4865372575902511,-2.3256785692364796,0.47123889803846886,-1.4281573841254491,0.5235987755982987
332,1787225863.0377035,2.279010409681284,0.47123889803846886,-1.4825217725761513,-2.3363591415710325,0.47123889803846886,-1.4324756620925396,0.5235987755982987
333,1787225863.0812325,2.2889672338109297,0.47123889803846886,-1.4768327527138911,-2.343301513588492,0.47123889803846886,-1.4386727956110787,0.5235987755982987
334,1787225863.1255944,2.293335332549307,0.47123889803846886,-1.4726283488451517,-2.347814055399841,0.47123889803846886,-1.4464921841497431,0.5235987755982987
335,1787225863.1669521,2.298156923490592,0.47123889803846886,-1.4697142170971276,-2.3507472075772173,0.47123889803846886,-1.4558286783208034,0.5235987755982987
336,1787225863.2086928,2.301540532471095,0.47123889803846886,-1.4675308093173347,-2.3526537564925123,0.47123889803846886,-1.4655948116074375,0.5235987755982987
337,1787225863.2756803,2.30640558175043,0.47123889803846886,-1.4664761769460581,-2.353893013287454,0.47123889803846886,-1.4726414254284226,0.5235987755982987
338,1787225863.3248277,2.3061035305513196,0.47123889803846886,-1.4664495297371707,-2.354698530204166,0.47123889803846886,-1.4769912934079141,0.5235987755982987
339,1787225863.3679903,2.295210649002896,0.47123889803846886,-1.466960559303787,-2.3552221162000286,0.47123889803846886,-1.4794467033297634,0.5235987755982987
340,1787225863.428889,2.287683885498159,0.47123889803846886,-1.4681630391281928,-2.3555624470973395,0.47123889803846886,-1.480635967580227,0.5235987755982987
341,1787225863.4713337,2.2906431637753304,0.47123889803846886,-1.4725619753065766,-2.3556840671265613,0.47123889803846886,-1.4807297572914968,0.5235987755982987
342,1787225863.5227172,2.2939222603117964,0.47123889803846886,-1.475908383085385,-2.355862715199586,0.47123889803846886,-1.48031520743897,0.5235987755982987
343,1787225863.5700436,2.2936798136796477,0.47123889803846886,-1.478405020716217,-2.3559788364470515,0.47123889803846886,-1.479818385848051,0.5235987755982987
344,1787225863.6168823,2.2911821108507624,0.47123889803846886,-1.4802464507287698,-2.3539809110574454,0.47123889803846886,-1.4788475953304476,0.5235987755982987
345,1787225863.6802864,2.2837754977946245,0.47123889803846886,-1.4815758964420418,-2.3447558339539096,0.47123889803846886,-1.4772908784781547,0.5235987755982987
346,1787225863.7372763,2.289138225581847,0.47123889803846886,-1.4823638219062336,-2.3285428183836645,0.47123889803846886,-1.475888261796563,0.5235987755982987
347,1787225863.780915,2.2945193613372075,0.47123889803846886,-1.4821242225060958,-2.310240886782661,0.47123889803846886,-1.475233028321093,0.5235987755982987
348,1787225863.8232574,2.2954459561167337,0.47123889803846886,-1.480699740133891,-2.2965399470136174,0.47123889803846886,-1.474919227657162,0.5235987755982987
349,1787225863.8844903,2.3118245390875365,0.47123889803846886,-1.4798407461604823,-2.3008220616813038,0.47123889803846886,-1.474309757605799,0.5235987755982987
350,1787225863.9288218,2.3271901756308875,0.47123889803846886,-1.4792632476056151,-2.3006719674392575,0.47123889803846886,-1.4739355359130948,0.5235987755982987
351,1787225863.9777257,2.337341685727398,0.47123889803846886,-1.4788026018498568,-2.2904526548126607,0.47123889803846886,-1.4766097490918608,0.5235987755982987
352,1787225864.026576,2.343940167290129,0.47123889803846886,-1.4774362421699943,-2.2661579761120487,0.47123889803846886,-1.4817812448387286,0.5235987755982987
353,1787225864.0697806,2.3482291803059048,0.47123889803846886,-1.4732014300425225,-2.256155915078757,0.47123889803846886,-1.4901089477366916,0.5235987755982987
354,1787225864.1124227,2.345547376447957,0.47123889803846886,-1.4667590989088661,-2.2566597837221516,0.47123889803846886,-1.4978346399072775,0.5235987755982987
355,1787225864.1557438,2.341104447893075,0.47123889803846886,-1.4604584492101869,-2.2453791298021613,0.47123889803846886,-1.5051616145565925,0.5235987755982987
356,1787225864.2039587,2.3297699854663296,0.47123889803846886,-1.4567692343013303,-2.242946196706805,0.47123889803846886,-1.5116401161760886,0.5235987755982987
357,1787225864.2447548,2.3179733539928282,0.47123889803846886,-1.4547007763174897,-2.248862138835899,0.47123889803846886,-1.5170965096738747,0.5235987755982987
358,1787225864.288158,2.3084270658166997,0.47123889803846886,-1.4535110835859852,-2.269349300487174,0.47123889803846886,-1.5202989486380232,0.5235987755982987
359,1787225864.3301032,2.309763396683316,0.47123889803846886,-1.4529668210242965,-2.2987796104109925,0.47123889803846886,-1.5219056389219425,0.5235987755982987
360,1787225864.3730683,2.3085839777981354,0.47123889803846886,-1.4531928711261695,-2.312499514223787,0.47123889803846886,-1.5214464206957694,0.5235987755982987
361,1787225864.4322605,2.3093880499177124,0.47123889803846886,-1.4541802760800682,-2.3143362579972404,0.47123889803846886,-1.5163564347213954,0.5235987755982987
362,1787225864.4791489,2.3108494234104704,0.47123889803846886,-1.4557439393035319,-2.28716810107465,0.47123889803846886,-1.504480434367026,0.5235987755982987
363,1787225864.523358,2.306550129311595,0.47123889803846886,-1.458044986734309,-2.2747443260810156,0.47123889803846886,-1.4913434139319488,0.5235987755982987
364,1787225864.5715072,2.2991616218684747,0.47123889803846886,-1.4640502922806216,-2.2738910918076662,0.47123889803846886,-1.4809026251448616,0.5235987755982987
365,1787225864.611479,2.2934114344566012,0.47123889803846886,-1.47305108224666,-2.271286130222221,0.47123889803846886,-1.4744509401317225,0.5235987755982987
366,1787225864.6540275,2.290916399351372,0.47123889803846886,-1.481118775837408,-2.278512346252027,0.47123889803846886,-1.4701423743105864,0.5235987755982987
367,1787225864.6951053,2.2888165371882954,0.47123889803846886,-1.4863453434559282,-2.2935251200227196,0.47123889803846886,-1.4668336387950571,0.5235987755982987
368,1787225864.74014,2.2905140760717915,0.47123889803846886,-1.4890374107391362,-2.306312668984704,0.47123889803846886,-1.464338117730715,0.5235987755982987
369,1787225864.7858865,2.2884259535729465,0.47123889803846886,-1.4897192145743436,-2.316219728337032,0.47123889803846886,-1.462109614767227,0.5235987755982987
370,1787225864.8270693,2.286975963615687,0.47123889803846886,-1.48962999228825,-2.328190782242207,0.47123889803846886,-1.4608662547063593,0.5235987755982987
371,1787225864.8763878,2.2912172430058337,0.47123889803846886,-1.4889839769620972,-2.3379920800247556,0.47123889803846886,-1.462874185878932,0.5235987755982987
372,1787225864.9180462,2.2900736658921073,0.47123889803846886,-1.488242421228068,-2.342983210754359,0.47123889803846886,-1.4656910942331696,0.5235987755982987
373,1787225864.9615371,2.2814722801447793,0.47123889803846886,-1.486983919681443,-2.3436950091619364,0.47123889803846886,-1.4678274478180016,0.5235987755982987
374,1787225865.004588,2.270803689917491,0.47123889803846886,-1.4853122050236367,-2.347977065773711,0.47123889803846886,-1.4708685011328693,0.5235987755982987
375,1787225865.0481377,2.2658237039332128,0.47123889803846886,-1.4835263788784094,-2.3493601113848426,0.47123889803846886,-1.4755415977047663,0.5235987755982987
376,1787225865.0912592,2.2635703261466498,0.47123889803846886,-1.4817960094642368,-2.3489047481450753,0.47123889803846886,-1.479486886340585,0.5235987755982987
377,1787225865.1394653,2.2595992505542943,0.47123889803846886,-1.4801616819590118,-2.348789516477143,0.47123889803846886,-1.483654635065014,0.5235987755982987
378,1787225865.1839802,2.259334933080701,0.47123889803846886,-1.4783497819405973,-2.3455963830838193,0.47123889803846886,-1.4881960692844838,0.5235987755982987
379,1787225865.2282572,2.2682415220032244,0.47123889803846886,-1.4765813092787674,-2.3323352262296786,0.47123889803846886,-1.4922778126572003,0.5235987755982987
380,1787225865.2696009,2.2879650836405494,0.47123889803846886,-1.476736490678631,-2.323133541728698,0.47123889803846886,-1.4947336938130296,0.5235987755982987
381,1787225865.3143117,2.311845375933678,0.47123889803846886,-1.4776591916513007,-2.3160647257139937,0.47123889803846886,-1.4961024600447126,0.5235987755982987
382,1787225865.3547075,2.323791651855872,0.47123889803846886,-1.4799165168385127,-2.310349724337348,0.47123889803846886,-1.496583199289903,0.5235987755982987
383,1787225865.3993988,2.3351326452736374,0.47123889803846886,-1.482579786060009,-2.312544754773585,0.47123889803846886,-1.4960889257984866,0.5235987755982987
384,1787225865.444975,2.342504290995185,0.47123889803846886,-1.4856567205864677,-2.313425090380793,0.47123889803846886,-1.4953187821695582,0.5235987755982987
385,1787225865.4864933,2.343067025317403,0.47123889803846886,-1.4877438568136245,-2.309761144069876,0.47123889803846886,-1.4953149177006733,0.5235987755982987
386,1787225865.5280433,2.340269992306257,0.47123889803846886,-1.4888532761163995,-2.310453097753695,0.47123889803846886,-1.4953650892084909,0.5235987755982987
387,1787225865.5689037,2.3377635118599773,0.47123889803846886,-1.4893484462059972,-2.3096270082664776,0.47123889803846886,-1.4953300281833877,0.5235987755982987
388,1787225865.6099398,2.3373008160555835,0.47123889803846886,-1.489474306027256,-2.3064843965352915,0.47123889803846886,-1.4952775479433928,0.5235987755982987
389,1787225865.6534207,2.3328685582982374,0.47123889803846886,-1.4887869366837077,-2.3076184963088484,0.47123889803846886,-1.4952504566769993,0.5235987755982987
390,1787225865.6944678,2.3273116592549004,0.47123889803846886,-1.4863565432108803,-2.316441268742201,0.47123889803846886,-1.49510258069208,0.5235987755982987
391,1787225865.7425966,2.3250567328805696,0.47123889803846886,-1.481273448381288,-2.3303548962497516,0.47123889803846886,-1.4944960888881105,0.5235987755982987
392,1787225865.7919383,2.3241314680012426,0.47123889803846886,-1.4759661309886145,-2.3393987541296593,0.47123889803846886,-1.4938902628530721,0.5235987755982987
393,1787225865.8396993,2.316112366432697,0.47123889803846886,-1.4705917293531843,-2.3452772617515993,0.47123889803846886,-1.4936256596336084,0.5235987755982987
394,1787225865.8895965,2.3020079729495784,0.47123889803846886,-1.4625991085267922,-2.34909829170586,0.47123889803846886,-1.4948758997966025,0.5235987755982987
395,1787225865.9386153,2.2956998305481298,0.47123889803846886,-1.455132326084816,-2.3515819611761297,0.47123889803846886,-1.4987078897218764,0.5235987755982987
396,1787225865.9821167,2.2980312831587026,0.47123889803846886,-1.448718437404672,-2.353196346331805,0.47123889803846886,-1.5037945202871583,0.5235987755982987
397,1787225866.0256066,2.3025721895545073,0.47123889803846886,-1.4430279308560001,-2.354245696682994,0.47123889803846886,-1.5084626541863897,0.5235987755982987
398,1787225866.0689638,2.305536450506108,0.47123889803846886,-1.4391506723037164,-2.3549277744112667,0.47123889803846886,-1.5119673312311337,0.5235987755982987
399,1787225866.1176703,2.306232573150994,0.47123889803846886,-1.4374475446213908,-2.355371124934644,0.47123889803846886,-1.5164571806299014,0.5235987755982987
400,1787225866.158105,2.323719244115467,0.47123889803846886,-1.4373825598097278,-2.355659302774839,0.47123889803846886,-1.5196396832043804,0.5235987755982987
401,1787225866.1982324,2.3350855802423744,0.47123889803846886,-1.4383455951580668,-2.355846618370966,0.47123889803846886,-1.5212175730033306,0.5235987755982987
402,1787225866.2385974,2.342473698724864,0.47123889803846886,-1.4404323223709583,-2.355968373508449,0.47123889803846886,-1.5215340597794347,0.5235987755982987
403,1787225866.281496,2.3472759757384827,0.47123889803846886,-1.4418983509546264,-2.3560475143478126,0.47123889803846886,-1.5210333483047387,0.5235987755982987
404,1787225866.3268197,2.339792904872853,0.47123889803846886,-1.4438781305999884,-2.356098955893399,0.47123889803846886,-1.5203419966324367,0.5235987755982987
405,1787225866.371272,2.333032212673503,0.47123889803846886,-1.4461977694055301,-2.3561323928980302,0.47123889803846886,-1.5195366553644067,0.5235987755982987
406,1787225866.4216998,2.3299670229088214,0.47123889803846886,-1.4479525581848627,-2.3561541269510404,0.47123889803846886,-1.5184436407798803,0.5235987755982987
407,1787225866.4655454,2.3281604200587314,0.47123889803846886,-1.449428159114047,-2.356168254085497,0.47123889803846886,-1.5167426609862358,0.5235987755982987
408,1787225866.5243106,2.3205588053225874,0.47123889803846886,-1.4509119292350556,-2.348261889064447,0.47123889803846886,-1.5137687367276351,0.5235987755982987
409,1787225866.571086,2.313425117842644,0.47123889803846886,-1.453732130777464,-2.3383549405497774,0.47123889803846886,-1.50945655887741,0.5235987755982987
410,1787225866.6141555,2.3085236285535164,0.47123889803846886,-1.4575630258323855,-2.329011544616593,0.47123889803846886,-1.5055138478685306,0.5235987755982987
411,1787225866.6562843,2.30825345015647,0.47123889803846886,-1.4616311159288224,-2.3125446721008034,0.47123889803846886,-1.5015094034908545,0.5235987755982987
412,1787225866.6987782,2.3084837413616803,0.47123889803846886,-1.4644240089393374,-2.3024101632509257,0.47123889803846886,-1.497814930552157,0.5235987755982987
413,1787225866.744259,2.3107641503922904,0.47123889803846886,-1.4658410568305489,-2.3048102102035717,0.47123889803846886,-1.4939288217903108,0.5235987755982987
414,1787225866.793015,2.3218183601672515,0.47123889803846886,-1.4663214781647176,-2.311866463573511,0.47123889803846886,-1.4906553411520655,0.5235987755982987
415,1787225866.8368373,2.3338500056760343,0.47123889803846886,-1.4640690224446917,-2.318973390157903,0.47123889803846886,-1.4888004808618556,0.5235987755982987
416,1787225866.8798285,2.3384325727737507,0.47123889803846886,-1.4598064842163647,-2.3320007751699574,0.47123889803846886,-1.4886452021462744,0.5235987755982987
417,1787225866.9209166,2.3445540286466704,0.47123889803846886,-1.4527932236567827,-2.339000289677732,0.47123889803846886,-1.488775090669983,0.5235987755982987
418,1787225866.9649482,2.345433261598727,0.47123889803846886,-1.445788540225284,-2.345018259857847,0.47123889803846886,-1.488041636040725,0.5235987755982987
419,1787225867.022058,2.329181166985298,0.47123889803846886,-1.4373608670543634,-2.348929940474921,0.47123889803846886,-1.49082511614494,0.5235987755982987
420,1787225867.0687177,2.320248861448589,0.47123889803846886,-1.4295379546122446,-2.3514725328760195,0.47123889803846886,-1.4976885416254233,0.5235987755982987
421,1787225867.1125162,2.3295463254906688,0.47123889803846886,-1.425760185511488,-2.3531252179367335,0.47123889803846886,-1.5102158540778299,0.5235987755982987
422,1787225867.1563592,2.3388731831362555,0.47123889803846886,-1.4231805302625182,-2.353059103477593,0.47123889803846886,-1.5233202691445298,0.5235987755982987
423,1787225867.2065527,2.344935640605887,0.47123889803846886,-1.420808820985705,-2.353180999861819,0.47123889803846886,-1.5342935726379596,0.5235987755982987
424,1787225867.259664,2.3481918856833333,0.47123889803846886,-1.4194055711183597,-2.351181672513668,0.47123889803846886,-1.540520240892264,0.5235987755982987
425,1787225867.3058896,2.3495208141839994,0.47123889803846886,-1.419422783659305,-2.3529361587012048,0.47123889803846886,-1.5428829043322456,0.5235987755982987
426,1787225867.3508363,2.3518566007869204,0.47123889803846886,-1.4202385992352786,-2.354076574723104,0.47123889803846886,-1.5429036868973487,0.5235987755982987
427,1787225867.3934755,2.351905933418551,0.47123889803846886,-1.422238678129684,-2.353100432443311,0.47123889803846886,-1.541776717410633,0.5235987755982987
428,1787225867.4350097,2.353406928289379,0.47123889803846886,-1.4241262411028004,-2.3466937707190634,0.47123889803846886,-1.5394294868176313,0.5235987755982987
429,1787225867.4758518,2.354382574955417,0.47123889803846886,-1.4255387205955494,-2.3432323309932235,0.47123889803846886,-1.5364788483704268,0.5235987755982987
430,1787225867.515434,2.3550167452883417,0.47123889803846886,-1.4264994754940326,-2.3421994337142307,0.47123889803846886,-1.53283658767636,0.5235987755982987
431,1787225867.5563393,2.355428956004743,0.47123889803846886,-1.4270176104554975,-2.3422182810984613,0.47123889803846886,-1.52819925351003,0.5235987755982987
432,1787225867.5966902,2.3556968929704034,0.47123889803846886,-1.427333101143428,-2.345606250191497,0.47123889803846886,-1.5225092298045602,0.5235987755982987
433,1787225867.6428485,2.3558710519980828,0.47123889803846886,-1.4271887923993258,-2.3425269249201737,0.47123889803846886,-1.5168270272969226,0.5235987755982987
434,1787225867.686342,2.3559842553660744,0.47123889803846886,-1.4265064462342103,-2.3447182249898395,0.47123889803846886,-1.509950212076588,0.5235987755982987
435,1787225867.7299044,2.356057837555269,0.47123889803846886,-1.4256382434052945,-2.344931315618143,0.47123889803846886,-1.5024563956367398,0.5235987755982987
436,1787225867.7731493,2.3561056659782453,0.47123889803846886,-1.42474564883196,-2.3488734267191136,0.47123889803846886,-1.4957018670204987,0.5235987755982987
437,1787225867.815456,2.35613675445318,0.47123889803846886,-1.4234878993936726,-2.3514357989347445,0.47123889803846886,-1.49022933180242,0.5235987755982987
438,1787225867.8580506,2.356156961961888,0.47123889803846886,-1.4214654074786441,-2.353101340874905,0.47123889803846886,-1.4860905324207223,0.5235987755982987
439,1787225867.9035,2.356170096842548,0.47123889803846886,-1.4189744674543348,-2.354183943136009,0.47123889803846886,-1.4836327901989823,0.5235987755982987
440,1787225867.9489908,2.356178634514977,0.47123889803846886,-1.4164166738303143,-2.354887634605727,0.47123889803846886,-1.482618179102856,0.5235987755982987
441,1787225867.9989784,2.3543866295096976,0.47123889803846886,-1.4158126036265442,-2.355345034061043,0.47123889803846886,-1.4864587541788925,0.5235987755982987
442,1787225868.040752,2.353272858517075,0.47123889803846886,-1.4162704775490038,-2.355642343706999,0.47123889803846886,-1.4909612649178567,0.5235987755982987
443,1787225868.0834386,2.3530327367403743,0.47123889803846886,-1.4174780355739778,-2.3558355949768703,0.47123889803846886,-1.4959507120807376,0.5235987755982987
444,1787225868.129206,2.354139350448564,0.47123889803846886,-1.4190529613405793,-2.3559612083022863,0.47123889803846886,-1.5006876473688706,0.5235987755982987
445,1787225868.1732275,2.3548586493588872,0.47123889803846886,-1.4206140630554087,-2.356042856963807,0.47123889803846886,-1.5059967820118199,0.5235987755982987
446,1787225868.2150505,2.3549429811103044,0.47123889803846886,-1.4214477595745507,-2.3560959285937955,0.47123889803846886,-1.511165517455197,0.5235987755982987
447,1787225868.2667189,2.3477450375786817,0.47123889803846886,-1.4225364477863587,-2.356130425153288,0.47123889803846886,-1.5154231162901566,0.5235987755982987
448,1787225868.3145056,2.337857035646507,0.47123889803846886,-1.4234748201343335,-2.356152847916958,0.47123889803846886,-1.5185212532011794,0.5235987755982987
449,1787225868.3748078,2.3327247768900032,0.47123889803846886,-1.4246387693995928,-2.3561674227133436,0.47123889803846886,-1.5197575492988566,0.5235987755982987
450,1787225868.42055,2.3398832738507465,0.47123889803846886,-1.425433520397446,-2.356176896330994,0.47123889803846886,-1.5202327564941436,0.5235987755982987
451,1787225868.4649923,2.3440173648503144,0.47123889803846886,-1.4262499863971487,-2.356183054182467,0.47123889803846886,-1.5202078390434455,0.5235987755982987
452,1787225868.5245893,2.34753483023285,0.47123889803846886,-1.4259204758052388,-2.3554928839049896,0.47123889803846886,-1.5198521266437894,0.5235987755982987
453,1787225868.5693133,2.3505657112186733,0.47123889803846886,-1.4259523518497574,-2.3532939589490107,0.47123889803846886,-1.5177300561687264,0.5235987755982987
454,1787225868.6140661,2.3525357838594587,0.47123889803846886,-1.4261275961307418,-2.351237658830865,0.47123889803846886,-1.5150768797675633,0.5235987755982987
455,1787225868.662669,2.353816331075969,0.47123889803846886,-1.4265961372297924,-2.352823237527515,0.47123889803846886,-1.5113165110093263,0.5235987755982987
456,1787225868.7126353,2.3546486867667005,0.47123889803846886,-1.4276449515389762,-2.354003175960205,0.47123889803846886,-1.506229625118371,0.5235987755982987
457,1787225868.7627075,2.355189717965676,0.47123889803846886,-1.4289774924159084,-2.354770135941454,0.47123889803846886,-1.5015667277827818,0.5235987755982987
458,1787225868.8038871,2.35554138824501,0.47123889803846886,-1.4303369491304714,-2.3552686599292656,0.47123889803846886,-1.4977556570392498,0.5235987755982987
459,1787225868.852928,2.355769973926577,0.47123889803846886,-1.4314565207983436,-2.3555927005213433,0.47123889803846886,-1.4948674944128872,0.5235987755982987
460,1787225868.89753,2.355918554619596,0.47123889803846886,-1.4323436015748485,-2.355803326906194,0.47123889803846886,-1.4925162049111766,0.5235987755982987
461,1787225868.9414408,2.356015132070058,0.47123889803846886,-1.4330612390535635,-2.355940234056347,0.47123889803846886,-1.4909751778410962,0.5235987755982987
462,1787225868.982804,2.34906884267893,0.47123889803846886,-1.4334080749332,-2.3560292237039464,0.47123889803846886,-1.490461076405519,0.5235987755982987
463,1787225869.0238693,2.342984214497132,0.47123889803846886,-1.4334227372909734,-2.3560870669748857,0.47123889803846886,-1.4901780441946504,0.5235987755982987
464,1787225869.0650811,2.339695256899678,0.47123889803846886,-1.4334922805450376,-2.3561246651009964,0.47123889803846886,-1.4903897673019508,0.5235987755982987
465,1787225869.10676,2.3374724879317075,0.47123889803846886,-1.4334639657275856,-2.3561491038829683,0.47123889803846886,-1.4911355674420674,0.5235987755982987
466,1787225869.1493993,2.3357314886706284,0.47123889803846886,-1.4336122978552508,-2.3561649890912504,0.47123889803846886,-1.492222783939615,0.5235987755982987
467,1787225869.191148,2.33451925313333,0.47123889803846886,-1.4339214744296762,-2.3561753144766335,0.47123889803846886,-1.4944550199851154,0.5235987755982987
468,1787225869.232498,2.3333351253809402,0.47123889803846886,-1.4341905311445262,-2.3561820259771324,0.47123889803846886,-1.4968692805229122,0.5235987755982987
469,1787225869.2734637,2.331224806715472,0.47123889803846886,-1.4344240243413209,-2.356186388452457,0.47123889803846886,-1.4988447972393903,0.5235987755982987
470,1787225869.3142173,2.3309233323487994,0.47123889803846886,-1.4346094263247056,-2.356189224061418,0.47123889803846886,-1.5005824012854998,0.5235987755982987
471,1787225869.358495,2.3305280693576633,0.47123889803846886,-1.4350254892818106,-2.3561910672072424,0.47123889803846886,-1.5014027019237908,0.5235987755982987
472,1787225869.4028823,2.329397744803288,0.47123889803846886,-1.4348945477952761,-2.3561922652520284,0.47123889803846886,-1.5018168637990361,0.5235987755982987
473,1787225869.446218,2.326491680838701,0.47123889803846886,-1.4344767733725345,-2.356193043981139,0.47123889803846886,-1.5018475151547208,0.5235987755982987
474,1787225869.4902632,2.325106640899267,0.47123889803846886,-1.4339802994612183,-2.3561935501550613,0.47123889803846886,-1.5014619262032034,0.5235987755982987
475,1787225869.5309823,2.313308224092365,0.47123889803846886,-1.4335789553656628,-2.3561938791681105,0.47123889803846886,-1.5010029712717365,0.5235987755982987
476,1787225869.575223,2.298664894616305,0.47123889803846886,-1.4329661382446712,-2.3561940930265926,0.47123889803846886,-1.500532439253929,0.5235987755982987
477,1787225869.621245,2.2957681944993142,0.47123889803846886,-1.431579306911562,-2.356194232034606,0.47123889803846886,-1.499494741014873,0.5235987755982987
478,1787225869.6640382,2.296224704392213,0.47123889803846886,-1.4293140438959462,-2.3561943223898147,0.47123889803846886,-1.4989125844360225,0.5235987755982987
479,1787225869.7080457,2.3067463773096426,0.47123889803846886,-1.4269327926488258,-2.3561943811207002,0.47123889803846886,-1.4994304876398803,0.5235987755982987
480,1787225869.753939,2.322125282805767,0.47123889803846886,-1.4202414379851642,-2.356194419295776,0.47123889803846886,-1.5051857723307607,0.5235987755982987
481,1787225869.795412,2.3340495053910693,0.47123889803846886,-1.4099689386102625,-2.3561944441095752,0.47123889803846886,-1.5151004409855127,0.5235987755982987
482,1787225869.8391519,2.3418002500715156,0.47123889803846886,-1.3928037995263285,-2.3561944602385445,0.47123889803846886,-1.5258752537829534,0.5235987755982987
483,1787225869.881095,2.3468382341138057,0.47123889803846886,-1.374737726916384,-2.3561944707223748,0.47123889803846886,-1.5357040273462008,0.5235987755982987
484,1787225869.9259038,2.33687606858836,0.47123889803846886,-1.3613499644696132,-2.3561944775368646,0.47123889803846886,-1.5459988640503441,0.5235987755982987
485,1787225869.9679618,2.3214128739010054,0.47123889803846886,-1.3610462715864289,-2.356194481966283,0.47123889803846886,-1.5521746027843486,0.5235987755982987
486,1787225870.0156035,2.30540752924526,0.47123889803846886,-1.3645459439200223,-2.3561944848454046,0.47123889803846886,-1.5584749172525796,0.5235987755982987
487,1787225870.0633075,2.2874303879208613,0.47123889803846886,-1.3739940300474172,-2.356194486716834,0.47123889803846886,-1.5551988218942876,0.5235987755982987
488,1787225870.1135495,2.2659149970076755,0.47123889803846886,-1.383247969973299,-2.356194487933263,0.47123889803846886,-1.5457750361591107,0.5235987755982987
489,1787225870.164612,2.213825086958334,0.47123889803846886,-1.4034277480778563,-2.3561944887239417,0.47123889803846886,-1.5172550952539123,0.5235987755982987
490,1787225870.2136755,2.18584528993253,0.47123889803846886,-1.4196681638989344,-2.3561944892378826,0.47123889803846886,-1.480417178857866,0.5235987755982987
491,1787225870.2590518,2.1771413997206768,0.47123889803846886,-1.4344773070041903,-2.356194489571944,0.47123889803846886,-1.4504943467285647,0.5235987755982987
492,1787225870.311592,2.1873524300934695,0.47123889803846886,-1.4497139395584902,-2.3561944897890843,0.47123889803846886,-1.428453446992642,0.5235987755982987
493,1787225870.3527782,2.218146782065267,0.47123889803846886,-1.4597514984883486,-2.3561944899302256,0.47123889803846886,-1.4135136285423369,0.5235987755982987
494,1787225870.394921,2.2617537453087175,0.47123889803846886,-1.4804455171714346,-2.3561944900219673,0.47123889803846886,-1.3947082870129655,0.5235987755982987
495,1787225870.4382567,2.2831182847285714,0.47123889803846886,-1.4859707519984737,-2.3561944900815996,0.47123889803846886,-1.375504889788798,0.5235987755982987
496,1787225870.4806366,2.2976028718228734,0.47123889803846886,-1.4815872430896921,-2.3561944901203606,0.47123889803846886,-1.365933232819857,0.5235987755982987
497,1787225870.5269363,2.3093122647003863,0.47123889803846886,-1.4660710154498258,-2.356194490145555,0.47123889803846886,-1.3632843201125537,0.5235987755982987
498,1787225870.575448,2.3220890646632664,0.47123889803846886,-1.4464885960558047,-2.3394870199926983,0.47123889803846886,-1.3696431289383422,0.5235987755982987
499,1787225870.617909,2.3217600220327554,0.47123889803846886,-1.427543443951559,-2.3105410544179823,0.47123889803846886,-1.3832789329843571,0.5235987755982987
500,1787225870.6594038,2.3175382605016255,0.47123889803846886,-1.4108170899963086,-2.264977087916489,0.47123889803846886,-1.3972544431521978,0.5235987755982987
501,1787225870.7020864,2.288791386103405,0.47123889803846886,-1.392206167595788,-2.2496960165004425,0.47123889803846886,-1.4149543513424243,0.5235987755982987
502,1787225870.7432215,2.268413316239436,0.47123889803846886,-1.3705770303969569,-2.2597892604667624,0.47123889803846886,-1.436197463913452,0.5235987755982987
503,1787225870.8045042,2.2478193185638107,0.47123889803846886,-1.346659270341869,-2.285098279037843,0.47123889803846886,-1.4658297800313225,0.5235987755982987
504,1787225870.8501835,2.238306431835451,0.47123889803846886,-1.3348316376152825,-2.3099819529419188,0.47123889803846886,-1.5021505474240961,0.5235987755982987
505,1787225870.900745,2.2298164635074187,0.47123889803846886,-1.3278769676842153,-2.3261563409795682,0.47123889803846886,-1.526111532121198,0.5235987755982987
506,1787225870.9418998,2.2090882228443824,0.47123889803846886,-1.3307747839152344,-2.33666969320404,0.47123889803846886,-1.5327060660765837,0.5235987755982987
507,1787225870.9842355,2.204647686895017,0.47123889803846886,-1.3397936739354785,-2.3416028113894267,0.47123889803846886,-1.525280452794128,0.5235987755982987
508,1787225871.0463808,2.2118720404510723,0.47123889803846886,-1.3514877877496632,-2.3311431867915595,0.47123889803846886,-1.508485804963121,0.5235987755982987
509,1787225871.0912077,2.2135223526881544,0.47123889803846886,-1.361041775838785,-2.2950124404782115,0.47123889803846886,-1.4859450121469717,0.5235987755982987
510,1787225871.133443,2.2239142873635673,0.47123889803846886,-1.3712418911708066,-2.2854757620451283,0.47123889803846886,-1.4663041348087802,0.5235987755982987
511,1787225871.1742713,2.2553976523058816,0.47123889803846886,-1.39037503063429,-2.278066902214082,0.47123889803846886,-1.4472528065740335,0.5235987755982987
512,1787225871.2159746,2.2743633806693793,0.47123889803846886,-1.411057052426493,-2.257123671879949,0.47123889803846886,-1.4269079711907229,0.5235987755982987
513,1787225871.2596688,2.2909620173213034,0.47123889803846886,-1.4316033157707475,-2.2393402550164945,0.47123889803846886,-1.4050076820648238,0.5235987755982987
514,1787225871.3007693,2.313793382826168,0.47123889803846886,-1.4463172801576492,-2.2124126864871965,0.47123889803846886,-1.3851473667668133,0.5235987755982987
515,1787225871.3441346,2.313006732736851,0.47123889803846886,-1.4556637779758712,-2.192853528126833,0.47123889803846886,-1.3774349632722735,0.5235987755982987
516,1787225871.3859758,2.305432569685185,0.47123889803846886,-1.4577097808809971,-2.1861591143737757,0.47123889803846886,-1.3853847453240482,0.5235987755982987
517,1787225871.4317443,2.2887613040905204,0.47123889803846886,-1.4561737761664753,-2.1979502649955034,0.47123889803846886,-1.4044067492494898,0.5235987755982987
518,1787225871.4758992,2.28523736425947,0.47123889803846886,-1.4511453573263637,-2.2457884301072766,0.47123889803846886,-1.4332989269321912,0.5235987755982987
519,1787225871.5161676,2.274140352236906,0.47123889803846886,-1.445259105750032,-2.2844305511370506,0.47123889803846886,-1.4596068204858161,0.5235987755982987
520,1787225871.5567627,2.2663773909629947,0.47123889803846886,-1.430323301728444,-2.3095479298064037,0.47123889803846886,-1.4852136469018866,0.5235987755982987
521,1787225871.598885,2.262251827259717,0.47123889803846886,-1.414774307106982,-2.325874225941483,0.47123889803846886,-1.5096542656694578,0.5235987755982987
522,1787225871.640644,2.266122694004551,0.47123889803846886,-1.4058923966473698,-2.3364863184292846,0.47123889803846886,-1.5143208621491384,0.5235987755982987
523,1787225871.6867151,2.2599031817666937,0.47123889803846886,-1.4024635902032525,-2.343384178546356,0.47123889803846886,-1.5076923818041434,0.5235987755982987
524,1787225871.7334046,2.2426536694013164,0.47123889803846886,-1.4085089808744622,-2.347867787622452,0.47123889803846886,-1.4914745601038022,0.5235987755982987
525,1787225871.7783191,2.215553597856977,0.47123889803846886,-1.4220510903860955,-2.3507821335219146,0.47123889803846886,-1.464976366136785,0.5235987755982987
526,1787225871.820771,2.204248605126829,0.47123889803846886,-1.437121640894668,-2.352676458356565,0.47123889803846886,-1.4371338848321011,0.5235987755982987
527,1787225871.8719409,2.1930635782307903,0.47123889803846886,-1.454174690186759,-2.353907769499088,0.47123889803846886,-1.4104535567023901,0.5235987755982987
528,1787225871.9172628,2.184784975244794,0.47123889803846886,-1.478145285305963,-2.354708121741728,0.47123889803846886,-1.383240045522974,0.5235987755982987
529,1787225871.9598467,2.196846110475176,0.47123889803846886,-1.4978977345579554,-2.3552083312700747,0.47123889803846886,-1.3636225062925182,0.5235987755982987
530,1787225872.006658,2.218000301861947,0.47123889803846886,-1.513253047833834,-2.342126351622015,0.47123889803846886,-1.3533229356886602,0.5235987755982987
531,1787225872.0492895,2.23327772835306,0.47123889803846886,-1.519259772715278,-2.319522206914836,0.47123889803846886,-1.3473657630961131,0.5235987755982987
532,1787225872.092344,2.2345093426514104,0.47123889803846886,-1.5205262862994307,-2.3093723077242263,0.47123889803846886,-1.3466157326732526,0.5235987755982987
533,1787225872.13886,2.2308224055197625,0.47123889803846886,-1.525072188272204,-2.269880358839788,0.47123889803846886,-1.3440974356495365,0.5235987755982987
534,1787225872.1827533,2.2297212606891756,0.47123889803846886,-1.5286782203864653,-2.246245257587584,0.47123889803846886,-1.3496441539588466,0.5235987755982987
535,1787225872.226693,2.214229285250256,0.47123889803846886,-1.5261620299925993,-2.22190355798615,0.47123889803846886,-1.3674466892270414,0.5235987755982987
536,1787225872.2677324,2.2049812983030903,0.47123889803846886,-1.518449553136496,-2.24485047387885,0.47123889803846886,-1.3945058248415403,0.5235987755982987
537,1787225872.3089375,2.2177960360638274,0.47123889803846886,-1.5069507928366639,-2.283820879588573,0.47123889803846886,-1.4272606466205562,0.5235987755982987
538,1787225872.3542533,2.239925429068665,0.47123889803846886,-1.4954201157074543,-2.3091516432998933,0.47123889803846886,-1.457894572573129,0.5235987755982987
539,1787225872.3968792,2.2529371778752414,0.47123889803846886,-1.4859763715369665,-2.3256166397122513,0.47123889803846886,-1.4799268197617197,0.5235987755982987
540,1787225872.448646,2.247930421621083,0.47123889803846886,-1.4807353403474577,-2.3363188873802843,0.47123889803846886,-1.4893573352013711,0.5235987755982987
541,1787225872.4934893,2.2463594839418897,0.47123889803846886,-1.473766362705629,-2.3432753483645055,0.47123889803846886,-1.4928989621187065,0.5235987755982987
542,1787225872.5362475,2.234974198337066,0.47123889803846886,-1.4686245920980283,-2.3477970480042494,0.47123889803846886,-1.4940261834219413,0.5235987755982987
543,1787225872.580305,2.2330437425106027,0.47123889803846886,-1.4642397972049586,-2.3507361527700827,0.47123889803846886,-1.4935834771006684,0.5235987755982987
544,1787225872.6249623,2.230134196184577,0.47123889803846886,-1.4615587676873414,-2.346940783710344,0.47123889803846886,-1.4924259684417698,0.5235987755982987
545,1787225872.6675131,2.22144424077078,0.47123889803846886,-1.4590467000736127,-2.3501795809790442,0.47123889803846886,-1.4926975678349215,0.5235987755982987
546,1787225872.7085247,2.2140860009160757,0.47123889803846886,-1.455192891350206,-2.344365595283345,0.47123889803846886,-1.4922791907565882,0.5235987755982987
547,1787225872.7673137,2.1943088317330623,0.47123889803846886,-1.454885827993518,-2.3470890656042798,0.47123889803846886,-1.4962114070217396,0.5235987755982987
548,1787225872.8144073,2.1754062711343143,0.47123889803846886,-1.4608250742249402,-2.3502759642101028,0.47123889803846886,-1.4958563815632058,0.5235987755982987
549,1787225872.8616228,2.1645601538905646,0.47123889803846886,-1.4709301547309879,-2.3523474483038873,0.47123889803846886,-1.4936736084409112,0.5235987755982987
550,1787225872.9214988,2.1496455421162843,0.47123889803846886,-1.4796720095038103,-2.3536939129648475,0.47123889803846886,-1.4921873570275022,0.5235987755982987
551,1787225872.967332,2.15579285395315,0.47123889803846886,-1.4876168296403254,-2.3545691149944714,0.47123889803846886,-1.4915851211625148,0.5235987755982987
552,1787225873.0097659,2.1696987924115163,0.47123889803846886,-1.4952439835543183,-2.3465307455162314,0.47123889803846886,-1.4824466882689626,0.5235987755982987
553,1787225873.0514486,2.1918341032184103,0.47123889803846886,-1.5022378077955862,-2.341936060071228,0.47123889803846886,-1.4717109643934234,0.5235987755982987
554,1787225873.0965197,2.2088559128616065,0.47123889803846886,-1.5114583320716353,-2.346926510613619,0.47123889803846886,-1.4637220111824891,0.5235987755982987
555,1787225873.143285,2.2184943457374655,0.47123889803846886,-1.5184214547426729,-2.3498778018908695,0.47123889803846886,-1.4549230360009902,0.5235987755982987
556,1787225873.1915934,2.2324513224921776,0.47123889803846886,-1.5214078890032625,-2.3370875944592737,0.47123889803846886,-1.4500330661968412,0.5235987755982987
557,1787225873.236783,2.2286440503429925,0.47123889803846886,-1.5181051946783968,-2.3205984536836173,0.47123889803846886,-1.4431515731701687,0.5235987755982987
558,1787225873.2800062,2.227327407684453,0.47123889803846886,-1.5146801095283102,-2.3076268980436705,0.47123889803846886,-1.437141105660221,0.5235987755982987
559,1787225873.321358,2.220122560385694,0.47123889803846886,-1.5093705717623902,-2.2960830622655815,0.47123889803846886,-1.4315133318780329,0.5235987755982987
560,1787225873.3619606,2.2038647034653382,0.47123889803846886,-1.5038761761965693,-2.2859139266130772,0.47123889803846886,-1.429591168652913,0.5235987755982987
561,1787225873.4106352,2.175221420411361,0.47123889803846886,-1.4992388445170206,-2.27478223036223,0.47123889803846886,-1.4277595897887876,0.5235987755982987
562,1787225873.462602,2.1731972630842344,0.47123889803846886,-1.4957177067407228,-2.2793162956610953,0.47123889803846886,-1.4286445227225213,0.5235987755982987
563,1787225873.5118685,2.17765313652754,0.47123889803846886,-1.492589097077391,-2.292119604578114,0.47123889803846886,-1.4305591085719063,0.5235987755982987
564,1787225873.553559,2.1826387627456034,0.47123889803846886,-1.4900153919796884,-2.314545814543095,0.47123889803846886,-1.4343328027483566,0.5235987755982987
565,1787225873.5938525,2.1825198957319136,0.47123889803846886,-1.4856129127811148,-2.3291228510203323,0.47123889803846886,-1.4431090016522772,0.5235987755982987
566,1787225873.6370347,2.1844223984187163,0.47123889803846886,-1.4803860298100227,-2.3385979247305366,0.47123889803846886,-1.4528876614396073,0.5235987755982987
567,1787225873.677541,2.1944363997158485,0.47123889803846886,-1.474660938750126,-2.3447567226421695,0.47123889803846886,-1.466653985744839,0.5235987755982987
568,1787225873.7188845,2.196999962222767,0.47123889803846886,-1.4685018508390404,-2.348759941284731,0.47123889803846886,-1.4786712823713963,0.5235987755982987
569,1787225873.76054,2.2015053204866453,0.47123889803846886,-1.4632728469437541,-2.351362033402396,0.47123889803846886,-1.4881531206054899,0.5235987755982987
570,1787225873.8048341,2.202720539963646,0.47123889803846886,-1.460374284605657,-2.353053393278878,0.47123889803846886,-1.4954044240848718,0.5235987755982987
571,1787225873.8566701,2.2093842514945026,0.47123889803846886,-1.4585068203598663,-2.3541527771985917,0.47123889803846886,-1.5004712075816182,0.5235987755982987
572,1787225873.9028623,2.1996330526351815,0.47123889803846886,-1.4585235853013596,-2.3548673767464052,0.47123889803846886,-1.503582829535878,0.5235987755982987
573,1787225873.9486961,2.1994120599063978,0.47123889803846886,-1.4592665990820728,-2.355331866452484,0.47123889803846886,-1.504124682920436,0.5235987755982987
574,1787225874.0005648,2.201934917851498,0.47123889803846886,-1.4611447709205077,-2.3556337847614355,0.47123889803846886,-1.5022489884160586,0.5235987755982987
575,1787225874.0477607,2.206273041035687,0.47123889803846886,-1.4630548560868164,-2.355830031662254,0.47123889803846886,-1.4985515627859956,0.5235987755982987
576,1787225874.1007752,2.206022750193951,0.47123889803846886,-1.4646261177237685,-2.355957592147786,0.47123889803846886,-1.4945830207696988,0.5235987755982987
577,1787225874.1473079,2.2084405680175925,0.47123889803846886,-1.4650384934835188,-2.3546226482097516,0.47123889803846886,-1.4911780239949026,0.5235987755982987
578,1787225874.1881628,2.211209033792791,0.47123889803846886,-1.4651318650302332,-2.3395432941607694,0.47123889803846886,-1.488840585296905,0.5235987755982987
579,1787225874.231313,2.2083341399325054,0.47123889803846886,-1.4650048002590226,-2.3232335522111103,0.47123889803846886,-1.487199596629333,0.5235987755982987
580,1787225874.2745063,2.2043641828489657,0.47123889803846886,-1.4652570395409859,-2.3141445580502906,0.47123889803846886,-1.4864829147508245,0.5235987755982987
581,1787225874.3302455,2.203044020867521,0.47123889803846886,-1.4652878293356948,-2.307285685417332,0.47123889803846886,-1.4857010963556763,0.5235987755982987
582,1787225874.3741257,2.20040336042536,0.47123889803846886,-1.4656272616890211,-2.2995028793603334,0.47123889803846886,-1.4844430538426887,0.5235987755982987
583,1787225874.4172697,2.197073700992332,0.47123889803846886,-1.466724722641804,-2.2952303700747834,0.47123889803846886,-1.483706662791958,0.5235987755982987
584,1787225874.459436,2.1952752533213107,0.47123889803846886,-1.4675784317225051,-2.299429500648116,0.47123889803846886,-1.4838845432243475,0.5235987755982987
585,1787225874.4998043,2.194946447127899,0.47123889803846886,-1.4685047576159609,-2.310027047747003,0.47123889803846886,-1.4841032695036698,0.5235987755982987
586,1787225874.5430627,2.1960802909886143,0.47123889803846886,-1.4691198293054795,-2.320624429599703,0.47123889803846886,-1.4841853968542158,0.5235987755982987
587,1787225874.591606,2.1972693793277944,0.47123889803846886,-1.4696294390710505,-2.333073950807128,0.47123889803846886,-1.4836065905547189,0.5235987755982987
588,1787225874.639468,2.199062427868951,0.47123889803846886,-1.470124868806693,-2.341166139591954,0.47123889803846886,-1.482865285562468,0.5235987755982987
589,1787225874.6917,2.1949522023986576,0.47123889803846886,-1.4705961901306244,-2.3464260623020907,0.47123889803846886,-1.4819926142445443,0.5235987755982987
590,1787225874.7415473,2.1897141477127526,0.47123889803846886,-1.4709440626127186,-2.34984501206368,0.47123889803846886,-1.4812961878473416,0.5235987755982987
591,1787225874.7828631,2.1830665809889043,0.47123889803846886,-1.4712090688882122,-2.3520673294087127,0.47123889803846886,-1.4808736964837432,0.5235987755982987
592,1787225874.8269854,2.1770664629867413,0.47123889803846886,-1.4714798331001617,-2.3535118356829843,0.47123889803846886,-1.4806925558173822,0.5235987755982987
593,1787225874.875912,2.1712462558795838,0.47123889803846886,-1.4717600266329283,-2.3544507647612605,0.47123889803846886,-1.480761364792544,0.5235987755982987
594,1787225874.9236968,2.162284075006051,0.47123889803846886,-1.472052772757024,-2.3526113492445853,0.47123889803846886,-1.4807741626281057,0.5235987755982987
595,1787225874.96586,2.155365171151951,0.47123889803846886,-1.4724557475490245,-2.3538654485763013,0.47123889803846886,-1.4806151501951141,0.5235987755982987
596,1787225875.0080996,2.1502622534523015,0.47123889803846886,-1.4728347098935048,-2.354680613141917,0.47123889803846886,-1.4803641685719449,0.5235987755982987
597,1787225875.056553,2.148716540023314,0.47123889803846886,-1.4731251389970428,-2.355210470109567,0.47123889803846886,-1.4802231530962393,0.5235987755982987
598,1787225875.1087134,2.145500447862938,0.47123889803846886,-1.4733531151349588,-2.3508444540961597,0.47123889803846886,-1.480088429775293,0.5235987755982987
599,1787225875.1524284,2.1426485026957547,0.47123889803846886,-1.4736021965299273,-2.345647338105488,0.47123889803846886,-1.4798130090587676,0.5235987755982987
600,1787225875.1937485,2.1423597443910456,0.47123889803846886,-1.473753000759256,-2.3391584185807335,0.47123889803846886,-1.4796112877402048,0.5235987755982987
601,1787225875.2405765,2.140670368251649,0.47123889803846886,-1.4737984239716244,-2.33693417467816,0.47123889803846886,-1.4794572818766891,0.5235987755982987
602,1787225875.2833498,2.1417990431983984,0.47123889803846886,-1.4737011020497457,-2.337684875784254,0.47123889803846886,-1.4793222735859128,0.5235987755982987
603,1787225875.3365688,2.146264393174704,0.47123889803846886,-1.4735933610318055,-2.3414756112864334,0.47123889803846886,-1.478964254933342,0.5235987755982987
604,1787225875.3972528,2.152710255009949,0.47123889803846886,-1.4734471899032666,-2.3466272189035022,0.47123889803846886,-1.4785303771375344,0.5235987755982987
605,1787225875.4389522,2.157909195405479,0.47123889803846886,-1.4733532980252604,-2.349975763854597,0.47123889803846886,-1.4781996626833873,0.5235987755982987
606,1787225875.5022676,2.1591260241955017,0.47123889803846886,-1.473302582340962,-2.352152318072809,0.47123889803846886,-1.4780376734926577,0.5235987755982987
607,1787225875.5431066,2.160614518423422,0.47123889803846886,-1.4733066120927831,-2.3535670783146463,0.47123889803846886,-1.4779599991079153,0.5235987755982987
608,1787225875.5860777,2.1606865460390545,0.47123889803846886,-1.4733304796094195,-2.3544866724718405,0.47123889803846886,-1.4782694304991622,0.5235987755982987
609,1787225875.6364098,2.162510125322715,0.47123889803846886,-1.4733581604832124,-2.355084408674017,0.47123889803846886,-1.47874941170444,0.5235987755982987
610,1787225875.6834154,2.1623036652975323,0.47123889803846886,-1.4733100471287381,-2.3554729372054317,0.47123889803846886,-1.4786556040054288,0.5235987755982987
611,1787225875.732291,2.15696624636,0.47123889803846886,-1.4728764243440486,-2.355725480750851,0.47123889803846886,-1.4766424311302226,0.5235987755982987
612,1787225875.788128,2.1523223146964687,0.47123889803846886,-1.471562049445819,-2.355889634055374,0.47123889803846886,-1.4721586728648337,0.5235987755982987
613,1787225875.8447824,2.13937274812866,0.47123889803846886,-1.468362862551656,-2.355393165314453,0.47123889803846886,-1.4551957245022735,0.5235987755982987
614,1787225875.8924477,2.12764204766067,0.47123889803846886,-1.4574452933455864,-2.3456550546453183,0.47123889803846886,-1.4298509314712915,0.5235987755982987
615,1787225875.937443,2.116123761762966,0.47123889803846886,-1.4398205356924545,-2.318585669272838,0.47123889803846886,-1.3973721281961362,0.5235987755982987
616,1787225875.9799976,2.107680316377049,0.47123889803846886,-1.409991606562363,-2.2938673490408035,0.47123889803846886,-1.3604845191724677,0.5235987755982987
617,1787225876.0298085,2.091983328695708,0.47123889803846886,-1.3729697480656116,-2.2751539788380115,0.47123889803846886,-1.316948707450305,0.5235987755982987
618,1787225876.0783584,2.1085167954114725,0.47123889803846886,-1.3148948055056957,-2.2758897031957375,0.47123889803846886,-1.2328090619449625,0.5235987755982987
619,1787225876.1200285,2.0877887302568188,0.47123889803846886,-1.25271712020257,-2.2439218476295855,0.47123889803846886,-1.1566817750966925,0.5235987755982987
620,1787225876.1616683,2.0593651314789394,0.47123889803846886,-1.1960237494027872,-2.21231805657502,0.47123889803846886,-1.079032510785881,0.5235987755982987
621,1787225876.2050548,2.061919974801654,0.47123889803846886,-1.1483823682306729,-2.2626748083410835,0.47123889803846886,-0.9996181638033761,0.5235987755982987
622,1787225876.246647,2.086114719657517,0.47123889803846886,-1.1102719285427163,-2.295406696989025,0.47123889803846886,-0.9333145927421238,0.5235987755982987
623,1787225876.2891057,2.0815999515483545,0.47123889803846886,-1.0804453463633348,-2.316682424610187,0.47123889803846886,-0.8791147416785077,0.5235987755982987
624,1787225876.3296423,2.0561174439716376,0.47123889803846886,-1.058684643434525,-2.3305116475639425,0.47123889803846886,-0.8389222560239906,0.5235987755982987
625,1787225876.3715246,2.0366012667285553,0.47123889803846886,-1.0413378289654198,-2.339500642483883,0.47123889803846886,-0.8080449984455078,0.5235987755982987
626,1787225876.4142308,2.022214768273836,0.47123889803846886,-1.0278013609287764,-2.345343489181845,0.47123889803846886,-0.784664801728064,0.5235987755982987
627,1787225876.4572568,2.0180523597301536,0.47123889803846886,-1.0178417435700613,-2.34914133953552,0.47123889803846886,-0.7690182008497888,0.5235987755982987
628,1787225876.5027592,2.0109401450010544,0.47123889803846886,-1.0113521252829893,-2.3516099422654086,0.47123889803846886,-0.7579889439011827,0.5235987755982987
629,1787225876.5470464,2.006169562096899,0.47123889803846886,-1.0071740313023456,-2.3532145340398363,0.47123889803846886,-0.7495025273586049,0.5235987755982987
630,1787225876.592556,1.9991791200106965,0.47123889803846886,-1.0040286244547105,-2.354257518693214,0.47123889803846886,-0.7441564031520274,0.5235987755982987
631,1787225876.6337051,1.9891223321377856,0.47123889803846886,-1.001515384715085,-2.35493545871791,0.47123889803846886,-0.7415330556282304,0.5235987755982987
632,1787225876.6778264,1.9749518770480672,0.47123889803846886,-0.9991624057990149,-2.3529698842120594,0.47123889803846886,-0.7410937398681359,0.5235987755982987
633,1787225876.7209501,1.9655494900538932,0.47123889803846886,-0.9970619691309438,-2.3506169669929404,0.47123889803846886,-0.7413656970263277,0.5235987755982987
634,1787225876.7628825,1.9571675379481894,0.47123889803846886,-0.9955211498186964,-2.3349159508027615,0.47123889803846886,-0.7432650601669051,0.5235987755982987
635,1787225876.8047674,1.946097730126705,0.47123889803846886,-0.994686948837934,-2.3279759457234537,0.47123889803846886,-0.7459503619064632,0.5235987755982987
636,1787225876.8508718,1.9375281637136048,0.47123889803846886,-0.9943297823905648,-2.319664583320784,0.47123889803846886,-0.7485225777514046,0.5235987755982987
637,1787225876.8984945,1.9360096877727218,0.47123889803846886,-0.9937872798740928,-2.323862492123812,0.47123889803846886,-0.7508655025002777,0.5235987755982987
638,1787225876.941911,1.936986610115623,0.47123889803846886,-0.9925709050541909,-2.3324614907874333,0.47123889803846886,-0.7531739421147183,0.5235987755982987
639,1787225876.9856837,1.935590033437988,0.47123889803846886,-0.990929548717626,-2.340768040579152,0.47123889803846886,-0.7551910562910816,0.5235987755982987
640,1787225877.0276165,1.9395578934535451,0.47123889803846886,-0.9888923102461715,-2.3461672979437695,0.47123889803846886,-0.7574554113841261,0.5235987755982987
641,1787225877.0713062,1.943597952991769,0.47123889803846886,-0.9871691763159873,-2.349676815230771,0.47123889803846886,-0.7592148458088999,0.5235987755982987
642,1787225877.1226182,1.94545462339632,0.47123889803846886,-0.9860811222933843,-2.351958001467322,0.47123889803846886,-0.761054615556527,0.5235987755982987
643,1787225877.1695368,1.9533374128366496,0.47123889803846886,-0.9856499348032347,-2.35344077252108,0.47123889803846886,-0.76489385804807,0.5235987755982987
644,1787225877.217912,2.019596816979537,0.47123889803846886,-0.9867674069635488,-2.354404573706023,0.47123889803846886,-0.7739988872588077,0.5235987755982987
645,1787225877.260707,2.108292927417036,0.47123889803846886,-0.9924612444520626,-2.3550310444762355,0.47123889803846886,-0.7953681832029894,0.5235987755982987
646,1787225877.3028495,2.121562882613728,0.47123889803846886,-1.002530747139969,-2.3018462669690924,0.47123889803846886,-0.8250387462318484,0.5235987755982987
647,1787225877.3479645,2.0667033372746633,0.47123889803846886,-1.0181946859333098,-2.2372341397623927,0.47123889803846886,-0.8664680963755754,0.5235987755982987
648,1787225877.391136,2.057035116436297,0.47123889803846886,-1.0634593068814469,-2.2253050216616126,0.47123889803846886,-0.9355578737009665,0.5235987755982987
649,1787225877.432055,2.057108212378388,0.47123889803846886,-1.119829544136054,-2.2479841020453764,0.47123889803846886,-1.0087921532599144,0.5235987755982987
650,1787225877.4786236,2.073816058534532,0.47123889803846886,-1.1760706083588617,-2.2472181864143064,0.47123889803846886,-1.073447646615921,0.5235987755982987
651,1787225877.524437,2.10161345743966,0.47123889803846886,-1.227279592211958,-2.2797753657583346,0.47123889803846886,-1.1300331567836277,0.5235987755982987
652,1787225877.5657651,2.144290101932534,0.47123889803846886,-1.276744113034606,-2.291144322265761,0.47123889803846886,-1.1812907071177228,0.5235987755982987
653,1787225877.606664,2.158997166465955,0.47123889803846886,-1.319388540201347,-2.2977632977736597,0.47123889803846886,-1.2266628829473367,0.5235987755982987
654,1787225877.6481702,2.152717355111653,0.47123889803846886,-1.3550375467989613,-2.2913100361529537,0.47123889803846886,-1.2609217876743537,0.5235987755982987
655,1787225877.6942253,2.147769291159239,0.47123889803846886,-1.3815835912017975,-2.2996116181272512,0.47123889803846886,-1.2948312496210583,0.5235987755982987
656,1787225877.736598,2.1141586677312394,0.47123889803846886,-1.408542349799871,-2.3132510915918036,0.47123889803846886,-1.3237152434534765,0.5235987755982987
657,1787225877.7794244,2.098309691115256,0.47123889803846886,-1.4345644679491243,-2.28753635188005,0.47123889803846886,-1.3508629065624924,0.5235987755982987
658,1787225877.8214805,2.0854744071434843,0.47123889803846886,-1.4622881673578072,-2.2760272312316694,0.47123889803846886,-1.3786224805386418,0.5235987755982987
659,1787225877.8630006,2.085856859601888,0.47123889803846886,-1.4858203171520632,-2.2787384950411336,0.47123889803846886,-1.4047249276507436,0.5235987755982987
660,1787225877.9063475,2.093264784074246,0.47123889803846886,-1.5004896698598857,-2.2926109460880437,0.47123889803846886,-1.4309374119900893,0.5235987755982987
661,1787225877.9555867,2.1279226872437143,0.47123889803846886,-1.5107600082823713,-2.314865186524549,0.47123889803846886,-1.4477952566853558,0.5235987755982987
662,1787225878.0009549,2.1714068050109185,0.47123889803846886,-1.515993924604535,-2.3293304428082777,0.47123889803846886,-1.463869458490724,0.5235987755982987
663,1787225878.043937,2.1761597358966753,0.47123889803846886,-1.5148354356643332,-2.3387328593927013,0.47123889803846886,-1.4748821089217619,0.5235987755982987
664,1787225878.0893993,2.1831162625073532,0.47123889803846886,-1.5113068412562605,-2.344844430172577,0.47123889803846886,-1.4783064419738579,0.5235987755982987
665,1787225878.1362507,2.1902736886670064,0.47123889803846886,-1.5071148434256103,-2.3488169511794954,0.47123889803846886,-1.4790679722654905,0.5235987755982987
666,1787225878.179219,2.2057338108712115,0.47123889803846886,-1.50309490649974,-2.3513990898339925,0.47123889803846886,-1.4786330094811644,0.5235987755982987
667,1787225878.2221594,2.1776676952216665,0.47123889803846886,-1.4997469568826933,-2.3410790612654266,0.47123889803846886,-1.4769834071844954,0.5235987755982987
668,1787225878.2673848,2.156543298964091,0.47123889803846886,-1.4961958408999059,-2.339107326280395,0.47123889803846886,-1.4721563623795237,0.5235987755982987
669,1787225878.3099997,2.1395262793180194,0.47123889803846886,-1.4934590942487773,-2.3212469405904645,0.47123889803846886,-1.4667516617617637,0.5235987755982987
670,1787225878.3554714,2.1146069491384734,0.47123889803846886,-1.4922791850462396,-2.2957823756802123,0.47123889803846886,-1.4584337476853917,0.5235987755982987
671,1787225878.401453,2.1007768395194346,0.47123889803846886,-1.491266880647045,-2.2747743613559672,0.47123889803846886,-1.4496458926581137,0.5235987755982987
672,1787225878.4464135,2.08799207592217,0.47123889803846886,-1.4914087803956386,-2.2564857245294707,0.47123889803846886,-1.4421682570624517,0.5235987755982987
673,1787225878.487254,2.08166751395792,0.47123889803846886,-1.4929687970011765,-2.2462306637532867,0.47123889803846886,-1.4365300640659076,0.5235987755982987
674,1787225878.5356185,2.080048204717022,0.47123889803846886,-1.4965916633756398,-2.239823927723692,0.47123889803846886,-1.4334784761413175,0.5235987755982987
675,1787225878.5768614,2.0788149259494233,0.47123889803846886,-1.501127832283014,-2.238412587079083,0.47123889803846886,-1.430802941959292,0.5235987755982987
676,1787225878.6192598,2.0751595760944044,0.47123889803846886,-1.5051961799399365,-2.2373383230935993,0.47123889803846886,-1.4296706870333984,0.5235987755982987
677,1787225878.662238,2.0792834096820867,0.47123889803846886,-1.508210743910442,-2.2423404078116898,0.47123889803846886,-1.4298302909842078,0.5235987755982987
678,1787225878.7074661,2.081605522370383,0.47123889803846886,-1.5105622992952297,-2.245085756715678,0.47123889803846886,-1.431157310031152,0.5235987755982987
679,1787225878.7532558,2.082347582851698,0.47123889803846886,-1.5106233437815866,-2.2453637225451026,0.47123889803846886,-1.4338808490098613,0.5235987755982987
680,1787225878.7991204,2.084375332351686,0.47123889803846886,-1.5102566423098973,-2.2476864105575474,0.47123889803846886,-1.4374925250309678,0.5235987755982987
681,1787225878.855521,2.0553183713904706,0.47123889803846886,-1.5084880085403791,-2.224668739122056,0.47123889803846886,-1.441314470568647,0.5235987755982987
682,1787225878.9028172,2.0410941584363798,0.47123889803846886,-1.5059836373682747,-2.2153150045004493,0.47123889803846886,-1.4449766897880028,0.5235987755982987
683,1787225878.9487505,2.035719474895755,0.47123889803846886,-1.5042882226546685,-2.2163053066683043,0.47123889803846886,-1.4478260703282895,0.5235987755982987
684,1787225878.995321,2.0346512732556246,0.47123889803846886,-1.5027110108669208,-2.2171010273011107,0.47123889803846886,-1.4500709130319787,0.5235987755982987
685,1787225879.03782,2.036042419270656,0.47123889803846886,-1.5011484092307814,-2.2203063675700374,0.47123889803846886,-1.4517840878656436,0.5235987755982987
686,1787225879.0825493,2.0350061070879284,0.47123889803846886,-1.4992158216910956,-2.2179468677678105,0.47123889803846886,-1.4532005664954495,0.5235987755982987
687,1787225879.1234245,2.0353066473349175,0.47123889803846886,-1.4975008756167756,-2.2194485709926752,0.47123889803846886,-1.4544527242938226,0.5235987755982987
688,1787225879.1668446,2.027571659994707,0.47123889803846886,-1.4954618032352154,-2.2111835847278813,0.47123889803846886,-1.4555224920665506,0.5235987755982987
689,1787225879.213303,2.024745186624304,0.47123889803846886,-1.4933323124375555,-2.2077596083654383,0.47123889803846886,-1.4563112798779425,0.5235987755982987
690,1787225879.2545464,2.0140272543489925,0.47123889803846886,-1.4913582746049474,-2.198820178459524,0.47123889803846886,-1.4568279264029862,0.5235987755982987
691,1787225879.3034468,2.008570763099781,0.47123889803846886,-1.4895866119274643,-2.1949337223010255,0.47123889803846886,-1.4572308215287086,0.5235987755982987
692,1787225879.3574576,2.0094836532422566,0.47123889803846886,-1.4877840067314105,-2.196481935018648,0.47123889803846886,-1.457797666804971,0.5235987755982987
693,1787225879.405782,2.0275366007925664,0.47123889803846886,-1.4864985135860787,-2.208335450650412,0.47123889803846886,-1.4583089862462364,0.5235987755982987
694,1787225879.448208,2.0461740521536202,0.47123889803846886,-1.4852585514599186,-2.220579491976898,0.47123889803846886,-1.4587415882943446,0.5235987755982987
695,1787225879.4914134,2.0548697928387223,0.47123889803846886,-1.4839645222688254,-2.225671094451827,0.47123889803846886,-1.4593052093469772,0.5235987755982987
696,1787225879.548042,2.060728325752806,0.47123889803846886,-1.482815974007437,-2.2272149602572897,0.47123889803846886,-1.4597294843709108,0.5235987755982987
697,1787225879.597232,2.0652439308926933,0.47123889803846886,-1.4820960919454977,-2.226877088244952,0.47123889803846886,-1.4606322668265714,0.5235987755982987
698,1787225879.639269,2.0751972985479816,0.47123889803846886,-1.4813704922118167,-2.227740454310333,0.47123889803846886,-1.461382415372165,0.5235987755982987
699,1787225879.6855419,2.0847379001284576,0.47123889803846886,-1.4806573587311367,-2.229893164725905,0.47123889803846886,-1.4616824742629713,0.5235987755982987
700,1787225879.7310874,2.0936785915626137,0.47123889803846886,-1.4793853102895331,-2.229473810551544,0.47123889803846886,-1.461673285819447,0.5235987755982987
701,1787225879.774329,2.1068054872671658,0.47123889803846886,-1.4779308149235413,-2.2347426337209475,0.47123889803846886,-1.462006956583334,0.5235987755982987
702,1787225879.8158476,2.1154228441472864,0.47123889803846886,-1.4766230730342356,-2.2375212688015726,0.47123889803846886,-1.4630651589577632,0.5235987755982987
703,1787225879.8588486,2.1207313670274526,0.47123889803846886,-1.4754854757768558,-2.245007691972108,0.47123889803846886,-1.4643068415387428,0.5235987755982987
704,1787225879.905613,2.1274943943171616,0.47123889803846886,-1.4747411796662129,-2.249194468279056,0.47123889803846886,-1.4652483061303383,0.5235987755982987
705,1787225879.9484115,2.1366274817724293,0.47123889803846886,-1.47459842775317,-2.2549641161504685,0.47123889803846886,-1.4660817212450028,0.5235987755982987
706,1787225879.993637,2.141975913028998,0.47123889803846886,-1.4747240456670805,-2.2609815801905855,0.47123889803846886,-1.466646114069186,0.5235987755982987
707,1787225880.0399292,2.133172908330289,0.47123889803846886,-1.4750243471550921,-2.2539216239281985,0.47123889803846886,-1.4670617735614904,0.5235987755982987
708,1787225880.081144,2.1146979032052946,0.47123889803846886,-1.475510667236901,-2.2375363989960904,0.47123889803846886,-1.4673976877723458,0.5235987755982987
709,1787225880.1276238,2.098013681616768,0.47123889803846886,-1.4759923367420265,-2.226207229083536,0.47123889803846886,-1.4676969598308354,0.5235987755982987
710,1787225880.1717553,2.0907460967378624,0.47123889803846886,-1.4764801997251253,-2.2282774165848034,0.47123889803846886,-1.4677352478376071,0.5235987755982987
711,1787225880.2157762,2.0807632316910962,0.47123889803846886,-1.4768149872024887,-2.230518165062462,0.47123889803846886,-1.4677864864681243,0.5235987755982987
712,1787225880.2571788,2.073484614426632,0.47123889803846886,-1.4766399748661891,-2.23644184337724,0.47123889803846886,-1.467942002720441,0.5235987755982987
713,1787225880.2994173,2.0592604899780222,0.47123889803846886,-1.4762587604222783,-2.236207546200999,0.47123889803846886,-1.4683085460036323,0.5235987755982987
714,1787225880.3409798,2.0431379415997357,0.47123889803846886,-1.475845525394246,-2.2328409388926165,0.47123889803846886,-1.4690497958780586,0.5235987755982987
715,1787225880.3835268,2.0367367067613595,0.47123889803846886,-1.4756201183728237,-2.218773904681086,0.47123889803846886,-1.4706046679187017,0.5235987755982987
716,1787225880.4272137,2.044372020783317,0.47123889803846886,-1.4750580294237086,-2.2027475443453888,0.47123889803846886,-1.4724077299277372,0.5235987755982987
717,1787225880.4709451,2.070636235337763,0.47123889803846886,-1.474566092218958,-2.220767058865573,0.47123889803846886,-1.4732427109060122,0.5235987755982987
718,1787225880.518927,2.0969822321083615,0.47123889803846886,-1.4742566240537545,-2.235708396007275,0.47123889803846886,-1.4752596755519045,0.5235987755982987
719,1787225880.5642276,2.118914205451352,0.47123889803846886,-1.4744645978516635,-2.2510840097659295,0.47123889803846886,-1.4783401459924277,0.5235987755982987
720,1787225880.6110084,2.1253182399745585,0.47123889803846886,-1.4742947665196566,-2.2610441927512843,0.47123889803846886,-1.482407292097006,0.5235987755982987
721,1787225880.65602,2.1208298796491953,0.47123889803846886,-1.4746803254294947,-2.249880633759728,0.47123889803846886,-1.4872085339658518,0.5235987755982987
722,1787225880.703775,2.133275810169792,0.47123889803846886,-1.475257635933878,-2.2591880164469553,0.47123889803846886,-1.490472836051205,0.5235987755982987
723,1787225880.7480488,2.129603811936982,0.47123889803846886,-1.4755245266783947,-2.2610975962497815,0.47123889803846886,-1.4929628603318075,0.5235987755982987
724,1787225880.7922053,2.1324916792327473,0.47123889803846886,-1.4757130672114407,-2.266322241854079,0.47123889803846886,-1.4944332660689765,0.5235987755982987
725,1787225880.8327675,2.1330479910749287,0.47123889803846886,-1.476235590684696,-2.264937648617088,0.47123889803846886,-1.4954351879449135,0.5235987755982987
726,1787225880.873015,2.130169205991006,0.47123889803846886,-1.4776208732323073,-2.252583750780964,0.47123889803846886,-1.4964583079573823,0.5235987755982987
727,1787225880.920421,2.1278490245968853,0.47123889803846886,-1.4791653128553213,-2.2460207999786426,0.47123889803846886,-1.4966830463894591,0.5235987755982987
728,1787225880.9660757,2.1259785608500508,0.47123889803846886,-1.4802209777549133,-2.24756799543934,0.47123889803846886,-1.4985316862421487,0.5235987755982987
729,1787225881.0140948,2.123501474808234,0.47123889803846886,-1.4813464127780192,-2.2407515350727802,0.47123889803846886,-1.5004107617249045,0.5235987755982987
730,1787225881.059205,2.1207234445776817,0.47123889803846886,-1.4823345614594203,-2.234718240817316,0.47123889803846886,-1.5016537622384916,0.5235987755982987
731,1787225881.1022997,2.1242733786915995,0.47123889803846886,-1.4831155021544782,-2.2284211146712254,0.47123889803846886,-1.5027407735854794,0.5235987755982987
732,1787225881.1439428,2.1252018040947727,0.47123889803846886,-1.483668626658785,-2.2234500281684544,0.47123889803846886,-1.5035337452346789,0.5235987755982987
733,1787225881.1871262,2.123878952354264,0.47123889803846886,-1.4840478492302374,-2.216688754193867,0.47123889803846886,-1.5040213634767934,0.5235987755982987
734,1787225881.2358403,2.123313850955773,0.47123889803846886,-1.4843174125186707,-2.2133906498625224,0.47123889803846886,-1.5044351448541942,0.5235987755982987
735,1787225881.2770822,2.129262094281262,0.47123889803846886,-1.484425579466898,-2.2183053214543387,0.47123889803846886,-1.5048522755375318,0.5235987755982987
736,1787225881.320947,2.1326435303978464,0.47123889803846886,-1.484461976691036,-2.221286848208946,0.47123889803846886,-1.5055776247576311,0.5235987755982987
737,1787225881.3660192,2.1334722095005048,0.47123889803846886,-1.4843071982831315,-2.2219010865990456,0.47123889803846886,-1.5061792968086385,0.5235987755982987
738,1787225881.4077907,2.1330396198336494,0.47123889803846886,-1.4840739118546238,-2.2199051132378402,0.47123889803846886,-1.506725259695376,0.5235987755982987
739,1787225881.4510643,2.1292218809053556,0.47123889803846886,-1.483686541706458,-2.227822752717103,0.47123889803846886,-1.5072017025543487,0.5235987755982987
740,1787225881.4942274,2.118777065523646,0.47123889803846886,-1.483256128420532,-2.2218914064526927,0.47123889803846886,-1.5075185673306877,0.5235987755982987
741,1787225881.535758,2.095251250596015,0.47123889803846886,-1.4828533918771065,-2.220564443965284,0.47123889803846886,-1.5083315786456273,0.5235987755982987
742,1787225881.5792344,2.0532123944126477,0.47123889803846886,-1.4823213560879132,-2.2149772113666364,0.47123889803846886,-1.5089235465296142,0.5235987755982987
743,1787225881.621851,2.017035859504256,0.47123889803846886,-1.4819676832955613,-2.213832026580887,0.47123889803846886,-1.5092383124053663,0.5235987755982987
744,1787225881.6628559,1.9909877919827017,0.47123889803846886,-1.4818234728566426,-2.2177175318553246,0.47123889803846886,-1.5091727128726873,0.5235987755982987
745,1787225881.7044673,1.9671863608060955,0.47123889803846886,-1.4817442287586184,-2.2221058574050527,0.47123889803846886,-1.5084058054501601,0.5235987755982987
746,1787225881.748728,1.952927707291313,0.47123889803846886,-1.4817536079839255,-2.222284003492098,0.47123889803846886,-1.5067990742509827,0.5235987755982987
747,1787225881.7974503,1.9553474513060594,0.47123889803846886,-1.4815618509514623,-2.2139676845565655,0.47123889803846886,-1.504243367094742,0.5235987755982987
748,1787225881.8378103,1.9613384022866418,0.47123889803846886,-1.4808207470764465,-2.2153710606437516,0.47123889803846886,-1.5020406695262971,0.5235987755982987
749,1787225881.879339,1.9926364014561235,0.47123889803846886,-1.4774626092276182,-2.2325307159670738,0.47123889803846886,-1.499904107386333,0.5235987755982987
750,1787225881.9199486,2.0176598781751767,0.47123889803846886,-1.4739553157767378,-2.254505750336002,0.47123889803846886,-1.4976993051119427,0.5235987755982987
751,1787225881.9680984,2.038073643233082,0.47123889803846886,-1.471596605377564,-2.272525481159006,0.47123889803846886,-1.494643040260115,0.5235987755982987
752,1787225882.0107992,2.0564904291723103,0.47123889803846886,-1.4704132932978504,-2.296774919453256,0.47123889803846886,-1.4911633285941455,0.5235987755982987
753,1787225882.0549257,2.0623066390716795,0.47123889803846886,-1.469809690085703,-2.3086560456716194,0.47123889803846886,-1.4896137978602186,0.5235987755982987
754,1787225882.0976405,2.069713308936807,0.47123889803846886,-1.4698911665258856,-2.32441248957538,0.47123889803846886,-1.4896689868490705,0.5235987755982987
755,1787225882.1433904,2.0707777897300255,0.47123889803846886,-1.470598580148975,-2.3246084668003197,0.47123889803846886,-1.4886376856056271,0.5235987755982987
756,1787225882.1946256,2.0703486422663326,0.47123889803846886,-1.471423966742448,-2.324549229547139,0.47123889803846886,-1.489524570756935,0.5235987755982987
757,1787225882.2363458,2.072755562357166,0.47123889803846886,-1.473864485577837,-2.335625070772961,0.47123889803846886,-1.4879710942967364,0.5235987755982987
758,1787225882.2804809,2.0734407687330476,0.47123889803846886,-1.475667080684171,-2.3406321459666364,0.47123889803846886,-1.4861324881124784,0.5235987755982987
759,1787225882.3206086,2.0814551746175436,0.47123889803846886,-1.4758554651937736,-2.346078966445634,0.47123889803846886,-1.4885021065095725,0.5235987755982987
760,1787225882.3654258,2.0940948888422684,0.47123889803846886,-1.4757639147450345,-2.3496193997569828,0.47123889803846886,-1.489528795270907,0.5235987755982987
761,1787225882.4065244,2.094042417425699,0.47123889803846886,-1.4742141998362248,-2.35192068140936,0.47123889803846886,-1.4901223553196559,0.5235987755982987
762,1787225882.4487224,2.0935812025574023,0.47123889803846886,-1.4723443196945472,-2.3285299938021646,0.47123889803846886,-1.4894012630349938,0.5235987755982987
763,1787225882.4912815,2.0973325490573376,0.47123889803846886,-1.4718039536784522,-2.3302954550559645,0.47123889803846886,-1.4859037768248378,0.5235987755982987
764,1787225882.533555,2.093755559615589,0.47123889803846886,-1.471135162137202,-2.337475492670147,0.47123889803846886,-1.4836025522582301,0.5235987755982987
765,1787225882.5775645,2.09292713027276,0.47123889803846886,-1.4700504053709191,-2.344027141802916,0.47123889803846886,-1.4813441056307328,0.5235987755982987
766,1787225882.6241343,2.0930163062981992,0.47123889803846886,-1.469937685198574,-2.342196218936029,0.47123889803846886,-1.4796750069574625,0.5235987755982987
767,1787225882.6658843,2.091965959507746,0.47123889803846886,-1.4703519104825715,-2.3393078894379444,0.47123889803846886,-1.4789855004800203,0.5235987755982987
768,1787225882.7100034,2.08806024258209,0.47123889803846886,-1.4702906893485514,-2.3359796274710933,0.47123889803846886,-1.4785069921377532,0.5235987755982987
769,1787225882.753453,2.0882239130453613,0.47123889803846886,-1.46901470449875,-2.3395159598714366,0.47123889803846886,-1.4791799276067805,0.5235987755982987
770,1787225882.7958226,2.0926156798193576,0.47123889803846886,-1.466752208407129,-2.340001180934621,0.47123889803846886,-1.479269511668269,0.5235987755982987
771,1787225882.839461,2.0912244697852453,0.47123889803846886,-1.4661744888003128,-2.3456688391748246,0.47123889803846886,-1.4785008025446453,0.5235987755982987
772,1787225882.8886333,2.1026769001998393,0.47123889803846886,-1.467173267523826,-2.3493528170309568,0.47123889803846886,-1.478373842101754,0.5235987755982987
773,1787225882.935436,2.1106736219587283,0.47123889803846886,-1.4677698725254842,-2.351747402637443,0.47123889803846886,-1.478665456734144,0.5235987755982987
774,1787225882.979054,2.112703517783615,0.47123889803846886,-1.467992020570318,-2.353303883281659,0.47123889803846886,-1.4803841935494035,0.5235987755982987
775,1787225883.0235403,2.1193960363077533,0.47123889803846886,-1.4685819364478365,-2.344679206058807,0.47123889803846886,-1.481320712170644,0.5235987755982987
776,1787225883.0743213,2.120598857521175,0.47123889803846886,-1.4685323027511923,-2.3334345750385346,0.47123889803846886,-1.4826997717670585,0.5235987755982987
777,1787225883.121424,2.1309433968674747,0.47123889803846886,-1.468370274523382,-2.3346219042700516,0.47123889803846886,-1.4841479654017407,0.5235987755982987
778,1787225883.1668513,2.1236154513674346,0.47123889803846886,-1.467633271754351,-2.327314622033885,0.47123889803846886,-1.4863503719091828,0.5235987755982987
779,1787225883.2119887,2.116976582607001,0.47123889803846886,-1.4661179270203442,-2.322868012364426,0.47123889803846886,-1.4886781303280803,0.5235987755982987
780,1787225883.2550402,2.116560360540271,0.47123889803846886,-1.4650490928084638,-2.32228254770646,0.47123889803846886,-1.490109285289718,0.5235987755982987
781,1787225883.302008,2.1166739459424067,0.47123889803846886,-1.464449583045352,-2.3255875225040628,0.47123889803846886,-1.4902048685128046,0.5235987755982987
782,1787225883.3447382,2.1148873117712763,0.47123889803846886,-1.4635150858104318,-2.3262844591455623,0.47123889803846886,-1.4902288155056909,0.5235987755982987
783,1787225883.3897107,2.112120960221598,0.47123889803846886,-1.462044379300195,-2.3268777672861365,0.47123889803846886,-1.4900381920100614,0.5235987755982987
784,1787225883.4323354,2.107938974822241,0.47123889803846886,-1.4609902236971073,-2.3232123887346976,0.47123889803846886,-1.4895068910428102,0.5235987755982987
785,1787225883.4808643,2.1031848678773506,0.47123889803846886,-1.4599026843295149,-2.3259494564445635,0.47123889803846886,-1.4892881223295427,0.5235987755982987
786,1787225883.530564,2.099764202540308,0.47123889803846886,-1.4595380950582757,-2.3254032710018557,0.47123889803846886,-1.4883232298281814,0.5235987755982987
787,1787225883.5728114,2.1050453631720574,0.47123889803846886,-1.4597360455009154,-2.3263751774300654,0.47123889803846886,-1.487031165802069,0.5235987755982987
788,1787225883.6142519,2.109877910302976,0.47123889803846886,-1.4600676422359151,-2.3343713866531575,0.47123889803846886,-1.486043631583288,0.5235987755982987
789,1787225883.6573775,2.1128665000452123,0.47123889803846886,-1.4610437608850764,-2.3420094728918732,0.47123889803846886,-1.4847000828143397,0.5235987755982987
790,1787225883.7108324,2.116386637704359,0.47123889803846886,-1.4621092317027622,-2.3469742289470386,0.47123889803846886,-1.4834289328599226,0.5235987755982987
791,1787225883.7538593,2.111295767025985,0.47123889803846886,-1.4628603076286748,-2.3502013203828955,0.47123889803846886,-1.4818448269093103,0.5235987755982987
792,1787225883.796309,2.103004658496611,0.47123889803846886,-1.463746526555298,-2.352298929816203,0.47123889803846886,-1.4805542434795749,0.5235987755982987
793,1787225883.8397522,2.0982426840296626,0.47123889803846886,-1.4649464516482193,-2.3536623759478523,0.47123889803846886,-1.4797436008421245,0.5235987755982987
794,1787225883.8906922,2.0942145269653434,0.47123889803846886,-1.4661654706062333,-2.3545486159334246,0.47123889803846886,-1.4793919606809895,0.5235987755982987
795,1787225883.9399345,2.0931826306087564,0.47123889803846886,-1.4674129728997833,-2.3551246719240466,0.47123889803846886,-1.4793339182756893,0.5235987755982987
796,1787225883.9860625,2.0929822260043833,0.47123889803846886,-1.4684494800920231,-2.355499108317951,0.47123889803846886,-1.4791139754278615,0.5235987755982987
797,1787225884.029029,2.0932714293226535,0.47123889803846886,-1.469221531335682,-2.355742491973989,0.47123889803846886,-1.4789055859960203,0.5235987755982987
798,1787225884.076591,2.0985969620244127,0.47123889803846886,-1.470216550919461,-2.3559006913504135,0.47123889803846886,-1.478820837599438,0.5235987755982987
799,1787225884.1180356,2.1030490323532054,0.47123889803846886,-1.4712986574977607,-2.3560035209450896,0.47123889803846886,-1.4787153566324576,0.5235987755982987
800,1787225884.164498,2.1045697654960813,0.47123889803846886,-1.4722002441045974,-2.3560703601816293,0.47123889803846886,-1.4786185911887748,0.5235987755982987
801,1787225884.2109852,2.101358624871068,0.47123889803846886,-1.4729697333294478,-2.35611380568538,0.47123889803846886,-1.4784986880508797,0.5235987755982987
802,1787225884.2536254,2.099131644970737,0.47123889803846886,-1.4734353735050998,-2.3561420452628177,0.47123889803846886,-1.47817187761268,0.5235987755982987
803,1787225884.2940865,2.098276918514894,0.47123889803846886,-1.4737365434911094,-2.356160400988152,0.47123889803846886,-1.477609512540711,0.5235987755982987
804,1787225884.3415976,2.099268951619925,0.47123889803846886,-1.4739358400774443,-2.3561723322096197,0.47123889803846886,-1.4770579144030918,0.5235987755982987
805,1787225884.3852463,2.0975060035359196,0.47123889803846886,-1.4740197684794678,-2.3561800875035734,0.47123889803846886,-1.4766971697032676,0.5235987755982987
806,1787225884.4289029,2.0982785936715698,0.47123889803846886,-1.4740302397478355,-2.3561851284446433,0.47123889803846886,-1.4764283229253494,0.5235987755982987
807,1787225884.4728978,2.0983968408303832,0.47123889803846886,-1.4741496672343337,-2.356188405056339,0.47123889803846886,-1.476188245781866,0.5235987755982987
808,1787225884.5162787,2.102807570945296,0.47123889803846886,-1.4742680823806065,-2.3561905348539414,0.47123889803846886,-1.476095232085513,0.5235987755982987
809,1787225884.564136,2.104594153865866,0.47123889803846886,-1.4744599308126518,-2.3561919192223826,0.47123889803846886,-1.4758863006586007,0.5235987755982987
810,1787225884.6070714,2.1061701221751874,0.47123889803846886,-1.4747135263520907,-2.3561928190618695,0.47123889803846886,-1.4755518182309797,0.5235987755982987
811,1787225884.6474233,2.104965552814166,0.47123889803846886,-1.4748785750153244,-2.356193403957536,0.47123889803846886,-1.475327672641665,0.5235987755982987
812,1787225884.6910696,2.1058613249881617,0.47123889803846886,-1.4748753680903834,-2.356193784139719,0.47123889803846886,-1.4751489981270967,0.5235987755982987
813,1787225884.737082,2.1079508409984276,0.47123889803846886,-1.4747268878344544,-2.356194031258138,0.47123889803846886,-1.4748995188390213,0.5235987755982987
814,1787225884.7906747,2.108970579270929,0.47123889803846886,-1.4742561126826603,-2.356194191885111,0.47123889803846886,-1.4745308748378132,0.5235987755982987
815,1787225884.835348,2.1076734120369167,0.47123889803846886,-1.4735190078992846,-2.3561942962926428,0.47123889803846886,-1.4744962336501302,0.5235987755982987
816,1787225884.8774197,2.109739990908247,0.47123889803846886,-1.4730590447722527,-2.3561943641575382,0.47123889803846886,-1.474558597946998,0.5235987755982987
817,1787225884.9214237,2.1102698172712673,0.47123889803846886,-1.4735027381407724,-2.351860320341025,0.47123889803846886,-1.4740956392727635,0.5235987755982987
818,1787225884.9659917,2.113380092365364,0.47123889803846886,-1.4740653214023582,-2.352944212176575,0.47123889803846886,-1.4730701900627245,0.5235987755982987
819,1787225885.0179133,2.120293834177183,0.47123889803846886,-1.4753542521883252,-2.353013945048035,0.47123889803846886,-1.4703828214692156,0.5235987755982987
820,1787225885.063333,2.130981971413565,0.47123889803846886,-1.4763985745265233,-2.352399055040352,0.47123889803846886,-1.46625370367035,0.5235987755982987
821,1787225885.106744,2.139421424631345,0.47123889803846886,-1.477432632619427,-2.35372745734355,0.47123889803846886,-1.4617551663662414,0.5235987755982987
822,1787225885.1538682,2.148621820887093,0.47123889803846886,-1.4786855374756698,-2.352397884679208,0.47123889803846886,-1.4585628978776848,0.5235987755982987
823,1787225885.2037394,2.1498721031834673,0.47123889803846886,-1.4825113366227254,-2.341636748219983,0.47123889803846886,-1.4561478319868648,0.5235987755982987
824,1787225885.260854,2.161725928734747,0.47123889803846886,-1.4875991368340766,-2.3364353938065685,0.47123889803846886,-1.4523459731151922,0.5235987755982987
825,1787225885.3106282,2.2016724039247277,0.47123889803846886,-1.492570271763813,-2.3332046849060983,0.47123889803846886,-1.4471785244737434,0.5235987755982987
826,1787225885.3526506,2.2078631824481105,0.47123889803846886,-1.492592565892668,-2.3344550884867603,0.47123889803846886,-1.4452296978049373,0.5235987755982987
827,1787225885.3976781,2.191165111338481,0.47123889803846886,-1.4916583022048036,-2.3319434879574517,0.47123889803846886,-1.4453579261838199,0.5235987755982987
828,1787225885.4394841,2.1839325643180647,0.47123889803846886,-1.4898513143512844,-2.3341671098832806,0.47123889803846886,-1.4488447018470485,0.5235987755982987
829,1787225885.487597,2.1892310381334124,0.47123889803846886,-1.4841083445694503,-2.341876692991453,0.47123889803846886,-1.4548831218861686,0.5235987755982987
830,1787225885.5370173,2.188262998478862,0.47123889803846886,-1.4752781667471666,-2.3468879220117653,0.47123889803846886,-1.463256447128053,0.5235987755982987
831,1787225885.5801263,2.1898211654760353,0.47123889803846886,-1.4622993956363208,-2.3501452208749685,0.47123889803846886,-1.4718400668553135,0.5235987755982987
832,1787225885.6445038,2.1888919998581735,0.47123889803846886,-1.4543907406508403,-2.35226246513605,0.47123889803846886,-1.4778168193892216,0.5235987755982987
833,1787225885.6891212,2.182181874204012,0.47123889803846886,-1.4518678397496407,-2.3536386739057535,0.47123889803846886,-1.4826399709862867,0.5235987755982987
834,1787225885.7363946,2.137826453777464,0.47123889803846886,-1.4582398388607842,-2.3545332096060605,0.47123889803846886,-1.480295172154322,0.5235987755982987
835,1787225885.7840245,2.1111712476826057,0.47123889803846886,-1.4668694686661197,-2.35511465781126,0.47123889803846886,-1.4762918636066904,0.5235987755982987
836,1787225885.8294039,2.1074380369750214,0.47123889803846886,-1.4757534441692755,-2.351296641222507,0.47123889803846886,-1.4726431883434914,0.5235987755982987
837,1787225885.903773,2.127790140081064,0.47123889803846886,-1.4939498234424047,-2.295360335893011,0.47123889803846886,-1.4634535239445157,0.5235987755982987
838,1787225885.9596438,2.1416812802723406,0.47123889803846886,-1.5077885994864468,-2.2453337813162655,0.47123889803846886,-1.453866623697593,0.5235987755982987
839,1787225886.005465,2.137873423028552,0.47123889803846886,-1.5117873959676407,-2.2106423878671237,0.47123889803846886,-1.4436954849031305,0.5235987755982987
840,1787225886.047143,2.1416303371058723,0.47123889803846886,-1.5092108514461442,-2.1727000840032917,0.47123889803846886,-1.4373840373629267,0.5235987755982987
841,1787225886.1066093,2.16250894176067,0.47123889803846886,-1.5028046271165247,-2.1435780136551488,0.47123889803846886,-1.4300845967452007,0.5235987755982987
842,1787225886.15571,2.171735322208855,0.47123889803846886,-1.4892906483138044,-2.141363955056785,0.47123889803846886,-1.417461840490624,0.5235987755982987
843,1787225886.2121072,2.184271006797836,0.47123889803846886,-1.4769785603673327,-2.135823954235284,0.47123889803846886,-1.4078301576927212,0.5235987755982987
844,1787225886.2655914,2.1989950280535524,0.47123889803846886,-1.4675924169730798,-2.164347316509178,0.47123889803846886,-1.4142001918166685,0.5235987755982987
845,1787225886.3408432,2.191558227055866,0.47123889803846886,-1.4620048879087681,-2.186174293713468,0.47123889803846886,-1.4279342464860445,0.5235987755982987
846,1787225886.3980238,2.208531341860387,0.47123889803846886,-1.4568004314062595,-2.2456813624810747,0.47123889803846886,-1.4481067890427273,0.5235987755982987
847,1787225886.4414003,2.2027942036483994,0.47123889803846886,-1.452841957958463,-2.2778651089527244,0.47123889803846886,-1.4604601267198238,0.5235987755982987
848,1787225886.4925282,2.213383769048636,0.47123889803846886,-1.4511684856898435,-2.289660262882965,0.47123889803846886,-1.4673774609357764,0.5235987755982987
849,1787225886.5408654,2.2030598405470574,0.47123889803846886,-1.4507011085224497,-2.3124928755479806,0.47123889803846886,-1.4681095966585138,0.5235987755982987
850,1787225886.5831637,2.186431732362581,0.47123889803846886,-1.451572381086209,-2.318661501655406,0.47123889803846886,-1.4670487866998907,0.5235987755982987
851,1787225886.6242788,2.173103902059976,0.47123889803846886,-1.4543967291729891,-2.308495303869849,0.47123889803846886,-1.4661033386595164,0.5235987755982987
852,1787225886.667014,2.1652581242553035,0.47123889803846886,-1.45671486015536,-2.295043948379554,0.47123889803846886,-1.464737958500998,0.5235987755982987
853,1787225886.7102284,2.141726891301534,0.47123889803846886,-1.461468167231799,-2.2555947009995574,0.47123889803846886,-1.4604690075045892,0.5235987755982987
854,1787225886.7616448,2.13649636614165,0.47123889803846886,-1.46837111768413,-2.236051474859475,0.47123889803846886,-1.4554608024003044,0.5235987755982987
855,1787225886.8096483,2.136713002832593,0.47123889803846886,-1.474418534790201,-2.2125521154860577,0.47123889803846886,-1.4521929490251302,0.5235987755982987
856,1787225886.8540974,2.141186631942676,0.47123889803846886,-1.4789960597494587,-2.1900718300439057,0.47123889803846886,-1.4499616601135505,0.5235987755982987
857,1787225886.8961039,2.142834547104266,0.47123889803846886,-1.4823538720351466,-2.1879331740940944,0.47123889803846886,-1.4486053709993123,0.5235987755982987
858,1787225886.94678,2.143168049565289,0.47123889803846886,-1.4856506225093686,-2.203238457268953,0.47123889803846886,-1.4477701289995046,0.5235987755982987
859,1787225886.9961946,2.158937451018025,0.47123889803846886,-1.4878586917866232,-2.2516520132169253,0.47123889803846886,-1.4474692947417682,0.5235987755982987
860,1787225887.0428107,2.163614178743295,0.47123889803846886,-1.4892523563800177,-2.2823387013480625,0.47123889803846886,-1.4502061514741518,0.5235987755982987
861,1787225887.091845,2.1625949678179843,0.47123889803846886,-1.489909470711094,-2.299944359948402,0.47123889803846886,-1.4550498075680904,0.5235987755982987
862,1787225887.1371064,2.1685216096663837,0.47123889803846886,-1.4898204421707628,-2.3196319055337824,0.47123889803846886,-1.461117461882531,0.5235987755982987
863,1787225887.1785553,2.1698255748821422,0.47123889803846886,-1.4888105916529446,-2.3324288101642794,0.47123889803846886,-1.4661460873969274,0.5235987755982987
864,1787225887.2243528,2.164830842458409,0.47123889803846886,-1.4867610611415505,-2.340746798174102,0.47123889803846886,-1.4701066103332097,0.5235987755982987
865,1787225887.2677736,2.1645278944740696,0.47123889803846886,-1.4848634989531577,-2.346153490380487,0.47123889803846886,-1.4730861878336985,0.5235987755982987
866,1787225887.3101263,2.166815931064134,0.47123889803846886,-1.483693241535636,-2.3496678403146376,0.47123889803846886,-1.4752977630253703,0.5235987755982987
867,1787225887.3521605,2.161720372920115,0.47123889803846886,-1.4829570718063474,-2.3519521677718354,0.47123889803846886,-1.4767643448683119,0.5235987755982987
868,1787225887.3970554,2.1617143793979867,0.47123889803846886,-1.482674918130205,-2.353436980619014,0.47123889803846886,-1.477772960523868,0.5235987755982987
869,1787225887.443469,2.161178199718208,0.47123889803846886,-1.4826978629929137,-2.353804484725438,0.47123889803846886,-1.4783380484210453,0.5235987755982987
870,1787225887.4937088,2.1585995017775406,0.47123889803846886,-1.483503561771577,-2.3500209624947335,0.47123889803846886,-1.4781736255655917,0.5235987755982987
871,1787225887.545286,2.155190747832684,0.47123889803846886,-1.484443978432565,-2.342240627988706,0.47123889803846886,-1.4777176745776943,0.5235987755982987
872,1787225887.6055496,2.161827550393955,0.47123889803846886,-1.4856272182242436,-2.3291440000802672,0.47123889803846886,-1.4760670149854151,0.5235987755982987
873,1787225887.6575623,2.1598887148148878,0.47123889803846886,-1.4865262113984263,-2.3128672318683345,0.47123889803846886,-1.4711379247038157,0.5235987755982987
874,1787225887.7018864,2.159867029816357,0.47123889803846886,-1.4870758748282882,-2.3014728020750392,0.47123889803846886,-1.4659914702115797,0.5235987755982987
875,1787225887.7422056,2.1528550974833047,0.47123889803846886,-1.4873914040579037,-2.285085630349804,0.47123889803846886,-1.4611587555993997,0.5235987755982987
876,1787225887.7828805,2.150732343531519,0.47123889803846886,-1.4874450145701803,-2.270482003399989,0.47123889803846886,-1.4568785737088288,0.5235987755982987
877,1787225887.8235226,2.1500002987649336,0.47123889803846886,-1.4878486364838692,-2.265373760694382,0.47123889803846886,-1.4533089573734221,0.5235987755982987
878,1787225887.876652,2.143139270769447,0.47123889803846886,-1.4880947148489925,-2.255025696721206,0.47123889803846886,-1.4502016977926435,0.5235987755982987
879,1787225887.921372,2.141181292694809,0.47123889803846886,-1.4881827684803257,-2.250416496604944,0.47123889803846886,-1.4481067113044035,0.5235987755982987
880,1787225887.9633265,2.1370027695203038,0.47123889803846886,-1.4881893844778284,-2.259618144450003,0.47123889803846886,-1.4468059757459093,0.5235987755982987
881,1787225888.0077937,2.1345777972216218,0.47123889803846886,-1.4880946205215726,-2.2665468035676417,0.47123889803846886,-1.4455110927027754,0.5235987755982987
882,1787225888.0520191,2.133130673466645,0.47123889803846886,-1.4878733449130437,-2.2698139650754507,0.47123889803846886,-1.4433954705963568,0.5235987755982987
883,1787225888.0966923,2.1413157250740005,0.47123889803846886,-1.48714053870396,-2.2718839771081107,0.47123889803846886,-1.441006217893368,0.5235987755982987
884,1787225888.1463954,2.1454819500442173,0.47123889803846886,-1.486037931115809,-2.2621192013798,0.47123889803846886,-1.438565837276602,0.5235987755982987
885,1787225888.1921108,2.154609895378774,0.47123889803846886,-1.4837398134536133,-2.249588720582671,0.47123889803846886,-1.434542834171149,0.5235987755982987
886,1787225888.2418566,2.178656176991078,0.47123889803846886,-1.4751569905364184,-2.24911681797653,0.47123889803846886,-1.4250283329337765,0.5235987755982987
887,1787225888.2849097,2.1890540293056158,0.47123889803846886,-1.462979351361584,-2.236410301930098,0.47123889803846886,-1.4064219138786307,0.5235987755982987
888,1787225888.3359237,2.2033095256620743,0.47123889803846886,-1.4495584244758986,-2.238397503318842,0.47123889803846886,-1.3726390525473633,0.5235987755982987
889,1787225888.3789704,2.1715991235742473,0.47123889803846886,-1.4262108093394783,-2.1468081947271287,0.47123889803846886,-1.3262690516401427,0.5235987755982987
890,1787225888.4206874,2.1872698060466016,0.47123889803846886,-1.374606656772928,-2.2136505534974273,0.47123889803846886,-1.26591511755324,0.5235987755982987
891,1787225888.4640896,2.1038053422273584,0.47123889803846886,-1.3040106660434896,-2.2620615004948434,0.47123889803846886,-1.1947075395171967,0.5235987755982987
892,1787225888.504339,2.1921415440151035,0.47123889803846886,-1.2303656309585396,-2.2950080468889693,0.47123889803846886,-1.0918374202040582,0.5235987755982987
893,1787225888.5517635,2.249560075177138,0.47123889803846886,-1.1619061198683507,-2.316423302045151,0.47123889803846886,-0.9593879610535118,0.5235987755982987
894,1787225888.5979288,2.2868821204324608,0.47123889803846886,-1.0453156990348318,-2.3303432178966688,0.47123889803846886,-0.7498329381599711,0.5235987755982987
895,1787225888.6422665,2.31114144984842,0.47123889803846886,-0.9237410937623456,-2.3393911632001556,0.47123889803846886,-0.5491062638214043,0.5235987755982987
896,1787225888.6870334,2.3229899033725916,0.47123889803846886,-0.805809609944668,-2.3452723276474217,0.47123889803846886,-0.34924604249881724,0.5235987755982987
897,1787225888.7284505,2.307830525541152,0.47123889803846886,-0.6796925798698809,-2.3490950845381446,0.47123889803846886,-0.1509731020102421,0.5235987755982987
898,1787225888.7728746,2.2880196434103617,0.47123889803846886,-0.5661757878251549,-2.351579876517115,0.47123889803846886,0.03959318380413773,0.5235987755982987
899,1787225888.8171837,2.273602047919765,0.47123889803846886,-0.4623606566209699,-2.353194991303446,0.47123889803846886,0.21244429795902098,0.5235987755982987
900,1787225888.8648348,2.2622773965129506,0.47123889803846886,-0.3785512537405016,-2.3542448159145604,0.47123889803846886,0.3630217135954226,0.5235987755982987
901,1787225888.9130075,2.246035755338534,0.47123889803846886,-0.3235405949404256,-2.354927201911785,0.47123889803846886,0.4811047976874099,0.5235987755982987
902,1787225888.9600916,2.2164753026117796,0.47123889803846886,-0.28130958225520647,-2.2751896378095755,0.47123889803846886,0.6059801558311022,0.5235987755982987
903,1787225889.0077477,2.1630003406759153,0.47123889803846886,-0.26333774759530804,-2.1929915954704393,0.47123889803846886,0.7038342867802609,0.5235987755982987
904,1787225889.0559342,2.1117895524151846,0.47123889803846886,-0.258250457524142,-2.152463986680284,0.47123889803846886,0.7773859140059123,0.5235987755982987
905,1787225889.1001537,2.0803919024499153,0.47123889803846886,-0.2523029888040713,-2.1184109491847325,0.47123889803846886,0.8291197059885611,0.5235987755982987
906,1787225889.1486754,2.048809670202744,0.47123889803846886,-0.24408631503001793,-2.0259615391352352,0.47123889803846886,0.870443119206323,0.5235987755982987
907,1787225889.2001965,2.0441139318695987,0.47123889803846886,-0.2296716399204809,-2.007741529851605,0.47123889803846886,0.895561426162647,0.5235987755982987
908,1787225889.2431254,2.0583147709371468,0.47123889803846886,-0.21886209481060656,-2.0147724844697743,0.47123889803846886,0.9115128382161568,0.5235987755982987
909,1787225889.2852035,2.0589264170675428,0.47123889803846886,-0.21235270915004145,-2.00274585506551,0.47123889803846886,0.9223782523678579,0.5235987755982987
910,1787225889.3329573,2.0630211531970515,0.47123889803846886,-0.20910477327468566,-2.024294366921466,0.47123889803846886,0.932508495833192,0.5235987755982987
911,1787225889.3747532,2.0667452417312138,0.47123889803846886,-0.20880743289641823,-2.0636608295178,0.47123889803846886,0.9380224871891056,0.5235987755982987
912,1787225889.4168565,2.070740923347145,0.47123889803846886,-0.2098208594348167,-2.095783743207355,0.47123889803846886,0.9501704397068653,0.5235987755982987
913,1787225889.4593372,2.071267901954065,0.47123889803846886,-0.2114232131118469,-2.1006668406535276,0.47123889803846886,0.9710272137002445,0.5235987755982987
914,1787225889.50359,2.0730996749209325,0.47123889803846886,-0.2130432057052991,-2.1085960525751286,0.47123889803846886,0.9916817468331424,0.5235987755982987
915,1787225889.5493915,2.070116285946048,0.47123889803846886,-0.214741289035285,-2.150131945190781,0.47123889803846886,1.0048035691485633,0.5235987755982987
916,1787225889.5936391,2.069694414332085,0.47123889803846886,-0.21888165976861051,-2.1828317720621317,0.47123889803846886,1.010178259649823,0.5235987755982987
917,1787225889.6379182,2.0687439716904326,0.47123889803846886,-0.2222565856229256,-2.201205913374443,0.47123889803846886,1.0117411387721091,0.5235987755982987
918,1787225889.686836,2.07175486175008,0.47123889803846886,-0.22424653540941203,-2.241213119096641,0.47123889803846886,1.0127448186696153,0.5235987755982987
919,1787225889.7366722,2.0744389596086887,0.47123889803846886,-0.22574621088133087,-2.221860930718272,0.47123889803846886,1.016230559930486,0.5235987755982987
920,1787225889.7844255,2.0752601898023664,0.47123889803846886,-0.22721155691761463,-2.2024901255824876,0.47123889803846886,1.0196371140792944,0.5235987755982987
921,1787225889.8274179,2.0721687748916016,0.47123889803846886,-0.22914245222972085,-2.1820828068612297,0.47123889803846886,1.023232790362405,0.5235987755982987
922,1787225889.8691282,2.0696737155928955,0.47123889803846886,-0.23806982344048172,-2.1898559255866012,0.47123889803846886,1.0246492586330733,0.5235987755982987
923,1787225889.9228518,2.0699471149543096,0.47123889803846886,-0.2523351785058118,-2.225663329993539,0.47123889803846886,1.019559821509161,0.5235987755982987
924,1787225889.9690344,2.078200535629546,0.47123889803846886,-0.2661306326703759,-2.2108994086952545,0.47123889803846886,0.9993384472203737,0.5235987755982987
925,1787225890.0101202,2.096481746255522,0.47123889803846886,-0.284580255228134,-2.2142945833897487,0.47123889803846886,0.9521313142203441,0.5235987755982987
926,1787225890.0520353,2.1325747127593133,0.47123889803846886,-0.3155971680351436,-2.2639595507706574,0.47123889803846886,0.8540619440929875,0.5235987755982987
927,1787225890.0975227,2.1561049289289067,0.47123889803846886,-0.3656183500592722,-2.296241779568248,0.47123889803846886,0.7238785573133971,0.5235987755982987
928,1787225890.1415806,2.1865683207116158,0.47123889803846886,-0.428661655109836,-2.3172252282866816,0.47123889803846886,0.5317998309856533,0.5235987755982987
929,1787225890.1842625,2.21223120678665,0.47123889803846886,-0.5041361948293497,-2.3301706159165154,0.47123889803846886,0.24438566018520516,0.5235987755982987
930,1787225890.2347271,2.218963077460553,0.47123889803846886,-0.5953780319323625,-2.3114861687975408,0.47123889803846886,-0.04639432880178512,0.5235987755982987
931,1787225890.2775002,2.2376086235585317,0.47123889803846886,-0.7612559727059727,-2.327134081285722,0.47123889803846886,-0.36858785681961037,0.5235987755982987
932,1787225890.3217778,2.051515398210401,0.47123889803846886,-0.9121859170201185,-2.123395842493638,0.47123889803846886,-0.6370440838349946,0.5235987755982987
933,1787225890.3639657,1.913737248989833,0.47123889803846886,-1.0350167080983128,-2.2048753691881853,0.47123889803846886,-0.8212262828443007,0.5235987755982987
934,1787225890.4090412,1.8167129363892016,0.47123889803846886,-1.129020821029472,-2.1961269323537547,0.47123889803846886,-0.9666780600602863,0.5235987755982987
935,1787225890.4530575,1.9094580661363048,0.47123889803846886,-1.206933208485448,-2.154962718545908,0.47123889803846886,-1.0978694101230262,0.5235987755982987
936,1787225890.4987028,1.99200714483587,0.47123889803846886,-1.2725245378162062,-2.2037767755266966,0.47123889803846886,-1.205121181182769,0.5235987755982987
937,1787225890.5470958,2.0556930229247716,0.47123889803846886,-1.3275123304793266,-2.23858209391326,0.47123889803846886,-1.2908048882312229,0.5235987755982987
938,1787225890.59001,2.078350246911036,0.47123889803846886,-1.3740758492211977,-2.233448079982086,0.47123889803846886,-1.3580086817458472,0.5235987755982987
939,1787225890.63543,2.086853825402419,0.47123889803846886,-1.4076968998515578,-2.2141395247102897,0.47123889803846886,-1.4045676903488347,0.5235987755982987
940,1787225890.6754556,2.1011945426324856,0.47123889803846886,-1.4333060176798602,-2.212046895977337,0.47123889803846886,-1.434959030275055,0.5235987755982987
941,1787225890.7172635,2.1048418152679975,0.47123889803846886,-1.4512908336389236,-2.2219644916946697,0.47123889803846886,-1.4578093418646838,0.5235987755982987
942,1787225890.7589934,2.10464352262548,0.47123889803846886,-1.4634537952808704,-2.223765188195778,0.47123889803846886,-1.4708522252330782,0.5235987755982987
943,1787225890.8019023,2.101341205006375,0.47123889803846886,-1.470629151557436,-2.198145202414212,0.47123889803846886,-1.47983018113535,0.5235987755982987
944,1787225890.8427663,2.0871775408366613,0.47123889803846886,-1.4744078571046946,-2.1632508379245117,0.47123889803846886,-1.487297020891405,0.5235987755982987
945,1787225890.8831437,2.073931984353807,0.47123889803846886,-1.4773651422645107,-2.142785862701338,0.47123889803846886,-1.49263290741513,0.5235987755982987
946,1787225890.9306898,2.0725875544814394,0.47123889803846886,-1.4808963062152336,-2.126871261524423,0.47123889803846886,-1.4971655779976383,0.5235987755982987
947,1787225890.9772844,2.074349286436613,0.47123889803846886,-1.486948424020782,-2.1199045655775324,0.47123889803846886,-1.501736474379443,0.5235987755982987
948,1787225891.024922,2.088631707396787,0.47123889803846886,-1.495349162910612,-2.1340241163013784,0.47123889803846886,-1.506174797329034,0.5235987755982987
949,1787225891.0683608,2.1033852112830798,0.47123889803846886,-1.5059970405164556,-2.1479935055932993,0.47123889803846886,-1.5105874478689625,0.5235987755982987
950,1787225891.1143668,2.1078581846145323,0.47123889803846886,-1.5156652496067502,-2.165436179780234,0.47123889803846886,-1.5140082138876747,0.5235987755982987
951,1787225891.183998,2.111255970452437,0.47123889803846886,-1.5219045730396825,-2.1724730826171523,0.47123889803846886,-1.5177787777105007,0.5235987755982987
952,1787225891.2309847,2.1125278879989082,0.47123889803846886,-1.524645436650311,-2.178894662604778,0.47123889803846886,-1.5218549277437674,0.5235987755982987
953,1787225891.2798307,2.113778286203638,0.47123889803846886,-1.5247216964530308,-2.1820396152370454,0.47123889803846886,-1.5242913328418568,0.5235987755982987
954,1787225891.3320997,2.1061420389257663,0.47123889803846886,-1.52374633409163,-2.182072800057191,0.47123889803846886,-1.5254895890573628,0.5235987755982987
955,1787225891.3729725,2.104034801384765,0.47123889803846886,-1.5231782584659483,-2.184091170312634,0.47123889803846886,-1.5263426602552677,0.5235987755982987
956,1787225891.4178247,2.105594408212663,0.47123889803846886,-1.5234527867470944,-2.193145718030659,0.47123889803846886,-1.5266035937815943,0.5235987755982987
957,1787225891.4718213,2.1109811552189863,0.47123889803846886,-1.5238505657691521,-2.197669771877601,0.47123889803846886,-1.527232872782705,0.5235987755982987
958,1787225891.5155978,2.118343625625034,0.47123889803846886,-1.5240992158716904,-2.2070098409336207,0.47123889803846886,-1.527359260380126,0.5235987755982987
959,1787225891.592727,2.123240445036953,0.47123889803846886,-1.523378784127552,-2.208628194219505,0.47123889803846886,-1.5286132935649213,0.5235987755982987
960,1787225891.6647072,2.120579796498787,0.47123889803846886,-1.5186980524482052,-2.215254605172956,0.47123889803846886,-1.531231966888301,0.5235987755982987
961,1787225891.7415028,2.1145732856395143,0.47123889803846886,-1.5124878473169037,-2.22462053507902,0.47123889803846886,-1.535659587608779,0.5235987755982987
962,1787225891.7915044,2.11180298693706,0.47123889803846886,-1.504071175800067,-2.2443537699085585,0.47123889803846886,-1.539652006702863,0.5235987755982987
963,1787225891.8414145,2.117700405947289,0.47123889803846886,-1.4957970766814648,-2.269049285702346,0.47123889803846886,-1.542346780958361,0.5235987755982987
964,1787225891.8826027,2.10943767116087,0.47123889803846886,-1.4883791474737957,-2.2726683358788486,0.47123889803846886,-1.5429993711053487,0.5235987755982987
965,1787225891.9260952,2.1033799018385397,0.47123889803846886,-1.4822494548135765,-2.2766901156348176,0.47123889803846886,-1.5421568239962888,0.5235987755982987
966,1787225891.9676201,2.1074511483438734,0.47123889803846886,-1.4775169042969862,-2.283229518078996,0.47123889803846886,-1.539745476505323,0.5235987755982987
967,1787225892.010329,2.1255923054614034,0.47123889803846886,-1.473955302431696,-2.3037252694983583,0.47123889803846886,-1.5369113667022822,0.5235987755982987
968,1787225892.0546982,2.134640825104428,0.47123889803846886,-1.471603389877693,-2.3095916639674687,0.47123889803846886,-1.5344104298361405,0.5235987755982987
969,1787225892.1046433,2.130537817817389,0.47123889803846886,-1.4702206506193554,-2.3036273979087962,0.47123889803846886,-1.5325387532042618,0.5235987755982987
970,1787225892.1508262,2.120124741627549,0.47123889803846886,-1.4695916832760907,-2.2944715833613154,0.47123889803846886,-1.531006672962917,0.5235987755982987
971,1787225892.192683,2.111441721155483,0.47123889803846886,-1.4701000380240683,-2.294055392047855,0.47123889803846886,-1.5298922469860878,0.5235987755982987
972,1787225892.2396207,2.100562401953324,0.47123889803846886,-1.4732581408653744,-2.2887624570048772,0.47123889803846886,-1.5291070238770734,0.5235987755982987
973,1787225892.2846828,2.0914694916624432,0.47123889803846886,-1.4775448746144881,-2.2837291757356386,0.47123889803846886,-1.5304906219026866,0.5235987755982987
974,1787225892.3268428,2.086641685377662,0.47123889803846886,-1.4816085466202618,-2.2801825036752996,0.47123889803846886,-1.5330182457478432,0.5235987755982987
975,1787225892.3737822,2.0807977620256723,0.47123889803846886,-1.485242640883232,-2.282226105680273,0.47123889803846886,-1.5355663287425652,0.5235987755982987
976,1787225892.4172268,2.0810718025613992,0.47123889803846886,-1.4888296947723654,-2.291027735364745,0.47123889803846886,-1.537615682518515,0.5235987755982987
977,1787225892.4589238,2.079389563931119,0.47123889803846886,-1.4929025475575695,-2.2961556060436727,0.47123889803846886,-1.538964802444053,0.5235987755982987
978,1787225892.5088665,2.084088068077609,0.47123889803846886,-1.4965657838152726,-2.309073264241288,0.47123889803846886,-1.5390396458318083,0.5235987755982987
979,1787225892.5557709,2.088414513808762,0.47123889803846886,-1.4996109639096726,-2.324885140987111,0.47123889803846886,-1.5324480313541518,0.5235987755982987
980,1787225892.5967565,2.0864385617922254,0.47123889803846886,-1.5003981597946352,-2.335843413208943,0.47123889803846886,-1.5253240840677336,0.5235987755982987
981,1787225892.638876,2.094102821704322,0.47123889803846886,-1.4992666157823054,-2.342966290153134,0.47123889803846886,-1.5189176099566026,0.5235987755982987
982,1787225892.6796353,2.094070885657661,0.47123889803846886,-1.4989854897217154,-2.347596160166858,0.47123889803846886,-1.5133848561393444,0.5235987755982987
983,1787225892.728724,2.0907636804076755,0.47123889803846886,-1.4983893723024617,-2.350605575675778,0.47123889803846886,-1.5078478636620563,0.5235987755982987
984,1787225892.7731802,2.0949413670555135,0.47123889803846886,-1.4976917978250666,-2.3525616957565765,0.47123889803846886,-1.501736759426199,0.5235987755982987
985,1787225892.8184156,2.10028926839004,0.47123889803846886,-1.4968415940695032,-2.3538331738090954,0.47123889803846886,-1.4948598684332435,0.5235987755982987
986,1787225892.862778,2.102557055887802,0.47123889803846886,-1.4943940943193397,-2.354659634543233,0.47123889803846886,-1.4887323630053722,0.5235987755982987
987,1787225892.9060314,2.098117033235725,0.47123889803846886,-1.4918442592430228,-2.3518761229273357,0.47123889803846886,-1.4820754978172643,0.5235987755982987
988,1787225892.9528112,2.0949220264490447,0.47123889803846886,-1.4898500758508835,-2.33663804840366,0.47123889803846886,-1.47742500109286,0.5235987755982987
989,1787225893.0066547,2.09463175943762,0.47123889803846886,-1.4879883228975594,-2.3171936346881683,0.47123889803846886,-1.4706191235022956,0.5235987755982987
990,1787225893.0482347,2.094468537562465,0.47123889803846886,-1.486337471297805,-2.285229083537103,0.47123889803846886,-1.4641919656029674,0.5235987755982987
991,1787225893.0926468,2.0901151738861774,0.47123889803846886,-1.4850369807651618,-2.2525534831389824,0.47123889803846886,-1.4586512539686325,0.5235987755982987
992,1787225893.1417205,2.0821023601848356,0.47123889803846886,-1.4836845481009513,-2.236546793381547,0.47123889803846886,-1.4510816327561396,0.5235987755982987
993,1787225893.1904225,2.077439236844538,0.47123889803846886,-1.4822592177066922,-2.2359890300737497,0.47123889803846886,-1.444504803613805,0.5235987755982987
994,1787225893.2331023,2.093523102161108,0.47123889803846886,-1.4810547267929661,-2.259292521169466,0.47123889803846886,-1.4411885880157884,0.5235987755982987
995,1787225893.2772129,2.0982342589424356,0.47123889803846886,-1.480497662272893,-2.274621265967176,0.47123889803846886,-1.43927046311701,0.5235987755982987
996,1787225893.3212106,2.0946567915794096,0.47123889803846886,-1.4805012697868987,-2.2840100210754124,0.47123889803846886,-1.4385307054722605,0.5235987755982987
997,1787225893.3643186,2.091190519128025,0.47123889803846886,-1.4804805388463131,-2.2942567803532725,0.47123889803846886,-1.4389924970985333,0.5235987755982987
998,1787225893.4060392,2.0932958982033587,0.47123889803846886,-1.4798869273690882,-2.3074414356961466,0.47123889803846886,-1.4405113268627454,0.5235987755982987
999,1787225893.4566355,2.1033066359788615,0.47123889803846886,-1.4795070112242104,-2.324505004769816,0.47123889803846886,-1.4420806091599163,0.5235987755982987
1000,1787225893.497605,2.1051634089696734,0.47123889803846886,-1.4793855363154158,-2.3355963246677014,0.47123889803846886,-1.444138560277445,0.5235987755982987
1001,1787225893.539731,2.1031618385130386,0.47123889803846886,-1.4790292218833192,-2.342805682601327,0.47123889803846886,-1.4481757148786456,0.5235987755982987
1002,1787225893.5823596,2.098602378217088,0.47123889803846886,-1.4788112569953278,-2.3473743915682563,0.47123889803846886,-1.4525259385147313,0.5235987755982987
1003,1787225893.6239955,2.098050482855076,0.47123889803846886,-1.4783663157904459,-2.3504614260866874,0.47123889803846886,-1.4567490590091965,0.5235987755982987
1004,1787225893.6655188,2.0966790766682726,0.47123889803846886,-1.47795260380095,-2.3524679985236676,0.47123889803846886,-1.460076476241396,0.5235987755982987
1005,1787225893.7093089,2.0964961833927136,0.47123889803846886,-1.4775164182138882,-2.3537722706077044,0.47123889803846886,-1.4628205806307524,0.5235987755982987
1006,1787225893.7553408,2.0960204624953023,0.47123889803846886,-1.4771530157812838,-2.354620047462329,0.47123889803846886,-1.464892319355331,0.5235987755982987
1007,1787225893.8033144,2.0928477215477073,0.47123889803846886,-1.4766415836229605,-2.355050464790513,0.47123889803846886,-1.4667300995074664,0.5235987755982987
1008,1787225893.84637,2.086967310115434,0.47123889803846886,-1.476257410946348,-2.3448878917869305,0.47123889803846886,-1.467997829570101,0.5235987755982987
1009,1787225893.8944604,2.0828717798305263,0.47123889803846886,-1.4758355237317897,-2.3353779644550534,0.47123889803846886,-1.4687713143255696,0.5235987755982987
1010,1787225893.9456413,2.0837716793407917,0.47123889803846886,-1.4757097290075274,-2.3325328669999053,0.47123889803846886,-1.469183966474957,0.5235987755982987
1011,1787225893.9913745,2.0859432208149356,0.47123889803846886,-1.4758468493925374,-2.3336530448121473,0.47123889803846886,-1.4687906438692482,0.5235987755982987
1012,1787225894.0341103,2.0850378724424274,0.47123889803846886,-1.4768493027486045,-2.333153955683711,0.47123889803846886,-1.467404053746507,0.5235987755982987
1013,1787225894.0770767,2.0863941765339313,0.47123889803846886,-1.4782556274429868,-2.332164785293272,0.47123889803846886,-1.4651355707117923,0.5235987755982987
1014,1787225894.1200445,2.08847613089947,0.47123889803846886,-1.479668302758931,-2.3293387629384474,0.47123889803846886,-1.4627079361024364,0.5235987755982987
1015,1787225894.1653442,2.0844816748739805,0.47123889803846886,-1.4805078752338152,-2.3178786265736546,0.47123889803846886,-1.4600673805201123,0.5235987755982987
1016,1787225894.2116473,2.0757450476877577,0.47123889803846886,-1.4805655639574746,-2.3026137859566376,0.47123889803846886,-1.4570857422878032,0.5235987755982987
1017,1787225894.2579072,2.0638851821696056,0.47123889803846886,-1.4809065078674941,-2.284304652173444,0.47123889803846886,-1.4532041250347822,0.5235987755982987
1018,1787225894.3019876,2.048793229532567,0.47123889803846886,-1.480429862682422,-2.2639281559381663,0.47123889803846886,-1.4495973631328374,0.5235987755982987
1019,1787225894.343835,2.0389885472169014,0.47123889803846886,-1.479461218730851,-2.242374658553579,0.47123889803846886,-1.4467287467050882,0.5235987755982987
1020,1787225894.3880692,2.0341041982803576,0.47123889803846886,-1.476699918369631,-2.224723574638409,0.47123889803846886,-1.4445068466419877,0.5235987755982987
1021,1787225894.4355953,2.036216556693322,0.47123889803846886,-1.4704677501002958,-2.222928860280721,0.47123889803846886,-1.4417874570812588,0.5235987755982987
1022,1787225894.4798121,2.0486865785354818,0.47123889803846886,-1.4650155119090453,-2.236045209234903,0.47123889803846886,-1.4398789414335142,0.5235987755982987
1023,1787225894.5238278,2.063802291073067,0.47123889803846886,-1.4608421655018462,-2.2523169078549996,0.47123889803846886,-1.4388887260880086,0.5235987755982987
1024,1787225894.567711,2.078046797533347,0.47123889803846886,-1.4567075079846148,-2.2629122805442563,0.47123889803846886,-1.440612184973539,0.5235987755982987
1025,1787225894.6110568,2.09587585829037,0.47123889803846886,-1.4554620450047557,-2.2401994766227933,0.47123889803846886,-1.4447504037159895,0.5235987755982987
1026,1787225894.6521437,2.1230871567314678,0.47123889803846886,-1.45780865890527,-2.2264523802349956,0.47123889803846886,-1.451139002154834,0.5235987755982987
1027,1787225894.7009444,2.1714665028624696,0.47123889803846886,-1.463264291082885,-2.2532492215453455,0.47123889803846886,-1.4607127248287761,0.5235987755982987
1028,1787225894.7432873,2.20819992055239,0.47123889803846886,-1.4698532691656543,-2.260524118658837,0.47123889803846886,-1.4684938439068098,0.5235987755982987
1029,1787225894.7865133,2.2237415234943594,0.47123889803846886,-1.475748503252201,-2.252081194224415,0.47123889803846886,-1.4737177219458042,0.5235987755982987
1030,1787225894.836108,2.2364626536760563,0.47123889803846886,-1.480875464892361,-2.267811237187229,0.47123889803846886,-1.484308600181247,0.5235987755982987
1031,1787225894.8803587,2.223112172484018,0.47123889803846886,-1.486448557078015,-2.267727743840338,0.47123889803846886,-1.4985817710094875,0.5235987755982987
1032,1787225894.9308615,2.225135283261979,0.47123889803846886,-1.4929057653825777,-2.2732390012561625,0.47123889803846886,-1.5133168665343213,0.5235987755982987
1033,1787225894.9763908,2.2289908185946428,0.47123889803846886,-1.4996517737872994,-2.2795982028131307,0.47123889803846886,-1.5260984228637655,0.5235987755982987
1034,1787225895.02758,2.2405852652487983,0.47123889803846886,-1.5072724657637564,-2.2844219330520756,0.47123889803846886,-1.5357659135526092,0.5235987755982987
1035,1787225895.083555,2.2523148721961834,0.47123889803846886,-1.5161971584548968,-2.286899553170873,0.47123889803846886,-1.5455181928281105,0.5235987755982987
1036,1787225895.1292505,2.2724779846123697,0.47123889803846886,-1.5252119591893392,-2.2773743602283685,0.47123889803846886,-1.55248194041129,0.5235987755982987
1037,1787225895.1716437,2.289841023817405,0.47123889803846886,-1.5316781689953323,-2.276542912663727,0.47123889803846886,-1.5585862832394781,0.5235987755982987
1038,1787225895.216283,2.3116364178082924,0.47123889803846886,-1.535402746106033,-2.2874778662824857,0.47123889803846886,-1.561101253290912,0.5235987755982987
1039,1787225895.2601116,2.3182167390357873,0.47123889803846886,-1.5391980460568444,-2.289369580174084,0.47123889803846886,-1.5620716192555757,0.5235987755982987
1040,1787225895.3060462,2.3232363672161807,0.47123889803846886,-1.5421257142748899,-2.288268831756848,0.47123889803846886,-1.562243278649668,0.5235987755982987
1041,1787225895.3514307,2.3347717102578383,0.47123889803846886,-1.5439951463046993,-2.293735338413887,0.47123889803846886,-1.5598261527163564,0.5235987755982987
1042,1787225895.3931031,2.3180943357601635,0.47123889803846886,-1.5450268898592645,-2.2891364444684483,0.47123889803846886,-1.5496297958263083,0.5235987755982987
1043,1787225895.4358032,2.300397985655093,0.47123889803846886,-1.544470116521076,-2.282673437200976,0.47123889803846886,-1.536082344029416,0.5235987755982987
1044,1787225895.4776058,2.2879257377443123,0.47123889803846886,-1.5433674024600457,-2.265956975417621,0.47123889803846886,-1.5229907687448478,0.5235987755982987
1045,1787225895.5210285,2.2706448943658124,0.47123889803846886,-1.542005898189533,-2.291543909471153,0.47123889803846886,-1.5089626432434706,0.5235987755982987
1046,1787225895.5615897,2.2441530262936444,0.47123889803846886,-1.5404568066365276,-2.31417161272357,0.47123889803846886,-1.4976270369868296,0.5235987755982987
1047,1787225895.6040754,2.2180957943152135,0.47123889803846886,-1.5380911446692958,-2.3288796198376414,0.47123889803846886,-1.4884359550545643,0.5235987755982987
1048,1787225895.6490312,2.205593184666303,0.47123889803846886,-1.5320023645440233,-2.335418604458553,0.47123889803846886,-1.4806982364623624,0.5235987755982987
1049,1787225895.694102,2.1816704943963376,0.47123889803846886,-1.5256359972263396,-2.326034861718706,0.47123889803846886,-1.4749216410490147,0.5235987755982987
1050,1787225895.7414887,2.1668977883114935,0.47123889803846886,-1.5214077694715413,-2.3287493713617615,0.47123889803846886,-1.4700455080053607,0.5235987755982987
1051,1787225895.782751,2.160062830072279,0.47123889803846886,-1.5175920049070535,-2.3383551629524657,0.47123889803846886,-1.4622567847474763,0.5235987755982987
1052,1787225895.8268697,2.139367266932169,0.47123889803846886,-1.5192071067815083,-2.3372864060324665,0.47123889803846886,-1.4555325841421984,0.5235987755982987
1053,1787225895.8777719,2.117733824689241,0.47123889803846886,-1.5279989149423372,-2.325877812592075,0.47123889803846886,-1.447792138696548,0.5235987755982987
1054,1787225895.9250302,2.109180686236223,0.47123889803846886,-1.539893197125151,-2.304912797995885,0.47123889803846886,-1.4412023109694665,0.5235987755982987
1055,1787225895.9660718,2.1104817801684224,0.47123889803846886,-1.5482362337659537,-2.283333365590373,0.47123889803846886,-1.4373848377642888,0.5235987755982987
1056,1787225896.011716,2.1043642871112267,0.47123889803846886,-1.5548511285527806,-2.2558574739203805,0.47123889803846886,-1.4333886846013897,0.5235987755982987
1057,1787225896.0575378,2.1109582674912253,0.47123889803846886,-1.5594722209964607,-2.256412711403067,0.47123889803846886,-1.4312847632385324,0.5235987755982987
1058,1787225896.108004,2.1129247201582064,0.47123889803846886,-1.555470442512322,-2.2431379532546747,0.47123889803846886,-1.4266422571954092,0.5235987755982987
1059,1787225896.1523414,2.1065810719725837,0.47123889803846886,-1.5434685973399431,-2.2418395014369157,0.47123889803846886,-1.432347345984915,0.5235987755982987
1060,1787225896.1951315,2.1071177238004117,0.47123889803846886,-1.5272653373993585,-2.253397911560458,0.47123889803846886,-1.4354745370519137,0.5235987755982987
1061,1787225896.2487462,2.1104494476275066,0.47123889803846886,-1.5139521504681248,-2.2893767140816186,0.47123889803846886,-1.4373585432535303,0.5235987755982987
1062,1787225896.2946863,2.0926670620569245,0.47123889803846886,-1.5037671293664066,-2.2902868215092638,0.47123889803846886,-1.4382357456134922,0.5235987755982987
1063,1787225896.3442898,2.068768539901156,0.47123889803846886,-1.4884070158898803,-2.284009036097664,0.47123889803846886,-1.4388081726880886,0.5235987755982987
1064,1787225896.3895023,2.052648436207456,0.47123889803846886,-1.4762558629416596,-2.274638854811118,0.47123889803846886,-1.4397836027643676,0.5235987755982987
1065,1787225896.443574,2.0363193465319513,0.47123889803846886,-1.463752177156036,-2.248979068613418,0.47123889803846886,-1.4358653363932588,0.5235987755982987
1066,1787225896.4921544,2.019514962125273,0.47123889803846886,-1.4572359697251551,-2.230474162846882,0.47123889803846886,-1.4330514576762952,0.5235987755982987
1067,1787225896.5393434,2.0009911062123686,0.47123889803846886,-1.4561381200093921,-2.2069299426071205,0.47123889803846886,-1.4315313666094829,0.5235987755982987
1068,1787225896.5875647,1.9721348434225536,0.47123889803846886,-1.46070156240037,-2.217919472201111,0.47123889803846886,-1.430367099631336,0.5235987755982987
1069,1787225896.6406782,1.9423917194789913,0.47123889803846886,-1.464848376938544,-2.2291661397970413,0.47123889803846886,-1.4320406129421004,0.5235987755982987
1070,1787225896.689672,1.9227750238251067,0.47123889803846886,-1.4699529533692537,-2.249333456706146,0.47123889803846886,-1.4354693585804583,0.5235987755982987
1071,1787225896.7333443,1.9244571901749699,0.47123889803846886,-1.4749121076638159,-2.264320866549733,0.47123889803846886,-1.4391024610266663,0.5235987755982987
1072,1787225896.7811565,1.9110330309509376,0.47123889803846886,-1.4778991020947432,-2.287328089374244,0.47123889803846886,-1.4418788491871897,0.5235987755982987
1073,1787225896.8307672,1.8866773941723713,0.47123889803846886,-1.480650789334696,-2.3114313296605795,0.47123889803846886,-1.4443529397142296,0.5235987755982987
1074,1787225896.8766813,1.8884990284983776,0.47123889803846886,-1.4835593516457912,-2.3270984358466977,0.47123889803846886,-1.447665458061676,0.5235987755982987
1075,1787225896.923176,1.9085440642806193,0.47123889803846886,-1.4868618352779923,-2.337282054867674,0.47123889803846886,-1.4511790327678724,0.5235987755982987
1076,1787225896.9710815,1.9101728068850745,0.47123889803846886,-1.4921171778023679,-2.343901407231309,0.47123889803846886,-1.4614973420636623,0.5235987755982987
1077,1787225897.0215526,1.9097990821151163,0.47123889803846886,-1.4968819175510286,-2.348203986267672,0.47123889803846886,-1.4720727805176632,0.5235987755982987
1078,1787225897.0683537,1.919523736782252,0.47123889803846886,-1.5013809535960698,-2.351000662641307,0.47123889803846886,-1.482234222747198,0.5235987755982987
1079,1787225897.1123714,2.0029650083659645,0.47123889803846886,-1.5042408207952653,-2.3528185022841703,0.47123889803846886,-1.4955937628355018,0.5235987755982987
1080,1787225897.160065,2.062087926166732,0.47123889803846886,-1.5068759940487095,-2.3540000980520315,0.47123889803846886,-1.506997426421801,0.5235987755982987
1081,1787225897.2045662,2.103117249969151,0.47123889803846886,-1.51291423038064,-2.354768135301141,0.47123889803846886,-1.515025252347925,0.5235987755982987
1082,1787225897.2486153,2.1389115236303073,0.47123889803846886,-1.5188640961777764,-2.3552673595130624,0.47123889803846886,-1.524219014427422,0.5235987755982987
1083,1787225897.303108,2.1761876003251963,0.47123889803846886,-1.524208257452218,-2.355591855250811,0.47123889803846886,-1.5313824157154832,0.5235987755982987
1084,1787225897.353586,2.193535150414143,0.47123889803846886,-1.5285902781414675,-2.355802777480348,0.47123889803846886,-1.5362866940643078,0.5235987755982987
1085,1787225897.3988311,2.2025504205188398,0.47123889803846886,-1.5278644996403434,-2.355939876929547,0.47123889803846886,-1.5361875519533235,0.5235987755982987
1086,1787225897.4440994,2.1779094466063413,0.47123889803846886,-1.525321975730384,-2.3560289915715265,0.47123889803846886,-1.5344837786275458,0.5235987755982987
1087,1787225897.4879682,2.1820792041254973,0.47123889803846886,-1.5186753903537633,-2.356086916088813,0.47123889803846886,-1.5317713512831634,0.5235987755982987
1088,1787225897.5426276,2.169351931196514,0.47123889803846886,-1.5074133018708316,-2.3561245670250495,0.47123889803846886,-1.5227950099444052,0.5235987755982987
1089,1787225897.5868862,2.1686798917482935,0.47123889803846886,-1.4974066198465488,-2.356149040133603,0.47123889803846886,-1.512256102743939,0.5235987755982987
1090,1787225897.6301188,2.1120597689037695,0.47123889803846886,-1.4889273763692423,-2.356164947654163,0.47123889803846886,-1.5006820222637933,0.5235987755982987
1091,1787225897.6796386,2.0785066553999734,0.47123889803846886,-1.4776957658975536,-2.3561752875425266,0.47123889803846886,-1.485125110115058,0.5235987755982987
1092,1787225897.7280884,2.032973232430196,0.47123889803846886,-1.4689594751438868,-2.356182008469963,0.47123889803846886,-1.470327692083322,0.5235987755982987
1093,1787225897.7746463,1.9962570617991848,0.47123889803846886,-1.4645399648891526,-2.3561863770727967,0.47123889803846886,-1.4603306001969614,0.5235987755982987
1094,1787225897.8185682,1.9872841273722037,0.47123889803846886,-1.4608988686920013,-2.3561892166646388,0.47123889803846886,-1.4530765974653215,0.5235987755982987
1095,1787225897.8597176,1.999966285709946,0.47123889803846886,-1.4581893201914504,-2.356191062399336,0.47123889803846886,-1.4483345168145778,0.5235987755982987
1096,1787225897.9030807,2.0182039980344095,0.47123889803846886,-1.457708623157282,-2.356192262126889,0.47123889803846886,-1.4473255771066633,0.5235987755982987
1097,1787225897.955536,2.0463567331477455,0.47123889803846886,-1.4594275756383372,-2.3561930419497985,0.47123889803846886,-1.4479279919108654,0.5235987755982987
1098,1787225898.0025418,2.098934799078523,0.47123889803846886,-1.4672414289749534,-2.35619354883469,0.47123889803846886,-1.4531357822957496,0.5235987755982987
1099,1787225898.0521693,2.146516257715848,0.47123889803846886,-1.4767377024505972,-2.3561938783098695,0.47123889803846886,-1.4587137847159626,0.5235987755982987
1100,1787225898.093598,2.1667314886778075,0.47123889803846886,-1.486611707325192,-2.356194092468736,0.47123889803846886,-1.4663200631154851,0.5235987755982987
1101,1787225898.1364942,2.1814820084219493,0.47123889803846886,-1.4953617899883183,-2.3561942316719993,0.47123889803846886,-1.4726557909301965,0.5235987755982987
1102,1787225898.1793685,2.1641253109771386,0.47123889803846886,-1.5004240692808952,-2.35619432215412,0.47123889803846886,-1.4775920157361906,0.5235987755982987
1103,1787225898.2330441,2.1544962692316294,0.47123889803846886,-1.5030792411928244,-2.356194380967499,0.47123889803846886,-1.4821658309396044,0.5235987755982987
1104,1787225898.2792904,2.126899053056864,0.47123889803846886,-1.5051278294513035,-2.356194419196195,0.47123889803846886,-1.4870834144743332,0.5235987755982987
1105,1787225898.3263173,2.1102407625120936,0.47123889803846886,-1.5071023264643195,-2.3561944440448475,0.47123889803846886,-1.4915753449857503,0.5235987755982987
1106,1787225898.373862,2.114104280504397,0.47123889803846886,-1.5098525935450866,-2.3561944601964715,0.47123889803846886,-1.4950247309440474,0.5235987755982987
1107,1787225898.42006,2.143733823978759,0.47123889803846886,-1.512062015584306,-2.3561944706950273,0.47123889803846886,-1.49814522851534,0.5235987755982987
1108,1787225898.4679291,2.1659642386452367,0.47123889803846886,-1.516447870386488,-2.3561944775190886,0.47123889803846886,-1.4996655759863478,0.5235987755982987
1109,1787225898.5114594,2.2031962425328575,0.47123889803846886,-1.5197653136685774,-2.356194481954728,0.47123889803846886,-1.4989417752991692,0.5235987755982987
1110,1787225898.5575886,2.225548744461554,0.47123889803846886,-1.5233589606604867,-2.3561944848378937,0.47123889803846886,-1.4955118089110235,0.5235987755982987
1111,1787225898.6091406,2.2489074181906554,0.47123889803846886,-1.5255938495926165,-2.356194486711952,0.47123889803846886,-1.4905299334964703,0.5235987755982987
1112,1787225898.656735,2.2597433974043506,0.47123889803846886,-1.5266637461274875,-2.3561944879300896,0.47123889803846886,-1.4859809255526657,0.5235987755982987
1113,1787225898.706199,2.2935012798801484,0.47123889803846886,-1.5275883757069622,-2.356194488721879,0.47123889803846886,-1.4825266585396422,0.5235987755982987
1114,1787225898.7686121,2.3087684086586635,0.47123889803846886,-1.528320012763937,-2.3561944892365423,0.47123889803846886,-1.4729634764242918,0.5235987755982987
1115,1787225898.8157294,2.3226583379048416,0.47123889803846886,-1.5314745193552273,-2.356194489571073,0.47123889803846886,-1.4541882244760802,0.5235987755982987
1116,1787225898.8642793,2.3343959912054677,0.47123889803846886,-1.5361772181992164,-2.356194489788518,0.47123889803846886,-1.4413533954816982,0.5235987755982987
1117,1787225898.9104817,2.3294999015679707,0.47123889803846886,-1.5421597480817493,-2.3561944899298575,0.47123889803846886,-1.4356453967161724,0.5235987755982987
1118,1787225898.9776628,2.338843007586502,0.47123889803846886,-1.5377204818398167,-2.3561944900217284,0.47123889803846886,-1.4280780705083347,0.5235987755982987
1119,1787225899.0323126,2.344916026498547,0.47123889803846886,-1.5358164304871667,-2.356194490081444,0.47123889803846886,-1.4221567640396993,0.5235987755982987
1120,1787225899.0977576,2.3322223114701854,0.47123889803846886,-1.5279652308583884,-2.3561944901202594,0.47123889803846886,-1.4162554857526028,0.5235987755982987
1121,1787225899.168887,2.299580704373229,0.47123889803846886,-1.5236020311088905,-2.3561944901454894,0.47123889803846886,-1.4164880047040886,0.5235987755982987
1122,1787225899.2246795,2.2439923973434572,0.47123889803846886,-1.5129165456200788,-2.356194490161889,0.47123889803846886,-1.418049813218694,0.5235987755982987
1123,1787225899.2735147,2.1842443012949126,0.47123889803846886,-1.4984268297091226,-2.3561944901725487,0.47123889803846886,-1.4199722720683423,0.5235987755982987
1124,1787225899.33361,2.1437784613820323,0.47123889803846886,-1.4827327562158064,-2.3561944901794774,0.47123889803846886,-1.424742957740833,0.5235987755982987
1125,1787225899.3811605,2.1079564565556517,0.47123889803846886,-1.4642343130947753,-2.356194490183981,0.47123889803846886,-1.4267264350090458,0.5235987755982987
1126,1787225899.4227383,2.0694495336816465,0.47123889803846886,-1.4488108332469143,-2.3561944901869083,0.47123889803846886,-1.4252763007502711,0.5235987755982987
1127,1787225899.4648206,2.0644996074148176,0.47123889803846886,-1.4279507298100247,-2.356194490188811,0.47123889803846886,-1.421525740982397,0.5235987755982987
1128,1787225899.5083892,2.1355668192083384,0.47123889803846886,-1.4065497835996497,-2.356194490190048,0.47123889803846886,-1.4144196114837313,0.5235987755982987
1129,1787225899.5494778,2.210152895773397,0.47123889803846886,-1.412372912118067,-2.356194490190852,0.47123889803846886,-1.3903500259522024,0.5235987755982987
1130,1787225899.5980625,2.216329520046803,0.47123889803846886,-1.4265556664551338,-2.3561944901913745,0.47123889803846886,-1.3664097775747637,0.5235987755982987
1131,1787225899.6420267,2.173517459407814,0.47123889803846886,-1.4514590002370427,-2.3561944901917142,0.47123889803846886,-1.3411890090921414,0.5235987755982987
1132,1787225899.6859818,2.151378642499055,0.47123889803846886,-1.490976410476164,-2.356194490191935,0.47123889803846886,-1.321557128407168,0.5235987755982987
1133,1787225899.7288046,2.1922129032047843,0.47123889803846886,-1.5169764030793074,-2.3561944901920784,0.47123889803846886,-1.298571950092988,0.5235987755982987
1134,1787225899.7707546,1.9597338064794982,0.47123889803846886,-1.508435394610245,-2.3561944901921716,0.47123889803846886,-1.2727789551645121,0.5235987755982987
1135,1787225899.8162258,1.9831512836874126,0.47123889803846886,-1.5137729578073365,-2.356194490192232,0.47123889803846886,-1.2439063974026106,0.5235987755982987
1136,1787225899.856198,2.0516261121124924,0.47123889803846886,-1.5303984127779824,-2.3561944901922716,0.47123889803846886,-1.2150796296201056,0.5235987755982987
1137,1787225899.8994298,2.1582250444404405,0.47123889803846886,-1.5112101068285835,-2.3561944901922973,0.47123889803846886,-1.1920039256482893,0.5235987755982987
1138,1787225899.9461293,2.227514350453607,0.47123889803846886,-1.4762431487149388,-2.3561944901923138,0.47123889803846886,-1.179562550372368,0.5235987755982987
1141,1787225900.1011028,2.2725523993621652,0.47123889803846886,-1.4467564091418634,-2.3561944901923244,0.47123889803846886,-1.1821872731295175,0.5235987755982987
1142,1787225900.1656432,2.301827131152728,0.47123889803846886,-1.481839486061986,-2.3561944901923315,0.47123889803846886,-1.1661946064656727,0.5235987755982987
1143,1787225900.2136765,2.320855706816594,0.47123889803846886,-1.4668239902466391,-2.356194490192336,0.47123889803846886,-1.1323848342605944,0.5235987755982987
1144,1787225900.2599902,2.333224280998107,0.47123889803846886,-1.4531590212950949,-2.356194490192339,0.47123889803846886,-1.1045725644213118,0.5235987755982987
1145,1787225900.3061633,2.3412638542160904,0.47123889803846886,-1.4290527403294186,-2.3561944901923413,0.47123889803846886,-1.0816364411183637,0.5235987755982987
1146,1787225900.3479657,2.3464895768077794,0.47123889803846886,-1.403657920426197,-2.3561944901923426,0.47123889803846886,-1.0538822740158467,0.5235987755982987
1147,1787225900.3986275,2.349886296492377,0.47123889803846886,-1.3785699737098156,-2.3561944901923435,0.47123889803846886,-1.0276266812494093,0.5235987755982987
1148,1787225900.4440944,2.352094164287366,0.47123889803846886,-1.349520089874368,-2.356194490192344,0.47123889803846886,-1.0090037228357087,0.5235987755982987
1149,1787225900.4859738,2.3535292783541086,0.47123889803846886,-1.314336417051579,-2.3561944901923444,0.47123889803846886,-0.9989083108564693,0.5235987755982987
1150,1787225900.529017,2.3109908931437073,0.47123889803846886,-1.2717554713317947,-2.356194490192345,0.47123889803846886,-0.9906681991000845,0.5235987755982987
1157,1787225900.9870138,2.059140212647537,0.47123889803846886,-1.3283633068668599,-2.356194490192345,0.47123889803846886,-0.8603644244246874,0.5235987755982987
1158,1787225901.0559525,2.16310920978822,0.47123889803846886,-1.4121107490409246,-2.356194490192345,0.47123889803846886,-1.020921405801358,0.5235987755982987
1159,1787225901.1015432,2.2306890579296637,0.47123889803846886,-1.4615660153056527,-2.356194490192345,0.47123889803846886,-1.1667592490467507,0.5235987755982987
1160,1787225901.1528037,2.2746159592216024,0.47123889803846886,-1.4968140895623883,-2.356194490192345,0.47123889803846886,-1.2770458136402256,0.5235987755982987
1161,1787225901.1977677,2.3031684450613623,0.47123889803846886,-1.5135650513467371,-2.356194490192345,0.47123889803846886,-1.3553931015498415,0.5235987755982987
1162,1787225901.2393165,2.321727560857206,0.47123889803846886,-1.5326768511299966,-2.356194490192345,0.47123889803846886,-1.4131619688008499,0.5235987755982987
1163,1787225901.284787,2.3337909861245048,0.47123889803846886,-1.5442474329908893,-2.3273495051925623,0.47123889803846886,-1.4478363901744453,0.5235987755982987
1164,1787225901.327035,2.341632212548249,0.47123889803846886,-1.5505076117036598,-2.337445249942486,0.47123889803846886,-1.4666365439471676,0.5235987755982987
1165,1787225901.3697143,2.3155897345263874,0.47123889803846886,-1.5517738412892736,-2.3440074840299365,0.47123889803846886,-1.4834392794064484,0.5235987755982987
1166,1787225901.412016,2.3255196774751106,0.47123889803846886,-1.5521216223978818,-2.3482729361867793,0.47123889803846886,-1.4940465026222967,0.5235987755982987
1167,1787225901.461782,2.3201509066816395,0.47123889803846886,-1.5526814588463926,-2.351045480088727,0.47123889803846886,-1.5108504765287285,0.5235987755982987
1168,1787225901.5038407,2.3247026010458725,0.47123889803846886,-1.5525219515537203,-2.352847633624993,0.47123889803846886,-1.530889786834663,0.5235987755982987
1169,1787225901.5548434,2.3357247622471378,0.47123889803846886,-1.5546163165604665,-2.354019033423566,0.47123889803846886,-1.5448100230414408,0.5235987755982987
1170,1787225901.6012833,2.3428891670279604,0.47123889803846886,-1.5555386691732322,-2.354780443292639,0.47123889803846886,-1.5456802899042055,0.5235987755982987
1171,1787225901.6526475,2.347546030135495,0.47123889803846886,-1.5598674950693299,-2.355275359707536,0.47123889803846886,-1.5502152959473428,0.5235987755982987
1172,1787225901.6988337,2.3505729911553925,0.47123889803846886,-1.5627916151809407,-2.355597055377219,0.47123889803846886,-1.5570754267294646,0.5235987755982987
1173,1787225901.7413552,2.344541361448387,0.47123889803846886,-1.5631729109500996,-2.1553801987683174,0.47123889803846886,-1.561452252142216,0.5235987755982987
1174,1787225901.7906122,2.311217204085462,0.47123889803846886,-1.5605761605681492,-1.8277148109382573,0.47123889803846886,-1.5538751725280924,0.5235987755982987
1175,1787225901.8340871,2.2565441411877645,0.47123889803846886,-1.5514485401748752,-1.9974521177717808,0.47123889803846886,-1.5568667846429074,0.5235987755982987
1176,1787225901.8771105,2.201263860289406,0.47123889803846886,-1.5432350715895253,-2.0374452637492513,0.47123889803846886,-1.5492120069776765,0.5235987755982987
1177,1787225901.9265637,2.1954015303289793,0.47123889803846886,-1.5333500098736894,-2.1490074930043344,0.47123889803846886,-1.5451435660436845,0.5235987755982987
1178,1787225901.9748862,2.2061458144353754,0.47123889803846886,-1.5273727266884043,-2.221522942020138,0.47123889803846886,-1.5334122922055824,0.5235987755982987
1179,1787225902.0175323,2.2305541691545887,0.47123889803846886,-1.5321777117498252,-1.9837195380875794,0.47123889803846886,-1.5248745573494482,0.5235987755982987
1180,1787225902.0587082,2.256417089517246,0.47123889803846886,-1.541600257436416,-1.9622329712579702,0.47123889803846886,-1.526415777599079,0.5235987755982987
1181,1787225902.0995169,2.2713563031793846,0.47123889803846886,-1.5485488293181287,-2.0931438144140673,0.47123889803846886,-1.537429627273546,0.5235987755982987
1182,1787225902.1398213,2.2929680383304247,0.47123889803846886,-1.555457857554568,-2.1852115509364642,0.47123889803846886,-1.5442284799812755,0.5235987755982987
1183,1787225902.1888487,2.315097296482097,0.47123889803846886,-1.551754950025063,-2.2450555796760225,0.47123889803846886,-1.5468643747662774,0.5235987755982987
1184,1787225902.2370162,2.3294813142806836,0.47123889803846886,-1.552846479327389,-2.283954198356735,0.47123889803846886,-1.5493409417705237,0.5235987755982987
1185,1787225902.28576,2.338830925849765,0.47123889803846886,-1.5503752761270007,-2.3092383004991985,0.47123889803846886,-1.5464276935860988,0.5235987755982987
1186,1787225902.333999,2.344908173369668,0.47123889803846886,-1.5445172324298877,-2.3256729668917995,0.47123889803846886,-1.5422968012744813,0.5235987755982987
1187,1787225902.387725,2.348858384257605,0.47123889803846886,-1.5334989321184502,-2.3363555000469907,0.47123889803846886,-1.5368547313028276,0.5235987755982987
1188,1787225902.441909,2.351426021334764,0.47123889803846886,-1.5284538527442908,-2.3432991465978645,0.47123889803846886,-1.5323851533478803,0.5235987755982987
1189,1787225902.4886668,2.3530949854349172,0.47123889803846886,-1.5278756822333694,-2.3478125168559325,0.47123889803846886,-1.5191114387784084,0.5235987755982987
1190,1787225902.5308409,2.354179812100017,0.47123889803846886,-1.5222350566076588,-2.350746207523677,0.47123889803846886,-1.5139554664650658,0.5235987755982987
1191,1787225902.5791862,2.3548849494323316,0.47123889803846886,-1.5141508991948482,-2.2691280672472773,0.47123889803846886,-1.51829292383337,0.5235987755982987
1192,1787225902.631725,2.3553432886983363,0.47123889803846886,-1.5091411350173982,-2.2667943473591157,0.47123889803846886,-1.5146045049411663,0.5235987755982987
1193,1787225902.676801,2.3556412092212393,0.47123889803846886,-1.4855461417801459,-2.0350408456768285,0.47123889803846886,-1.5135246618142695,0.5235987755982987
1194,1787225902.7215555,2.3558348575611263,0.47123889803846886,-1.4767860416529237,-2.0162451291381953,0.47123889803846886,-1.5160470911927937,0.5235987755982987
1195,1787225902.7867386,2.355960728982053,0.47123889803846886,-1.4728974276138662,-2.0068428519529893,0.47123889803846886,-1.5336177011877765,0.5235987755982987
1196,1787225902.8316243,2.3560425454056553,0.47123889803846886,-1.4813084764297841,-2.1291159253367637,0.47123889803846886,-1.5454250979179822,0.5235987755982987
1197,1787225902.8796577,2.356095726080997,0.47123889803846886,-1.4887289424948273,-2.208593423036217,0.47123889803846886,-1.5221101975984288,0.5235987755982987
1198,1787225902.9283037,2.3561302935199686,0.47123889803846886,-1.4985502431362474,-2.2602537965408622,0.47123889803846886,-1.5028781467125345,0.5235987755982987
1199,1787225902.9712358,2.3561527623553005,0.47123889803846886,-1.5045851377715778,-2.2938330393188813,0.47123889803846886,-1.4805380571166504,0.5235987755982987
1200,1787225903.0238876,2.356167367098266,0.47123889803846886,-1.5044596721149417,-2.3156595471245938,0.47123889803846886,-1.454152565091467,0.5235987755982987
1201,1787225903.0776641,2.3561768601811934,0.47123889803846886,-1.5006422233773917,-2.3298467771983065,0.47123889803846886,-1.428692411997419,0.5235987755982987
1202,1787225903.125625,2.3561830306850964,0.47123889803846886,-1.5034574296709966,-2.33906847674622,0.47123889803846886,-1.4374167451785258,0.5235987755982987
1203,1787225903.167705,2.3561870415126336,0.47123889803846886,-1.5056991990718724,-2.244638843202967,0.47123889803846886,-1.4511250033897416,0.5235987755982987
1204,1787225903.2198718,2.3561896485505325,0.47123889803846886,-1.5069756635598166,-2.208954537669884,0.47123889803846886,-1.4553893890618972,0.5235987755982987
1205,1787225903.2800078,2.356191343125167,0.47123889803846886,-1.4966116110246235,-1.8322899678355242,0.47123889803846886,-1.4130751936908534,0.5235987755982987
1206,1787225903.3357751,2.3561924445986793,0.47123889803846886,-1.4906426561010064,-1.544355129949265,0.47123889803846886,-1.3571325587172405,0.5235987755982987
1207,1787225903.383479,2.307361490942503,0.47123889803846886,-1.454817966639224,-1.828498906034343,0.47123889803846886,-1.1613262995456783,0.5235987755982987
1208,1787225903.431786,2.303538777772182,0.47123889803846886,-1.4244535889263656,-2.0098205068574915,0.47123889803846886,-0.9704163924382498,0.5235987755982987
1209,1787225903.4766016,2.2378543386855085,0.47123889803846886,-1.4316305385079557,-2.0878828433046053,0.47123889803846886,-1.1068875216202283,0.5235987755982987
1210,1787225903.5264955,2.1964112482783404,0.47123889803846886,-1.4650794984156237,-2.181791919715314,0.47123889803846886,-1.220513637627337,0.5235987755982987
1211,1787225903.5712235,2.252335382948242,0.47123889803846886,-1.4770620833689656,-2.242832819382275,0.47123889803846886,-1.3349366722366809,0.5235987755982987
1212,1787225903.619614,2.1337775602569367,0.47123889803846886,-1.4778720798390839,-2.2795218049481365,0.47123889803846886,-1.3849853006237818,0.5235987755982987
1213,1787225903.6674736,2.200706055924589,0.47123889803846886,-1.4193934946963322,-2.3063572447836096,0.47123889803846886,-0.8622329608282421,0.5235987755982987
1214,1787225903.7106714,2.2551270079183032,0.47123889803846886,-1.2647267706066732,-2.323800280676667,0.47123889803846886,-0.6333485769484622,0.5235987755982987
1215,1787225903.7556612,2.1841643974203433,0.47123889803846886,-0.9949037828257012,-1.7304715746957446,0.47123889803846886,-0.5202577730146736,0.5235987755982987
1216,1787225903.8046358,1.9698454077966514,0.47123889803846886,-0.7826796135642979,-1.4721809592176611,0.47123889803846886,-0.5056127911894538,0.5235987755982987
1217,1787225903.854568,1.8934523509104801,0.47123889803846886,-0.5538946320703763,-1.2601397316587089,0.47123889803846886,-0.3867303623828757,0.5235987755982987
1218,1787225903.9013364,1.8183466811890239,0.47123889803846886,-0.4365956991048894,-1.171393086533467,0.47123889803846886,-0.3286031651400879,0.5235987755982987
1219,1787225903.95188,2.0065934143401862,0.47123889803846886,-0.3037726373319265,-1.1088863036326615,0.47123889803846886,-0.2574864867980264,0.5235987755982987
1220,1787225903.996524,2.128953790888442,0.47123889803846886,-0.7010466751658152,-1.4746034265382504,0.47123889803846886,0.19549189201148334,0.5235987755982987
1221,1787225904.0416749,2.208488035644808,0.47123889803846886,-0.9775825233652221,-1.7831602988171835,0.47123889803846886,0.5871841653533723,0.5235987755982987
1222,1787225904.086914,2.260185294736446,0.47123889803846886,-1.1471358783686483,-1.98372226579849,0.47123889803846886,-0.0983942924790775,0.5235987755982987
1223,1787225904.1302457,2.021699580953046,0.47123889803846886,-1.273875484689032,-1.8276296390909874,0.47123889803846886,-0.5323969375601877,0.5235987755982987
1224,1787225904.1729765,1.6608238393753378,0.47123889803846886,-1.3255877446637796,-2.005941797939991,0.47123889803846886,-0.6085695549493835,0.5235987755982987
1225,1787225904.2207084,1.7353180017054357,0.47123889803846886,-1.38994398072413,-1.9305536940233181,0.47123889803846886,-0.7265672039561503,0.5235987755982987
1226,1787225904.2696166,1.8172318546574804,0.47123889803846886,-1.4407776846212275,-2.0795279726824774,0.47123889803846886,-0.9369567237538248,0.5235987755982987
1227,1787225904.316043,2.0058687770946833,0.47123889803846886,-1.407547046586991,-1.6529141648639527,0.47123889803846886,-0.9967738100863586,0.5235987755982987
1228,1787225904.3668897,2.1284827766788648,0.47123889803846886,-1.126825822922674,-1.7939466059301408,0.47123889803846886,-1.0259783993148466,0.5235987755982987
1229,1787225904.4086232,2.1719478214774646,0.47123889803846886,-1.2446572238001765,-1.5321033683371028,0.47123889803846886,-1.0683135235152503,0.5235987755982987
1230,1787225904.4496171,2.073739955737515,0.47123889803846886,-1.2905553827848764,-1.2052092128222773,0.47123889803846886,-1.0382026137299514,0.5235987755982987
1231,1787225904.4928408,1.9996301058212547,0.47123889803846886,-1.322073411328471,-1.3811903873324944,0.47123889803846886,-1.0557780307476448,0.5235987755982987
1232,1787225904.539574,1.7886966615536546,0.47123889803846886,-1.2910888249154189,-1.1046096980554985,0.47123889803846886,-1.0885115652000175,0.5235987755982987
1233,1787225904.5854213,1.5699271274827207,0.47123889803846886,-1.2469703583357543,-1.3160470429126643,0.47123889803846886,-1.0800859719650364,0.5235987755982987
1234,1787225904.6273222,1.833692188689354,0.47123889803846886,-1.2850719698958681,-1.1342062496519807,0.47123889803846886,-1.0745709226914797,0.5235987755982987
1235,1787225904.676594,2.016567994215401,0.47123889803846886,-1.3756824922991322,-0.9575478639431971,0.47123889803846886,-1.1121533389325562,0.5235987755982987
1236,1787225904.7336068,2.1354372678073315,0.47123889803846886,-1.4331579482640437,-1.3048195593075396,0.47123889803846886,-1.1288120460359832,0.5235987755982987
1237,1787225904.7805662,2.212702295642086,0.47123889803846886,-1.4776146648169028,-1.5547116623641561,0.47123889803846886,-1.1230566280415917,0.5235987755982987
1238,1787225904.8234015,2.2629245637346767,0.47123889803846886,-1.503236273517289,-1.8352306521040223,0.47123889803846886,-1.1331821450666624,0.5235987755982987
1239,1787225904.8682399,2.2955690379948606,0.47123889803846886,-1.5243245455093168,-2.017567995434935,0.47123889803846886,-1.1290648448172145,0.5235987755982987
1240,1787225904.9186723,2.31678794626398,0.47123889803846886,-1.5225389957729794,-2.1360872686000283,0.47123889803846886,-1.1874996109114695,0.5235987755982987
1241,1787225904.964751,2.1774640467197868,0.47123889803846886,-1.470479325776136,-2.213124796157339,0.47123889803846886,-1.1762688268875239,0.5235987755982987
1242,1787225905.0151682,2.1380728826778093,0.47123889803846886,-1.4496378099042735,-2.2631991890695913,0.47123889803846886,-1.0325976891272468,0.5235987755982987
1243,1787225905.0625708,2.1791482254269607,0.47123889803846886,-1.4434055802383374,-2.295747544462555,0.47123889803846886,-0.9756292237066719,0.5235987755982987
1244,1787225905.1096447,2.2411144180948455,0.47123889803846886,-1.451373141695442,-1.7161134105813667,0.47123889803846886,-0.9588013623735581,0.5235987755982987
1245,1787225905.1560864,2.2813924433289703,0.47123889803846886,-1.4849094760977022,-1.4764957911225824,0.47123889803846886,-0.9841623890255806,0.5235987755982987
1246,1787225905.2080615,2.164980609523143,0.47123889803846886,-1.4338273430477209,-1.6439930109857126,0.47123889803846886,-1.0109750138303673,0.5235987755982987
1247,1787225905.2534575,2.2319054677573638,0.47123889803846886,-1.4473515401338695,-1.202269349852683,0.47123889803846886,-0.3461248823745749,0.5235987755982987
1248,1787225905.3002915,2.275406625609607,0.47123889803846886,-1.409920497630199,-1.096691057264497,0.47123889803846886,-0.4703549467882028,0.5235987755982987
1249,1787225905.3446429,2.3036823782135656,0.47123889803846886,-1.4085239688091664,-1.5375172587892436,0.47123889803846886,-0.5795359920636085,0.5235987755982987
1250,1787225905.389087,2.3220616174061384,0.47123889803846886,-1.4296522049066769,-1.4318062461295686,0.47123889803846886,-0.380587860154977,0.5235987755982987
1251,1787225905.439623,2.3340081228813108,0.47123889803846886,-1.1026417765626244,-1.0541417299673577,0.47123889803846886,0.04761574950694619,0.5235987755982987
1263,1787225905.9755244,1.9105216026141534,0.47123889803846886,-0.48391189532029844,-0.8201003245885647,0.47123889803846886,0.2931302794356478,0.5235987755982987
1264,1787225906.0600872,1.8882478491320276,0.47123889803846886,0.09066910954645574,-1.3577332825498878,0.47123889803846886,-0.24097295384846526,0.5235987755982987
1265,1787225906.1131387,2.0520291735031386,0.47123889803846886,0.5534494405979644,-1.7071947052247478,0.47123889803846886,-0.6794859817271425,0.5235987755982987
1266,1787225906.1541488,1.622572602231862,0.47123889803846886,0.8531472288815987,-1.9343446299634068,0.47123889803846886,-0.9293824433588859,0.5235987755982987
1267,1787225906.1990576,1.5906761988001703,0.47123889803846886,1.1025589362264854,-2.081992081043535,0.47123889803846886,-0.99227423255061,0.5235987755982987
1268,1787225906.2452257,1.3915227245864439,0.47123889803846886,1.2606126037891632,-2.1779629242456187,0.47123889803846886,-1.1941649414544164,0.5235987755982987
1269,1787225906.2966638,1.0927789023945715,0.47123889803846886,1.3502047224236065,-2.240343972326973,0.47123889803846886,-1.3178814814906818,0.5235987755982987
1270,1787225906.3390756,1.5349743581237922,0.47123889803846886,0.3586091389322338,-2.280891653579853,0.47123889803846886,-1.3606293163150252,0.5235987755982987
1271,1787225906.379837,1.2390994663088157,0.47123889803846886,-0.21253648875685874,-2.307247646394225,0.47123889803846886,-1.3668104014611924,0.5235987755982987
1272,1787225906.4240143,1.630082724668051,0.47123889803846886,0.11959061938813192,-2.3243790417235672,0.47123889803846886,-1.3599485165804936,0.5235987755982987
1273,1787225906.4668286,1.5828847208956778,0.47123889803846886,-0.34166347688941545,-2.3355144486876394,0.47123889803846886,-1.2955716634362822,0.5235987755982987
1274,1787225906.515564,1.761908901477136,0.47123889803846886,-0.750664720259975,-2.3427524632142864,0.47123889803846886,-1.287850940114367,0.5235987755982987
1275,1787225906.5585666,1.914101012089103,0.47123889803846886,-0.9615423216750574,-2.3474571726566067,0.47123889803846886,-1.2263110580885235,0.5235987755982987
1276,1787225906.6011982,1.8650734796561173,0.47123889803846886,-0.9640314694556329,-1.819986628399786,0.47123889803846886,-0.3532854025789387,0.5235987755982987
1277,1787225906.6464784,2.0322259871607153,0.47123889803846886,-0.8426978842472097,-1.7520428156832946,0.47123889803846886,0.318778923436684,0.5235987755982987
1278,1787225906.6891174,2.0232967296598003,0.47123889803846886,-0.5264517506521773,-1.7919101952788399,0.47123889803846886,0.732114516560928,0.5235987755982987
1279,1787225906.7395406,2.089797277043388,0.47123889803846886,-0.2435513080715935,-1.978033283450392,0.47123889803846886,1.0191580484366018,0.5235987755982987
1280,1787225906.787214,1.7065651172564786,0.47123889803846886,0.06887985234447172,-2.110389705810076,0.47123889803846886,0.3363010128845468,0.5235987755982987
1281,1787225906.8283422,1.933935397784032,0.47123889803846886,0.3070233252629598,-2.19642138034387,0.47123889803846886,0.6317654605542795,0.5235987755982987
1282,1787225906.8745918,2.0817260801269413,0.47123889803846886,0.4653080295951235,-2.2523419687908364,0.47123889803846886,0.4608192338320919,0.5235987755982987
1283,1787225906.919579,2.130305315904117,0.47123889803846886,0.5641130281246146,-2.2886903512813643,0.47123889803846886,-0.05398541536791851,0.5235987755982987
1284,1787225906.9707148,2.2093665269049967,0.47123889803846886,0.6220176467698679,-2.1853743162630326,0.47123889803846886,0.11805888754202515,0.5235987755982987
1285,1787225907.0159554,2.215351800201965,0.47123889803846886,0.7329006477910165,-2.0133086328574206,0.47123889803846886,0.42394084053918124,0.5235987755982987
1286,1787225907.0650122,2.2316247928821467,0.47123889803846886,0.836442184061458,-2.133318682924644,0.47123889803846886,0.6237010480732299,0.5235987755982987
1287,1787225907.1096392,2.275224186940716,0.47123889803846886,0.7732535125803025,-2.2113252154683396,0.47123889803846886,0.07241305989587443,0.5235987755982987
1288,1787225907.1503417,2.3035637930787862,0.47123889803846886,0.13192388138029543,-2.262029461621742,0.47123889803846886,-0.21152232864275647,0.5235987755982987
1289,1787225907.1936443,2.3219845370685315,0.47123889803846886,0.049758986737668515,-2.2949872216214526,0.47123889803846886,-0.6162460090050679,0.5235987755982987
1290,1787225907.2374446,2.333958020661866,0.47123889803846886,0.3817358071531172,-2.316409765621265,0.47123889803846886,-0.9207624957920403,0.5235987755982987
1291,1787225907.279238,2.3417407849975334,0.47123889803846886,0.5886942627235898,-2.0880862411372543,0.47123889803846886,-0.18878724579561867,0.5235987755982987
1292,1787225907.3208852,2.3467995818157172,0.47123889803846886,0.7233895524603554,-2.0078983197949514,0.47123889803846886,-0.4440851470841636,0.5235987755982987
1293,1787225907.3623452,2.350087799747537,0.47123889803846886,0.6974073711580422,-1.6670388582799864,0.47123889803846886,0.018087037089558833,0.5235987755982987
1294,1787225907.4067495,2.3522251414032196,0.47123889803846886,0.6058780635137203,-1.5199217340113984,0.47123889803846886,-0.31028297414612777,0.5235987755982987
1295,1787225907.4505787,2.3536144134794137,0.47123889803846886,0.6808636378648886,-1.8126171986747297,0.47123889803846886,0.01915194987381047,0.5235987755982987
1535,1787225917.2396128,2.0119692255321113,0.47123889803846886,0.10876482958409595,-1.9025966635350837,0.3637003478989155,-0.3756984581708266,0.5235987755982987
1536,1787225917.3236613,2.1324480681631934,-0.22140080575406906,-0.004410439895517676,-1.8044659874695168,-0.28589153505603626,-0.08605437757353945,0.5235987755982987
1537,1787225917.3731036,2.1366352129570165,-0.5268714248893305,-0.2880840404596,-1.9975709634225067,-0.6186533136757342,-0.5592333356230228,0.5235987755982987
1568,1787225918.9848273,2.2134809599893814,-0.8571948491835699,0.33865229837175426,-2.097522608198892,-0.8698834666083255,0.04354515420766847,0.5235987755982987
1569,1787225919.0723197,2.2634306955604186,-1.0336539952669317,0.6746522634449107,-2.1520141315409287,-1.0622678867151243,0.5120098355885737,0.5235987755982987
1572,1787225919.2529376,2.1413990881875575,-0.5069414826100416,-0.05802343501629248,-2.0451403244766113,-1.0214454033184361,-0.20237750050748343,0.5235987755982987
1582,1787225920.0853179,2.122254817540856,-0.7311845918466544,-0.5693467854676736,-2.028029643373835,-1.0121895866506265,0.2645163814729171,0.5235987755982987
1590,1787225920.817197,2.2041337029688775,-0.7580000937258353,-0.911024115784655,-1.8109642095926302,-0.8829240735790496,0.559661601480119,0.5235987755982987
1592,1787225920.9810867,2.2573549784970908,-0.8635277902249361,-1.1002690306462521,-1.9335464361248196,-0.8416580263746829,0.7710901851806113,0.5235987755982987
1638,1787225923.350881,2.2919488075904297,-0.39635944933274436,-1.1674803919405536,-2.0814732550484534,-0.3821441028300798,-0.03799311064420019,0.5235987755982987
1641,1787225923.5410273,2.1613840797298196,-0.09270002775281974,-1.3017542052327133,-2.177625687348815,-0.08346005252608776,-0.442446937248112,0.5235987755982987
1642,1787225923.6046858,2.2295677233917033,0.10467859627413129,-1.3709002111972455,-2.2401247683440504,0.11068458017150708,-0.7098474468671008,0.5235987755982987
1643,1787225923.6576405,2.202372911238071,0.23297470189164945,-1.4313258890387623,-2.2807491709909535,0.23687859142494372,-0.8997464164099346,0.5235987755982987
1644,1787225923.732986,2.2562104638720673,0.3163671705430363,-1.449741617079877,-2.3071550327114405,0.31890469873967753,-1.0411458130795848,0.5235987755982987
1645,1787225923.787645,2.1337394820073943,0.37057227516643776,-1.4585302440569283,-2.324318842829757,0.37222166849425453,-1.1362634286889994,0.5235987755982987
1646,1787225923.832719,2.0400371186395443,0.40580559317164866,-1.4598822554382427,-2.3354753194066626,0.4068776988347296,-1.2168079218396801,0.5235987755982987
1647,1787225923.8821907,1.9634821685398258,0.4287072498750357,-1.4641023829493158,-2.333522800657257,0.42940411855603833,-1.2746003846040674,0.5235987755982987
1648,1787225923.9268358,2.0064853629525192,0.4435933267322374,-1.4711975687257213,-2.341457891994538,0.44404629137488905,-1.314515709923823,0.5235987755982987
1649,1787225923.9717333,1.9803508608077574,0.4532692766894184,-1.4782194360008045,-2.3466157013637705,0.45356370370714205,-1.3465304684730037,0.5235987755982987
1650,1787225924.017147,1.93544382487983,0.4595586441615861,-1.483120715397673,-2.3499682774537716,0.4597500217231064,-1.3682621575661358,0.5235987755982987
1651,1787225924.065883,1.929226088240709,0.4636467330184951,-1.483131324832859,-2.3521474519122725,0.46377112843348334,-1.383552752386536,0.5235987755982987
1652,1787225924.1153564,1.8691902108980747,0.466303990775486,-1.4804851606932947,-2.353563915310298,0.46638484779522826,-1.3946858132044788,0.5235987755982987
1653,1787225924.157161,1.8266861684398115,0.4680312083175301,-1.4759129516557867,-2.3544846165190148,0.46808376538036245,-1.4065237714961252,0.5235987755982987
1654,1787225924.1980858,1.819916157287632,0.46915389971985866,-1.4727664901115909,-2.35508307230468,0.4691880618106997,-1.4133193709000234,0.5235987755982987
1655,1787225924.2479258,1.8380884225414724,0.46988364913137226,-1.4671400293587096,-2.355472068565363,0.469905854490419,-1.4181396771687285,0.5235987755982987
1656,1787225924.304596,1.831755794334287,0.47035798624885605,-1.4640637019411016,-2.3557249161348066,0.4703724197322364,-1.421278182405861,0.5235987755982987
1657,1787225924.3476996,1.845963658062939,0.4706663053752206,-1.4607676264810832,-2.3558892670549447,0.47067568713941776,-1.4226510858552812,0.5235987755982987
1658,1787225924.3918111,1.8635075299267696,0.4708667128073575,-1.4495197544894398,-2.355996095153035,0.47087281095408573,-1.4301638281086944,0.5235987755982987
1659,1787225924.4339013,1.9089109990179052,0.47099697763824644,-1.4432128457803612,-2.3560655334167935,0.4710009414336198,-1.439289144625821,0.5235987755982987
1660,1787225924.4774008,1.9505141175422431,0.47108164977832434,-1.4378780323335636,-2.3561106682882365,0.471084226245317,-1.4466855010059028,0.5235987755982987
1661,1787225924.5235236,1.9846245607732,0.4711366866693749,-1.433118928684017,-2.3561400059546744,0.4711383613729202,-1.4526667015807178,0.5235987755982987
1662,1787225924.569339,1.9876907147256304,0.4711724606485578,-1.430778737574478,-2.3561590754378594,0.4711735492058623,-1.456392840971934,0.5235987755982987
1663,1787225924.613935,1.9348490934380775,0.47119571373502667,-1.4307082318569078,-2.3561714706019297,0.47119642129727457,-1.4574169713494596,0.5235987755982987
1664,1787225924.6587076,1.9201239714058955,0.4712108282412315,-1.4276892431336108,-2.356179527458575,0.47121128815669255,-1.4588327969870925,0.5235987755982987
1665,1787225924.6995935,1.9300809005261996,0.4712206526702646,-1.418469351461876,-2.356184764415395,0.4712209516153143,-1.4630133240744212,0.5235987755982987
1666,1787225924.7425146,1.926158296907404,0.47122703854913606,-1.4101207785521734,-2.3561881684373276,0.4712272328634184,-1.4680899896919573,0.5235987755982987
1667,1787225924.7824142,1.9404410684436,0.47123118937040254,-1.3996425305183862,-2.356190381051584,0.4712313156746861,-1.474132409571721,0.5235987755982987
1668,1787225924.829844,1.944196068067643,0.4712338874042258,-1.3908311495306835,-2.35619181925085,0.47123396950201013,-1.4781690209753697,0.5235987755982987
1669,1787225924.8784401,1.9826380414899085,0.47123564112621086,-1.383518051802951,-2.3561927540803733,0.47123569448977076,-1.4806917811401081,0.5235987755982987
1670,1787225924.9327092,2.0002073111293903,0.47123678104550115,-1.378315414862933,-2.3561933617195634,0.4712368157318151,-1.4791063521491536,0.5235987755982987
1671,1787225924.9806366,1.9914686234285628,0.4712375219930399,-1.3666343906831904,-2.356193756685037,0.4712375445391439,-1.4686685973390197,0.5235987755982987
1672,1787225925.0225372,1.9779670028591703,0.4712380036089401,-1.3608485497513667,-2.356194013412595,0.47123801826390765,-1.4521332128605842,0.5235987755982987
1673,1787225925.0660422,1.970956181217735,0.4712383166592752,-1.3596795818649405,-2.3561941802855078,0.47123832618500405,-1.4356315633431613,0.5235987755982987
1674,1787225925.1087606,1.9675540699126888,0.47123852014199297,-1.3512290407929375,-2.356194288752901,0.47123852633371677,-1.4185287189122058,0.5235987755982987
1675,1787225925.1538255,1.9232391590258935,0.4712386524057596,-1.3381398114934733,-2.3561943592567065,0.47123865643038,-1.3818368012738973,0.5235987755982987
1676,1787225925.2015955,1.9001397806027593,0.47123873837720787,-1.3121272320250568,-2.35619440508418,0.47123874099321117,-1.3430569302889799,0.5235987755982987
1677,1787225925.2477963,1.9016871097418355,0.47123879425864923,-1.2974620420396388,-2.3561944348720374,0.4712387959590514,-1.3017201130846603,0.5235987755982987
1678,1787225925.2969034,1.8918657525058493,0.4712388305815861,-1.2919663992864563,-2.356194454234145,0.47123883168684755,-1.2640517710279118,0.5235987755982987
1679,1787225925.3436346,1.863410009032172,0.47123885419149514,-1.2881330826205253,-2.356194466819515,0.471238854909915,-1.2362615010397302,0.5235987755982987
1680,1787225925.3869376,1.8071993533009247,0.4712388695379359,-1.2980562806320481,-2.3561944750000055,0.47123887000490894,-1.202879071953314,0.5235987755982987
1681,1787225925.4298785,1.294586174489237,0.4712388795131225,-1.3303834577798175,-2.356194480317324,0.4712388798166549,-1.1535225563336553,0.5235987755982987
1682,1787225925.4767022,1.0993461221876262,0.4712388859969937,-1.4046154889565916,-2.3561944837735815,0.4712388861942898,-1.1047706970078626,0.5235987755982987
1683,1787225925.5287147,1.16719722181164,0.47123889021151,-1.3942099287386007,-2.356194486020149,0.4712388903397525,-1.0592052564658228,0.5235987755982987
1684,1787225925.5706873,1.0963790814973335,0.4712388929509457,-1.3214180565351707,-2.3561944874804173,0.4712388930343032,-1.0040973366128305,0.5235987755982987
1685,1787225925.6117704,1.5372755830357558,0.4712388947315789,-1.348998132376695,-2.3561944884295922,0.4712388947857612,-0.9705312037940412,0.5235987755982987
1690,1787225925.9078586,1.2271145048456253,0.4712388958889904,-0.4690312268469805,-1.9452979388506,0.47123889592420887,-0.30193069996150795,0.1570796326794896
1691,1787225925.979748,1.0448404651605514,0.4712388966413079,0.06544395086858618,-1.7382745698505246,0.47123889666419994,-0.002874710053871382,-0.08115781021773634
1692,1787225926.02365,1.281767916425971,0.4712388971303143,0.02991079563972511,-1.9545465419701618,0.47123889714519407,-0.17764214098143058,-0.2360121481009332
1693,1787225926.0672307,1.54907444136408,0.4712388974481684,-0.08699711915768403,-2.095123323847926,0.4712388974578403,-0.3456323286656584,-0.33666746772501116
1694,1787225926.110716,1.5910165090537551,0.47123889765477356,-0.07897213574196003,-2.134285436256873,0.4712388976610603,-0.39205240454886553,-0.40209342548066185
1695,1787225926.160688,1.554019462541625,0.4712388977890669,0.039485087519888384,-2.2104665532115852,0.4712388977931533,-0.47093315376262457,-0.4446202980218348
1696,1787225926.2016065,1.434167367627438,0.47123889787635764,0.20284118277525917,-2.2614713311548513,0.47123889787901374,-0.6754609008466151,-0.4722627651735972
1697,1787225926.2448292,1.2894022334950677,0.4712388979330966,0.5566661977980725,-1.9963369495460412,0.4712388979348231,-0.6867766562381115,-0.4902303688222428
1698,1787225926.2888644,0.9736774094015624,0.47123889796997687,0.8997872896202238,-1.4801935911839177,0.25475909321528784,0.03188471169326135,-0.5019093111938624
1699,1787225926.3360074,0.9158017615135332,0.47123889799394914,1.119621893820555,-1.070420823928482,-0.2773320134289003,0.5193694998396394,-0.5095006237354152
1700,1787225926.382223,0.7296079037334648,0.4712388980095311,1.2265663324195144,-0.7789892425346262,-0.5561012394520283,0.8644533084989261,-0.5144349768874245
1701,1787225926.4284863,0.666231517617873,0.47123889801965935,1.2899349688119686,-0.6307930292057089,-0.7519786089001673,1.0986037729903226,-0.5176423064362305
1702,1787225926.473596,0.6779348099736627,0.47123889802624275,1.2624838807358711,-0.7620196484279569,-0.40380323625732495,1.0018827633404577,-0.5197270706429544
1703,1787225926.5246837,0.615450371246862,0.4712388980305219,1.287541800062054,-1.0695123265394324,-0.13008301867509608,1.1218422747423924,-0.5210821673773249
1704,1787225926.5695186,1.0011795161789334,-0.15696540318557473,1.3843907325611307,-1.1341630627957824,-0.6132305417104138,1.2501238560168617,-0.5219629802546658
1705,1787225926.612315,1.0175780689435676,-0.5292138392036376,1.4015252759707253,-1.234991853512327,-0.9220244376667558,1.2513800967406463,-0.5225355086249374
1706,1787225926.6537411,1.2270068867529014,-0.7596795235205479,1.0817847819724697,-1.1434177147330433,-1.1163203188710804,0.8962485071233006,-0.522907652065614
1707,1787225926.6963813,1.3949659820276792,-0.8956528770474697,0.8973612211255154,-1.3253502863215751,-1.1498289492088731,0.812643591372207,-0.5231495453020536
1708,1787225926.7408028,1.2862807723922998,-0.9822848702074972,1.0041680135438211,-1.3968571001978094,-1.1178019701112027,0.3793189847784143,-0.5233067759057395
1709,1787225926.7906613,1.061676563246789,-1.0344718868522584,1.0871099469405578,-1.5226614620588221,-1.0739406699865652,-0.09777436518839389,-0.5234089757981353
1710,1787225926.8365695,1.1015127281739838,-1.019896424401147,1.0827159661649937,-1.6958061750220474,-1.034009788560141,-0.42017243517644187,-0.5234754057281925
1711,1787225926.8799195,1.0868185294715005,-1.0084033005945126,1.0818586037308644,-1.6966451606886792,-1.009210734034112,-0.6163799548556872,-0.5235185851827298
1712,1787225926.9232712,1.0375122483909434,-1.0070737104684442,1.1081672203240647,-1.7026298863773368,-0.9956839345994778,-0.5346111628694847,-0.5235466518281789
1713,1787225926.968868,0.9896668505974624,-1.0125241788878365,1.1283200710859322,-1.7004123570498122,-0.9857653154568253,-0.5519511141447331,-0.523564895147721
1714,1787225927.0193405,0.9620883547280201,-1.01410085374699,1.1680335021825183,-1.6862826759316318,-0.9871068155732295,-0.5620092020644261,-0.5235767533054232
1715,1787225927.0614777,0.9222316499660559,-1.03510626920879,1.193979917072058,-1.6664695850776803,-0.9858274636225907,-0.5929306499082461,-0.5235844611079297
1716,1787225927.1066504,0.8656146026022631,-1.0503928868808066,1.2754294954517447,-1.6936128617418937,-0.9950744875400628,-0.6229033097028289,-0.5235894711795589
1717,1787225927.159393,0.8308879481000846,-1.0677458896066125,1.3117458279755445,-1.6245586406400219,-1.002130464457871,-0.5873325001565504,-0.5235927277261179
1718,1787225927.2066476,0.8745245571176234,-1.085251504154358,1.3109610372244744,-1.6058674921600569,-1.0013907006603973,-0.5620092999988524,-0.5235948444813812
1719,1787225927.25707,0.962969147254715,-1.1104897308892947,1.3229418220159133,-1.6368836113186158,-1.0054831149488748,-0.34113199487867973,-0.5235962203723024
1720,1787225927.3001404,0.8494571742150034,-1.1379364562926828,1.4004521925839994,-1.5802233765666265,-1.0155750471418616,-0.3733120080060428,-0.5235971147014011
1721,1787225927.3435178,1.1008538403821797,-1.158796540546969,1.359740785249921,-1.6497340300726044,-1.0318165504148542,-0.4468069483804255,-0.5235976960153153
1723,1787225927.4451356,1.0190557873148265,-0.6067371893536997,1.3267888075788459,-1.6795793143688105,-0.5057471434561912,-0.15315338955542668,-0.5235980738693595
1724,1787225927.5215843,0.9702957003702112,-0.8534584193924277,1.3908513942447607,-1.611047032137165,-0.5709142547621877,0.4419494638874147,-0.5235983194744882
1725,1787225927.5787144,0.7395475126141896,-1.0420241604274156,1.4214535721117494,-1.3907463308878198,-0.7520017798618932,0.8197144031318395,-0.5235984791178219
1727,1787225927.6861744,0.8519536425558971,-0.5123820899643561,1.2171273586881068,-1.452137918518492,-0.32386754259676653,0.6364134052185739,-0.5235985828859888
1728,1787225927.7589123,1.040072170851643,-0.16811474416336733,0.8600185588191889,-1.663030553957841,-0.04558028837443412,0.3099116792983787,-0.5235986503352974
1730,1787225927.8689058,0.9991076300309572,0.05565903060727535,0.8937015528200569,-1.5993693718664423,0.13530642687008193,0.32480122512146686,-0.5235986941773478
1732,1787225928.004667,1.250665922064705,0.2011119842081931,0.71927404903333,-1.666702288083467,0.2528827917790174,0.22828595334508842,-0.5235987226746807
1733,1787225928.0848153,1.4408421495261254,0.2956564040487897,0.46607948326402154,-1.8760434240181534,0.32930742896982546,0.04741311735873563,-0.523598741197947
1735,1787225928.1937187,1.6039457667323729,0.3571102769451774,0.22987547975354558,-1.9519638215843023,0.3789834431438507,-0.08140100877239378,-0.5235987532380701
1736,1787225928.2680655,1.3743991718609954,0.39705529432782943,0.4382594851916515,-1.8599374636432835,0.4112728523569671,0.021431578944071585,-0.5235987610641502
1737,1787225928.327764,1.2620990883286674,0.42301955562655325,0.5893999427174351,-1.8440933019032208,0.43226096834549277,0.020306364560130484,-0.5235987661511021
1738,1787225928.3897526,1.1775973162510742,0.43989632547072377,0.635553143893371,-1.693417549173092,0.44590324373803447,-0.021411199554037797,-0.523598769457621
1739,1787225928.4489937,1.180900923315439,0.4508662258694346,0.6311265320922079,-1.689987864320679,0.45477072274318653,-0.0018529163720793513,-0.5235987716068582
1740,1787225928.5070167,1.1397804009939065,0.4579966611285966,0.6881410874840803,-1.6617106727994249,0.46053458409653536,0.05999838018096693,-0.5235987730038625
1741,1787225928.5535684,1.2065446175782568,0.4626314440470519,0.6095396171903278,-1.7026835140467658,0.4642810939762121,-0.013808593016950275,-0.5235987739119152
1742,1787225928.595223,1.1095566440006928,0.46564405294404787,0.6798680562314681,-1.6326248586351908,0.466716325398002,0.05742217160207233,-0.5235987745021495
1743,1787225928.6370213,1.054293398033312,0.4676022487270952,0.7258351264775914,-1.5842445732254888,0.46829922582216543,0.12019329414425936,-0.5235987748858018
1744,1787225928.6832016,0.8980541031572732,0.46887507598607603,0.8648483537323568,-1.4911397229510572,0.46932811109787165,0.21828758043739707,-0.5235987751351757
1745,1787225928.7310066,0.7517109198854248,0.46970241370441357,1.030333937368701,-1.4396821304356247,0.4699968865270807,0.4498736175566985,-0.5235987752972688
1746,1787225928.7734292,0.6924585479801637,0.470240183221333,1.0709271141418197,-1.4751124751577323,0.47043159055606665,0.5164153171194097,-0.5235987754026293
1747,1787225928.82388,0.6790433537037975,0.47058973340733057,1.111510897847682,-1.4358943973853264,0.4707141481749074,0.6029171221842471,-0.5235987754711137
1748,1787225928.8805163,0.7097675289045109,0.470816941028229,1.0801848598367711,-1.3709388350423528,0.47089781062715397,0.6639713161788001,-0.5235987755156285
1749,1787225928.9256494,0.8928052320004551,0.470964625981813,0.9634977782526424,-1.3325897933470585,0.4710171912211142,0.6349381618016285,-0.5235987755445631
1750,1787225928.971827,1.0424945443969234,0.4710606212016426,0.8063141327964389,-1.3100656386370328,0.47109478860718834,0.7418037180009139,-0.5235987755633706
1751,1787225929.0216503,1.3906244083474686,0.47112301809453183,0.9480279789228256,-1.676210736681392,0.47114522690813654,0.9223714819410002,-0.5235987755755955
1752,1787225929.0785992,1.7285739369931754,0.4711635760749098,0.9890744652441411,-1.9142050504102255,0.47117801180375285,1.03137057549024,-0.5235987755835416
1753,1787225929.1294012,1.8262379970280431,0.47118993876215554,1.1316053886298172,-2.0689013543339674,0.47119932198590353,1.0278073191638193,-0.5235987755887066
1755,1787225929.220221,2.011722769635549,0.47120707450886523,0.19502884288562228,-2.1694539518843996,0.47121317360430137,0.266175081533673,-0.1570796326732547
1756,1787225929.298723,2.099621255474965,0.4712182127442265,-0.41960420165808765,-2.2348131402921805,0.47122217715626,-0.24271053513763594,0.08115781022178903
1757,1787225929.3421671,2.083326248629146,0.4712254525972114,-0.8171189663014742,-2.277296612757238,0.47122802946503317,-0.5906752810649581,0.23601214810356747
1758,1787225929.3861701,2.0792815670851446,0.4712301585016515,-1.0707648460217594,-2.3049108698595253,0.4712318334657357,-0.8249398991954509,0.3366674677267234
1759,1787225929.4303713,2.1397018089371387,0.4712332173395376,-1.2352254640893618,-2.3228601369760122,0.4712343060661923,-0.9917068424969412,0.4020934254817748
1760,1787225929.4724283,2.1652112647642725,0.47123520558416354,-1.345920416352209,-2.334527160601729,0.47123591325648917,-1.1121111232138563,0.4446202980225582
1761,1787225929.5214906,2.147222662957243,0.47123649794317046,-1.4198184608869364,-2.3421107259584444,0.47123695793018205,-1.19702795587356,0.4722627651740674
1762,1787225929.5649862,2.117481188745165,0.4712373379765249,-1.462183644911343,-2.34704004344031,0.4712376369680825,-1.2483391953165637,0.4902303688225484
1763,1787225929.6067576,2.1077327537974373,0.4712378839982053,-1.4853145436459578,-2.350244099803522,0.4712380783427178,-1.2828509847730267,0.5019093111940611
1764,1787225929.6487226,2.078385241359156,0.47123823891229755,-1.4923807495080368,-2.35232673643961,0.47123836523623075,-1.306186933500397,0.5095006237355444
1765,1787225929.6940985,2.0629364177422325,0.47123846960645754,-1.491087398404432,-2.3536804502530675,0.4712385517170141,-1.3212509836202555,0.5144349768875085
1766,1787225929.7371738,2.026939306604725,0.47123861955766155,-1.4834042265377114,-2.3545603642318147,0.47123867292952326,-1.327925629162882,0.5176423064362852
1767,1787225929.7794778,2.0009062313548025,0.4712387170259441,-1.472760933983785,-2.3551323083180002,0.4712387517176543,-1.3345306607910787,0.51972707064299
1768,1787225929.8251202,1.9750737085501369,0.47123878038032785,-1.4621509830895967,-2.3555040719740212,0.47123880292993936,-1.3410135233390827,0.521082167377348
1769,1787225929.880863,1.9792914413406488,0.4712388215606772,-1.4526872609743489,-2.3557457183504344,0.47123883621792473,-1.354584770865033,0.5219629802546808
1770,1787225929.9220245,1.945211417138598,0.4712388483279043,-1.441311691153087,-2.3559027884951034,0.4712388578551152,-1.3682645358590946,0.5225355086249471
1771,1787225929.9627616,1.90192317575206,0.4712388657266019,-1.434763121019319,-2.356004884089138,0.47123887191928904,-1.377130203159067,0.5229076520656202
1772,1787225930.0065396,1.8578363056191884,0.4712388770357554,-1.4238330314432444,-2.3560712462252607,0.471238881061002,-1.3796607782893116,0.5231495453020577
1773,1787225930.05158,1.8792885892981905,0.47123888438670514,-1.4017963804145082,-2.3561143816137404,0.47123888700311545,-1.3890720946434056,0.5233067759057421
1774,1787225930.0987895,1.9162551666935252,0.4712388891648225,-1.3766308183000313,-2.356142419616252,0.4712388908654892,-1.3998652262579256,0.523408975798137
1775,1787225930.141206,1.9800034003263471,0.4712388922705988,-1.3583916700717038,-2.3561606443178844,0.4712388933760321,-1.4023023006425706,0.5234754057281936
1776,1787225930.182453,1.9841738354176575,0.4712388942893534,-1.3445929324996475,-2.356172490373946,0.47123889500788496,-1.3933762828551253,0.5235185851827304
1777,1787225930.2292612,1.9465904937808713,0.47123889560154386,-1.3230974468703243,-2.3561801903103854,0.4712388960685894,-1.3728539974202223,0.5235466518281794
1778,1787225930.2723062,1.9334524134579925,0.4712388964544676,-1.2961483542341834,-2.356185195269071,0.4712388967580472,-1.3406015818973558,0.5235648951477212
1779,1787225930.321768,1.9353116226305302,0.4712388970088681,-1.2868340945789671,-2.356188448492217,0.47123889720619483,-1.3103107923966992,0.5235767533054234
1780,1787225930.3632643,1.9206928573179942,0.4712388973692284,-1.275640416112036,-2.356190563087262,0.4712388974974908,-1.2886540384219654,0.5235844611079299
1781,1787225930.406287,1.9622297600233816,0.4712388976034626,-1.2839302318014205,-2.3544854138417146,0.47123889768683314,-1.2672015822535012,0.523589471179559
1782,1787225930.4482815,1.8129215869479627,0.4712388977557148,-1.2942083674001412,-2.355083590564435,0.4712388978099057,-1.2344966240726176,0.5235927277261179
1783,1787225930.4934108,1.5067685821406183,0.47123889785467876,-1.3158618957768822,-2.3554724054342033,0.4712388978899028,-1.1939231873858118,0.5235948444813812
1784,1787225930.5445569,1.4144327956740175,0.4712388979190053,-1.277375034434929,-2.355725135099553,0.471238897941901,-1.1487345264402569,0.5235962203723024
1785,1787225930.5996337,1.087298255789515,0.4712388979608175,-1.3799873762366,-2.3098951556896035,0.47123889797569973,-1.0927735371518836,0.5235971147014011
1786,1787225930.6488762,1.3839428379970553,0.47123889798799556,-1.406524332490974,-2.3142792794915095,0.47123889799766894,-1.0456448946008015,0.5235976960153153
1787,1787225930.6998096,1.644224597714044,0.4712388980056612,-1.4342171744566765,-2.328949603236802,0.47123889801194896,-1.0128222294768365,0.5235980738693595
1790,1787225930.8757942,1.8934140600814493,0.4712388980171439,-1.440098104301327,-2.3384853136712422,0.471238898021231,-0.9601924544369522,0.5235983194744882
1791,1787225930.9603386,2.055387210620263,0.4712388980246077,-1.4654045109057363,-2.344683525453628,0.47123889802726426,-1.0095994708480305,0.5235984791178219
1794,1787225931.144132,2.1606697584704917,-0.018085692977796997,-1.3779273770348475,-2.2717009673326105,0.020413960754883054,-0.4650133061905301,0.15707943996717966
1795,1787225931.2211032,2.2291034145731405,-0.3621378710975917,-1.322959193786343,-2.3012737003335175,-0.35381906632299553,-0.8133665658769782,-0.0811579354807378
1796,1787225931.267869,1.9783473875600421,-0.5938327619796568,-1.3690647128422078,-2.320495976784107,-0.606224421770889,-1.0574932203756484,-0.23601222952188416
1797,1787225931.3133197,2.1105938734813483,-0.7447411494170402,-1.4385378048110102,-2.33299045647699,-0.7474153783557764,-1.2142521555887678,-0.33666752064862926
1798,1787225931.3537734,2.1965540893301974,-0.8396176266589765,-1.4558261053604897,-2.3411118682773644,-0.8375606044856285,-1.2877228347349479,-0.40209345988101364
1799,1787225931.395305,2.252428229631949,-0.8914413053870615,-1.4610851472441748,-2.346390785947608,-0.8838003395147107,-1.3252634017768434,-0.44462032038206345
1800,1787225931.4403749,2.2887464208280877,-0.9237044960786761,-1.4736484937222272,-2.349822082433266,-0.9152405765984697,-1.3216179042179141,-0.47226277970774583
1801,1787225931.4958794,2.3123532451055775,-0.9426752941892895,-1.4839639762177064,-2.3520524251489436,-0.9411012623135245,-1.3157557391624324,-0.4902303782694394
1802,1787225931.5557704,2.3276976808859464,-0.9615671425632086,-1.4666845234198054,-2.353502147914134,-0.9640486011781095,-1.3370241333063935,-0.5019093173345401
1803,1787225931.6037037,2.3376715641431858,-0.9869079544035426,-1.492746137440863,-2.3544444677115077,-0.9887801837960182,-1.3804099749733907,-0.5095006277268557
1804,1787225931.6545355,2.3441545882603916,-1.0057469177200322,-1.498453154807681,-2.3550569755798008,-1.0113527924320833,-1.412938163880671,-0.5144349794818608
1805,1787225931.7023542,2.3483685539365755,-1.0194653209455278,-1.499294022269098,-2.3554551056941913,-1.0277213201577795,-1.4387217810026867,-0.517642308122614
1806,1787225931.7439659,2.351107631626095,-1.0345916623192908,-1.504021148819659,-2.355713890268545,-1.048138982807098,-1.4512716716734164,-0.5197270717391037
1807,1787225931.7860932,2.3528880321242824,-1.0529061682444767,-1.5137541557856216,-2.3558821002418746,-1.0587301948260979,-1.4835976075669266,-0.521082168089822
1808,1787225931.82878,2.354045292448104,-1.0697564576283902,-1.5251780200508716,-2.355991436724539,-1.0640201003283651,-1.4990091882402594,-0.5219629807177889
1809,1787225931.8721502,2.3547975116585884,-1.089111165040957,-1.508148038095474,-2.3560625054382713,-1.0708789144519224,-1.503129094619835,-0.5225355089259673
1810,1787225931.9241633,2.3552864541454035,-1.0985957484020894,-1.4737518893224553,-2.3561087001021974,-1.0765578872290842,-1.4728750092468414,-0.5229076522612834
1811,1787225931.9670415,2.355604266761833,-1.1092461573215675,-1.4486565824823414,-2.3561387266337492,-1.079914307187758,-1.3801370277232028,-0.5231495454292387
1813,1787225932.056607,2.3448641142129767,-1.2310794546842923,-0.8332557536346643,-2.2431588474483486,-1.2215474275567069,-1.4259962257274346,-0.5233067759884098
1814,1787225932.1250226,2.3488297458057557,-0.6352680312313259,-0.8794037962234704,-2.2827213224087473,-0.6290722135983954,-1.4194958184869044,-0.523408975851871
1815,1787225932.1815696,2.351407406341062,-0.24799060598689773,-0.958903409831116,-2.3084369311330066,-0.24396332452549288,-1.4137982428631481,-0.5234754057631208
1816,1787225932.2375937,2.353082885689011,0.0037397204219805913,-1.0696766001412323,-2.325152076803775,0.006357453371893751,-1.453234128657709,-0.5235185852054332
1817,1787225932.293574,2.3541719472651783,-0.41478579041653796,-1.2158074624219137,-2.3360169214897746,-0.47499519247272787,-1.451015983762902,-0.5235466518429361
1818,1787225932.3517387,2.3030325792740705,-0.6856143083043658,-1.3183154685081924,-2.3430790705356745,-0.7649053392966232,-1.4171172923852828,-0.5235648951573131
1819,1787225932.3995624,2.3216392480954666,-0.8940417083450425,-1.3636245148566988,-2.133514193045937,-0.9665970373069089,-1.4306190676967239,-0.5235767533116581
1820,1787225932.4527156,2.333733582829374,-1.0260512734610556,-1.39654012206776,-2.0643032440912825,-1.0538932471492577,-1.4284709285938684,-0.5235844611119824
1821,1787225932.5016775,2.341594900406414,-1.1279197899871056,-1.3942416149913568,-2.1412379246602495,-1.128928742863204,-1.3966191268403434,-0.5235894711821931
1822,1787225932.55282,2.34670475683149,-1.2034896647388416,-1.3734497853705039,-2.2164727225964826,-1.1805029348378884,-1.3825204253831094,-0.52359272772783
1823,1787225932.6107633,2.315701282065109,-1.2454646615812541,-1.3741565999478476,-2.2653753412550346,-1.2125332178240342,-1.4036600449103642,-0.523594844482494
1824,1787225932.6658118,2.3298739049096415,-1.2628702287745064,-1.3451877570296333,-2.2971620433830933,-1.2320161411721129,-1.3663530691693002,-0.5235962203730258
1825,1787225932.7178028,2.339086109758588,-1.2616075947577987,-1.3101435960265098,-2.305759415732268,-1.2355800997992246,-1.3148622941616792,-0.5235971147018714
1826,1787225932.7766201,2.3450740429104027,-1.2585295185371013,-1.26844298598091,-2.3234116917932948,-1.24006892217187,-1.2874710006619552,-0.523597696015621
1827,1787225932.833754,2.3489661994590825,-1.2507613153407005,-1.2602892452222054,-2.3348856712329624,-1.2389614021129198,-1.286878631395061,-0.5235980738695583
1828,1787225932.8824725,2.3514961012157243,-1.2492625624772051,-1.2494598671578312,-2.342343757868746,-1.238447119924002,-1.2984858169113973,-0.5235983194746174
1833,1787225933.210958,2.3531405373575414,-0.6470870512967193,-1.3041677218385497,-2.347191514182006,-0.7594752827509018,-1.3912667617743883,-0.5235984791179059
1834,1787225933.2895575,2.288877996065921,-0.958167992957121,-1.1838331487442486,-2.2284109400095984,-0.6048785497891735,-1.2028776766587892,-0.5235985828860434
1835,1787225933.3405616,2.2210540058633486,-1.1603706050363822,-1.2761930746251093,-2.1255099592596327,-0.4204153496328813,-1.0206879269891591,-0.5235986503353328
1836,1787225933.3860633,2.2683531753784973,-1.2793690167822103,-1.3447977745664499,-2.075196557826991,-0.25047039822553646,-0.9616991809227571,-0.5235986941773709
1837,1787225933.4349852,2.299097635563344,-1.3496549748114037,-1.410141706841125,-2.173545834154865,-0.4755571909009619,-1.0091005500176808,-0.5235987226746956
1838,1787225933.4790597,2.3190815346834945,-1.279710593147152,-1.4545955861573165,-2.237472863767983,-0.8282716610934104,-1.1669181107588908,-0.5235987411979568
1841,1787225933.64148,2.332071069111592,-0.6668782712321847,-1.4483750049113246,-2.2790254330165096,-0.37344296539725275,-1.293872987425774,-0.5235987532380766
1843,1787225933.7607093,1.9333338396698334,-0.8727586765104027,-0.4492126438958219,-2.306034603028052,-0.7193772086836755,-1.25249886480677,-0.5235987610641544
1844,1787225933.8367333,2.0511319750477095,-0.40235952541829767,-0.421440999885768,-2.3235905635355545,-0.30266157133092497,-1.2317020034748662,-0.523598766151105
1845,1787225933.8807216,2.157903855348332,-0.09660007720842936,-0.5617558077122534,-2.335001937865431,-0.03179640705163711,-1.2213457963381464,-0.5235987694576228
1846,1787225933.9241552,2.2273055775437367,0.10214356412798503,-0.5091941741998847,-2.342419331179851,0.1442659497299,-1.1551916729978082,-0.5235987716068595
1847,1787225933.9746816,2.2724166969707493,0.2313269309966544,-0.6829380500155701,-2.347240636834224,0.2587064816378991,-1.1580720168006384,-0.5235987730038633
1848,1787225934.028402,2.3017389245983075,0.3152961194612895,-0.7487325859021896,-2.3503744855095663,0.33309282737809853,-1.1009528047527757,-0.5235987739119157
1849,1787225934.0705001,2.3207983725562205,0.3698760919633023,-0.8099468397158036,-2.352411487148539,0.3814439521092282,-1.1098930329911003,-0.5235987745021498
1850,1787225934.1158156,2.037623121377891,-0.2018401343852828,-0.0004883172480895093,-2.14183185868413,-0.2889693171858277,-1.2294456906156173,-0.523598774885802
1851,1787225934.1644375,1.6927679179847641,-0.5711281820177032,0.48439291303013504,-2.0213186842665953,-0.6888406032833827,-1.247029157689293,-0.5235987751351758
1853,1787225934.2614005,1.3726816861107642,-0.20629970399804295,0.770217258397289,-2.1385252163406077,-0.28281277782073466,-0.33440563723135336,-0.46081015868280767
1854,1787225934.3439708,1.6157280944218662,0.030838806714736183,0.2769884584943918,-2.078798854153197,-0.01889469127001342,-0.1838129934902638,-0.4615283108995245
1858,1787225934.6205056,1.7973589704250938,-0.3780887641765495,-0.2305748715853224,-2.1758873267668988,-0.514611624406068,-0.639551766412885,-0.4832529735440955
1859,1787225934.7085824,1.8740061047822887,-0.6622525889786702,-0.6309676876809992,-2.2304221182560173,-0.6977989332762468,-0.91624745603016,-0.49737400426306666
1860,1787225934.7609665,2.0427720396758087,-0.8786673275055397,-0.9326462841904206,-2.2585359683584993,-0.9239282986364226,-1.0466721981398006,-0.5065526742303978
1871,1787225935.6082513,1.878387092157598,-0.7305034337548564,-0.18311764891005206,-2.292716451000345,-0.8733740236470364,-0.2655415339675507,-0.5125188097091632
1872,1787225935.6849062,1.4978940543283266,-0.5937567687308184,0.18843169587287975,-1.8490336853063278,-0.7725627909265296,0.12322321729088062,-0.5163967977703607
1896,1787225937.7524557,1.798299206880733,-0.22100828536156783,0.04470294416091933,-2.0123921541022494,-0.4175325246978421,0.0005064054078734448,-0.4600734031972653
1901,1787225938.1433527,1.9935625560397972,-0.010093324561622541,-0.307043402566718,-2.1119728336037062,-0.17293277140117919,-0.007174329310323075,-0.4514104702921395
1902,1787225938.2401211,1.5779759580652186,0.15837295334840948,0.13271253752394693,-2.19745041340973,-0.6197740954655474,0.34922096714992273,-0.4698700416653463
1903,1787225938.2824934,1.499583674902258,0.2678760339899303,-0.08660157185912351,-1.9421146194643213,-0.23791954773914173,0.42982797031968634,-0.4886750985418797
1904,1787225938.3279371,1.4299497679567204,0.33905303640691886,-0.011444842685671724,-1.876752600901261,0.010285908283022005,0.3389802639568602,-0.5008983855116265
1905,1787225938.3778367,1.3971344118516065,0.3853180879779614,0.09487738912461705,-1.7236813196675418,0.16949742725803485,0.2469989551499292,-0.5088435220419618
1910,1787225938.7242384,1.6473100213479421,0.41539037149913904,-0.1779311119436669,-1.9280996861734128,-0.10479440970083127,0.12779202002577736,-0.49462201448650733
1911,1787225938.8230088,1.2457879737183961,0.22090600827202772,0.22064235111427827,-2.0285588687302987,-0.4242423140106204,0.4822806860918556,-0.5047638808756343
1912,1787225938.8765085,0.880131939510438,-0.23685544201839154,0.6043813355118229,-2.069843662096465,-0.6489232698773737,0.7400560684533293,-0.5113560940285669
1913,1787225938.9350057,0.7534253976076117,0.010977577001509614,0.9137346119020732,-2.170066451930023,-0.6375774149670186,0.9183075371258941,-0.515641032577973
1933,1787225940.6926563,0.6179084018358825,-0.12319848053712579,1.0927575310777167,-2.2352112653218357,-0.7840990642278416,1.057190077582722,-0.518426242635087
1934,1787225940.796529,0.5329302267548585,0.08485460196433235,1.213125463884381,-2.277555394026514,-0.35419368477941543,1.1329301242086134,-0.5202366291722111
1970,1787225943.698576,0.6492517776697716,-0.20789899748815488,1.1529966432470893,-1.8703802406357792,-0.5008492647459746,1.026728465715381,-0.5214133804213419
1981,1787225944.59462,1.1848576518375593,0.029799265946163445,0.7013031693737974,-2.040415227980577,-0.16061840777141936,0.17062665111603853,-0.5221782687332768
1982,1787225944.6939826,1.2271319349770702,-0.4141306626051268,0.8078472534239449,-2.0822909980911377,-0.6189432831166615,-0.4049772721570972,-0.5226754461360346
1983,1787225944.7455916,1.4798501126685595,-0.697876466213061,0.3226436117816708,-2.1781572203265602,-0.239196672637898,-0.6590153848367662,-0.5229986114478271
1984,1787225944.8063648,1.6696162974480746,-0.8881410848693148,-0.15074458240366434,-2.138763526475954,-0.347189738820347,-0.8544865950755056,-0.5232086689004922
1985,1787225944.852028,1.8341964357201128,-1.0020958752455318,-0.5490976649862799,-2.0287527566676835,-0.763234739847479,-0.9865615775642839,-0.5233452062447246
1986,1787225944.894561,1.9631021306463228,-1.055306564810108,-0.8237897894743926,-1.9870805195214616,-0.9140590259618535,-1.0763441087539485,-0.5234339555184755
1987,1787225944.941161,1.8958849580660502,-1.0963914834424167,-1.039110788931148,-1.9259209552422045,-1.0854721813234758,-1.1877576782636368,-0.5234916425464137
1988,1787225944.9972064,1.8942462360341117,-1.12490843210814,-1.0752047823259916,-1.897513191097864,-1.1872491859926189,-1.2052897892571774,-0.5235291391145735
1989,1787225945.0557787,1.8782232550194666,-0.5662568665568269,-1.0573411184771344,-1.9769263455779602,-0.6067783565817382,-1.2330013642446138,-0.5235535118838774
1990,1787225945.1036448,1.8354701363826804,-0.7797629425453549,-1.0532648808209744,-1.969355296170519,-0.9203281953739497,-1.2407680295738186,-0.5235693541839249
1991,1787225945.148499,1.7428337502395808,-0.9603085991512536,-1.1538824121720375,-2.0859823067539542,-1.0320270529834619,-1.2781466783348483,-0.5235796516789558
1992,1787225945.191776,1.9575100092230482,-1.0208883702120508,-1.2536634859756313,-2.180556570957391,-0.6609063587478791,-1.3771466895540498,-0.5235863450507259
1993,1787225945.2345657,2.097049577562302,-1.1236839061857644,-1.3421509252597845,-2.1587322449005404,-0.9641931259621241,-1.4239600292251349,-0.5235906957423764
1994,1787225945.2877676,2.1877502969828173,-1.1785059716355495,-1.403187921578005,-2.0921027945988917,-1.1420553292909346,-1.4582980495798283,-0.5235935236919492
1995,1787225945.3334005,2.246705764606152,-1.219307584499579,-1.459299906500215,-2.1455558438377613,-1.2317444483762692,-1.485844383816987,-0.5235953618591715
1996,1787225945.3795264,2.2850268185613194,-1.2496520012609835,-1.4898384589822207,-2.13892831769029,-1.2649993445285674,-1.493764304725703,-0.5235965566678661
1997,1787225945.4313996,2.309935503632178,-1.2570321720396387,-1.5045918212920073,-2.0244753269396814,-1.2655153502733523,-1.4693277684531845,-0.5235973332935175
1998,1787225945.4818494,1.8354704667869974,-1.2704582205411186,-0.4903615110492332,-2.0581376085751133,-1.2677325817095968,-1.4100507534224915,-0.523597838100191
1999,1787225945.5260253,1.7771353844589624,-1.281098803710295,-0.35126071552654714,-2.1360030223156405,-1.2694284954536168,-1.3329007315527819,-0.5235981662245288
2000,1787225945.5765784,1.6913975129841023,-1.2800753621190413,0.225557389306544,-1.956993009354167,-1.2724312724065845,-1.3542598697930137,-0.5235983795053483
2001,1787225945.625774,1.9240764550069873,-1.2570422059944295,-0.3446616009396938,-1.8906940415463551,-1.2586256794664226,-1.4258460766431431,-0.5235985181378809
2002,1787225945.6723318,2.0348539504286487,-1.2268280401683196,-0.6939239768910576,-2.0536191985724512,-1.2418931294001057,-1.4623444595231676,-0.5235986082490272
2003,1787225945.716581,2.0704394497841045,-1.2034725152847638,-0.8451594574757864,-2.1595205506394137,-1.2382159011405567,-1.4963986003756036,-0.5235986668212722
2004,1787225945.7625573,2.045976115254569,-1.1862669054958048,-0.9663083955054573,-1.9654947474074058,-1.234750735144608,-1.4907093455206186,-0.5235987048932316
2005,1787225945.8068998,2.1545525464827904,-1.1732027011748123,-1.0299132555225383,-1.7616526720317172,-1.2214971043826721,-1.493367560337628,-0.5235987296400051
2006,1787225945.8519642,2.2251272267811344,-1.158910814709781,-1.1221061000784136,-1.7012899426728967,-1.200268669665038,-1.4888213196468265,-0.5235987457254079
2007,1787225945.8920383,2.271000768975058,-1.1455522926776447,-1.18099412431136,-1.9305065343047036,-1.1882738762700105,-1.4826205726493686,-0.5235987561809197
2008,1787225945.9341784,2.3008185714011087,-1.140874779649245,-1.1816357564628184,-2.0638511252011895,-1.1835830147084052,-1.4748003514319221,-0.5235987629770024
2009,1787225945.9752789,1.6410637361784333,-1.1376833831442796,-0.5138301483487052,-2.0613057600797817,-1.1820251924766427,-1.4566802978559275,-0.5235987673944562
2010,1787225946.0212379,1.2430192726209806,-1.1363280040432566,-0.1373097631635624,-2.087353243881775,-1.1853887630631823,-1.426685422668645,-0.5235987702658012
2011,1787225946.0623474,1.4773045293418285,-1.1341047559634252,-0.016312628815611185,-2.078074237393859,-1.1852014577962882,-1.4082459816409938,-0.5235987721321753
2012,1787225946.1080642,1.5852188673563017,-1.130696979637652,0.014017049329505928,-2.059459158469484,-1.1849636248014777,-1.3902385579120349,-0.5235987733453186
2013,1787225946.1489642,1.8550603353489168,-1.1267695184420918,-0.3072846925690748,-1.9444993607532113,-1.178687003858208,-1.384780590369831,-0.5235987741338617
2014,1787225946.1916363,2.030457289544117,-1.125079940817736,-0.63034496464237,-1.893221000235496,-1.1821855591473232,-1.3798462050529243,-0.5235987746464147
2015,1787225946.2364638,2.077312680722452,-1.12304009576244,-0.3557269159103031,-2.0552617217203935,-1.187642289940646,-1.362386116776146,-0.5235987749795741
2016,1787225946.2796822,2.174921314036914,-1.1224808578882153,-0.5220464960255287,-2.1605881906855764,-1.186909750843522,-1.3482566191446437,-0.5235987751961277
2017,1787225946.3245132,2.238366925691315,-1.122310352693878,-0.5859760184158961,-2.2290503955129455,-1.1844803399572374,-1.329948566090358,-0.5235987753368876
2018,1787225946.3673732,2.2734732487898146,-1.1223021591600264,-0.6775423107816384,-2.0104123213286966,-1.1804630212551128,-1.3211454246113246,-0.5235987754283815
2019,1787225946.411604,2.3024256832807,-1.1226931975275545,-0.7319475493752736,-1.7297689555864846,-1.175554008618481,-1.3271905848241132,-0.5235987754878526
2020,1787225946.458242,2.1746554952601738,-1.1292155263943169,-0.7249038425605369,-1.5018100328748454,-1.1861819775631588,-1.3247430937465745,-0.5235987755265088
2021,1787225946.5017562,2.1354681327140974,-1.1269601283390436,-0.620411820277167,-1.4566616456226342,-1.1875785333523903,-1.3250875125867625,-0.5235987755516354
2022,1787225946.5646682,2.04762605973086,-1.1261361796726597,-0.707786921740589,-1.569985701478795,-1.1843323274249224,-1.3357622564304927,-0.5235987755679676
2023,1787225946.6279407,1.965547267556229,-1.125057872956027,-0.8194413005710688,-1.4038756079227601,-1.1808463480255864,-1.345848276741505,-0.5235987755785836
2024,1787225946.6748905,2.1022737954788697,-1.1239806182623524,-0.9581705038056639,-1.6741862287383027,-1.1751444594309075,-1.3732394224928104,-0.5235987755854838
2025,1787225946.7159567,2.1911460386285864,-1.1246843280151864,-1.0596907032879792,-1.6484256626333442,-1.1712571644235088,-1.394942980692877,-0.5235987755899691
2026,1787225946.7666886,2.2489129966759016,-1.1223538464713294,-1.1134500395938063,-1.8961447522789945,-1.1631020747970928,-1.408567204728587,-0.5235987755928846
2027,1787225946.8206332,2.286461519406657,-1.1166588500572932,-1.0972472408282745,-2.057162160548667,-1.150543726094433,-1.415410598915146,-0.5235987755947795
2028,1787225946.8657556,2.3108680591816477,-1.1137290017102295,-1.14712939516032,-2.139268192336541,-1.1512308664861985,-1.4321824285233509,-0.5235987755960112
2029,1787225946.9137545,2.326732310035392,-1.1132532987299042,-1.1838822151351645,-2.032716878023883,-1.1553752412818663,-1.4380513241458135,-0.5235987755968119
2030,1787225946.9639852,2.3153643525402927,-1.1157418583537213,-1.212108652943276,-2.0023330804534325,-1.1647433304585142,-1.426927520859576,-0.5235987755973324
2031,1787225947.0144672,2.329654900718511,-1.1181918644273958,-1.2411326191632395,-2.068559177419966,-1.1764695043981686,-1.4154793164382817,-0.5235987755976707
2032,1787225947.067608,2.338943757034353,-1.1257267716519215,-1.283488781844288,-2.0724287701470563,-1.187776400654969,-1.4196062784703638,-0.5235987755978906
2033,1787225947.1196108,2.3275638703607737,-1.1262559563838686,-1.2445596562988641,-1.9395012185509342,-1.1882379519648751,-1.4084148060647512,-0.5235987755980335
2034,1787225947.1717863,2.3144474969208835,-1.1252342506093087,-1.2222920920516263,-1.8866827068600411,-1.1901984026802113,-1.399937059502492,-0.5235987755981264
2035,1787225947.2215655,2.195050930803548,-1.1269311000530025,-1.1336812273692938,-1.795070161410317,-1.1955740494185896,-1.3768069054975385,-0.5235987755981868
2036,1787225947.2775106,2.251451176589627,-1.1238559724429087,-1.1542701868577905,-1.9914636764840268,-1.1933142190867612,-1.3797760576177907,-0.523598775598226
2037,1787225947.3235955,2.2881113363505783,-1.1243850521302245,-1.1654500047976524,-2.1191194612819384,-1.1950717044522916,-1.3881807003641278,-0.5235987755982514
2038,1787225947.3746247,2.3119404401951966,-1.1193063381121364,-1.2309433754794783,-2.202095721400581,-1.1838879572402394,-1.4040668278106883,-0.5235987755982681
2039,1787225947.4285417,2.3274293576941982,-1.116323950789415,-1.262888738913094,-2.2560302904776983,-1.1769858965591804,-1.407342731033821,-0.5235987755982788
2040,1787225947.5108235,2.33749715406855,-1.1142706283481174,-1.289950659826427,-2.2564938404823707,-1.1715760270363045,-1.4163116235070712,-0.5235987755982858
2041,1787225947.5906518,2.344041221711878,-1.1159257284769912,-1.3034702106257732,-2.16882530228946,-1.1726083942249355,-1.4302633730964698,-0.5235987755982904
2042,1787225947.6430604,2.3482948656800415,-1.1122200386076495,-1.2980623321727762,-2.23440451805547,-1.1698999835780708,-1.4410918571029976,-0.5235987755982934
2043,1787225947.6965985,2.3396488834757134,-1.1094105401568448,-1.312865602881629,-2.2770310083033762,-1.1689840514791872,-1.4552864318431336,-0.5235987755982953
2044,1787225947.7472134,2.0896892798299955,-1.1103802105678948,-1.3140772810736512,-2.304738226964515,-1.168798745478345,-1.4569375970890377,-0.5235987755982965
2045,1787225947.8015401,2.1829661034568177,-1.1126404557788485,-1.3103153904556533,-2.3227479190942555,-1.1691834149892093,-1.4593029738545589,-0.5235987755982974
2046,1787225947.8555894,2.2435960388142524,-1.1124936516661688,-1.2993198774699026,-2.334454218978587,-1.1688952387563325,-1.4683396658886072,-0.5235987755982978
2047,1787225947.916598,2.2830054967965845,-1.109249615921221,-1.2803344105372332,-2.3420633139034024,-1.1650824424525228,-1.4800402911246413,-0.5235987755982981
2048,1787225947.9668505,2.3086216444851004,-1.1052981419077033,-0.9512536604134278,-2.3470092256045323,-1.162617612801046,-1.4960358782426275,-0.5235987755982984
2049,1787225948.0276272,2.163080795126466,-1.1024653907092292,-0.3001252819042421,-2.0587690754091597,-1.1596224748170658,-1.4618737351825546,-0.5235987755982985
2050,1787225948.0916574,2.2306705883995237,-1.1037480189475284,-0.3691609055369154,-2.1628679705832745,-1.1612624192520113,-1.452202119374422,-0.5235987755982986
2051,1787225948.1564314,2.120050591130619,-1.1019994957049288,-0.7260406629431891,-2.2305322524464493,-1.1580394569956147,-1.438903117743879,-0.5235987755982987
2052,1787225948.211648,2.2027009558022232,-1.1019050599101015,-1.0090958910755368,-2.274514035657513,-1.1553122599376082,-1.4584722566042823,-0.5235987755982987
2053,1787225948.2638946,2.0471034384175684,-1.1024296239729356,-1.1920354674777067,-2.303102194744704,-1.148105718039101,-1.496694831832071,-0.5235987755982987
2054,1787225948.309524,2.1552853065387403,-1.1140531096585202,-1.281257837532444,-2.25285671584861,-1.1390745586332474,-1.4902338366566839,-0.5235987755982987
2055,1787225948.3627388,2.225603520817502,-1.1213082690629128,-1.3324789995627526,-2.289024936868917,-1.1373899464441133,-1.4958112114627846,-0.5235987755982987
2056,1787225948.4170663,2.2713103600986972,-1.1277785888813507,-1.33708947118014,-2.312534280532117,-1.1375056700452324,-1.505311328486866,-0.5235987755982987
2057,1787225948.4708507,2.1367791576343245,-1.1329477364593599,-1.320043315568742,-2.3278153539131967,-1.1432580211346088,-1.5216181261282415,-0.5235987755982987
2058,1787225948.5267076,2.0799070850154706,-1.1357257860321455,-1.34694603541628,-2.3377480516108986,-1.1450458978795908,-1.5334901932462357,-0.5235987755982987
2059,1787225948.5826905,2.1258678655592997,-1.1366501548628891,-1.3612660217681174,-2.344204305114405,-1.1412667083310402,-1.5350985075326065,-0.5235987755982987
2060,1787225948.6377602,2.017372499947495,-1.1361116029111016,-1.380856955131705,-2.348400869891684,-1.1435445170515366,-1.5366562568840618,-0.5235987755982987
2061,1787225948.6907997,2.0463448522961754,-1.1353162710382345,-1.3863904552013468,-2.3511286369969153,-1.14136993225183,-1.546372607032906,-0.5235987755982987
2062,1787225948.7497036,2.0524352402784665,-1.134640479453982,-1.4079547604060205,-2.3529016856153158,-1.1397490682561335,-1.5383124900723661,-0.5235987755982987
2063,1787225948.8173385,2.158750977748324,-1.134179777337277,-1.4389609105752306,-2.354054167217276,-1.146719755901246,-1.5369684532412744,-0.5235987755982987
2064,1787225948.8837283,2.2278562071037316,-1.1333085010698025,-1.4623378596645538,-2.35480328025855,-1.149080937936789,-1.5442449006707095,-0.5235987755982987
2065,1787225948.9378858,2.2172429903259534,-1.1321808824467514,-1.4837261546429867,-2.355290203735378,-1.1516608506087325,-1.54764288359465,-0.5235987755982987
2066,1787225948.9951522,2.0883458732812636,-1.1286319995364635,-1.4958246208058759,-2.355606703995316,-1.1385777949963443,-1.5548769912912879,-0.5235987755982987
2067,1787225949.049678,2.161842069341118,-1.1264565803957396,-1.5165326428553143,-2.355812429164276,-1.129316123687045,-1.5165257509854142,-0.5235987755982987
2068,1787225949.1027906,2.166670821119712,-1.1249316206836335,-1.5300324536560026,-2.3559461505241,-1.1220203129427946,-1.4991188727709095,-0.5235987755982987
2069,1787225949.165151,2.2330041052951337,-1.123724721757841,-1.538836220630139,-2.356033069407986,-1.1230693190542111,-1.4663969311245024,-0.5235987755982987
2070,1787225949.223805,2.2761207400091577,-1.124026342931295,-1.5499364524217145,-2.3560895666825115,-1.1154217887363551,-1.4592862640970514,-0.5235987755982987
2071,1787225949.2745755,2.304146552573273,-1.1168531023773656,-1.5538793243123603,-2.356126289910953,-1.1017941981588177,-1.4539099673133564,-0.5235987755982987
2072,1787225949.3226802,2.3223633307399485,-1.1147784998131571,-1.5557526128247443,-2.3561501600094403,-1.1003957039828072,-1.4307977776807375,-0.5235987755982987
2073,1787225949.3737035,2.3342042365482873,-1.115361692112173,-1.555624966313499,-2.356165675573457,-1.103014428804201,-1.4108812483367492,-0.5235987755982987
2074,1787225949.4285913,2.3105400193084775,-1.1166375491082157,-1.5544652715897196,-2.3561757606900677,-1.1063371800424027,-1.3883771287624969,-0.5235987755982987
2075,1787225949.481518,2.326519084117831,-1.116571859929911,-1.556152841920801,-2.3561823160158646,-1.1026152996915095,-1.3728900072921322,-0.5235987755982987
2076,1787225949.528381,2.3369054762439108,-1.1161208052244767,-1.5583149425231162,-2.356186576977633,-1.1021496306131566,-1.3878257450458165,-0.5235987755982987
2077,1787225949.5749063,2.2011943504617695,-1.1121057400000074,-1.540990492170607,-2.356189346602782,-1.099556637685479,-1.359375378775383,-0.5235987755982987
2078,1787225949.6257567,2.255444399367471,-1.1069491092344765,-1.5381184343781285,-2.3561911468591292,-1.0948823232935636,-1.3564870700979703,-0.5235987755982987
2079,1787225949.6728897,2.108242705287289,-1.1045215929634855,-1.5379016267339622,-2.356192317025755,-1.0845457852474414,-1.3787864539779249,-0.5235987755982987
2080,1787225949.7217145,2.0225612884883777,-1.1037496602362433,-1.535866287129429,-2.3561930776340616,-1.0818140267284415,-1.3906750994337183,-0.5235987755982987
2081,1787225949.767663,2.0920157094978213,-1.1036442525141439,-1.5349954182878407,-2.356193572029461,-1.079470814739035,-1.397646197046926,-0.5235987755982987
2082,1787225949.811097,2.184478282740905,-1.1042754252712386,-1.5360600512482523,-2.3561938933864703,-1.0925893462745844,-1.373322330096194,-0.5235987755982987
2083,1787225949.8552837,2.244578955348909,-1.109036081499211,-1.544096689913306,-2.3561941022685264,-1.0963855039958994,-1.3578571466579987,-0.5235987755982987
2084,1787225949.9074674,2.2836443925441117,-1.1113378156868927,-1.5487254204493348,-2.356194238041863,-1.0992909518563003,-1.3590775413036462,-0.5235987755982987
2085,1787225949.9526727,2.309036926720993,-1.114083404942674,-1.5560590238128293,-2.3561943262945317,-1.0978495612014207,-1.366380764991313,-0.5235987755982987
2086,1787225950.0102699,2.3255420739359662,-1.0969579840757004,-1.5521796401131809,-2.3561943836587664,-1.0908120644001278,-1.35441083134986,-0.5235987755982987
2087,1787225950.062433,2.3362704196256985,-1.0826036309913216,-1.5551462929015543,-2.356194420945519,-1.0797080604614906,-1.3520063610837165,-0.5235987755982987
2088,1787225950.117447,2.3432438443240247,-1.0791701425408275,-1.5557187254280829,-2.3561944451819077,-1.0618858530340736,-1.3492113742843015,-0.5235987755982987
2089,1787225950.187729,2.3477765703779365,-1.079004925990985,-1.555619250956157,-2.3561944609355607,-1.0515879688814074,-1.344425360088136,-0.5235987755982987
2090,1787225950.2387264,2.3507228423129796,-1.0837775446418478,-1.556792001000558,-2.356194471175435,-1.0493463236893081,-1.3460048486382183,-0.5235987755982987
2091,1787225950.2817247,2.3526379190707574,-1.0876493531032632,-1.5550182908585408,-2.3561944778313535,-1.0477021679218814,-1.34531902040255,-0.5235987755982987
2092,1787225950.3232245,2.3538827189633134,-1.0925536278924641,-1.5549673399020403,-2.3561944821577008,-1.0504669386004202,-1.3417860020123045,-0.5235987755982987
2093,1787225950.3660057,2.3546918388934746,-1.0868586892441594,-1.549429580796006,-2.3561944849698264,-1.0505282077205775,-1.3397037809705747,-0.5235987755982987
2094,1787225950.4093256,2.355217766848079,-1.078222662288095,-1.5463302703132626,-2.356194486797708,-1.0524199727930854,-1.3475211170933776,-0.5235987755982987
2095,1787225950.4504356,2.355559620018572,-1.07851929521644,-1.5436153360132985,-2.3561944879858308,-1.0536215649705372,-1.3484708636030045,-0.5235987755982987
2099,1787225950.6757777,1.6917269456612556,-1.0442284855869994,-0.6912317492535704,-2.3561944887581108,-1.1599527345775817,-1.3240493048936939,-0.5235987755982987
2100,1787225950.7738762,1.924290586247137,-1.1397023865621694,-0.9183774654624995,-2.199303959035229,-1.1591522893745307,-1.3519609711933886,-0.5235987755982987
2101,1787225950.816567,2.0754569526279596,-1.2195565211553168,-0.9922423456572564,-2.2210517397640968,-1.1833931298899731,-1.3312429901476457,-0.5235987755982987
2102,1787225950.858078,1.934245899531864,-1.2453597116236768,-1.1508836409168788,-2.0453917666829144,-1.1838995143425757,-1.3898083858699022,-0.5235987755982987
2103,1787225950.9000735,2.0819279062630325,-1.2967391534100399,-1.26893963353152,-2.154172719911215,-1.2842539756101,-1.4055955703033127,-0.5235987755982987
2104,1787225950.9418678,2.177921210638292,-1.3181477324974553,-1.2771019248310478,-2.130976326813065,-1.3723101281313288,-1.3547362265169256,-0.5235987755982987
2105,1787225950.9844189,2.1463228285484295,-1.3238058697298982,-1.3112196742767983,-2.03653585899066,-1.4096871446189785,-1.3441992799573637,-0.5235987755982987
2106,1787225951.0256026,2.2197779101238,-1.3316414192567392,-1.3581249604929748,-1.9656100602489746,-1.42957879200761,-1.3455178047251466,-0.5235987755982987
2107,1787225951.0714521,2.2675237131477908,-1.3282025168543146,-1.3846150636161139,-1.9114299771917937,-1.4337037363809395,-1.3690279008676591,-0.5235987755982987
2108,1787225951.1172595,2.298558485113385,-1.3470193677800961,-1.3989676566517852,-2.0670975567419867,-1.4694688382618641,-1.3947357991347011,-0.5235987755982987
2109,1787225951.164488,2.318731086891021,-1.3493782771634715,-1.4300499571482317,-2.09607860691845,-1.4805614434765797,-1.420994838026548,-0.5235987755982987
2110,1787225951.2072768,2.3318432780464846,-1.3290233855485891,-1.468911553953001,-2.084917400129827,-1.4509411021768905,-1.4326370480876611,-0.5235987755982987
2111,1787225951.249672,2.1689713286475465,-1.3304008301184191,-1.4356182010927119,-1.9982614809748096,-1.420465835532927,-1.3895068231909506,-0.5235987755982987
2112,1787225951.2928042,2.0285090532101995,-1.3124410956120593,-1.2417247544061227,-2.1110580232274145,-1.3808710112889662,-1.3478234622198522,-0.5235987755982987
2113,1787225951.3360078,1.921805922110654,-1.300678573339404,-0.5665839522881023,-2.112232722010233,-1.3540302075621307,-1.3158684410965522,-0.5235987755982987
2114,1787225951.379264,2.0738419209392456,-1.2903052776611077,-0.8241959664706311,-2.1790916066216006,-1.3400170662402733,-1.3063172352471066,-0.5235987755982987
2115,1787225951.428945,2.0131064062281907,-1.2764349112346287,-1.0198069543942931,-2.2410776158713612,-1.331844351718231,-1.3215819366423667,-0.5235987755982987
2116,1787225951.4718485,2.1331872356156447,-1.2625945607258036,-1.1195905780047002,-1.8486800729728994,-1.3271152398997321,-1.1438609478154602,-0.5235987755982987
2117,1787225951.5139797,2.21123977471749,-1.240289649670276,-1.160401508755781,-2.0263101189997053,-1.3146455120729703,-1.1992931456672449,-0.5235987755982987
2118,1787225951.555421,2.261973925133689,-1.2169865113753555,-1.0972545472449267,-2.141769648917129,-1.2931033320538015,-1.2629794417409181,-0.5235987755982987
2119,1787225951.5994093,2.2949511229042185,-1.1957902290889362,-1.0623830669648338,-2.2168183433634545,-1.2738190347568015,-1.335488630092283,-0.5235987755982987
2120,1787225951.6416416,2.3163863014550627,-1.1797247915266036,-0.9469689644145634,-2.265599994753566,-1.2657691880355166,-1.3793057350009001,-0.5235987755982987
2121,1787225951.6836996,2.3303191675131116,-1.1645427992050688,-0.6936560834103462,-2.2973080681571387,-1.257789995192653,-1.4056405068452915,-0.5235987755982987
2122,1787225951.7272353,2.0137332872745834,-1.1588431227202387,-0.2662843445054367,-2.317918315869461,-1.2522798727693807,-1.4531523407787192,-0.5235987755982987
2123,1787225951.7782156,1.6067919022176065,-1.1547928059817336,0.07599016211716828,-2.3313149768824704,-1.2497293916366843,-1.3744163021254505,-0.5235987755982987
2124,1787225951.8218062,1.5928114925483672,-1.1460985868036333,0.5637569267713632,-2.3400228065409268,-1.239897896474943,-0.854234496638363,-0.5235987755982987
2125,1787225951.8642879,1.3234847960542218,-1.1388980241134423,0.8720026308606033,-2.345682895818923,-1.2286087853925978,-0.5773025916014444,-0.5235987755982987
2126,1787225951.907665,1.6723540848158753,-1.1344049850297657,0.019350160423314056,-2.3493619538496207,-1.221235100769433,-0.6852510447443076,-0.5235987755982987
2127,1787225951.9586563,1.9116982266976397,-1.1291533928989288,-0.48406796160384474,-2.351753341569574,-1.2176501394515848,-0.9567813941228472,-0.5235987755982987
2128,1787225952.0065398,2.0672719189207864,-1.1263641806472293,-0.7883955308019024,-2.3533077435875436,-1.2183925880825612,-1.1317047716875628,-0.5235987755982987
2129,1787225952.0576322,2.122922128241024,-1.1169843396018053,-0.9767960361963148,-2.354318104899224,-1.2049825234715048,-1.231137429486945,-0.5235987755982987
2130,1787225952.1101556,2.2045674549239864,-1.10861672074138,-1.0976401917838325,-2.3549748397518164,-1.1899181462709025,-1.2918727526333893,-0.5235987755982987
2131,1787225952.1550539,2.257636917267912,-1.1056991687007574,-1.1702856407763282,-2.343239568807883,-1.1846383057026193,-1.329653886134547,-0.5235987755982987
2132,1787225952.2134168,2.264386584653249,-1.1072557929153621,-1.2307301868725702,-2.0284413256386986,-1.1877747998978565,-1.3467695701643299,-0.5235987755982987
2162,1787225954.3902452,1.9440894392685066,-1.1108366377729524,-1.0434527935348683,-2.143154933232475,-1.206420435004072,-1.3407547442361158,-0.5235987755982987
2163,1787225954.4867256,1.8029540515795217,-1.1764528068622302,-0.8188458943970022,-2.17944757409158,-1.2500008473758513,-1.4140228425700498,-0.5235987755982987
2164,1787225954.5465157,1.5727600078306694,-1.233752563852046,-0.0061691182293129865,-2.232278784762996,-1.2947946612088352,-1.4290151431840188,-0.5235987755982987
2165,1787225954.5919282,1.4651154652489906,-1.2767811898184993,-0.16400775076434357,-2.2756492816632683,-1.3319575032901265,-1.3939646074168066,-0.5235987755982987
2166,1787225954.648155,1.625295193635885,-1.2997534720700425,0.1671868028267422,-2.2642075517477673,-1.3519358633574525,-1.3952681785812369,-0.5235987755982987
2167,1787225954.692219,1.8555174354868025,-1.3155636811782006,-0.4048638894930735,-2.2964029802033696,-1.3670848048943112,-1.3344356277281888,-0.5235987755982987
2168,1787225954.737732,2.0307544046337425,-1.3247497283319372,-0.7827202621216577,-2.2379524753925755,-1.379558227036819,-1.3265571897773556,-0.5235987755982987
2169,1787225954.7823806,2.0946177570511195,-1.3227877655384677,-1.0045837232311192,-2.0569577354604935,-1.3707470755026296,-1.310199359349758,-0.5235987755982987
2170,1787225954.8256226,1.6937826647448082,-1.3199537050291044,-0.8755974279755401,-1.937115329915712,-1.3623855723603426,-1.3093393309323642,-0.5235987755982987
2171,1787225954.8695796,1.5137675492688245,-1.3344815995478225,-0.18441302021662948,-1.915752296877253,-1.3610537010503851,-1.3184291181928773,-0.5235987755982987
2172,1787225954.9120479,1.8086169785920565,-1.3406814622084569,-0.6520635957082577,-2.028230917972455,-1.362782843267641,-1.3160013092043537,-0.5235987755982987
2173,1787225954.9545088,2.0002691076521577,-1.3238131184173714,-0.9675174348113444,-1.977689721192785,-1.35085299397571,-1.3634496259303652,-0.5235987755982987
2174,1787225954.998491,2.1248429915412235,-1.3017326395821407,-1.1757906199167536,-2.034782744896885,-1.3472386284900029,-1.3968156258866324,-0.5235987755982987
2175,1787225955.050574,2.2058160160691163,-1.2850905395646928,-1.3018696523782112,-2.1117851821769253,-1.3482818912643404,-1.4143675689190132,-0.5235987755982987
2176,1787225955.0954518,2.2584484820122466,-1.255305327315714,-1.3114686583140491,-2.1973284399823223,-1.340569542234014,-1.4205475146774922,-0.5235987755982987
2177,1787225955.1405416,2.292659584875281,-1.2523875791561294,-1.3590912160227884,-2.25293155755583,-1.3422670850973764,-1.4329334669272291,-0.5235987755982987
2178,1787225955.1830034,2.2515336546449443,-1.2386454255883481,-1.3717407604322982,-2.2890735839786105,-1.3308162491036333,-1.4506164766805796,-0.5235987755982987
2179,1787225955.2278767,2.2881649470865346,-1.2200331447648662,-1.3215131040230632,-2.1760236109128694,-1.3204435392646516,-1.444184466558894,-0.5235987755982987
2180,1787225955.2747104,2.311975287173568,-1.1981636939013807,-1.2328328812862541,-2.176867681771978,-1.291737448743582,-1.4184630034984935,-0.5235987755982987
2181,1787225955.316324,2.32745200823014,-1.1752917209176204,-1.129143613454865,-2.239632064719107,-1.2700050586663023,-1.3732563967040818,-0.5235987755982987
2182,1787225955.361621,2.0914863756755815,-1.1649379490597194,-0.7759158863464422,-2.1484146078704187,-1.259902620727184,-1.2662338725470932,-0.5235987755982987
2183,1787225955.414731,2.0722753419010536,-1.161519610512181,-0.5091661140334286,-2.022995742965497,-1.2527500304683876,-1.2429660757950762,-0.5235987755982987
2184,1787225955.4685717,2.1716470438030058,-1.166021181435452,-0.4691086892668152,-2.139615304494894,-1.2508112681237604,-1.2479371811301192,-0.5235987755982987
2185,1787225955.518935,1.9526161270243947,-1.1696259261925497,-0.22698340389738125,-2.0447259768255335,-1.2503141165231038,-1.0831408122972404,-0.5235987755982987
2186,1787225955.5642376,2.093868554133177,-1.1691238738896919,-0.5773648524816835,-2.1537399565039177,-1.245558899382369,-1.058198054854044,-0.5235987755982987
2187,1787225955.6085284,1.9148395060192254,-1.1648279877847703,-0.08487814702087532,-2.2245990432948672,-1.2407926547166954,-1.0225573469724694,-0.5235987755982987
2188,1787225955.6506524,2.069313750479817,-1.1626887654849969,-0.5515246827276861,-2.2706574497089846,-1.2379168672795586,-1.1659264108680685,-0.5235987755982987
2189,1787225955.69255,2.1697220093792016,-1.1616041698375363,-0.8626332396938148,-2.178854501986157,-1.2342742098647828,-1.2707662928727719,-0.5235987755982987
2190,1787225955.7345006,2.234987377663802,-1.156930783726022,-1.068182346092605,-2.240923497858323,-1.2301658572837801,-1.348620204401827,-0.5235987755982987
2191,1787225955.7810276,2.277409867048792,-1.1507558720951223,-1.1636186569966807,-2.2812683451752305,-1.2238521805000704,-1.3854611509347765,-0.5235987755982987
2192,1787225955.8308525,2.3049844851490358,-1.148361994908527,-1.166362043953312,-2.3074924959312204,-1.2192382044675285,-1.4169741778468503,-0.5235987755982987
2193,1787225955.8765564,2.1705283844352943,-1.1401966757752477,-1.2391237589442248,-2.324538193922614,-1.2067423265470154,-1.431339136815458,-0.5235987755982987
2194,1787225955.9343731,2.2355115214502623,-1.1358075307943656,-1.2921647010459099,-2.33561789761702,-1.2081527754465626,-1.4469826142648898,-0.5235987755982987
2195,1787225955.9802265,2.2777505605099915,-1.1316233590940046,-1.3252082358003054,-2.3428197050183837,-1.2122426796372625,-1.4594080580591202,-0.5235987755982987
2196,1787225956.0298147,2.2791611812939383,-1.129250176178842,-1.3415339615971962,-2.34750087982927,-1.214821133038879,-1.466038228130397,-0.5235987755982987
2197,1787225956.0754054,2.255404198002306,-1.1220243770378597,-1.361960885660134,-2.350543643456346,-1.212212631889588,-1.4762853980788986,-0.5235987755982987
2198,1787225956.1212623,2.2906808002688197,-1.1200327777178747,-1.3623301423617504,-2.3525214398139456,-1.213101976093812,-1.472908123940035,-0.5235987755982987
2199,1787225956.1641533,2.3136105917420533,-1.120724750222998,-1.3696283371535587,-2.3538070074463855,-1.2090773088816789,-1.4537550490064293,-0.5235987755982987
2200,1787225956.209596,2.3285149561996556,-1.1213067758323663,-1.3806908485738403,-2.2681649370631303,-1.20598731578153,-1.43436977388685,-0.5235987755982987
2201,1787225956.2667615,2.338202793097097,-1.1231140173986227,-1.3956758485524359,-2.2989752806583557,-1.205257064545272,-1.4303207354493837,-0.5235987755982987
2202,1787225956.3114185,2.344499887080434,-1.1245240165276416,-1.401013224388466,-2.319002003995252,-1.2044224518259123,-1.4213303354729652,-0.5235987755982987
2203,1787225956.364505,2.348592998169603,-1.1240828542118226,-1.4106173159361632,-2.3320193741642345,-1.198366517525124,-1.4196790306079623,-0.5235987755982987
2204,1787225956.407752,2.3512535203775626,-1.1253232448001889,-1.4016878178639178,-2.3404806647740735,-1.1987076143976558,-1.4004448395715223,-0.5235987755982987
2205,1787225956.4540122,2.249279210782567,-1.1312537013959398,-1.3757050205832928,-2.237222883479908,-1.2081976422809897,-1.374063950288894,-0.5235987755982987
2206,1787225956.4979913,2.2866995585759895,-1.1271258899653318,-1.3917682670441343,-2.278862945829261,-1.1991683196537652,-1.3795902955460368,-0.5235987755982987
2207,1787225956.5585644,2.236213620916754,-1.1201067794739465,-1.4112363931190774,-2.3059289863563404,-1.1906627192793715,-1.4164241891112024,-0.5235987755982987
2210,1787225956.7181294,2.0851551960067276,-1.177987146335333,-1.32257762087951,-2.3235219126989417,-1.224950410034374,-1.3103310145406455,-0.5235987755982987
2211,1787225956.7897525,2.1800189489716937,-1.2419429848000358,-1.381302096435985,-2.334957314821633,-1.2935689540018829,-1.3666867587184792,-0.5235987755982987
2212,1787225956.8410327,2.2416803883989216,-1.2606638181793277,-1.422720217469224,-2.3327686987977025,-1.308646382972894,-1.3926377632759388,-0.5235987755982987
2213,1787225956.9031324,2.28176032402662,-1.2746163839844382,-1.4369548044538945,-2.2407852750206336,-1.3198734594601143,-1.38973769469165,-0.5235987755982987
2214,1787225956.9448154,2.3078122821846234,-1.2858338638114206,-1.4332332788456295,-2.150268610324519,-1.3319135994371303,-1.3697446761440446,-0.5235987755982987
2215,1787225956.9877882,2.324746054987326,-1.2771061568640931,-1.4226006928198127,-2.070632817577482,-1.3232390782146375,-1.3579612930571616,-0.5235987755982987
2216,1787225957.033745,2.3357530073090826,-1.258183014656185,-1.4350389066398952,-2.019394134973564,-1.3065378088296118,-1.3513569309594937,-0.5235987755982987
2217,1787225957.083473,2.3429075263182244,-1.2414739540928055,-1.437144607397138,-1.8329887912022795,-1.3059634176257156,-1.3272818030552955,-0.5235987755982987
2218,1787225957.1365602,2.3475579636741664,-1.2314771658512513,-1.441649188537065,-2.0042309978464705,-1.3025930057958135,-1.3192631194687152,-0.5235987755982987
2219,1787225957.1821988,2.350580747955529,-1.2588481363882598,-1.4353267011215989,-2.1274182201675265,-1.303757432084834,-1.3167600486357454,-0.5235987755982987
2220,1787225957.2253578,2.3525455577384147,-1.2728396443273349,-1.4337002388231024,-2.17046979608111,-1.3006700686870967,-1.3125784316088802,-0.5235987755982987
2221,1787225957.2688365,2.35382268409729,-1.2704237267561902,-1.3688582657696204,-2.127900490013393,-1.2672988193693375,-1.2525788580504145,-0.5235987755982987
2222,1787225957.313837,2.120759929907197,-1.1886126281056337,-1.3739003590681194,-2.158468771613748,-1.2113025133675697,-1.3406206638456823,-0.5235987755982987
2223,1787225957.3598082,1.8909616835220944,-1.1231566591716367,-1.3672543149445064,-2.169765461999514,-1.1625478418764226,-1.4162452560370982,-0.5235987755982987
2224,1787225957.4088483,1.9799370811862254,-1.04190790026865,-1.4043071876210793,-2.2350156218670048,-1.09463626996422,-1.465874077722927,-0.5235987755982987
2225,1787225957.4544394,2.111627174338367,-0.974904395269909,-1.430143086643142,-2.2774282257808736,-1.0495845832869548,-1.502530295936011,-0.5235987755982987
2226,1787225957.4985123,1.9007329080032758,-0.9258736787429048,-1.408991359389991,-2.2464693663802864,-0.9807794715858629,-1.447458345220213,-0.5235987755982987
2227,1787225957.5441628,1.8394816541196541,-0.9077783285455093,-1.3294658187242736,-2.211754908553378,-0.47257304221734675,-1.4018805170518354,-0.5235987755982987
2228,1787225957.5857952,1.8605341147528163,-0.9141847380828119,-1.2818186133972487,-2.2623087621270166,-0.4369412145854388,-1.391446867384356,-0.5235987755982987
2230,1787225957.6726656,2.0340152461566516,-0.42928646544036364,-1.2640261641598405,-2.2951687669498817,-0.11907817516707112,-1.4139086311332398,-0.1570796326794896
2239,1787225958.3286185,2.1467779815691443,-0.11410258822277228,-1.3408872704751638,-2.3165277700847438,0.0875328004548679,-1.361283018953718,0.08115781021773634
2247,1787225958.7975512,1.9749308774121772,-0.16775330157140012,-1.3203531790439,-2.161550566987291,-0.049122051464745804,-1.3153228044144472,0.2360121481009332
2248,1787225958.8694432,1.8157030281168942,-0.14987349168861092,-1.3068294507661329,-2.1510821736820533,-0.08450512560464124,-1.2695158198211838,0.33666746772501116
2249,1787225958.9150584,1.8230748480366614,-0.215936685024254,-1.234538451896319,-2.036692918887563,-0.15474871025094727,-1.2010534448377068,0.40209342548066185
2250,1787225958.9920166,1.8852700591936193,-0.2703962534823997,-1.2319925217269108,-1.8968046486215955,-0.19467356933586866,-1.216439532360191,0.4446202980218348
2251,1787225959.0387323,2.0500936100431733,-0.3084929830642682,-1.317246549954478,-2.041527775890869,-0.24006749412056938,-1.2691785456003724,0.4722627651735972
2252,1787225959.0822034,2.132338594613313,-0.3979611684138985,-1.3909683937614707,-2.1516611258963856,-0.28391664599429867,-1.3453437682866562,0.4902303688222428
2253,1787225959.1498687,2.1654270505665356,-0.4003746961157705,-1.431246327141534,-2.223247803399971,-0.2886448853278787,-1.4156698394943255,0.5019093111938624
2254,1787225959.1951048,2.2321956544355688,-0.36111060429866054,-1.4252117488442175,-2.232083392173698,-0.23709594393018812,-1.4273898088957924,0.5095006237354152
2255,1787225959.266846,2.254738120369378,-0.06978827848066524,-1.3631246116187172,-2.2755222764802245,0.010821250758841827,-1.2511637453179059,0.5144349768874245
2256,1787225959.3202581,2.2902478498074164,0.08203320007724933,-1.325078194762277,-2.3037575512794666,0.17148449617640998,-1.1734692318611442,0.5176423064362305
2257,1787225959.3645465,2.313329173942141,0.19126137567253554,-1.2794115627569966,-2.3221104798989742,0.27639853682813065,-1.0696762072488855,0.5197270706429544
2258,1787225959.412749,2.3283320346297125,0.2892535085006122,-1.2298497132848383,-2.334039883501654,0.3445926632517491,-0.9607994888609512,0.5210821673773249
2380,1787225964.6970077,2.338083894076634,-0.186521846970358,-0.32556058257336307,-2.3417939958433958,-0.17303916184566284,-0.2316813838464848,0.15544383733585665
2381,1787225964.764977,2.029012885981065,-0.43868146879047026,0.27233313457952213,-2.346834168865528,-0.48057550616170963,0.21582363279062125,-0.08222107719109775
2640,1787225975.8648822,1.8347243087922223,-0.701820900471347,0.641333549035126,-2.2540886546201873,-0.8295113875952357,0.5941338587193452,-0.23670327163361812
2641,1787225975.9499507,1.4808553735968073,-0.8510443803782474,0.9137742432583293,-2.2898256970704427,-0.9935304563301113,0.7955811253056784,-0.3371166980212564
2642,1787225975.9996707,1.7872240644052455,-0.9199464600192833,1.1211180712906574,-2.3130547746631085,-1.050616673192927,0.9171763602543433,-0.40238542517322123
2651,1787225976.5810316,1.6049939304376097,-0.6312625336663948,1.2472366294801809,-2.208784173847209,-0.8415225242345521,0.7155450491814576,-0.4448100978219984
